Garden,Date,Doy,Species,Initial vegetative growth,Young leaves unfolding,Flowers opening,Flowering intensity,Ripe fruits,Senescence,Senescence intensity,Maintenance,Remarks
Halle,02.11.2022,306,Fragaria vesca,no,y,no,,no,y,20,,
Halle,02.11.2022,306,Leucojum aestivum,no,no,no,,no,no,,,
Halle,02.11.2022,306,Galanthus ikariae,no,no,no,,no,no,,,
Halle,02.11.2022,306,Colchicum autumnale,no,no,no,,no,no,,,
Halle,02.11.2022,306,Galanthus plicatus,no,no,no,,no,no,,,
Halle,02.11.2022,306,Polygonatum multiflorum,no,no,no,,y,no,,,
Halle,02.11.2022,306,Leucojum vernum,no,no,no,,no,no,,,
Halle,02.11.2022,306,Crocus speciosus,no,no,no,,no,no,,,
Halle,02.11.2022,306,Podophyllum peltatum,no,no,no,,no,y,100,,
Halle,02.11.2022,306,Lathyrus vernus,no,no,no,,no,y,100,,
Halle,02.11.2022,306,Trollius europaeus,no,no,no,,no,y,100,,
Halle,02.11.2022,306,Anemone hupenhensis,no,no,no,,y,y,30,,
Halle,02.11.2022,306,Carex sylvatica,no,y,no,,no,y,10,,
Halle,02.11.2022,306,Anemone nemorosa,no,no,no,,no,no,,,
Halle,02.11.2022,306,Corydalis solida,no,no,no,,no,no,,,
Halle,02.11.2022,306,Hepatica transsilvanica,no,no,no,,no,y,10,,
Halle,02.11.2022,306,Arum italicum,no,y,no,,no,no,,,
Halle,02.11.2022,306,Hepatica nobilis,no,no,no,,no,no,,,no monitoring at this time
Halle,02.11.2022,306,Asarum europaeum,no,no,no,,no,no,,,
Halle,02.11.2022,306,Convallaria majalis,no,no,no,,y,y,95,,
Halle,08.11.2022,312,Corydalis solida,no,no,no,,no,no,,,
Halle,08.11.2022,312,Hepatica transsilvanica,no,no,no,,no,y,10,,
Halle,08.11.2022,312,Arum italicum,no,y,no,,no,no,,,
Halle,08.11.2022,312,Hepatica nobilis,no,no,no,,no,no,,,no monitoring at this time
Halle,08.11.2022,312,Asarum europaeum,no,no,no,,no,no,,,
Halle,08.11.2022,312,Polygonatum multiflorum,no,no,no,,y,no,,,
Halle,08.11.2022,312,Convallaria majalis,no,no,no,,y,y,95,,
Halle,08.11.2022,312,Leucojum vernum,no,no,no,,no,no,,,
Halle,08.11.2022,312,Crocus speciosus,no,no,no,,no,no,,,
Halle,08.11.2022,312,Fragaria vesca,no,y,no,,no,y,35,,
Halle,08.11.2022,312,Leucojum aestivum,no,no,no,,no,no,,,
Halle,08.11.2022,312,Galanthus ikariae,no,no,no,,no,no,,,
Halle,08.11.2022,312,Colchicum autumnale,no,no,no,,no,no,,,
Halle,08.11.2022,312,Galanthus plicatus,no,no,no,,no,no,,,
Halle,08.11.2022,312,Podophyllum peltatum,no,no,no,,no,no,,,
Halle,08.11.2022,312,Lathyrus vernus,no,no,no,,no,no,,,
Halle,08.11.2022,312,Trollius europaeus,no,no,no,,no,no,,,
Halle,08.11.2022,312,Anemone hupenhensis,no,no,no,,y,y,45,,
Halle,08.11.2022,312,Carex sylvatica,no,y,no,,no,y,10,,
Halle,08.11.2022,312,Anemone nemorosa,no,no,no,,no,no,,,
Halle,15.11.2022,319,Fragaria vesca,no,y,no,,no,y,50,,
Halle,15.11.2022,319,Leucojum aestivum,no,no,no,,no,no,,,
Halle,15.11.2022,319,Galanthus ikariae,no,no,no,,no,no,,,
Halle,15.11.2022,319,Colchicum autumnale,no,no,no,,no,no,,,
Halle,15.11.2022,319,Galanthus plicatus,no,no,no,,no,no,,,
Halle,15.11.2022,319,Podophyllum peltatum,no,no,no,,no,no,,,
Halle,15.11.2022,319,Lathyrus vernus,no,no,no,,no,no,,,
Halle,15.11.2022,319,Trollius europaeus,no,no,no,,no,no,,,
Halle,15.11.2022,319,Anemone hupenhensis,no,no,no,,y,y,60,,
Halle,15.11.2022,319,Carex sylvatica,no,y,no,,no,y,20,,
Halle,15.11.2022,319,Anemone nemorosa,no,no,no,,no,no,,,
Halle,15.11.2022,319,Corydalis solida,no,no,no,,no,no,,,
Halle,15.11.2022,319,Hepatica transsilvanica,no,no,no,,no,y,10,,
Halle,15.11.2022,319,Arum italicum,no,y,no,,no,no,,,
Halle,15.11.2022,319,Hepatica nobilis,no,no,no,,no,no,,,
Halle,15.11.2022,319,Asarum europaeum,no,no,no,,no,no,,covered natural,
Halle,15.11.2022,319,Polygonatum multiflorum,no,no,no,,no,no,,,
Halle,15.11.2022,319,Convallaria majalis,no,no,no,,y,y,95,,
Halle,15.11.2022,319,Leucojum vernum,no,no,no,,no,no,,,
Halle,15.11.2022,319,Crocus speciosus,no,no,no,,no,no,,,
Halle,22.11.2022,326,Podophyllum peltatum,no,no,no,,no,no,,,
Halle,22.11.2022,326,Lathyrus vernus,no,no,no,,no,no,,,
Halle,22.11.2022,326,Trollius europaeus,no,no,no,,no,no,,,
Halle,22.11.2022,326,Anemone hupenhensis,no,no,no,,y,y,85,,
Halle,22.11.2022,326,Carex sylvatica,no,y,no,,no,y,30,,
Halle,22.11.2022,326,Anemone nemorosa,no,no,no,,no,no,,,
Halle,22.11.2022,326,Corydalis solida,no,no,no,,no,no,,,
Halle,22.11.2022,326,Hepatica transsilvanica,no,no,no,,no,y,20,,
Halle,22.11.2022,326,Arum italicum,no,y,no,,no,no,,,
Halle,22.11.2022,326,Hepatica nobilis,no,no,no,,no,no,,,
Halle,22.11.2022,326,Asarum europaeum,no,no,no,,no,no,,,
Halle,22.11.2022,326,Polygonatum multiflorum,no,no,no,,no,no,,,
Halle,22.11.2022,326,Convallaria majalis,no,no,no,,y,y,95,,
Halle,22.11.2022,326,Leucojum vernum,no,no,no,,no,no,,,
Halle,22.11.2022,326,Crocus speciosus,no,no,no,,no,no,,,
Halle,22.11.2022,326,Fragaria vesca,no,y,no,,no,y,50,,
Halle,22.11.2022,326,Leucojum aestivum,no,no,no,,no,no,,,
Halle,22.11.2022,326,Galanthus ikariae,no,no,no,,no,no,,,
Halle,22.11.2022,326,Colchicum autumnale,no,no,no,,no,no,,,
Halle,22.11.2022,326,Galanthus plicatus,no,no,no,,no,no,,,
Halle,05.12.2022,339,Leucojum aestivum,no,no,no,,no,no,,,
Halle,05.12.2022,339,Galanthus ikariae,no,no,no,,no,no,,,
Halle,05.12.2022,339,Colchicum autumnale,no,no,no,,no,no,,,
Halle,05.12.2022,339,Galanthus plicatus,no,no,no,,no,no,,,
Halle,05.12.2022,339,Podophyllum peltatum,no,no,no,,no,no,,,
Halle,05.12.2022,339,Lathyrus vernus,no,no,no,,no,no,,,
Halle,05.12.2022,339,Trollius europaeus,no,no,no,,no,no,,,
Halle,05.12.2022,339,Anemone hupenhensis,no,no,no,,y,y,95,,
Halle,05.12.2022,339,Carex sylvatica,no,no,no,,no,y,100,,
Halle,05.12.2022,339,Anemone nemorosa,no,no,no,,no,no,,,
Halle,05.12.2022,339,Corydalis solida,no,no,no,,no,no,,,
Halle,05.12.2022,339,Hepatica transsilvanica,no,no,no,,no,y,25,,
Halle,05.12.2022,339,Arum italicum,no,no,no,,no,no,,,
Halle,05.12.2022,339,Hepatica nobilis,no,no,no,,no,no,,,
Halle,05.12.2022,339,Asarum europaeum,no,no,no,,no,no,,,Building site
Halle,05.12.2022,339,Polygonatum multiflorum,no,no,no,,no,no,,,
Halle,05.12.2022,339,Convallaria majalis,no,no,no,,no,y,100,,
Halle,05.12.2022,339,Leucojum vernum,no,no,no,,no,no,,,
Halle,05.12.2022,339,Crocus speciosus,no,no,no,,no,no,,,
Halle,05.12.2022,339,Fragaria vesca,no,u,no,,no,u,,,Snow
Halle,21.12.2022,355,Podophyllum peltatum,no,no,no,,no,no,,,
Halle,21.12.2022,355,Lathyrus vernus,no,no,no,,no,no,,,
Halle,21.12.2022,355,Trollius europaeus,no,no,no,,no,no,,,
Halle,21.12.2022,355,Anemone hupenhensis,no,no,no,,y,y,100,,
Halle,21.12.2022,355,Carex sylvatica,no,no,no,,no,no,,,
Halle,21.12.2022,355,Anemone nemorosa,no,no,no,,no,no,,,
Halle,21.12.2022,355,Corydalis solida,no,no,no,,no,no,,,
Halle,21.12.2022,355,Hepatica transsilvanica,no,no,no,,no,y,25,covered natural,
Halle,21.12.2022,355,Arum italicum,no,no,no,,no,no,,,
Halle,21.12.2022,355,Hepatica nobilis,no,no,no,,no,no,,,
Halle,21.12.2022,355,Asarum europaeum,no,no,no,,no,no,,covered natural,
Halle,21.12.2022,355,Polygonatum multiflorum,no,no,no,,no,no,,,
Halle,21.12.2022,355,Convallaria majalis,no,no,no,,no,no,,,
Halle,21.12.2022,355,Leucojum vernum,no,no,no,,no,no,,,
Halle,21.12.2022,355,Crocus speciosus,no,no,no,,no,no,,,
Halle,21.12.2022,355,Fragaria vesca,no,no,no,,no,y,30,covered natural,
Halle,21.12.2022,355,Leucojum aestivum,no,no,no,,no,no,,,
Halle,21.12.2022,355,Galanthus ikariae,y,no,no,,no,no,,,
Halle,21.12.2022,355,Colchicum autumnale,no,no,no,,no,no,,,
Halle,21.12.2022,355,Galanthus plicatus,y,no,no,,no,no,,,
Halle,06.01.2023,6,Podophyllum peltatum,y,no,no,,no,no,,,
Halle,06.01.2023,6,Lathyrus vernus,y,y,no,,no,no,,,
Halle,06.01.2023,6,Trollius europaeus,no,no,no,,no,no,,,
Halle,06.01.2023,6,Anemone hupenhensis,no,no,no,,y,y,100,,
Halle,06.01.2023,6,Carex sylvatica,no,y,no,,no,y,5,,
Halle,06.01.2023,6,Anemone nemorosa,no,no,no,,no,no,,,
Halle,06.01.2023,6,Corydalis solida,no,no,no,,no,no,,,
Halle,06.01.2023,6,Hepatica transsilvanica,no,no,no,,no,y,30,covered natural,
Halle,06.01.2023,6,Arum italicum,no,y,no,,no,no,,,
Halle,06.01.2023,6,Hepatica nobilis,no,no,no,,no,no,,,
Halle,06.01.2023,6,Asarum europaeum,no,no,no,,no,no,,covered natural,
Halle,06.01.2023,6,Polygonatum multiflorum,no,no,no,,no,no,,,
Halle,06.01.2023,6,Convallaria majalis,no,no,no,,no,no,,,
Halle,06.01.2023,6,Leucojum vernum,no,no,no,,no,no,,,
Halle,06.01.2023,6,Crocus speciosus,y,y,no,,no,no,,,
Halle,06.01.2023,6,Fragaria vesca,no,y,no,,no,y,30,covered natural,
Halle,06.01.2023,6,Leucojum aestivum,no,no,no,,no,no,,,
Halle,06.01.2023,6,Galanthus ikariae,y,y,no,,no,no,,,
Halle,06.01.2023,6,Colchicum autumnale,no,no,no,,no,no,,,
Halle,06.01.2023,6,Galanthus plicatus,y,y,no,,no,no,,,
Halle,10.01.2023,10,Podophyllum peltatum,y,no,no,,no,no,,,
Halle,10.01.2023,10,Lathyrus vernus,y,y,no,,no,no,,,
Halle,10.01.2023,10,Trollius europaeus,no,no,no,,no,no,,,
Halle,10.01.2023,10,Anemone hupenhensis,no,no,no,,no,no,,,
Halle,10.01.2023,10,Carex sylvatica,no,y,no,,no,y,5,,
Halle,10.01.2023,10,Anemone nemorosa,no,no,no,,no,no,,,
Halle,10.01.2023,10,Corydalis solida,no,no,no,,no,no,,,
Halle,10.01.2023,10,Hepatica transsilvanica,no,no,no,,no,y,30,,
Halle,10.01.2023,10,Arum italicum,no,y,no,,no,no,,,
Halle,10.01.2023,10,Hepatica nobilis,no,no,no,,no,no,,,
Halle,10.01.2023,10,Asarum europaeum,no,no,no,,no,no,,,
Halle,10.01.2023,10,Polygonatum multiflorum,no,no,no,,no,no,,,
Halle,10.01.2023,10,Convallaria majalis,no,no,no,,no,no,,,
Halle,10.01.2023,10,Leucojum vernum,no,no,no,,no,no,,,
Halle,10.01.2023,10,Crocus speciosus,no,y,no,,no,no,,,
Halle,10.01.2023,10,Fragaria vesca,no,y,no,,no,y,30,,
Halle,10.01.2023,10,Leucojum aestivum,no,no,no,,no,no,,,
Halle,10.01.2023,10,Galanthus ikariae,y,y,no,,no,no,,,
Halle,10.01.2023,10,Colchicum autumnale,u,no,no,,no,no,,,
Halle,10.01.2023,10,Galanthus plicatus,y,y,no,,no,no,,,
Halle,18.01.2023,18,Podophyllum peltatum,y,no,no,,no,no,,,
Halle,18.01.2023,18,Lathyrus vernus,y,y,no,,no,no,,,
Halle,18.01.2023,18,Trollius europaeus,no,no,no,,no,no,,,
Halle,18.01.2023,18,Anemone hupenhensis,no,no,no,,no,no,,,
Halle,18.01.2023,18,Carex sylvatica,no,y,no,,no,y,5,,
Halle,18.01.2023,18,Anemone nemorosa,no,no,no,,no,no,,,
Halle,18.01.2023,18,Corydalis solida,no,no,no,,no,no,,,
Halle,18.01.2023,18,Hepatica transsilvanica,no,no,no,,no,y,30,,
Halle,18.01.2023,18,Arum italicum,no,y,no,,no,no,,,
Halle,18.01.2023,18,Hepatica nobilis,no,no,no,,no,no,,,
Halle,18.01.2023,18,Asarum europaeum,no,no,no,,no,no,,,
Halle,18.01.2023,18,Polygonatum multiflorum,no,no,no,,no,no,,,
Halle,18.01.2023,18,Convallaria majalis,no,no,no,,no,no,,,
Halle,18.01.2023,18,Leucojum vernum,y,y,no,,no,no,,,
Halle,18.01.2023,18,Crocus speciosus,no,y,no,,no,no,,,
Halle,18.01.2023,18,Fragaria vesca,no,y,no,,no,y,30,,
Halle,18.01.2023,18,Leucojum aestivum,no,no,no,,no,no,,,
Halle,18.01.2023,18,Galanthus ikariae,y,y,no,,no,no,,,
Halle,18.01.2023,18,Colchicum autumnale,y,y,no,,no,no,,,
Halle,18.01.2023,18,Galanthus plicatus,y,y,no,,no,no,,,
Halle,25.01.2023,25,Crocus speciosus,no,no,no,,no,no,,,
Halle,25.01.2023,25,Fragaria vesca,no,y,no,,no,y,30,,
Halle,25.01.2023,25,Leucojum aestivum,y,y,no,,no,no,,,
Halle,25.01.2023,25,Galanthus ikariae,no,y,no,,no,no,,,
Halle,25.01.2023,25,Podophyllum peltatum,y,no,no,,no,no,,,
Halle,25.01.2023,25,Lathyrus vernus,y,y,no,,no,no,,,
Halle,25.01.2023,25,Trollius europaeus,no,no,no,,no,no,,,
Halle,25.01.2023,25,Anemone hupenhensis,no,no,no,,no,no,,,
Halle,25.01.2023,25,Carex sylvatica,no,y,no,,no,no,,,
Halle,25.01.2023,25,Anemone nemorosa,no,no,no,,no,no,,,
Halle,25.01.2023,25,Corydalis solida,no,no,no,,no,no,,,asked a gardener to reseed
Halle,25.01.2023,25,Hepatica transsilvanica,no,no,no,,no,y,35,,
Halle,25.01.2023,25,Arum italicum,no,y,no,,no,no,,,
Halle,25.01.2023,25,Hepatica nobilis,no,no,no,,no,y,40,,monitoring started
Halle,25.01.2023,25,Asarum europaeum,no,no,no,,no,y,10,,from now on observation of another plant in another place; existing plant surrounded by construction site
Halle,25.01.2023,25,Polygonatum multiflorum,no,no,no,,no,no,,,
Halle,25.01.2023,25,Convallaria majalis,no,no,no,,no,no,,,
Halle,25.01.2023,25,Leucojum vernum,no,y,no,,no,no,,,
Halle,25.01.2023,25,Colchicum autumnale,y,y,no,,no,no,,,
Halle,25.01.2023,25,Galanthus plicatus,no,y,no,,no,no,,,
Halle,01.02.2023,32,Podophyllum peltatum,y,no,no,,no,no,,,
Halle,01.02.2023,32,Lathyrus vernus,no,y,no,,no,no,,,
Halle,01.02.2023,32,Trollius europaeus,no,no,no,,no,no,,,
Halle,01.02.2023,32,Anemone hupenhensis,no,no,no,,no,no,,,
Halle,01.02.2023,32,Carex sylvatica,no,y,no,,no,no,,,
Halle,01.02.2023,32,Anemone nemorosa,no,no,no,,no,no,,,
Halle,01.02.2023,32,Corydalis solida,no,no,no,,no,no,,,
Halle,01.02.2023,32,Hepatica transsilvanica,no,no,no,,no,y,35,,
Halle,01.02.2023,32,Arum italicum,no,y,no,,no,no,,,
Halle,01.02.2023,32,Hepatica nobilis,no,no,no,,no,y,45,,
Halle,01.02.2023,32,Asarum europaeum,no,no,no,,no,y,10,,
Halle,01.02.2023,32,Polygonatum multiflorum,no,no,no,,no,no,,,
Halle,01.02.2023,32,Convallaria majalis,no,no,no,,no,no,,,
Halle,01.02.2023,32,Leucojum vernum,no,y,no,,no,no,,,
Halle,01.02.2023,32,Crocus speciosus,no,no,no,,no,no,,,
Halle,01.02.2023,32,Fragaria vesca,no,y,no,,no,y,30,,
Halle,01.02.2023,32,Leucojum aestivum,no,y,no,,no,no,,,
Halle,01.02.2023,32,Galanthus ikariae,no,y,no,,no,no,,,
Halle,01.02.2023,32,Colchicum autumnale,y,y,no,,no,no,,,
Halle,01.02.2023,32,Galanthus plicatus,no,y,no,,no,no,,,
Halle,07.02.2023,38,Podophyllum peltatum,y,no,no,,no,no,,,
Halle,07.02.2023,38,Lathyrus vernus,no,y,no,,no,no,,,
Halle,07.02.2023,38,Trollius europaeus,no,no,no,,no,no,,,
Halle,07.02.2023,38,Anemone hupenhensis,no,no,no,,no,no,,,
Halle,07.02.2023,38,Carex sylvatica,no,y,no,,no,no,,,
Halle,07.02.2023,38,Anemone nemorosa,no,no,no,,no,no,,,
Halle,07.02.2023,38,Corydalis solida,no,no,no,,no,no,,,"talked with gardener 2 weeks ago, she wants to reseed."
Halle,07.02.2023,38,Hepatica transsilvanica,no,no,no,,no,y,40,,
Halle,07.02.2023,38,Arum italicum,no,y,no,,no,no,,,
Halle,07.02.2023,38,Hepatica nobilis,no,no,no,,no,y,45,,
Halle,07.02.2023,38,Asarum europaeum,no,no,no,,no,y,10,,
Halle,07.02.2023,38,Polygonatum multiflorum,no,no,no,,no,no,,,
Halle,07.02.2023,38,Convallaria majalis,no,no,no,,no,no,,,
Halle,07.02.2023,38,Leucojum vernum,no,y,no,,no,no,,,
Halle,07.02.2023,38,Crocus speciosus,no,y,no,,no,no,,,
Halle,07.02.2023,38,Fragaria vesca,no,y,no,,no,y,35,,
Halle,07.02.2023,38,Leucojum aestivum,no,y,no,,no,no,,,
Halle,07.02.2023,38,Galanthus ikariae,no,y,no,,no,no,,,flower buds!
Halle,07.02.2023,38,Colchicum autumnale,y,y,no,,no,no,,,
Halle,07.02.2023,38,Galanthus plicatus,no,y,no,,no,no,,,flower buds!
Halle,16.02.2023,47,Podophyllum peltatum,y,no,no,,no,no,,,
Halle,16.02.2023,47,Lathyrus vernus,no,y,no,,no,no,,,
Halle,16.02.2023,47,Trollius europaeus,no,no,no,,no,no,,,
Halle,16.02.2023,47,Anemone hupenhensis,no,no,no,,no,no,,,
Halle,16.02.2023,47,Carex sylvatica,no,y,no,,no,y,5,,
Halle,16.02.2023,47,Anemone nemorosa,no,no,no,,no,no,,,
Halle,16.02.2023,47,Corydalis solida,no,no,no,,no,no,,,
Halle,16.02.2023,47,Hepatica transsilvanica,no,no,no,,no,y,40,,
Halle,16.02.2023,47,Arum italicum,no,y,no,,no,no,,,
Halle,16.02.2023,47,Hepatica nobilis,no,no,no,,no,y,55,,
Halle,16.02.2023,47,Asarum europaeum,y,no,no,,no,y,10,,
Halle,16.02.2023,47,Polygonatum multiflorum,no,no,no,,no,no,,,
Halle,16.02.2023,47,Convallaria majalis,no,no,no,,no,no,,,
Halle,16.02.2023,47,Leucojum vernum,no,y,no,,no,no,,,
Halle,16.02.2023,47,Crocus speciosus,no,y,no,,no,no,,,
Halle,16.02.2023,47,Fragaria vesca,no,y,no,,no,y,25,,
Halle,16.02.2023,47,Leucojum aestivum,no,y,no,,no,no,,,
Halle,16.02.2023,47,Galanthus ikariae,no,y,y,80,no,no,,,
Halle,16.02.2023,47,Colchicum autumnale,no,y,no,,no,no,,,
Halle,16.02.2023,47,Galanthus plicatus,no,y,no,,no,no,,,
Halle,28.02.2023,59,Podophyllum peltatum,y,no,no,,no,no,,,
Halle,28.02.2023,59,Lathyrus vernus,no,y,no,,no,no,,,
Halle,28.02.2023,59,Trollius europaeus,no,no,no,,no,no,,,
Halle,28.02.2023,59,Anemone hupenhensis,no,no,no,,no,no,,,
Halle,28.02.2023,59,Carex sylvatica,no,y,no,,no,y,40,,
Halle,28.02.2023,59,Anemone nemorosa,no,no,no,,no,no,,,
Halle,28.02.2023,59,Corydalis solida,no,no,no,,no,no,,,
Halle,28.02.2023,59,Hepatica transsilvanica,no,no,no,,no,y,40,,
Halle,28.02.2023,59,Arum italicum,no,y,no,,no,no,,,
Halle,28.02.2023,59,Hepatica nobilis,no,no,y,5,no,y,55,,one flower
Halle,28.02.2023,59,Asarum europaeum,no,y,no,,no,y,25,,
Halle,28.02.2023,59,Polygonatum multiflorum,no,no,no,,no,no,,,
Halle,28.02.2023,59,Convallaria majalis,no,no,no,,no,no,,,
Halle,28.02.2023,59,Leucojum vernum,no,y,y,100,no,no,,,
Halle,28.02.2023,59,Crocus speciosus,no,y,no,,no,no,,,
Halle,28.02.2023,59,Fragaria vesca,no,y,no,,no,y,25,,
Halle,28.02.2023,59,Leucojum aestivum,no,y,no,,no,no,,,
Halle,28.02.2023,59,Galanthus ikariae,no,no,y,100,no,no,,,
Halle,28.02.2023,59,Colchicum autumnale,no,y,no,,no,no,,,
Halle,28.02.2023,59,Galanthus plicatus,no,y,y,95,no,no,,,
Halle,10.03.2023,69,Podophyllum peltatum,y,no,no,,no,no,,,
Halle,10.03.2023,69,Lathyrus vernus,no,y,no,,no,no,,,
Halle,10.03.2023,69,Trollius europaeus,no,no,no,,no,no,,,
Halle,10.03.2023,69,Anemone hupenhensis,y,y,no,,no,no,,,
Halle,10.03.2023,69,Carex sylvatica,no,y,no,,no,y,80,,
Halle,10.03.2023,69,Anemone nemorosa,no,no,no,,no,no,,,
Halle,10.03.2023,69,Corydalis solida,no,no,no,,no,no,,,
Halle,10.03.2023,69,Hepatica transsilvanica,no,no,no,,no,y,60,,
Halle,10.03.2023,69,Arum italicum,no,y,no,,no,no,,,
Halle,10.03.2023,69,Hepatica nobilis,no,no,y,10,no,y,70,,three flowers
Halle,10.03.2023,69,Asarum europaeum,no,y,no,,no,y,30,,
Halle,10.03.2023,69,Polygonatum multiflorum,no,no,no,,no,no,,,
Halle,10.03.2023,69,Convallaria majalis,no,no,no,,no,no,,,
Halle,10.03.2023,69,Leucojum vernum,no,y,y,95,no,no,,,
Halle,10.03.2023,69,Crocus speciosus,no,y,no,,no,no,,,
Halle,10.03.2023,69,Fragaria vesca,no,y,no,,no,y,15,,flower buds
Halle,10.03.2023,69,Leucojum aestivum,no,y,no,,no,no,,,
Halle,10.03.2023,69,Galanthus ikariae,no,no,y,100,no,no,,,
Halle,10.03.2023,69,Colchicum autumnale,no,y,no,,no,no,,,
Halle,10.03.2023,69,Galanthus plicatus,no,no,y,100,no,no,,,
Halle,16.03.2023,75,Podophyllum peltatum,y,no,no,,no,no,,,
Halle,16.03.2023,75,Lathyrus vernus,no,y,no,,no,no,,,
Halle,16.03.2023,75,Trollius europaeus,no,no,no,,no,no,,,
Halle,16.03.2023,75,Anemone hupenhensis,no,y,no,,no,no,,,
Halle,16.03.2023,75,Carex sylvatica,no,no,no,,no,y,100,,
Halle,16.03.2023,75,Anemone nemorosa,y,y,y,5,no,no,,,
Halle,16.03.2023,75,Corydalis solida,no,no,no,,no,no,,,
Halle,16.03.2023,75,Hepatica transsilvanica,no,no,y,5,no,y,55,,two flowers
Halle,16.03.2023,75,Arum italicum,no,y,no,,no,no,,,
Halle,16.03.2023,75,Hepatica nobilis,no,no,y,65,no,y,70,,20 flowers
Halle,16.03.2023,75,Asarum europaeum,no,y,no,,no,y,30,,
Halle,16.03.2023,75,Polygonatum multiflorum,no,no,no,,no,no,,,
Halle,16.03.2023,75,Convallaria majalis,no,no,no,,no,no,,,
Halle,16.03.2023,75,Leucojum vernum,no,no,y,95,no,no,,,
Halle,16.03.2023,75,Crocus speciosus,no,y,no,,no,no,,,
Halle,16.03.2023,75,Fragaria vesca,no,y,y,25,no,y,15,,
Halle,16.03.2023,75,Leucojum aestivum,no,y,no,,no,no,,,
Halle,16.03.2023,75,Galanthus ikariae,no,no,y,75,no,no,,,
Halle,16.03.2023,75,Colchicum autumnale,no,y,no,,no,no,,,
Halle,16.03.2023,75,Galanthus plicatus,no,no,y,100,no,no,,,
Halle,24.03.2023,83,Podophyllum peltatum,y,no,no,,no,no,,,
Halle,24.03.2023,83,Lathyrus vernus,no,y,no,,no,no,,,
Halle,24.03.2023,83,Trollius europaeus,no,no,no,,no,no,,,
Halle,24.03.2023,83,Anemone hupenhensis,no,y,no,,no,no,,,
Halle,24.03.2023,83,Carex sylvatica,no,no,no,,no,no,,,
Halle,24.03.2023,83,Anemone nemorosa,no,y,y,15,no,no,,,
Halle,24.03.2023,83,Corydalis solida,no,no,no,,no,no,,,
Halle,24.03.2023,83,Hepatica transsilvanica,no,no,y,25,no,y,55,,16 flowers
Halle,24.03.2023,83,Arum italicum,no,y,no,,no,no,,,
Halle,24.03.2023,83,Hepatica nobilis,y,y,y,75,no,y,70,,32 flowers
Halle,24.03.2023,83,Asarum europaeum,no,y,no,,no,y,30,,
Halle,24.03.2023,83,Polygonatum multiflorum,no,no,no,,no,no,,,
Halle,24.03.2023,83,Convallaria majalis,no,no,no,,no,no,,,
Halle,24.03.2023,83,Leucojum vernum,no,no,y,35,no,no,,,
Halle,24.03.2023,83,Crocus speciosus,no,y,no,,no,no,,,
Halle,24.03.2023,83,Fragaria vesca,no,y,y,25,no,y,15,,
Halle,24.03.2023,83,Leucojum aestivum,no,y,no,,no,no,,,
Halle,24.03.2023,83,Galanthus ikariae,no,no,no,,no,no,,,
Halle,24.03.2023,83,Colchicum autumnale,no,y,no,,no,no,,,
Halle,24.03.2023,83,Galanthus plicatus,no,no,no,,no,no,,,
Halle,28.03.2023,87,Podophyllum peltatum,y,no,no,,no,no,,,
Halle,28.03.2023,87,Lathyrus vernus,no,y,y,5,no,no,,,
Halle,28.03.2023,87,Trollius europaeus,y,y,no,,no,no,,,
Halle,28.03.2023,87,Anemone hupenhensis,no,y,no,,no,no,,,
Halle,28.03.2023,87,Carex sylvatica,no,no,no,,no,no,,,
Halle,28.03.2023,87,Anemone nemorosa,no,y,y,75,no,no,,,
Halle,28.03.2023,87,Corydalis solida,no,no,no,,no,no,,,
Halle,28.03.2023,87,Hepatica transsilvanica,y,y,y,15,no,y,55,,10 flowers
Halle,28.03.2023,87,Arum italicum,no,y,no,,no,no,,,
Halle,28.03.2023,87,Hepatica nobilis,no,y,y,25,no,y,70,,14 flowers
Halle,28.03.2023,87,Asarum europaeum,no,y,no,,no,y,30,,
Halle,28.03.2023,87,Polygonatum multiflorum,no,no,no,,no,no,,,
Halle,28.03.2023,87,Convallaria majalis,no,no,no,,no,no,,,
Halle,28.03.2023,87,Leucojum vernum,no,no,y,5,no,no,,,
Halle,28.03.2023,87,Crocus speciosus,no,y,no,,no,no,,,
Halle,28.03.2023,87,Fragaria vesca,no,y,y,25,no,y,15,,
Halle,28.03.2023,87,Leucojum aestivum,no,y,no,,no,no,,,
Halle,28.03.2023,87,Galanthus ikariae,no,no,no,,no,no,,,
Halle,28.03.2023,87,Colchicum autumnale,no,y,no,,no,no,,,
Halle,28.03.2023,87,Galanthus plicatus,no,no,no,,no,no,,,
Halle,03.04.2023,93,Polygonatum multiflorum,y,no,no,,no,no,,,
Halle,03.04.2023,93,Convallaria majalis,no,no,no,,no,no,,,
Halle,03.04.2023,93,Leucojum vernum,no,no,no,,no,no,,,
Halle,03.04.2023,93,Podophyllum peltatum,no,y,no,,no,no,,,
Halle,03.04.2023,93,Lathyrus vernus,no,y,y,10,no,no,,,
Halle,03.04.2023,93,Trollius europaeus,no,y,no,,no,no,,,
Halle,03.04.2023,93,Anemone hupenhensis,no,y,no,,no,no,,,
Halle,03.04.2023,93,Carex sylvatica,no,no,no,,no,no,,,
Halle,03.04.2023,93,Anemone nemorosa,no,y,y,95,no,no,,,
Halle,03.04.2023,93,Corydalis solida,no,no,no,,no,no,,,
Halle,03.04.2023,93,Hepatica transsilvanica,no,y,y,10,no,y,55,,4 flowers
Halle,03.04.2023,93,Arum italicum,no,y,no,,no,no,,,
Halle,03.04.2023,93,Hepatica nobilis,no,y,y,15,no,y,70,,6 flowers
Halle,03.04.2023,93,Asarum europaeum,no,y,no,,no,y,30,,
Halle,03.04.2023,93,Crocus speciosus,no,y,no,,no,no,,,
Halle,03.04.2023,93,Fragaria vesca,no,y,y,35,no,y,15,,
Halle,03.04.2023,93,Leucojum aestivum,no,y,no,,no,no,,,
Halle,03.04.2023,93,Galanthus ikariae,no,no,no,,no,no,,,
Halle,03.04.2023,93,Colchicum autumnale,no,y,no,,no,no,,,
Halle,03.04.2023,93,Galanthus plicatus,no,no,no,,no,no,,,
Halle,14.04.2023,104,Colchicum autumnale,no,y,no,,no,no,,,
Halle,14.04.2023,104,Galanthus plicatus,no,no,no,,no,no,,,
Halle,14.04.2023,104,Podophyllum peltatum,no,y,no,,no,no,,,flower buds
Halle,14.04.2023,104,Lathyrus vernus,no,y,y,70,no,no,,,
Halle,14.04.2023,104,Trollius europaeus,no,y,no,,no,no,,,
Halle,14.04.2023,104,Anemone hupenhensis,no,y,no,,no,no,,,
Halle,14.04.2023,104,Carex sylvatica,no,no,no,,no,no,,,
Halle,14.04.2023,104,Anemone nemorosa,no,no,y,70,no,no,,,
Halle,14.04.2023,104,Corydalis solida,no,no,no,,no,no,,,
Halle,14.04.2023,104,Hepatica transsilvanica,no,y,y,5,no,y,30,,1 flowers
Halle,14.04.2023,104,Arum italicum,no,y,no,,no,no,,,
Halle,14.04.2023,104,Hepatica nobilis,no,y,y,5,no,y,60,,1 flower
Halle,14.04.2023,104,Asarum europaeum,no,y,y,100,no,y,20,,
Halle,14.04.2023,104,Polygonatum multiflorum,y,y,no,,no,no,,,
Halle,14.04.2023,104,Convallaria majalis,y,y,no,,no,no,,,
Halle,14.04.2023,104,Leucojum vernum,no,no,no,,no,no,,,
Halle,14.04.2023,104,Crocus speciosus,no,no,no,,no,no,,,
Halle,14.04.2023,104,Fragaria vesca,no,y,y,50,no,y,5,,
Halle,14.04.2023,104,Leucojum aestivum,no,y,no,,no,no,,,flower buds
Halle,14.04.2023,104,Galanthus ikariae,no,no,no,,no,no,,,
Halle,24.04.2023,114,Podophyllum peltatum,no,no,no,,no,no,,,flower buds
Halle,24.04.2023,114,Lathyrus vernus,no,y,y,95,no,no,,,
Halle,24.04.2023,114,Trollius europaeus,no,y,no,,no,no,,,
Halle,24.04.2023,114,Anemone hupenhensis,no,y,no,,no,no,,,
Halle,24.04.2023,114,Carex sylvatica,no,no,no,,no,no,,,
Halle,24.04.2023,114,Anemone nemorosa,no,no,y,35,no,no,,,
Halle,24.04.2023,114,Corydalis solida,no,no,no,,no,no,,,
Halle,24.04.2023,114,Hepatica transsilvanica,no,no,no,,no,y,10,,
Halle,24.04.2023,114,Arum italicum,no,y,no,,no,no,,,
Halle,24.04.2023,114,Hepatica nobilis,no,no,no,,no,y,25,,
Halle,24.04.2023,114,Asarum europaeum,no,y,y,100,no,y,10,,
Halle,24.04.2023,114,Polygonatum multiflorum,no,y,no,,no,no,,,
Halle,24.04.2023,114,Convallaria majalis,no,y,no,,no,no,,,flower buds
Halle,24.04.2023,114,Leucojum vernum,no,no,no,,no,y,5,,
Halle,24.04.2023,114,Crocus speciosus,no,no,no,,no,no,,,
Halle,24.04.2023,114,Fragaria vesca,no,y,y,35,no,y,5,,
Halle,24.04.2023,114,Leucojum aestivum,no,y,y,20,no,no,,,
Halle,24.04.2023,114,Galanthus ikariae,no,no,no,,no,y,5,,"Fruits are yellow, no seeds contained"
Halle,24.04.2023,114,Colchicum autumnale,no,y,no,,no,no,,,
Halle,24.04.2023,114,Galanthus plicatus,no,no,no,,no,y,5,,
Halle,04.05.2023,124,Podophyllum peltatum,no,no,no,,no,no,,,flower buds
Halle,04.05.2023,124,Lathyrus vernus,no,y,y,20,no,no,,,
Halle,04.05.2023,124,Trollius europaeus,no,y,no,,no,no,,,
Halle,04.05.2023,124,Anemone hupenhensis,no,y,no,,no,no,,,
Halle,04.05.2023,124,Carex sylvatica,no,no,no,,no,no,,,
Halle,04.05.2023,124,Anemone nemorosa,no,no,y,5,no,no,,,
Halle,04.05.2023,124,Corydalis solida,no,no,no,,no,no,,,
Halle,04.05.2023,124,Hepatica transsilvanica,no,no,no,,no,y,10,,
Halle,04.05.2023,124,Arum italicum,no,no,no,,no,no,,,
Halle,04.05.2023,124,Hepatica nobilis,no,no,no,,no,y,10,,
Halle,04.05.2023,124,Asarum europaeum,no,y,y,100,no,y,10,,
Halle,04.05.2023,124,Polygonatum multiflorum,no,y,no,,no,no,,,
Halle,04.05.2023,124,Convallaria majalis,no,y,no,,no,no,,,
Halle,04.05.2023,124,Leucojum vernum,no,no,no,,no,y,15,,
Halle,04.05.2023,124,Crocus speciosus,no,no,no,,no,y,10,,one Fruit capsule
Halle,04.05.2023,124,Fragaria vesca,no,y,y,35,no,y,5,,
Halle,04.05.2023,124,Leucojum aestivum,no,no,y,100,no,no,,,
Halle,04.05.2023,124,Galanthus ikariae,no,no,no,,no,y,5,,
Halle,04.05.2023,124,Colchicum autumnale,no,y,no,,no,no,,,
Halle,04.05.2023,124,Galanthus plicatus,no,no,no,,no,y,5,,
Halle,12.05.2023,132,Leucojum vernum,no,no,no,,no,y,25,,
Halle,12.05.2023,132,Crocus speciosus,no,no,no,,y,y,60,,
Halle,12.05.2023,132,Fragaria vesca,no,y,y,15,no,y,5,,
Halle,12.05.2023,132,Leucojum aestivum,no,no,y,60,no,no,,,
Halle,12.05.2023,132,Galanthus ikariae,no,no,no,,no,y,15,,
Halle,12.05.2023,132,Colchicum autumnale,no,y,no,,no,no,,,
Halle,12.05.2023,132,Galanthus plicatus,no,no,no,,no,y,40,,
Halle,12.05.2023,132,Podophyllum peltatum,no,no,y,100,no,no,,,
Halle,12.05.2023,132,Lathyrus vernus,no,no,y,5,no,no,,,
Halle,12.05.2023,132,Trollius europaeus,no,y,y,100,no,no,,,one flower
Halle,12.05.2023,132,Anemone hupenhensis,no,y,no,,no,no,,,
Halle,12.05.2023,132,Carex sylvatica,y,y,no,,no,no,,,
Halle,12.05.2023,132,Anemone nemorosa,no,no,no,,no,no,,,
Halle,12.05.2023,132,Corydalis solida,no,no,no,,no,no,,,
Halle,12.05.2023,132,Hepatica transsilvanica,no,no,no,,no,no,,,
Halle,12.05.2023,132,Arum italicum,no,no,no,,no,y,5,,
Halle,12.05.2023,132,Hepatica nobilis,no,no,no,,no,y,5,,
Halle,12.05.2023,132,Asarum europaeum,no,y,no,,no,y,5,,
Halle,12.05.2023,132,Polygonatum multiflorum,no,no,no,,no,no,,,
Halle,12.05.2023,132,Convallaria majalis,no,no,y,100,no,no,,,
Halle,16.05.2023,136,Podophyllum peltatum,no,no,y,100,no,no,,,
Halle,16.05.2023,136,Lathyrus vernus,no,no,y,5,no,no,,,
Halle,16.05.2023,136,Trollius europaeus,no,y,y,100,no,no,,,
Halle,16.05.2023,136,Anemone hupenhensis,no,y,no,,no,no,,,
Halle,16.05.2023,136,Carex sylvatica,no,y,no,,no,no,,,
Halle,16.05.2023,136,Anemone nemorosa,no,no,no,,no,y,5,,
Halle,16.05.2023,136,Corydalis solida,no,no,no,,no,no,,,
Halle,16.05.2023,136,Hepatica transsilvanica,no,no,no,,no,no,,,
Halle,16.05.2023,136,Arum italicum,no,no,no,,no,no,,,
Halle,16.05.2023,136,Hepatica nobilis,no,no,no,,no,y,5,,
Halle,16.05.2023,136,Asarum europaeum,no,no,no,,no,y,5,,
Halle,16.05.2023,136,Polygonatum multiflorum,no,no,y,100,no,no,,,
Halle,16.05.2023,136,Convallaria majalis,no,no,y,80,no,no,,,
Halle,16.05.2023,136,Leucojum vernum,no,no,no,,no,y,60,,
Halle,16.05.2023,136,Crocus speciosus,no,no,no,,y,y,90,,
Halle,16.05.2023,136,Fragaria vesca,no,y,y,5,no,y,5,,
Halle,16.05.2023,136,Leucojum aestivum,no,no,y,20,no,no,,,
Halle,16.05.2023,136,Galanthus ikariae,no,no,no,,no,y,15,,
Halle,16.05.2023,136,Colchicum autumnale,no,y,no,,no,no,,,
Halle,16.05.2023,136,Galanthus plicatus,no,no,no,,no,y,85,,
Halle,26.05.2023,146,Lathyrus vernus,no,no,no,,no,no,,,
Halle,26.05.2023,146,Trollius europaeus,no,no,no,,no,no,,,
Halle,26.05.2023,146,Anemone hupenhensis,no,y,no,,no,no,,,
Halle,26.05.2023,146,Carex sylvatica,no,y,no,,no,no,,,
Halle,26.05.2023,146,Podophyllum peltatum,no,no,no,,no,no,,,
Halle,26.05.2023,146,Anemone nemorosa,no,no,no,,no,y,10,,
Halle,26.05.2023,146,Corydalis solida,no,no,no,,no,no,,,
Halle,26.05.2023,146,Hepatica transsilvanica,no,no,no,,no,no,,,
Halle,26.05.2023,146,Arum italicum,no,no,no,,no,y,5,,
Halle,26.05.2023,146,Hepatica nobilis,no,no,no,,no,y,5,,
Halle,26.05.2023,146,Asarum europaeum,no,no,no,,no,y,5,,
Halle,26.05.2023,146,Polygonatum multiflorum,no,no,y,100,no,no,,,
Halle,26.05.2023,146,Convallaria majalis,no,no,no,,no,no,,,
Halle,26.05.2023,146,Leucojum vernum,no,no,no,,no,y,80,,
Halle,26.05.2023,146,Crocus speciosus,no,no,no,,y,y,100,,
Halle,26.05.2023,146,Fragaria vesca,no,y,no,,no,y,5,,
Halle,26.05.2023,146,Leucojum aestivum,no,no,no,,no,no,,,
Halle,26.05.2023,146,Galanthus ikariae,no,no,no,,no,y,20,,
Halle,26.05.2023,146,Colchicum autumnale,no,y,no,,no,no,,,
Halle,26.05.2023,146,Galanthus plicatus,no,no,no,,no,y,95,,
Halle,31.05.2023,151,Podophyllum peltatum,no,no,no,,no,no,,,
Halle,31.05.2023,151,Lathyrus vernus,no,no,no,,no,no,,,
Halle,31.05.2023,151,Trollius europaeus,no,no,no,,no,no,,,
Halle,31.05.2023,151,Anemone hupenhensis,no,y,no,,no,no,,,
Halle,31.05.2023,151,Carex sylvatica,no,y,no,,no,no,,,
Halle,31.05.2023,151,Anemone nemorosa,no,no,no,,no,y,10,,
Halle,31.05.2023,151,Corydalis solida,no,no,no,,no,no,,,
Halle,31.05.2023,151,Hepatica transsilvanica,no,no,no,,no,no,,,
Halle,31.05.2023,151,Arum italicum,no,no,no,,no,y,15,,
Halle,31.05.2023,151,Hepatica nobilis,no,no,no,,no,y,5,,
Halle,31.05.2023,151,Asarum europaeum,no,no,no,,no,y,5,,
Halle,31.05.2023,151,Polygonatum multiflorum,no,no,no,,no,no,,,
Halle,31.05.2023,151,Convallaria majalis,no,no,no,,no,no,,,
Halle,31.05.2023,151,Leucojum vernum,no,no,no,,u,y,90,,
Halle,31.05.2023,151,Crocus speciosus,no,no,no,,no,no,,,
Halle,31.05.2023,151,Fragaria vesca,no,y,y,5,no,y,5,,
Halle,31.05.2023,151,Leucojum aestivum,no,no,no,,no,no,,,
Halle,31.05.2023,151,Galanthus ikariae,no,no,no,,no,y,30,,
Halle,31.05.2023,151,Colchicum autumnale,no,y,no,,no,no,,,
Halle,31.05.2023,151,Galanthus plicatus,no,no,no,,u,y,100,,
Halle,05.06.2023,156,Podophyllum peltatum,no,no,no,,no,no,,,
Halle,05.06.2023,156,Lathyrus vernus,no,no,no,,y,y,5,,
Halle,05.06.2023,156,Trollius europaeus,no,no,no,,no,no,,,
Halle,05.06.2023,156,Anemone hupenhensis,no,y,no,,no,no,,,
Halle,05.06.2023,156,Carex sylvatica,no,y,no,,no,no,,,
Halle,05.06.2023,156,Anemone nemorosa,no,no,no,,y,y,10,,
Halle,05.06.2023,156,Corydalis solida,no,no,no,,no,no,,,
Halle,05.06.2023,156,Hepatica transsilvanica,no,no,no,,no,no,,,
Halle,05.06.2023,156,Arum italicum,no,no,no,,no,y,25,,
Halle,05.06.2023,156,Hepatica nobilis,no,no,no,,no,y,5,,
Halle,05.06.2023,156,Asarum europaeum,no,no,no,,no,y,5,,
Halle,05.06.2023,156,Galanthus plicatus,no,no,no,,no,y,100,,
Halle,05.06.2023,156,Polygonatum multiflorum,no,no,no,,no,no,,,
Halle,05.06.2023,156,Convallaria majalis,no,no,no,,no,no,,,
Halle,05.06.2023,156,Leucojum vernum,no,no,no,,u,y,95,,
Halle,05.06.2023,156,Crocus speciosus,no,no,no,,no,no,,,
Halle,05.06.2023,156,Fragaria vesca,no,y,y,5,no,y,5,,
Halle,05.06.2023,156,Leucojum aestivum,no,no,no,,m,y,25,,
Halle,05.06.2023,156,Galanthus ikariae,no,no,no,,no,y,100,,
Halle,05.06.2023,156,Colchicum autumnale,no,no,no,,no,y,40,,
Halle,14.06.2023,165,Podophyllum peltatum,no,no,no,,no,y,5,,
Halle,14.06.2023,165,Lathyrus vernus,no,no,no,,y,y,10,,feeding
Halle,14.06.2023,165,Trollius europaeus,no,no,no,,no,no,,,
Halle,14.06.2023,165,Anemone hupenhensis,no,y,no,,no,no,,,
Halle,14.06.2023,165,Carex sylvatica,no,y,no,,no,no,,,
Halle,14.06.2023,165,Anemone nemorosa,no,no,no,,y,y,40,,
Halle,14.06.2023,165,Corydalis solida,no,no,no,,no,no,,,
Halle,14.06.2023,165,Hepatica transsilvanica,no,no,no,,no,no,,,
Halle,14.06.2023,165,Arum italicum,no,no,no,,no,y,90,,
Halle,14.06.2023,165,Hepatica nobilis,no,no,no,,no,no,,,
Halle,14.06.2023,165,Asarum europaeum,no,no,no,,no,y,5,,
Halle,14.06.2023,165,Polygonatum multiflorum,no,no,no,,no,no,,,
Halle,14.06.2023,165,Convallaria majalis,no,no,no,,no,y,5,,
Halle,14.06.2023,165,Leucojum vernum,no,no,no,,u,y,100,,
Halle,14.06.2023,165,Crocus speciosus,no,no,no,,no,no,,,
Halle,14.06.2023,165,Fragaria vesca,no,y,y,5,no,y,5,,
Halle,14.06.2023,165,Leucojum aestivum,no,no,no,,m,y,75,,
Halle,14.06.2023,165,Galanthus ikariae,no,no,no,,no,no,,,
Halle,14.06.2023,165,Colchicum autumnale,no,no,no,,no,y,85,,
Halle,14.06.2023,165,Galanthus plicatus,no,no,no,,no,no,,,
Halle,26.06.2023,177,Podophyllum peltatum,no,no,no,,no,y,10,,
Halle,26.06.2023,177,Lathyrus vernus,no,no,no,,y,y,10,,
Halle,26.06.2023,177,Trollius europaeus,no,no,no,,y,no,,,
Halle,26.06.2023,177,Anemone hupenhensis,no,y,y,10,no,no,,,
Halle,26.06.2023,177,Carex sylvatica,no,y,no,,no,no,,,
Halle,26.06.2023,177,Anemone nemorosa,no,no,no,,no,y,50,,
Halle,26.06.2023,177,Corydalis solida,no,no,no,,no,no,,,
Halle,26.06.2023,177,Hepatica transsilvanica,no,no,no,,no,no,,,
Halle,26.06.2023,177,Arum italicum,no,no,no,,no,y,100,,
Halle,26.06.2023,177,Hepatica nobilis,no,no,no,,no,no,,,
Halle,26.06.2023,177,Asarum europaeum,no,no,no,,no,y,5,,
Halle,26.06.2023,177,Polygonatum multiflorum,no,no,no,,no,no,,,
Halle,26.06.2023,177,Convallaria majalis,no,no,no,,no,y,5,,
Halle,26.06.2023,177,Leucojum vernum,no,no,no,,no,no,,,
Halle,26.06.2023,177,Crocus speciosus,no,no,no,,no,no,,,
Halle,26.06.2023,177,Fragaria vesca,no,y,no,,no,y,5,,
Halle,26.06.2023,177,Leucojum aestivum,no,no,no,,m,y,95,,
Halle,26.06.2023,177,Galanthus ikariae,no,no,no,,no,no,,,
Halle,26.06.2023,177,Colchicum autumnale,no,no,no,,no,y,95,cut partly,
Halle,26.06.2023,177,Galanthus plicatus,no,no,no,,no,no,,,
Halle,07.07.2023,188,Podophyllum peltatum,no,no,no,,no,y,20,,
Halle,07.07.2023,188,Lathyrus vernus,no,no,no,,y,y,15,,
Halle,07.07.2023,188,Trollius europaeus,no,no,no,,y,y,5,,
Halle,07.07.2023,188,Anemone hupenhensis,no,y,y,70,no,no,,,
Halle,07.07.2023,188,Carex sylvatica,no,y,no,,no,no,,,
Halle,07.07.2023,188,Anemone nemorosa,no,no,no,,no,y,60,,
Halle,07.07.2023,188,Corydalis solida,no,no,no,,no,no,,,
Halle,07.07.2023,188,Hepatica transsilvanica,no,no,no,,no,no,,,
Halle,07.07.2023,188,Arum italicum,no,no,no,,no,no,,,
Halle,07.07.2023,188,Hepatica nobilis,no,no,no,,no,no,,,
Halle,07.07.2023,188,Asarum europaeum,no,no,no,,no,y,5,,
Halle,07.07.2023,188,Polygonatum multiflorum,no,no,no,,no,no,,,
Halle,07.07.2023,188,Convallaria majalis,no,no,no,,no,y,5,,
Halle,07.07.2023,188,Leucojum vernum,no,no,no,,no,no,,,
Halle,07.07.2023,188,Crocus speciosus,no,no,no,,no,no,,,
Halle,07.07.2023,188,Fragaria vesca,no,y,no,,no,y,5,,
Halle,07.07.2023,188,Leucojum aestivum,no,no,no,,m,y,100,,
Halle,07.07.2023,188,Galanthus ikariae,no,no,no,,no,no,,,
Halle,07.07.2023,188,Colchicum autumnale,no,no,no,,no,y,100,,
Halle,07.07.2023,188,Galanthus plicatus,no,no,no,,no,no,,,
Halle,12.07.2023,193,Podophyllum peltatum,no,no,no,,no,y,35,,
Halle,12.07.2023,193,Lathyrus vernus,no,no,no,,y,y,25,,feeding
Halle,12.07.2023,193,Trollius europaeus,no,no,no,,y,y,5,,
Halle,12.07.2023,193,Anemone hupenhensis,no,y,y,95,no,no,,,
Halle,12.07.2023,193,Carex sylvatica,no,y,no,,no,no,,,
Halle,12.07.2023,193,Anemone nemorosa,no,no,no,,no,y,70,,
Halle,12.07.2023,193,Corydalis solida,no,no,no,,no,no,,,
Halle,12.07.2023,193,Hepatica transsilvanica,no,no,no,,no,no,,,
Halle,12.07.2023,193,Arum italicum,no,no,no,,no,no,,,
Halle,12.07.2023,193,Hepatica nobilis,no,no,no,,no,no,,,
Halle,12.07.2023,193,Asarum europaeum,no,no,no,,no,y,5,,
Halle,12.07.2023,193,Polygonatum multiflorum,no,no,no,,no,y,5,,
Halle,12.07.2023,193,Convallaria majalis,no,no,no,,no,y,5,,
Halle,12.07.2023,193,Leucojum vernum,no,no,no,,no,no,,,
Halle,12.07.2023,193,Crocus speciosus,no,no,no,,no,no,,,
Halle,12.07.2023,193,Fragaria vesca,no,y,no,,m,y,5,,
Halle,12.07.2023,193,Leucojum aestivum,no,no,no,,no,no,,,
Halle,12.07.2023,193,Galanthus ikariae,no,no,no,,no,no,,,
Halle,12.07.2023,193,Colchicum autumnale,no,no,no,,no,no,,,
Halle,12.07.2023,193,Galanthus plicatus,no,no,no,,no,no,,,
Halle,21.07.2023,202,Podophyllum peltatum,no,no,no,,no,y,40,,
Halle,21.07.2023,202,Lathyrus vernus,no,no,no,,y,y,30,,
Halle,21.07.2023,202,Trollius europaeus,no,no,no,,no,y,5,,
Halle,21.07.2023,202,Anemone hupenhensis,no,no,y,85,no,no,,,
Halle,21.07.2023,202,Carex sylvatica,no,y,no,,no,no,,,
Halle,21.07.2023,202,Anemone nemorosa,no,no,no,,no,y,80,,
Halle,21.07.2023,202,Corydalis solida,no,no,no,,no,no,,,
Halle,21.07.2023,202,Hepatica transsilvanica,no,no,no,,no,no,,,
Halle,21.07.2023,202,Arum italicum,no,no,no,,no,no,,,
Halle,21.07.2023,202,Hepatica nobilis,no,no,no,,no,no,,,
Halle,21.07.2023,202,Asarum europaeum,no,no,no,,no,y,5,,
Halle,21.07.2023,202,Polygonatum multiflorum,no,no,no,,no,y,5,,
Halle,21.07.2023,202,Convallaria majalis,no,no,no,,no,y,5,,
Halle,21.07.2023,202,Leucojum vernum,no,no,no,,no,no,,,
Halle,21.07.2023,202,Crocus speciosus,no,no,no,,no,no,,,
Halle,21.07.2023,202,Fragaria vesca,no,y,no,,m,y,10,,
Halle,21.07.2023,202,Leucojum aestivum,no,no,no,,no,no,,,
Halle,21.07.2023,202,Galanthus ikariae,no,no,no,,no,no,,,
Halle,21.07.2023,202,Colchicum autumnale,no,no,no,,no,no,,,
Halle,21.07.2023,202,Galanthus plicatus,no,no,no,,no,no,,,
Halle,26.07.2023,207,Podophyllum peltatum,no,no,no,,no,y,45,,
Halle,26.07.2023,207,Lathyrus vernus,no,no,no,,no,y,35,,
Halle,26.07.2023,207,Trollius europaeus,no,no,no,,no,y,5,,
Halle,26.07.2023,207,Anemone hupenhensis,no,no,y,85,no,no,,,
Halle,26.07.2023,207,Carex sylvatica,no,y,no,,no,no,,,
Halle,26.07.2023,207,Anemone nemorosa,no,no,no,,no,y,80,,
Halle,26.07.2023,207,Corydalis solida,no,no,no,,no,no,,,
Halle,26.07.2023,207,Hepatica transsilvanica,no,no,no,,no,no,,,
Halle,26.07.2023,207,Arum italicum,no,no,no,,no,no,,,
Halle,26.07.2023,207,Hepatica nobilis,no,no,no,,no,no,,,
Halle,26.07.2023,207,Asarum europaeum,no,no,no,,no,y,5,,
Halle,26.07.2023,207,Polygonatum multiflorum,no,no,no,,no,y,5,,
Halle,26.07.2023,207,Convallaria majalis,no,no,no,,no,y,5,,
Halle,26.07.2023,207,Leucojum vernum,no,no,no,,no,no,,,
Halle,26.07.2023,207,Crocus speciosus,no,no,no,,no,no,,,
Halle,26.07.2023,207,Fragaria vesca,no,y,no,,m,y,10,,
Halle,26.07.2023,207,Leucojum aestivum,no,no,no,,no,no,,,
Halle,26.07.2023,207,Galanthus ikariae,no,no,no,,no,no,,,
Halle,26.07.2023,207,Colchicum autumnale,no,no,no,,no,no,,,
Halle,26.07.2023,207,Galanthus plicatus,no,no,no,,no,no,,,
Halle,04.08.2023,216,Podophyllum peltatum,no,no,no,,m,y,50,,
Halle,04.08.2023,216,Lathyrus vernus,no,no,no,,no,y,35,,
Halle,04.08.2023,216,Trollius europaeus,no,no,no,,no,y,5,,
Halle,04.08.2023,216,Anemone hupenhensis,no,no,y,60,no,no,,,
Halle,04.08.2023,216,Carex sylvatica,no,y,no,,no,no,,,
Halle,04.08.2023,216,Anemone nemorosa,no,no,no,,no,y,85,,
Halle,04.08.2023,216,Corydalis solida,no,no,no,,no,no,,,
Halle,04.08.2023,216,Hepatica transsilvanica,no,no,no,,no,no,,,
Halle,04.08.2023,216,Arum italicum,no,no,no,,no,no,,,
Halle,04.08.2023,216,Hepatica nobilis,no,no,no,,no,no,,,
Halle,04.08.2023,216,Asarum europaeum,no,no,no,,no,y,5,,
Halle,04.08.2023,216,Polygonatum multiflorum,no,no,no,,no,y,5,,
Halle,04.08.2023,216,Convallaria majalis,no,no,no,,no,y,5,,
Halle,04.08.2023,216,Leucojum vernum,no,no,no,,no,no,,,
Halle,04.08.2023,216,Crocus speciosus,no,no,no,,no,no,,,
Halle,04.08.2023,216,Fragaria vesca,no,y,no,,m,y,10,,
Halle,04.08.2023,216,Leucojum aestivum,no,no,no,,no,no,,,
Halle,04.08.2023,216,Galanthus ikariae,no,no,no,,no,no,,,
Halle,04.08.2023,216,Colchicum autumnale,no,no,no,,no,no,,,
Halle,04.08.2023,216,Galanthus plicatus,no,no,no,,no,no,,,
Halle,09.08.2023,221,Podophyllum peltatum,no,no,no,,m,y,65,,
Halle,09.08.2023,221,Lathyrus vernus,no,no,no,,no,y,40,,
Halle,09.08.2023,221,Trollius europaeus,no,no,no,,no,y,5,,
Halle,09.08.2023,221,Anemone hupenhensis,no,no,y,25,no,y,5,,
Halle,09.08.2023,221,Carex sylvatica,no,y,no,,no,no,,,
Halle,09.08.2023,221,Anemone nemorosa,no,no,no,,no,y,95,,
Halle,09.08.2023,221,Corydalis solida,no,no,no,,no,no,,,
Halle,09.08.2023,221,Hepatica transsilvanica,no,no,no,,no,no,,,
Halle,09.08.2023,221,Arum italicum,no,no,no,,no,no,,,
Halle,09.08.2023,221,Hepatica nobilis,no,no,no,,no,no,,,
Halle,09.08.2023,221,Asarum europaeum,no,no,no,,no,y,5,,
Halle,09.08.2023,221,Polygonatum multiflorum,no,no,no,,no,y,10,,
Halle,09.08.2023,221,Convallaria majalis,no,no,no,,no,y,5,,
Halle,09.08.2023,221,Leucojum vernum,no,no,no,,no,no,,,
Halle,09.08.2023,221,Crocus speciosus,no,no,no,,no,no,,,
Halle,09.08.2023,221,Fragaria vesca,no,y,no,,m,y,10,,
Halle,09.08.2023,221,Leucojum aestivum,no,no,no,,no,no,,,
Halle,09.08.2023,221,Galanthus ikariae,no,no,no,,no,no,,,
Halle,09.08.2023,221,Colchicum autumnale,no,no,no,,no,no,,,
Halle,09.08.2023,221,Galanthus plicatus,no,no,no,,no,no,,,
Halle,16.08.2023,228,Convallaria majalis,no,no,no,,no,y,10,,
Halle,16.08.2023,228,Leucojum vernum,no,no,no,,no,no,,,
Halle,16.08.2023,228,Crocus speciosus,no,no,no,,no,no,,,
Halle,16.08.2023,228,Fragaria vesca,no,y,no,,m,y,10,,
Halle,16.08.2023,228,Leucojum aestivum,no,no,no,,no,no,,,
Halle,16.08.2023,228,Galanthus ikariae,no,no,no,,no,no,,,
Halle,16.08.2023,228,Colchicum autumnale,no,no,no,,no,no,,,
Halle,16.08.2023,228,Galanthus plicatus,no,no,no,,no,no,,,
Halle,16.08.2023,228,Podophyllum peltatum,no,no,no,,m,y,75,,
Halle,16.08.2023,228,Lathyrus vernus,no,no,no,,no,y,45,,
Halle,16.08.2023,228,Trollius europaeus,no,no,no,,no,y,10,,
Halle,16.08.2023,228,Anemone hupenhensis,no,no,y,10,no,y,5,,
Halle,16.08.2023,228,Carex sylvatica,no,y,no,,no,no,,,
Halle,16.08.2023,228,Hepatica transsilvanica,no,no,no,,no,no,,,
Halle,16.08.2023,228,Arum italicum,no,no,no,,no,no,,,
Halle,16.08.2023,228,Hepatica nobilis,no,no,no,,no,no,,,
Halle,16.08.2023,228,Asarum europaeum,no,no,no,,no,y,5,,
Halle,16.08.2023,228,Polygonatum multiflorum,no,no,no,,no,y,10,,
Halle,16.08.2023,228,Anemone nemorosa,no,no,no,,no,y,95,,
Halle,16.08.2023,228,Corydalis solida,no,no,no,,no,no,,,
Halle,25.08.2023,237,Hepatica transsilvanica,no,no,no,,no,no,,,
Halle,25.08.2023,237,Arum italicum,no,no,no,,no,no,,,
Halle,25.08.2023,237,Hepatica nobilis,no,no,no,,no,no,,,
Halle,25.08.2023,237,Asarum europaeum,no,no,no,,no,y,5,,
Halle,25.08.2023,237,Polygonatum multiflorum,no,no,no,,no,y,10,,
Halle,25.08.2023,237,Convallaria majalis,no,no,no,,no,y,10,,
Halle,25.08.2023,237,Leucojum vernum,no,no,no,,no,no,,,
Halle,25.08.2023,237,Crocus speciosus,no,no,no,,no,no,,,
Halle,25.08.2023,237,Fragaria vesca,no,y,no,,m,y,10,,
Halle,25.08.2023,237,Leucojum aestivum,no,no,no,,no,no,,,
Halle,25.08.2023,237,Galanthus ikariae,no,no,no,,no,no,,,
Halle,25.08.2023,237,Colchicum autumnale,no,no,no,,no,no,,,
Halle,25.08.2023,237,Galanthus plicatus,no,no,no,,no,no,,,
Halle,25.08.2023,237,Podophyllum peltatum,no,no,no,,m,y,85,,
Halle,25.08.2023,237,Lathyrus vernus,no,no,no,,no,y,50,,
Halle,25.08.2023,237,Trollius europaeus,no,no,no,,no,y,20,,
Halle,25.08.2023,237,Anemone hupenhensis,no,no,y,10,no,y,5,,
Halle,25.08.2023,237,Carex sylvatica,no,y,no,,no,no,,,
Halle,25.08.2023,237,Anemone nemorosa,no,no,no,,no,y,100,,
Halle,25.08.2023,237,Corydalis solida,no,no,no,,no,no,,,
Halle,30.08.2023,242,Corydalis solida,no,no,no,,no,no,,,
Halle,30.08.2023,242,Hepatica transsilvanica,no,no,no,,no,no,,,
Halle,30.08.2023,242,Arum italicum,no,no,no,,no,no,,,
Halle,30.08.2023,242,Hepatica nobilis,no,no,no,,no,no,,,
Halle,30.08.2023,242,Asarum europaeum,no,no,no,,no,y,5,,
Halle,30.08.2023,242,Polygonatum multiflorum,no,no,no,,no,y,10,,
Halle,30.08.2023,242,Podophyllum peltatum,no,no,no,,m,y,90,,
Halle,30.08.2023,242,Lathyrus vernus,no,no,no,,no,y,55,,
Halle,30.08.2023,242,Trollius europaeus,no,no,no,,no,y,20,,
Halle,30.08.2023,242,Anemone hupenhensis,no,no,y,10,no,y,5,,
Halle,30.08.2023,242,Carex sylvatica,no,y,no,,no,no,,,
Halle,30.08.2023,242,Anemone nemorosa,no,no,no,,no,no,,,
Halle,30.08.2023,242,Convallaria majalis,no,no,no,,no,y,10,,
Halle,30.08.2023,242,Leucojum vernum,no,no,no,,no,no,,,
Halle,30.08.2023,242,Crocus speciosus,no,no,no,,no,no,,,
Halle,30.08.2023,242,Fragaria vesca,no,y,no,,m,y,10,,
Halle,30.08.2023,242,Leucojum aestivum,no,no,no,,no,no,,,
Halle,30.08.2023,242,Galanthus ikariae,no,no,no,,no,no,,,
Halle,30.08.2023,242,Colchicum autumnale,no,no,no,,no,no,,,
Halle,30.08.2023,242,Galanthus plicatus,no,no,no,,no,no,,,
Halle,07.09.2023,250,Trollius europaeus,no,no,no,,no,y,40,cut partly,
Halle,07.09.2023,250,Anemone hupenhensis,no,no,y,5,no,y,5,,
Halle,07.09.2023,250,Carex sylvatica,no,y,no,,no,y,5,,
Halle,07.09.2023,250,Anemone nemorosa,no,no,no,,no,no,,,
Halle,07.09.2023,250,Corydalis solida,no,no,no,,no,no,,,
Halle,07.09.2023,250,Hepatica transsilvanica,no,no,no,,no,no,,,
Halle,07.09.2023,250,Arum italicum,no,no,no,,no,no,,,
Halle,07.09.2023,250,Hepatica nobilis,no,no,no,,no,no,,,
Halle,07.09.2023,250,Asarum europaeum,no,no,no,,no,y,5,,
Halle,07.09.2023,250,Polygonatum multiflorum,no,no,no,,no,y,10,,
Halle,07.09.2023,250,Convallaria majalis,no,no,no,,no,y,10,,
Halle,07.09.2023,250,Leucojum vernum,no,no,no,,no,no,,,
Halle,07.09.2023,250,Crocus speciosus,no,no,no,,no,no,,,
Halle,07.09.2023,250,Fragaria vesca,no,y,no,,m,y,10,,
Halle,07.09.2023,250,Leucojum aestivum,no,no,no,,no,no,,,
Halle,07.09.2023,250,Galanthus ikariae,no,no,no,,no,no,,,
Halle,07.09.2023,250,Colchicum autumnale,no,no,y,50,no,no,,,
Halle,07.09.2023,250,Galanthus plicatus,no,no,no,,no,no,,,
Halle,07.09.2023,250,Podophyllum peltatum,no,no,no,,m,y,95,,
Halle,07.09.2023,250,Lathyrus vernus,no,no,no,,no,y,65,,
Halle,13.09.2023,256,Podophyllum peltatum,no,no,no,,m,y,100,,
Halle,13.09.2023,256,Lathyrus vernus,no,no,no,,no,y,70,,
Halle,13.09.2023,256,Trollius europaeus,no,no,no,,no,y,70,,
Halle,13.09.2023,256,Anemone hupenhensis,no,no,y,5,no,y,10,,
Halle,13.09.2023,256,Carex sylvatica,no,y,no,,no,y,5,,
Halle,13.09.2023,256,Anemone nemorosa,no,no,no,,no,no,,,
Halle,13.09.2023,256,Corydalis solida,no,no,no,,no,no,,,
Halle,13.09.2023,256,Hepatica transsilvanica,no,no,no,,no,y,5,,
Halle,13.09.2023,256,Arum italicum,no,no,no,,no,no,,,
Halle,13.09.2023,256,Hepatica nobilis,no,no,no,,no,no,,,
Halle,13.09.2023,256,Crocus speciosus,y,no,no,,no,no,,,
Halle,13.09.2023,256,Galanthus ikariae,no,no,no,,no,no,,,
Halle,13.09.2023,256,Colchicum autumnale,no,no,y,80,no,no,,,
Halle,13.09.2023,256,Galanthus plicatus,no,no,no,,no,no,,,
Halle,13.09.2023,256,Asarum europaeum,no,no,no,,no,y,5,,
Halle,13.09.2023,256,Polygonatum multiflorum,no,no,no,,y,y,15,,
Halle,13.09.2023,256,Convallaria majalis,no,no,no,,no,y,15,,
Halle,13.09.2023,256,Leucojum vernum,no,no,no,,no,no,,,
Halle,13.09.2023,256,Fragaria vesca,no,y,no,,m,y,10,,
Halle,13.09.2023,256,Leucojum aestivum,no,no,no,,no,no,,,
Halle,21.09.2023,264,Podophyllum peltatum,no,no,no,,no,no,,,
Halle,21.09.2023,264,Lathyrus vernus,no,no,no,,no,y,75,,
Halle,21.09.2023,264,Trollius europaeus,no,no,no,,no,y,95,,
Halle,21.09.2023,264,Anemone hupenhensis,no,no,y,5,no,y,15,,only two flowers
Halle,21.09.2023,264,Carex sylvatica,no,y,no,,no,y,5,,
Halle,21.09.2023,264,Anemone nemorosa,no,no,no,,no,no,,,
Halle,21.09.2023,264,Corydalis solida,no,no,no,,no,no,,,
Halle,21.09.2023,264,Hepatica transsilvanica,no,no,no,,no,y,5,,
Halle,21.09.2023,264,Arum italicum,no,no,no,,no,no,,,
Halle,21.09.2023,264,Hepatica nobilis,no,no,no,,no,no,,,
Halle,21.09.2023,264,Asarum europaeum,no,no,no,,no,y,5,,
Halle,21.09.2023,264,Polygonatum multiflorum,no,no,no,,y,y,15,,
Halle,21.09.2023,264,Convallaria majalis,no,no,no,,y,y,20,,
Halle,21.09.2023,264,Leucojum vernum,no,no,no,,no,no,,,
Halle,21.09.2023,264,Crocus speciosus,no,no,y,10,no,no,,,
Halle,21.09.2023,264,Fragaria vesca,no,y,no,,m,y,10,,
Halle,21.09.2023,264,Leucojum aestivum,no,no,no,,no,no,,,
Halle,21.09.2023,264,Galanthus ikariae,no,no,no,,no,no,,,
Halle,21.09.2023,264,Colchicum autumnale,no,no,y,30,no,no,,,
Halle,21.09.2023,264,Galanthus plicatus,no,no,no,,no,no,,,
Halle,29.09.2023,272,Podophyllum peltatum,no,no,no,,no,no,,,
Halle,29.09.2023,272,Lathyrus vernus,no,no,no,,no,y,90,,
Halle,29.09.2023,272,Trollius europaeus,no,no,no,,no,y,100,,
Halle,29.09.2023,272,Anemone hupenhensis,no,no,y,5,no,y,20,,
Halle,29.09.2023,272,Carex sylvatica,no,y,no,,no,y,5,,
Halle,29.09.2023,272,Anemone nemorosa,no,no,no,,no,no,,,
Halle,29.09.2023,272,Corydalis solida,no,no,no,,no,no,,,
Halle,29.09.2023,272,Hepatica transsilvanica,no,no,no,,no,y,5,,
Halle,29.09.2023,272,Arum italicum,no,no,no,,no,no,,,
Halle,29.09.2023,272,Hepatica nobilis,no,no,no,,no,no,,,
Halle,29.09.2023,272,Asarum europaeum,no,no,no,,no,y,5,,
Halle,29.09.2023,272,Polygonatum multiflorum,no,no,no,,y,y,20,,
Halle,29.09.2023,272,Convallaria majalis,no,no,no,,y,y,20,,
Halle,29.09.2023,272,Leucojum vernum,no,no,no,,no,no,,,
Halle,29.09.2023,272,Crocus speciosus,no,no,y,80,no,no,,,
Halle,29.09.2023,272,Fragaria vesca,no,y,no,,m,y,10,,
Halle,29.09.2023,272,Leucojum aestivum,no,no,no,,no,no,,,
Halle,29.09.2023,272,Galanthus ikariae,no,no,no,,no,no,,,
Halle,29.09.2023,272,Colchicum autumnale,no,no,no,,no,no,,,
Halle,29.09.2023,272,Galanthus plicatus,no,no,no,,no,no,,,
Halle,10.10.2023,283,Podophyllum peltatum,no,no,no,,no,no,,,
Halle,10.10.2023,283,Lathyrus vernus,no,no,no,,no,y,95,,
Halle,10.10.2023,283,Trollius europaeus,no,no,no,,no,no,,,
Halle,10.10.2023,283,Anemone hupenhensis,no,no,no,,no,y,25,,
Halle,10.10.2023,283,Carex sylvatica,no,y,no,,no,y,5,,
Halle,10.10.2023,283,Anemone nemorosa,no,no,no,,no,no,,,
Halle,10.10.2023,283,Corydalis solida,no,no,no,,no,no,,,
Halle,10.10.2023,283,Hepatica transsilvanica,no,no,no,,no,y,5,,
Halle,10.10.2023,283,Arum italicum,y,y,no,,no,no,,,
Halle,10.10.2023,283,Hepatica nobilis,no,no,no,,no,y,5,,
Halle,10.10.2023,283,Leucojum aestivum,no,no,no,,no,no,,,
Halle,10.10.2023,283,Galanthus ikariae,no,no,no,,no,no,,,
Halle,10.10.2023,283,Colchicum autumnale,no,no,no,,no,no,,,
Halle,10.10.2023,283,Galanthus plicatus,no,no,no,,no,no,,,
Halle,10.10.2023,283,Asarum europaeum,no,no,no,,no,y,5,,
Halle,10.10.2023,283,Polygonatum multiflorum,no,no,no,,y,y,20,,
Halle,10.10.2023,283,Convallaria majalis,no,no,no,,y,y,20,,
Halle,10.10.2023,283,Leucojum vernum,no,no,no,,no,no,,,
Halle,10.10.2023,283,Crocus speciosus,no,no,y,5,no,no,,,
Halle,10.10.2023,283,Fragaria vesca,no,y,no,,m,y,10,,
Halle,18.10.2023,291,Podophyllum peltatum,no,no,no,,no,no,,,
Halle,18.10.2023,291,Lathyrus vernus,no,no,no,,no,y,95,,
Halle,18.10.2023,291,Trollius europaeus,no,no,no,,no,no,,,
Halle,18.10.2023,291,Anemone hupenhensis,no,no,no,,no,y,30,,
Halle,18.10.2023,291,Carex sylvatica,no,y,no,,no,y,5,,
Halle,18.10.2023,291,Anemone nemorosa,no,no,no,,no,no,,,
Halle,18.10.2023,291,Corydalis solida,no,no,no,,no,no,,,
Halle,18.10.2023,291,Hepatica transsilvanica,no,no,no,,no,y,5,,
Halle,18.10.2023,291,Arum italicum,no,y,no,,no,no,,,
Halle,18.10.2023,291,Hepatica nobilis,no,no,no,,no,y,5,,
Halle,18.10.2023,291,Asarum europaeum,no,no,no,,no,y,5,,
Halle,18.10.2023,291,Polygonatum multiflorum,no,no,no,,y,y,30,,
Halle,18.10.2023,291,Convallaria majalis,no,no,no,,y,y,30,,
Halle,18.10.2023,291,Leucojum vernum,no,no,no,,no,no,,,
Halle,18.10.2023,291,Crocus speciosus,no,no,no,,no,no,,,
Halle,18.10.2023,291,Fragaria vesca,no,y,no,,no,y,10,,
Halle,18.10.2023,291,Leucojum aestivum,no,no,no,,no,no,,,
Halle,18.10.2023,291,Galanthus ikariae,no,no,no,,no,no,,,
Halle,18.10.2023,291,Colchicum autumnale,no,no,no,,no,no,,,
Halle,18.10.2023,291,Galanthus plicatus,no,no,no,,no,no,,,
Halle,25.10.2023,298,Podophyllum peltatum,no,no,no,,no,no,,,
Halle,25.10.2023,298,Lathyrus vernus,no,no,no,,no,y,95,,
Halle,25.10.2023,298,Trollius europaeus,no,no,no,,no,no,,,
Halle,25.10.2023,298,Anemone hupenhensis,no,no,no,,no,y,30,,
Halle,25.10.2023,298,Carex sylvatica,no,y,no,,no,y,5,,
Halle,25.10.2023,298,Anemone nemorosa,no,no,no,,no,no,,,
Halle,25.10.2023,298,Corydalis solida,no,no,no,,no,no,,,
Halle,25.10.2023,298,Hepatica transsilvanica,no,no,no,,no,y,5,,
Halle,25.10.2023,298,Arum italicum,no,y,no,,no,no,,,
Halle,25.10.2023,298,Hepatica nobilis,no,no,no,,no,y,5,,
Halle,25.10.2023,298,Asarum europaeum,no,no,no,,no,y,5,,
Halle,25.10.2023,298,Polygonatum multiflorum,no,no,no,,y,y,45,,
Halle,25.10.2023,298,Convallaria majalis,no,no,no,,y,y,50,,
Halle,25.10.2023,298,Leucojum vernum,no,no,no,,no,no,,,
Halle,25.10.2023,298,Crocus speciosus,no,no,no,,no,no,,,
Halle,25.10.2023,298,Fragaria vesca,no,y,no,,no,y,10,,
Halle,25.10.2023,298,Leucojum aestivum,no,no,no,,no,no,,,
Halle,25.10.2023,298,Galanthus ikariae,no,no,no,,no,no,,,
Halle,25.10.2023,298,Colchicum autumnale,no,no,no,,no,no,,,
Halle,25.10.2023,298,Galanthus plicatus,no,no,no,,no,no,,,
Halle,02.11.2022,306,Lysichiton camtschatcensis,no,no,no,,no,y,100,,
Halle,02.11.2022,306,Primula vulgaris,no,no,no,,no,no,,,
Halle,02.11.2022,306,Platycodon grandiflorum,no,no,no,,no,y,100,,
Halle,02.11.2022,306,Solidago virgaurea,no,no,no,,y,y,5,,
Halle,02.11.2022,306,Iris pseudacorus,no,no,no,,no,y,95,,
Halle,02.11.2022,306,Silphium integrifolium,no,no,no,,no,y,100,,
Halle,02.11.2022,306,Hibiscus moscheutos,no,no,no,,no,no,,,
Halle,02.11.2022,306,Tragopogon orientalis,no,no,no,,no,no,,,
Halle,02.11.2022,306,Adonis vernalis,no,no,no,,no,no,,,
Halle,02.11.2022,306,Paeonia wittmanniana,no,no,no,,no,no,,,
Halle,02.11.2022,306,Paeonia peregrina,no,no,no,,no,no,,,
Halle,02.11.2022,306,Phlomis russeliana,no,no,no,,no,y,30,,
Halle,02.11.2022,306,Tulipa saxatilis,no,no,no,,no,no,,,
Halle,02.11.2022,306,Eupatorium cannabinum,no,no,no,,no,no,,,
Halle,02.11.2022,306,Lamium galeobdolon,no,no,no,,no,y,10,,
Halle,02.11.2022,306,Eranthis hyemalis,no,no,no,,no,no,,,
Halle,02.11.2022,306,Arum maculatum,no,no,no,,no,no,,,
Halle,08.11.2022,312,Primula vulgaris,no,no,no,,no,no,,,
Halle,08.11.2022,312,Platycodon grandiflorum,no,no,no,,no,no,,,
Halle,08.11.2022,312,Solidago virgaurea,no,no,no,,y,y,5,,
Halle,08.11.2022,312,Lysichiton camtschatcensis,no,no,no,,no,no,,,
Halle,08.11.2022,312,Iris pseudacorus,no,no,no,,no,y,95,,
Halle,08.11.2022,312,Silphium integrifolium,no,no,no,,no,no,,,
Halle,08.11.2022,312,Eranthis hyemalis,no,no,no,,no,no,,,
Halle,08.11.2022,312,Arum maculatum,no,no,no,,no,no,,,
Halle,08.11.2022,312,Hibiscus moscheutos,no,no,no,,no,no,,covered artificial,
Halle,08.11.2022,312,Tragopogon orientalis,no,no,no,,no,no,,,
Halle,08.11.2022,312,Adonis vernalis,no,no,no,,no,no,,,
Halle,08.11.2022,312,Paeonia wittmanniana,no,no,no,,no,no,,,
Halle,08.11.2022,312,Paeonia peregrina,no,no,no,,no,no,,,
Halle,08.11.2022,312,Phlomis russeliana,no,no,no,,no,y,30,,
Halle,08.11.2022,312,Tulipa saxatilis,no,no,no,,no,no,,,
Halle,08.11.2022,312,Eupatorium cannabinum,no,no,no,,no,no,,,
Halle,08.11.2022,312,Lamium galeobdolon,no,no,no,,no,y,10,,
Halle,15.11.2022,319,Primula vulgaris,no,no,no,,no,no,,,
Halle,15.11.2022,319,Platycodon grandiflorum,no,no,no,,no,no,,,
Halle,15.11.2022,319,Solidago virgaurea,no,no,no,,y,y,25,,
Halle,15.11.2022,319,Lysichiton camtschatcensis,no,no,no,,no,no,,,
Halle,15.11.2022,319,Iris pseudacorus,no,no,no,,no,y,95,,
Halle,15.11.2022,319,Silphium integrifolium,no,no,no,,no,no,,,
Halle,15.11.2022,319,Hibiscus moscheutos,no,no,no,,no,no,,covered artificial,
Halle,15.11.2022,319,Tragopogon orientalis,no,no,no,,no,no,,,
Halle,15.11.2022,319,Adonis vernalis,no,no,no,,no,no,,,
Halle,15.11.2022,319,Paeonia wittmanniana,no,no,no,,no,no,,,
Halle,15.11.2022,319,Paeonia peregrina,no,no,no,,no,no,,,
Halle,15.11.2022,319,Phlomis russeliana,no,no,no,,no,y,30,,
Halle,15.11.2022,319,Tulipa saxatilis,no,no,no,,no,no,,,
Halle,15.11.2022,319,Eupatorium cannabinum,no,no,no,,no,no,,,
Halle,15.11.2022,319,Lamium galeobdolon,no,no,no,,no,y,40,,
Halle,15.11.2022,319,Eranthis hyemalis,no,no,no,,no,no,,,
Halle,15.11.2022,319,Arum maculatum,no,no,no,,no,no,,,
Halle,22.11.2022,326,Primula vulgaris,no,no,no,,no,no,,,
Halle,22.11.2022,326,Platycodon grandiflorum,no,no,no,,no,no,,,
Halle,22.11.2022,326,Solidago virgaurea,no,no,no,,y,y,45,,
Halle,22.11.2022,326,Lysichiton camtschatcensis,no,no,no,,no,no,,,
Halle,22.11.2022,326,Iris pseudacorus,no,no,no,,no,y,95,,
Halle,22.11.2022,326,Silphium integrifolium,no,no,no,,no,no,,,
Halle,22.11.2022,326,Hibiscus moscheutos,no,no,no,,no,no,,covered artificial,
Halle,22.11.2022,326,Tragopogon orientalis,no,no,no,,no,no,,,
Halle,22.11.2022,326,Adonis vernalis,no,no,no,,no,no,,,
Halle,22.11.2022,326,Paeonia wittmanniana,no,no,no,,no,no,,,
Halle,22.11.2022,326,Paeonia peregrina,no,no,no,,no,no,,,
Halle,22.11.2022,326,Phlomis russeliana,no,no,no,,no,y,30,,
Halle,22.11.2022,326,Tulipa saxatilis,no,no,no,,no,no,,,
Halle,22.11.2022,326,Eupatorium cannabinum,no,no,no,,no,no,,,
Halle,22.11.2022,326,Lamium galeobdolon,no,no,no,,no,y,60,,
Halle,22.11.2022,326,Eranthis hyemalis,no,no,no,,no,no,,,
Halle,22.11.2022,326,Arum maculatum,no,no,no,,no,no,,,
Halle,05.12.2022,339,Primula vulgaris,no,no,no,,no,no,,,
Halle,05.12.2022,339,Platycodon grandiflorum,no,no,no,,no,no,,,
Halle,05.12.2022,339,Solidago virgaurea,no,no,no,,y,y,95,,
Halle,05.12.2022,339,Lysichiton camtschatcensis,no,no,no,,no,no,,,
Halle,05.12.2022,339,Iris pseudacorus,,,,,,,,,Snow
Halle,05.12.2022,339,Silphium integrifolium,no,no,no,,no,no,,,
Halle,05.12.2022,339,Hibiscus moscheutos,no,no,no,,no,no,,,
Halle,05.12.2022,339,Tragopogon orientalis,no,no,no,,no,no,,,
Halle,05.12.2022,339,Adonis vernalis,no,no,no,,no,no,,,
Halle,05.12.2022,339,Paeonia wittmanniana,no,no,no,,no,no,,,
Halle,05.12.2022,339,Paeonia peregrina,no,no,no,,no,no,,,
Halle,05.12.2022,339,Phlomis russeliana,,,,,,,,,Snow
Halle,05.12.2022,339,Tulipa saxatilis,no,no,no,,no,no,,,
Halle,05.12.2022,339,Eupatorium cannabinum,no,no,no,,no,no,,,
Halle,05.12.2022,339,Lamium galeobdolon,,,,,,,,,Snow
Halle,05.12.2022,339,Eranthis hyemalis,no,no,no,,no,no,,,
Halle,05.12.2022,339,Arum maculatum,no,no,no,,no,no,,,
Halle,21.12.2022,355,Primula vulgaris,no,y,no,,no,no,,,
Halle,21.12.2022,355,Platycodon grandiflorum,no,no,no,,no,no,,,
Halle,21.12.2022,355,Solidago virgaurea,no,no,no,,no,y,100,,
Halle,21.12.2022,355,Lysichiton camtschatcensis,no,no,no,,no,no,,,
Halle,21.12.2022,355,Iris pseudacorus,no,no,no,,no,no,,,
Halle,21.12.2022,355,Silphium integrifolium,no,no,no,,no,no,,,
Halle,21.12.2022,355,Hibiscus moscheutos,no,no,no,,no,no,,covered artificial,
Halle,21.12.2022,355,Tragopogon orientalis,no,no,no,,no,no,,,
Halle,21.12.2022,355,Adonis vernalis,no,no,no,,no,no,,,
Halle,21.12.2022,355,Paeonia wittmanniana,no,no,no,,no,no,,,
Halle,21.12.2022,355,Paeonia peregrina,no,no,no,,no,no,,,
Halle,21.12.2022,355,Phlomis russeliana,no,no,no,,no,y,15,,
Halle,21.12.2022,355,Tulipa saxatilis,y,y,no,,no,no,,,
Halle,21.12.2022,355,Eupatorium cannabinum,no,no,no,,no,no,,,
Halle,21.12.2022,355,Lamium galeobdolon,no,no,no,,no,y,100,,
Halle,21.12.2022,355,Eranthis hyemalis,no,no,no,,no,no,,,
Halle,21.12.2022,355,Arum maculatum,no,no,no,,no,no,,,
Halle,06.01.2023,6,Primula vulgaris,no,y,y,5,no,no,,,
Halle,06.01.2023,6,Platycodon grandiflorum,no,no,no,,no,no,,,
Halle,06.01.2023,6,Solidago virgaurea,no,no,no,,no,y,100,,
Halle,06.01.2023,6,Lysichiton camtschatcensis,no,no,no,,no,no,,,
Halle,06.01.2023,6,Iris pseudacorus,y,y,no,,no,no,,,
Halle,06.01.2023,6,Silphium integrifolium,no,no,no,,no,no,,,
Halle,06.01.2023,6,Hibiscus moscheutos,no,no,no,,no,no,,covered artificial,
Halle,06.01.2023,6,Tragopogon orientalis,no,u,no,,no,no,,,
Halle,06.01.2023,6,Adonis vernalis,no,no,no,,no,no,,,
Halle,06.01.2023,6,Paeonia wittmanniana,no,no,no,,no,no,,,
Halle,06.01.2023,6,Paeonia peregrina,y,no,no,,no,no,,,
Halle,06.01.2023,6,Phlomis russeliana,no,y,no,,no,y,25,,
Halle,06.01.2023,6,Tulipa saxatilis,no,y,no,,no,no,,,
Halle,06.01.2023,6,Eupatorium cannabinum,no,no,no,,no,no,,,
Halle,06.01.2023,6,Lamium galeobdolon,no,no,no,,no,y,100,,
Halle,06.01.2023,6,Eranthis hyemalis,no,no,no,,no,no,,,
Halle,06.01.2023,6,Arum maculatum,y,y,no,,no,no,,,only one leave
Halle,10.01.2023,10,Primula vulgaris,no,y,y,5,no,no,,,
Halle,10.01.2023,10,Platycodon grandiflorum,no,no,no,,no,no,,,
Halle,10.01.2023,10,Solidago virgaurea,no,no,no,,no,y,100,,
Halle,10.01.2023,10,Lysichiton camtschatcensis,no,no,no,,no,no,,,
Halle,10.01.2023,10,Iris pseudacorus,y,y,no,,no,no,,,
Halle,10.01.2023,10,Silphium integrifolium,no,no,no,,no,no,,,
Halle,10.01.2023,10,Hibiscus moscheutos,no,no,no,,no,no,,covered artificial,
Halle,10.01.2023,10,Tragopogon orientalis,no,u,no,,no,no,,,
Halle,10.01.2023,10,Adonis vernalis,no,no,no,,no,no,,,
Halle,10.01.2023,10,Phlomis russeliana,no,y,no,,no,y,25,,
Halle,10.01.2023,10,Tulipa saxatilis,no,y,no,,no,no,,,
Halle,10.01.2023,10,Eupatorium cannabinum,no,no,no,,no,no,,,
Halle,10.01.2023,10,Lamium galeobdolon,no,no,no,,no,y,100,,
Halle,10.01.2023,10,Eranthis hyemalis,y,y,no,,no,no,,,
Halle,10.01.2023,10,Arum maculatum,y,y,no,,no,no,,,
Halle,10.01.2023,10,Paeonia wittmanniana,no,no,no,,no,no,,,
Halle,10.01.2023,10,Paeonia peregrina,y,no,no,,no,no,,,
Halle,18.01.2023,18,Primula vulgaris,no,y,y,10,no,no,,,
Halle,18.01.2023,18,Platycodon grandiflorum,no,no,no,,no,no,,,
Halle,18.01.2023,18,Solidago virgaurea,no,no,no,,no,no,,,
Halle,18.01.2023,18,Lysichiton camtschatcensis,no,no,no,,no,no,,,
Halle,18.01.2023,18,Iris pseudacorus,y,y,no,,no,no,,,
Halle,18.01.2023,18,Silphium integrifolium,no,no,no,,no,no,,,
Halle,18.01.2023,18,Hibiscus moscheutos,no,no,no,,no,no,,covered artificial,
Halle,18.01.2023,18,Tragopogon orientalis,no,u,no,,no,no,,,
Halle,18.01.2023,18,Adonis vernalis,no,no,no,,no,no,,,
Halle,18.01.2023,18,Paeonia wittmanniana,no,no,no,,no,no,,,
Halle,18.01.2023,18,Paeonia peregrina,y,no,no,,no,no,,,
Halle,18.01.2023,18,Phlomis russeliana,no,y,no,,no,y,30,,
Halle,18.01.2023,18,Tulipa saxatilis,no,y,no,,no,no,,,
Halle,18.01.2023,18,Eupatorium cannabinum,no,no,no,,no,no,,,
Halle,18.01.2023,18,Lamium galeobdolon,no,no,no,,no,no,,,
Halle,18.01.2023,18,Eranthis hyemalis,y,y,y,5,no,no,,,
Halle,18.01.2023,18,Arum maculatum,y,y,no,,no,no,,,
Halle,25.01.2023,25,Primula vulgaris,no,y,y,10,no,no,,,
Halle,25.01.2023,25,Platycodon grandiflorum,no,no,no,,no,no,,,
Halle,25.01.2023,25,Solidago virgaurea,no,no,no,,no,no,,,
Halle,25.01.2023,25,Lysichiton camtschatcensis,no,no,no,,no,no,,,
Halle,25.01.2023,25,Iris pseudacorus,no,y,no,,no,no,,,
Halle,25.01.2023,25,Silphium integrifolium,no,no,no,,no,no,,,
Halle,25.01.2023,25,Hibiscus moscheutos,no,no,no,,no,no,,covered artificial,
Halle,25.01.2023,25,Tragopogon orientalis,no,no,no,,no,no,,,
Halle,25.01.2023,25,Adonis vernalis,no,no,no,,no,no,,,
Halle,25.01.2023,25,Paeonia wittmanniana,no,no,no,,no,no,,,
Halle,25.01.2023,25,Paeonia peregrina,y,no,no,,no,no,,,
Halle,25.01.2023,25,Phlomis russeliana,no,y,no,,no,y,25,,
Halle,25.01.2023,25,Tulipa saxatilis,no,y,no,,no,no,,,
Halle,25.01.2023,25,Eupatorium cannabinum,no,no,no,,no,no,,,
Halle,25.01.2023,25,Lamium galeobdolon,y,y,no,,no,no,,,
Halle,25.01.2023,25,Eranthis hyemalis,y,y,y,5,no,no,,,
Halle,25.01.2023,25,Arum maculatum,no,y,no,,no,no,,,
Halle,01.02.2023,32,Primula vulgaris,no,y,y,15,no,no,,,
Halle,01.02.2023,32,Platycodon grandiflorum,no,no,no,,no,no,,,
Halle,01.02.2023,32,Solidago virgaurea,no,no,no,,no,no,,,
Halle,01.02.2023,32,Lysichiton camtschatcensis,no,no,no,,no,no,,,
Halle,01.02.2023,32,Iris pseudacorus,no,y,no,,no,no,,,
Halle,01.02.2023,32,Silphium integrifolium,no,no,no,,no,no,,,
Halle,01.02.2023,32,Hibiscus moscheutos,no,no,no,,no,no,,covered artificial,
Halle,01.02.2023,32,Tragopogon orientalis,no,no,no,,no,no,,,
Halle,01.02.2023,32,Adonis vernalis,no,no,no,,no,no,,,
Halle,01.02.2023,32,Paeonia wittmanniana,no,no,no,,no,no,,,
Halle,01.02.2023,32,Paeonia peregrina,y,no,no,,no,no,,,
Halle,01.02.2023,32,Phlomis russeliana,no,y,no,,no,y,25,,
Halle,01.02.2023,32,Tulipa saxatilis,no,y,no,,no,no,,,
Halle,01.02.2023,32,Eupatorium cannabinum,no,no,no,,no,no,,,
Halle,01.02.2023,32,Lamium galeobdolon,no,y,no,,no,no,,,
Halle,01.02.2023,32,Eranthis hyemalis,y,y,y,10,no,no,,,
Halle,01.02.2023,32,Arum maculatum,no,y,no,,no,no,,,
Halle,07.02.2023,38,Solidago virgaurea,no,no,no,,no,no,,,
Halle,07.02.2023,38,Lysichiton camtschatcensis,no,no,no,,no,no,,,
Halle,07.02.2023,38,Iris pseudacorus,no,y,no,,no,no,,,
Halle,07.02.2023,38,Silphium integrifolium,no,no,no,,no,no,,,
Halle,07.02.2023,38,Hibiscus moscheutos,no,no,no,,no,no,,covered artificial,
Halle,07.02.2023,38,Tragopogon orientalis,no,no,no,,no,no,,,
Halle,07.02.2023,38,Adonis vernalis,no,no,no,,no,no,,,
Halle,07.02.2023,38,Paeonia wittmanniana,no,no,no,,no,no,,,
Halle,07.02.2023,38,Primula vulgaris,no,y,y,5,no,no,,,
Halle,07.02.2023,38,Platycodon grandiflorum,no,no,no,,no,no,,,
Halle,07.02.2023,38,Paeonia peregrina,y,no,no,,no,no,,,
Halle,07.02.2023,38,Phlomis russeliana,no,y,no,,no,y,25,,
Halle,07.02.2023,38,Tulipa saxatilis,no,y,no,,no,no,,,
Halle,07.02.2023,38,Eupatorium cannabinum,no,no,no,,no,no,,,
Halle,07.02.2023,38,Lamium galeobdolon,no,y,no,,no,no,,,
Halle,07.02.2023,38,Eranthis hyemalis,no,y,y,95,no,no,,,
Halle,07.02.2023,38,Arum maculatum,no,y,no,,no,no,,,
Halle,16.02.2023,47,Primula vulgaris,no,y,y,15,no,no,,,
Halle,16.02.2023,47,Platycodon grandiflorum,no,no,no,,no,no,,,
Halle,16.02.2023,47,Solidago virgaurea,no,no,no,,no,no,,,
Halle,16.02.2023,47,Lysichiton camtschatcensis,no,no,no,,no,no,,,
Halle,16.02.2023,47,Iris pseudacorus,no,y,no,,no,no,,,
Halle,16.02.2023,47,Silphium integrifolium,no,no,no,,no,no,,,
Halle,16.02.2023,47,Hibiscus moscheutos,no,no,no,,no,no,,covered artificial,
Halle,16.02.2023,47,Tragopogon orientalis,no,no,no,,no,no,,,
Halle,16.02.2023,47,Adonis vernalis,no,no,no,,no,no,,,
Halle,16.02.2023,47,Paeonia wittmanniana,no,no,no,,no,no,,,
Halle,16.02.2023,47,Paeonia peregrina,y,y,no,,no,no,,,
Halle,16.02.2023,47,Phlomis russeliana,no,y,no,,no,y,25,,
Halle,16.02.2023,47,Tulipa saxatilis,no,y,no,,no,no,,,
Halle,16.02.2023,47,Eupatorium cannabinum,no,no,no,,no,no,,,
Halle,16.02.2023,47,Lamium galeobdolon,no,y,no,,no,no,,,
Halle,16.02.2023,47,Eranthis hyemalis,no,y,y,100,no,no,,,
Halle,16.02.2023,47,Arum maculatum,no,y,no,,no,no,,,
Halle,28.02.2023,59,Primula vulgaris,no,y,y,25,no,no,,,
Halle,28.02.2023,59,Platycodon grandiflorum,no,no,no,,no,no,,,
Halle,28.02.2023,59,Solidago virgaurea,no,no,no,,no,no,,,
Halle,28.02.2023,59,Lysichiton camtschatcensis,no,no,no,,no,no,,,
Halle,28.02.2023,59,Iris pseudacorus,no,y,no,,no,no,,,
Halle,28.02.2023,59,Silphium integrifolium,no,no,no,,no,no,,,
Halle,28.02.2023,59,Hibiscus moscheutos,no,no,no,,no,no,,covered artificial,
Halle,28.02.2023,59,Tragopogon orientalis,no,no,no,,no,no,,,
Halle,28.02.2023,59,Adonis vernalis,no,no,no,,no,no,,,
Halle,28.02.2023,59,Paeonia wittmanniana,no,no,no,,no,no,,,
Halle,28.02.2023,59,Paeonia peregrina,y,y,no,,no,no,,,
Halle,28.02.2023,59,Phlomis russeliana,no,y,no,,no,y,20,cut partly,
Halle,28.02.2023,59,Tulipa saxatilis,no,y,no,,no,no,,,
Halle,28.02.2023,59,Eupatorium cannabinum,no,no,no,,no,no,,,
Halle,28.02.2023,59,Lamium galeobdolon,no,y,no,,no,no,,,
Halle,28.02.2023,59,Eranthis hyemalis,no,no,y,30,no,no,,,
Halle,28.02.2023,59,Arum maculatum,no,y,no,,no,no,,,
Halle,10.03.2023,69,Primula vulgaris,no,y,y,50,no,no,,,
Halle,10.03.2023,69,Platycodon grandiflorum,no,no,no,,no,no,,,
Halle,10.03.2023,69,Solidago virgaurea,no,no,no,,no,no,,,
Halle,10.03.2023,69,Lysichiton camtschatcensis,no,no,no,,no,no,,,
Halle,10.03.2023,69,Iris pseudacorus,no,y,no,,no,no,,,
Halle,10.03.2023,69,Silphium integrifolium,no,no,no,,no,no,,,
Halle,10.03.2023,69,Hibiscus moscheutos,no,no,no,,no,no,,covered artificial,
Halle,10.03.2023,69,Tragopogon orientalis,no,no,no,,no,no,,,
Halle,10.03.2023,69,Adonis vernalis,y,no,no,,no,no,,,
Halle,10.03.2023,69,Paeonia peregrina,no,y,no,,no,no,,,
Halle,10.03.2023,69,Phlomis russeliana,no,y,no,,no,y,15,,
Halle,10.03.2023,69,Tulipa saxatilis,no,y,no,,no,no,,,
Halle,10.03.2023,69,Eupatorium cannabinum,no,no,no,,no,no,,,
Halle,10.03.2023,69,Lamium galeobdolon,no,y,no,,no,no,,,
Halle,10.03.2023,69,Eranthis hyemalis,no,no,no,,no,no,,,
Halle,10.03.2023,69,Arum maculatum,no,y,no,,no,no,,,
Halle,10.03.2023,69,Paeonia wittmanniana,no,no,no,,no,no,,,
Halle,16.03.2023,75,Primula vulgaris,no,y,y,70,no,no,,,
Halle,16.03.2023,75,Platycodon grandiflorum,no,no,no,,no,no,,,
Halle,16.03.2023,75,Solidago virgaurea,y,no,no,,no,no,,,
Halle,16.03.2023,75,Lysichiton camtschatcensis,no,no,no,,no,no,,,
Halle,16.03.2023,75,Iris pseudacorus,no,y,no,,no,no,,,
Halle,16.03.2023,75,Silphium integrifolium,no,no,no,,no,no,,,
Halle,16.03.2023,75,Hibiscus moscheutos,no,no,no,,no,no,,covered artificial,
Halle,16.03.2023,75,Tragopogon orientalis,u,no,no,,no,no,,,
Halle,16.03.2023,75,Adonis vernalis,y,y,no,,no,no,,,
Halle,16.03.2023,75,Paeonia wittmanniana,no,no,no,,no,no,,,
Halle,16.03.2023,75,Paeonia peregrina,no,y,no,,no,no,,,
Halle,16.03.2023,75,Tulipa saxatilis,no,y,no,,no,no,,,
Halle,16.03.2023,75,Eupatorium cannabinum,no,no,no,,no,no,,,
Halle,16.03.2023,75,Lamium galeobdolon,no,y,no,,no,no,,,
Halle,16.03.2023,75,Eranthis hyemalis,no,no,no,,no,no,,,
Halle,16.03.2023,75,Arum maculatum,no,y,no,,no,no,,,
Halle,16.03.2023,75,Phlomis russeliana,no,y,no,,no,y,15,,
Halle,24.03.2023,83,Primula vulgaris,no,y,y,95,no,no,,,
Halle,24.03.2023,83,Platycodon grandiflorum,no,no,no,,no,no,,,
Halle,24.03.2023,83,Solidago virgaurea,y,y,no,,no,no,,,
Halle,24.03.2023,83,Lysichiton camtschatcensis,no,no,no,,no,no,,,
Halle,24.03.2023,83,Iris pseudacorus,no,y,no,,no,no,,,
Halle,24.03.2023,83,Silphium integrifolium,no,no,no,,no,no,,,
Halle,24.03.2023,83,Hibiscus moscheutos,no,no,no,,no,no,,,
Halle,24.03.2023,83,Tragopogon orientalis,no,u,no,,no,no,,,
Halle,24.03.2023,83,Adonis vernalis,no,y,y,15,no,no,,,two flowers
Halle,24.03.2023,83,Paeonia wittmanniana,y,no,no,,no,no,,,
Halle,24.03.2023,83,Paeonia peregrina,no,y,no,,no,no,,,
Halle,24.03.2023,83,Phlomis russeliana,no,y,no,,no,y,15,,
Halle,24.03.2023,83,Tulipa saxatilis,no,y,no,,no,no,,,
Halle,24.03.2023,83,Eupatorium cannabinum,no,no,no,,no,no,,,
Halle,24.03.2023,83,Lamium galeobdolon,no,y,no,,no,no,,,
Halle,24.03.2023,83,Eranthis hyemalis,no,no,no,,no,no,,,
Halle,24.03.2023,83,Arum maculatum,no,y,no,,no,no,,,
Halle,28.03.2023,87,Primula vulgaris,no,y,y,100,no,no,,,
Halle,28.03.2023,87,Platycodon grandiflorum,no,no,no,,no,no,,,
Halle,28.03.2023,87,Solidago virgaurea,no,y,no,,no,no,,,
Halle,28.03.2023,87,Lysichiton camtschatcensis,no,no,no,,no,no,,,
Halle,28.03.2023,87,Iris pseudacorus,no,y,no,,no,no,,,
Halle,28.03.2023,87,Silphium integrifolium,y,y,no,,no,no,,,
Halle,28.03.2023,87,Hibiscus moscheutos,no,no,no,,no,no,,,
Halle,28.03.2023,87,Tragopogon orientalis,no,y,no,,no,no,,,
Halle,28.03.2023,87,Adonis vernalis,no,y,y,15,no,no,,,
Halle,28.03.2023,87,Paeonia wittmanniana,y,no,no,,no,no,,,
Halle,28.03.2023,87,Paeonia peregrina,no,y,no,,no,no,,,
Halle,28.03.2023,87,Phlomis russeliana,no,y,no,,no,y,15,,
Halle,28.03.2023,87,Tulipa saxatilis,no,y,no,,no,no,,,flower buds
Halle,28.03.2023,87,Eupatorium cannabinum,y,y,no,,no,no,,,
Halle,28.03.2023,87,Lamium galeobdolon,no,y,no,,no,no,,,
Halle,28.03.2023,87,Eranthis hyemalis,no,no,no,,no,no,,,
Halle,28.03.2023,87,Arum maculatum,no,y,no,,no,no,,,
Halle,03.04.2023,93,Paeonia peregrina,no,y,no,,no,no,,,
Halle,03.04.2023,93,Phlomis russeliana,no,y,no,,no,y,15,,
Halle,03.04.2023,93,Tulipa saxatilis,no,y,no,,no,no,,,
Halle,03.04.2023,93,Primula vulgaris,no,y,y,90,no,no,,,
Halle,03.04.2023,93,Platycodon grandiflorum,no,no,no,,no,no,,,
Halle,03.04.2023,93,Solidago virgaurea,no,y,no,,no,no,,,
Halle,03.04.2023,93,Lysichiton camtschatcensis,no,no,no,,no,no,,,
Halle,03.04.2023,93,Iris pseudacorus,no,y,no,,no,no,,,
Halle,03.04.2023,93,Silphium integrifolium,no,y,no,,no,no,,,
Halle,03.04.2023,93,Hibiscus moscheutos,no,no,no,,no,no,,,
Halle,03.04.2023,93,Tragopogon orientalis,no,y,no,,no,no,,,
Halle,03.04.2023,93,Adonis vernalis,no,y,y,40,no,no,,,
Halle,03.04.2023,93,Paeonia wittmanniana,no,no,no,,no,no,,,
Halle,03.04.2023,93,Eupatorium cannabinum,no,y,no,,no,no,,,
Halle,03.04.2023,93,Lamium galeobdolon,no,y,no,,no,no,,,
Halle,03.04.2023,93,Eranthis hyemalis,no,no,no,,no,no,,,
Halle,03.04.2023,93,Arum maculatum,no,y,no,,no,no,,,
Halle,14.04.2023,104,Primula vulgaris,no,y,y,70,no,no,,,
Halle,14.04.2023,104,Solidago virgaurea,no,y,no,,no,no,,,
Halle,14.04.2023,104,Phlomis russeliana,no,y,no,,no,y,10,,
Halle,14.04.2023,104,Tulipa saxatilis,no,no,y,5,no,no,,,flower buds
Halle,14.04.2023,104,Eupatorium cannabinum,no,y,no,,no,no,,,
Halle,14.04.2023,104,Lamium galeobdolon,no,y,no,,no,no,,,
Halle,14.04.2023,104,Eranthis hyemalis,no,no,no,,no,y,5,,yellow points on leaves
Halle,14.04.2023,104,Arum maculatum,no,y,no,,no,no,,,
Halle,14.04.2023,104,Platycodon grandiflorum,no,no,no,,no,no,,,
Halle,14.04.2023,104,Lysichiton camtschatcensis,y,no,no,,no,no,,,
Halle,14.04.2023,104,Iris pseudacorus,no,y,no,,no,no,,,
Halle,14.04.2023,104,Silphium integrifolium,no,y,no,,no,no,,,
Halle,14.04.2023,104,Hibiscus moscheutos,no,no,no,,no,no,,,
Halle,14.04.2023,104,Tragopogon orientalis,no,y,no,,no,no,,,
Halle,14.04.2023,104,Adonis vernalis,no,y,y,80,no,no,,,
Halle,14.04.2023,104,Paeonia wittmanniana,no,no,no,,no,no,,,
Halle,14.04.2023,104,Paeonia peregrina,no,no,no,,no,no,,,flower buds
Halle,24.04.2023,114,Primula vulgaris,no,y,no,,no,no,,,
Halle,24.04.2023,114,Platycodon grandiflorum,y,no,no,,no,no,,,
Halle,24.04.2023,114,Solidago virgaurea,no,y,no,,no,no,,,
Halle,24.04.2023,114,Lysichiton camtschatcensis,y,y,no,,no,no,,,
Halle,24.04.2023,114,Iris pseudacorus,no,y,no,,no,no,,,
Halle,24.04.2023,114,Silphium integrifolium,no,y,no,,no,no,,,
Halle,24.04.2023,114,Hibiscus moscheutos,no,no,no,,no,no,,,
Halle,24.04.2023,114,Lamium galeobdolon,no,y,no,,no,no,,,
Halle,24.04.2023,114,Eranthis hyemalis,no,no,no,,no,y,10,,
Halle,24.04.2023,114,Arum maculatum,no,y,no,,no,no,,,flower buds
Halle,24.04.2023,114,Tragopogon orientalis,no,y,no,,no,no,,,
Halle,24.04.2023,114,Adonis vernalis,no,no,y,10,no,no,,,
Halle,24.04.2023,114,Paeonia wittmanniana,y,y,no,,no,no,,,
Halle,24.04.2023,114,Paeonia peregrina,no,no,no,,no,no,,,
Halle,24.04.2023,114,Phlomis russeliana,no,y,no,,no,y,10,,
Halle,24.04.2023,114,Tulipa saxatilis,no,no,y,100,no,no,,,
Halle,24.04.2023,114,Eupatorium cannabinum,no,y,no,,no,no,,,
Halle,04.05.2023,124,Primula vulgaris,no,y,no,,no,no,,,
Halle,04.05.2023,124,Platycodon grandiflorum,no,y,no,,no,no,,,
Halle,04.05.2023,124,Solidago virgaurea,no,y,no,,no,no,,,
Halle,04.05.2023,124,Lysichiton camtschatcensis,no,y,no,,no,no,,,
Halle,04.05.2023,124,Iris pseudacorus,no,y,no,,no,no,,,
Halle,04.05.2023,124,Silphium integrifolium,no,y,no,,no,no,,,
Halle,04.05.2023,124,Hibiscus moscheutos,no,no,no,,no,no,,,
Halle,04.05.2023,124,Tragopogon orientalis,no,y,no,,no,y,50,,only 4 leaves
Halle,04.05.2023,124,Adonis vernalis,no,no,no,,no,no,,,
Halle,04.05.2023,124,Paeonia wittmanniana,no,y,no,,no,no,,,
Halle,04.05.2023,124,Paeonia peregrina,no,no,no,,no,no,,,
Halle,04.05.2023,124,Phlomis russeliana,no,y,no,,no,y,5,,
Halle,04.05.2023,124,Tulipa saxatilis,no,no,y,100,no,y,10,,
Halle,04.05.2023,124,Eupatorium cannabinum,no,y,no,,no,no,,,
Halle,04.05.2023,124,Lamium galeobdolon,no,y,no,,no,no,,,
Halle,04.05.2023,124,Eranthis hyemalis,no,no,no,,y,y,10,,
Halle,04.05.2023,124,Arum maculatum,no,y,y,50,no,no,,,
Halle,12.05.2023,132,Platycodon grandiflorum,no,y,no,,no,no,,,
Halle,12.05.2023,132,Solidago virgaurea,no,y,no,,no,no,,,feeding snail
Halle,12.05.2023,132,Lysichiton camtschatcensis,no,y,no,,no,no,,,
Halle,12.05.2023,132,Iris pseudacorus,no,y,no,,no,no,,,
Halle,12.05.2023,132,Silphium integrifolium,no,y,no,,no,no,,,
Halle,12.05.2023,132,Hibiscus moscheutos,no,no,no,,no,no,,,
Halle,12.05.2023,132,Tragopogon orientalis,no,y,no,,no,y,80,,
Halle,12.05.2023,132,Primula vulgaris,no,y,no,,no,no,,,
Halle,12.05.2023,132,Adonis vernalis,no,no,no,,no,no,,,
Halle,12.05.2023,132,Paeonia wittmanniana,no,y,no,,no,no,,,
Halle,12.05.2023,132,Paeonia peregrina,no,no,y,10,no,no,,,
Halle,12.05.2023,132,Phlomis russeliana,no,y,no,,no,y,5,,
Halle,12.05.2023,132,Tulipa saxatilis,no,no,no,,no,y,45,,
Halle,12.05.2023,132,Eupatorium cannabinum,no,y,no,,no,no,,,
Halle,12.05.2023,132,Lamium galeobdolon,no,y,no,,no,no,,,
Halle,12.05.2023,132,Eranthis hyemalis,no,no,no,,y,y,10,,
Halle,12.05.2023,132,Arum maculatum,no,no,y,10,no,no,,,
Halle,16.05.2023,136,Eranthis hyemalis,no,no,no,,y,y,10,,
Halle,16.05.2023,136,Arum maculatum,no,no,no,,no,y,10,,
Halle,16.05.2023,136,Primula vulgaris,no,y,no,,no,no,,,
Halle,16.05.2023,136,Platycodon grandiflorum,no,y,no,,no,no,,,
Halle,16.05.2023,136,Solidago virgaurea,no,y,no,,no,no,,,
Halle,16.05.2023,136,Lysichiton camtschatcensis,no,y,no,,no,no,,,
Halle,16.05.2023,136,Iris pseudacorus,no,y,no,,no,no,,,
Halle,16.05.2023,136,Silphium integrifolium,no,y,no,,no,no,,,
Halle,16.05.2023,136,Hibiscus moscheutos,y,no,no,,no,no,,,
Halle,16.05.2023,136,Tragopogon orientalis,no,no,no,,no,y,80,,
Halle,16.05.2023,136,Adonis vernalis,no,no,no,,no,no,,,
Halle,16.05.2023,136,Paeonia wittmanniana,no,no,no,,no,no,,,
Halle,16.05.2023,136,Paeonia peregrina,no,no,y,95,no,no,,,
Halle,16.05.2023,136,Phlomis russeliana,no,y,no,,no,y,5,,
Halle,16.05.2023,136,Tulipa saxatilis,no,no,no,,no,y,85,,
Halle,16.05.2023,136,Eupatorium cannabinum,no,y,no,,no,no,,,
Halle,16.05.2023,136,Lamium galeobdolon,no,y,no,,no,no,,,
Halle,26.05.2023,146,Primula vulgaris,no,y,no,,no,no,,,
Halle,26.05.2023,146,Platycodon grandiflorum,no,y,no,,no,no,,,
Halle,26.05.2023,146,Solidago virgaurea,no,y,no,,no,no,,,
Halle,26.05.2023,146,Lysichiton camtschatcensis,no,y,no,,no,no,,,
Halle,26.05.2023,146,Iris pseudacorus,no,y,no,,no,no,,,
Halle,26.05.2023,146,Silphium integrifolium,no,y,no,,no,no,,,
Halle,26.05.2023,146,Hibiscus moscheutos,no,y,no,,no,no,,,
Halle,26.05.2023,146,Tragopogon orientalis,no,no,no,,no,y,80,,
Halle,26.05.2023,146,Adonis vernalis,no,no,no,,no,y,5,,
Halle,26.05.2023,146,Paeonia wittmanniana,no,no,no,,no,no,,,
Halle,26.05.2023,146,Paeonia peregrina,no,no,no,,no,no,,,
Halle,26.05.2023,146,Phlomis russeliana,no,y,no,,no,y,5,,
Halle,26.05.2023,146,Tulipa saxatilis,no,no,no,,no,y,95,,
Halle,26.05.2023,146,Eupatorium cannabinum,no,y,no,,no,no,,,
Halle,26.05.2023,146,Lamium galeobdolon,no,y,no,,no,no,,,
Halle,26.05.2023,146,Eranthis hyemalis,no,no,no,,y,y,85,,
Halle,26.05.2023,146,Arum maculatum,no,no,no,,no,y,35,,
Halle,31.05.2023,151,Primula vulgaris,no,y,no,,no,no,,,
Halle,31.05.2023,151,Platycodon grandiflorum,no,y,no,,no,no,,,
Halle,31.05.2023,151,Solidago virgaurea,no,y,no,,no,no,,,
Halle,31.05.2023,151,Lysichiton camtschatcensis,no,y,no,,no,no,,,
Halle,31.05.2023,151,Iris pseudacorus,no,y,no,,no,no,,,
Halle,31.05.2023,151,Silphium integrifolium,no,y,no,,no,no,,,
Halle,31.05.2023,151,Hibiscus moscheutos,no,y,no,,no,no,,,
Halle,31.05.2023,151,Tragopogon orientalis,no,no,no,,no,no,,,absent?
Halle,31.05.2023,151,Adonis vernalis,no,no,no,,no,y,10,,
Halle,31.05.2023,151,Phlomis russeliana,no,y,y,5,no,y,5,,
Halle,31.05.2023,151,Tulipa saxatilis,no,no,no,,no,y,95,,
Halle,31.05.2023,151,Eupatorium cannabinum,no,y,no,,no,no,,,
Halle,31.05.2023,151,Lamium galeobdolon,no,y,no,,no,no,,,
Halle,31.05.2023,151,Eranthis hyemalis,no,no,no,,y,y,95,,
Halle,31.05.2023,151,Arum maculatum,no,no,no,,no,y,45,,
Halle,31.05.2023,151,Paeonia wittmanniana,no,no,no,,no,no,,,
Halle,31.05.2023,151,Paeonia peregrina,no,no,no,,no,no,,,
Halle,05.06.2023,156,Primula vulgaris,no,y,no,,y,no,,,
Halle,05.06.2023,156,Platycodon grandiflorum,no,y,no,,no,no,,,
Halle,05.06.2023,156,Solidago virgaurea,no,y,no,,no,no,,,
Halle,05.06.2023,156,Lysichiton camtschatcensis,no,y,no,,no,no,,,
Halle,05.06.2023,156,Iris pseudacorus,no,y,no,,no,no,,,
Halle,05.06.2023,156,Silphium integrifolium,no,y,no,,no,no,,,
Halle,05.06.2023,156,Hibiscus moscheutos,no,y,no,,no,no,,,
Halle,05.06.2023,156,Tragopogon orientalis,no,no,no,,no,no,,,
Halle,05.06.2023,156,Adonis vernalis,no,no,no,,no,y,10,,
Halle,05.06.2023,156,Paeonia wittmanniana,no,no,no,,no,no,,,
Halle,05.06.2023,156,Paeonia peregrina,no,no,no,,no,no,,,
Halle,05.06.2023,156,Phlomis russeliana,no,y,y,90,no,y,5,,
Halle,05.06.2023,156,Tulipa saxatilis,no,no,no,,no,y,100,,
Halle,05.06.2023,156,Eupatorium cannabinum,no,y,no,,no,no,,,
Halle,05.06.2023,156,Lamium galeobdolon,no,y,no,,no,no,,,
Halle,05.06.2023,156,Eranthis hyemalis,no,no,no,,no,y,100,cut total,
Halle,05.06.2023,156,Arum maculatum,no,no,no,,no,y,90,,
Halle,14.06.2023,165,Primula vulgaris,no,y,no,,y,y,15,,
Halle,14.06.2023,165,Platycodon grandiflorum,no,y,no,,no,no,,,
Halle,14.06.2023,165,Solidago virgaurea,no,y,no,,no,no,,,
Halle,14.06.2023,165,Lysichiton camtschatcensis,no,y,no,,no,y,5,,
Halle,14.06.2023,165,Iris pseudacorus,no,y,no,,no,no,,,
Halle,14.06.2023,165,Silphium integrifolium,no,y,no,,no,no,,,
Halle,14.06.2023,165,Hibiscus moscheutos,no,y,no,,no,no,,,
Halle,14.06.2023,165,Tragopogon orientalis,no,no,no,,no,no,,,
Halle,14.06.2023,165,Adonis vernalis,no,no,no,,no,y,15,,
Halle,14.06.2023,165,Paeonia wittmanniana,no,no,m,,no,no,,,
Halle,14.06.2023,165,Paeonia peregrina,no,no,no,,no,no,,,
Halle,14.06.2023,165,Phlomis russeliana,no,y,y,70,no,y,5,,
Halle,14.06.2023,165,Tulipa saxatilis,no,no,no,,no,no,,,
Halle,14.06.2023,165,Eupatorium cannabinum,no,y,no,,no,no,,,
Halle,14.06.2023,165,Lamium galeobdolon,no,no,no,,no,no,,,absent? 
Halle,14.06.2023,165,Eranthis hyemalis,no,no,no,,no,no,,,
Halle,14.06.2023,165,Arum maculatum,no,no,no,,no,y,95,,
Halle,26.06.2023,177,Primula vulgaris,no,y,no,,y,y,25,,
Halle,26.06.2023,177,Platycodon grandiflorum,no,y,y,5,no,no,,,
Halle,26.06.2023,177,Solidago virgaurea,no,y,no,,no,no,,,
Halle,26.06.2023,177,Lysichiton camtschatcensis,no,y,no,,no,y,5,,
Halle,26.06.2023,177,Iris pseudacorus,no,y,no,,no,no,,,
Halle,26.06.2023,177,Silphium integrifolium,no,y,no,,no,y,5,,
Halle,26.06.2023,177,Hibiscus moscheutos,no,y,no,,no,no,,,
Halle,26.06.2023,177,Tragopogon orientalis,no,no,no,,no,no,,,
Halle,26.06.2023,177,Adonis vernalis,no,no,no,,no,y,15,,
Halle,26.06.2023,177,Paeonia wittmanniana,no,no,no,,no,no,,,
Halle,26.06.2023,177,Paeonia peregrina,no,no,no,,no,no,,,
Halle,26.06.2023,177,Phlomis russeliana,no,y,no,,no,y,5,,
Halle,26.06.2023,177,Tulipa saxatilis,no,no,no,,no,no,,,
Halle,26.06.2023,177,Eupatorium cannabinum,no,y,y,5,no,no,,,
Halle,26.06.2023,177,Lamium galeobdolon,no,no,no,,no,no,,,
Halle,26.06.2023,177,Eranthis hyemalis,no,no,no,,no,no,,,
Halle,26.06.2023,177,Arum maculatum,no,no,no,,no,y,95,,
Halle,07.07.2023,188,Primula vulgaris,no,y,no,,no,y,20,,
Halle,07.07.2023,188,Platycodon grandiflorum,no,y,y,75,no,no,,,
Halle,07.07.2023,188,Solidago virgaurea,no,y,no,,no,y,5,,
Halle,07.07.2023,188,Lysichiton camtschatcensis,no,no,no,,no,y,10,,
Halle,07.07.2023,188,Iris pseudacorus,no,y,no,,no,no,,,
Halle,07.07.2023,188,Silphium integrifolium,no,no,y,20,no,y,5,,
Halle,07.07.2023,188,Hibiscus moscheutos,no,y,no,,no,no,,,
Halle,07.07.2023,188,Tragopogon orientalis,no,no,no,,no,no,,,
Halle,07.07.2023,188,Adonis vernalis,no,no,no,,no,y,75,,
Halle,07.07.2023,188,Paeonia wittmanniana,no,no,no,,no,y,5,,
Halle,07.07.2023,188,Paeonia peregrina,no,no,no,,no,y,5,,
Halle,07.07.2023,188,Phlomis russeliana,no,y,no,,no,y,5,,
Halle,07.07.2023,188,Tulipa saxatilis,no,no,no,,no,no,,,
Halle,07.07.2023,188,Eupatorium cannabinum,no,no,y,100,no,no,,,
Halle,07.07.2023,188,Lamium galeobdolon,no,no,no,,no,no,,,
Halle,07.07.2023,188,Eranthis hyemalis,no,no,no,,no,no,,,
Halle,07.07.2023,188,Arum maculatum,no,no,no,,no,y,95,,
Halle,12.07.2023,193,Primula vulgaris,no,y,no,,no,y,15,,
Halle,12.07.2023,193,Platycodon grandiflorum,no,y,y,75,no,no,,,
Halle,12.07.2023,193,Solidago virgaurea,no,y,no,,no,y,5,,
Halle,12.07.2023,193,Lysichiton camtschatcensis,no,no,no,,no,y,10,,
Halle,12.07.2023,193,Iris pseudacorus,no,y,no,,no,no,,,
Halle,12.07.2023,193,Silphium integrifolium,no,no,y,90,no,y,10,,
Halle,12.07.2023,193,Hibiscus moscheutos,no,y,no,,no,no,,,
Halle,12.07.2023,193,Tragopogon orientalis,no,no,no,,no,no,,,
Halle,12.07.2023,193,Adonis vernalis,no,no,no,,no,y,80,,
Halle,12.07.2023,193,Paeonia wittmanniana,no,no,no,,no,y,5,,
Halle,12.07.2023,193,Paeonia peregrina,no,no,no,,no,y,5,,
Halle,12.07.2023,193,Phlomis russeliana,no,y,no,,no,y,10,,
Halle,12.07.2023,193,Tulipa saxatilis,no,no,no,,no,no,,,
Halle,12.07.2023,193,Eupatorium cannabinum,no,no,y,100,no,no,,,
Halle,12.07.2023,193,Lamium galeobdolon,no,no,no,,no,no,,,
Halle,12.07.2023,193,Eranthis hyemalis,no,no,no,,no,no,,,
Halle,12.07.2023,193,Arum maculatum,no,no,no,,y,y,95,,
Halle,21.07.2023,202,Primula vulgaris,no,y,no,,no,y,15,,
Halle,21.07.2023,202,Platycodon grandiflorum,no,y,y,45,no,no,,,
Halle,21.07.2023,202,Solidago virgaurea,no,y,no,,no,y,5,,
Halle,21.07.2023,202,Lysichiton camtschatcensis,no,no,no,,no,y,15,,
Halle,21.07.2023,202,Iris pseudacorus,no,y,no,,no,no,,,
Halle,21.07.2023,202,Silphium integrifolium,no,no,y,85,no,y,10,,
Halle,21.07.2023,202,Hibiscus moscheutos,no,y,no,,no,y,5,,
Halle,21.07.2023,202,Tragopogon orientalis,no,no,no,,no,no,,,
Halle,21.07.2023,202,Adonis vernalis,no,no,no,,no,y,80,,
Halle,21.07.2023,202,Paeonia wittmanniana,no,no,no,,no,y,10,,
Halle,21.07.2023,202,Paeonia peregrina,no,no,no,,no,y,25,,
Halle,21.07.2023,202,Phlomis russeliana,no,no,no,,y,y,35,,
Halle,21.07.2023,202,Tulipa saxatilis,no,no,no,,no,no,,,
Halle,21.07.2023,202,Eupatorium cannabinum,no,no,y,80,no,y,5,,
Halle,21.07.2023,202,Lamium galeobdolon,no,no,no,,no,no,,,
Halle,21.07.2023,202,Eranthis hyemalis,no,no,no,,no,no,,,
Halle,21.07.2023,202,Arum maculatum,no,no,no,,y,y,95,,
Halle,26.07.2023,207,Primula vulgaris,no,y,no,,no,y,10,,
Halle,26.07.2023,207,Platycodon grandiflorum,no,y,y,40,no,y,5,,
Halle,26.07.2023,207,Solidago virgaurea,no,y,no,,no,y,5,,
Halle,26.07.2023,207,Lysichiton camtschatcensis,no,no,no,,no,y,15,,
Halle,26.07.2023,207,Iris pseudacorus,no,y,no,,no,no,,,
Halle,26.07.2023,207,Silphium integrifolium,no,no,y,100,no,y,10,,
Halle,26.07.2023,207,Hibiscus moscheutos,no,y,no,,no,y,5,,
Halle,26.07.2023,207,Tragopogon orientalis,no,no,no,,no,no,,,
Halle,26.07.2023,207,Adonis vernalis,no,no,no,,no,y,80,,
Halle,26.07.2023,207,Paeonia wittmanniana,no,no,no,,no,y,15,,
Halle,26.07.2023,207,Paeonia peregrina,no,no,no,,y,y,25,,
Halle,26.07.2023,207,Phlomis russeliana,no,no,no,,y,y,40,,
Halle,26.07.2023,207,Tulipa saxatilis,no,no,no,,no,no,,,
Halle,26.07.2023,207,Eupatorium cannabinum,no,no,y,100,no,y,5,,
Halle,26.07.2023,207,Lamium galeobdolon,no,no,no,,no,no,,,
Halle,26.07.2023,207,Eranthis hyemalis,no,no,no,,no,no,,,
Halle,26.07.2023,207,Arum maculatum,no,no,no,,y,y,95,,
Halle,04.08.2023,216,Primula vulgaris,no,y,no,,no,y,5,,
Halle,04.08.2023,216,Platycodon grandiflorum,no,y,y,10,no,y,10,,
Halle,04.08.2023,216,Solidago virgaurea,no,no,no,,no,no,,,
Halle,04.08.2023,216,Lysichiton camtschatcensis,no,no,no,,no,y,15,,
Halle,04.08.2023,216,Iris pseudacorus,no,y,no,,no,y,5,,
Halle,04.08.2023,216,Silphium integrifolium,no,no,y,80,no,y,10,,
Halle,04.08.2023,216,Hibiscus moscheutos,no,y,no,,no,y,5,,
Halle,04.08.2023,216,Tragopogon orientalis,no,no,no,,no,no,,,
Halle,04.08.2023,216,Adonis vernalis,no,no,no,,no,y,90,,
Halle,04.08.2023,216,Paeonia wittmanniana,no,no,no,,no,y,20,,
Halle,04.08.2023,216,Paeonia peregrina,no,no,no,,y,y,30,,
Halle,04.08.2023,216,Phlomis russeliana,no,no,no,,y,y,45,,
Halle,04.08.2023,216,Tulipa saxatilis,no,no,no,,no,no,,,
Halle,04.08.2023,216,Eupatorium cannabinum,no,no,y,70,no,y,5,,
Halle,04.08.2023,216,Lamium galeobdolon,no,no,no,,no,no,,,
Halle,04.08.2023,216,Eranthis hyemalis,no,no,no,,no,no,,,
Halle,04.08.2023,216,Arum maculatum,no,no,no,,y,y,95,,
Halle,09.08.2023,221,Primula vulgaris,no,y,no,,no,y,5,,
Halle,09.08.2023,221,Platycodon grandiflorum,no,y,y,5,no,y,15,,
Halle,09.08.2023,221,Solidago virgaurea,no,no,no,,no,y,5,,
Halle,09.08.2023,221,Lysichiton camtschatcensis,no,no,no,,no,y,15,,
Halle,09.08.2023,221,Iris pseudacorus,no,y,no,,no,y,5,,
Halle,09.08.2023,221,Silphium integrifolium,no,no,y,30,no,y,10,,
Halle,09.08.2023,221,Hibiscus moscheutos,no,y,y,5,no,y,5,,
Halle,09.08.2023,221,Tragopogon orientalis,no,no,no,,no,no,,,
Halle,09.08.2023,221,Adonis vernalis,no,no,no,,no,y,90,,
Halle,09.08.2023,221,Paeonia wittmanniana,no,no,no,,no,y,25,,
Halle,09.08.2023,221,Paeonia peregrina,no,no,no,,y,y,35,,
Halle,09.08.2023,221,Phlomis russeliana,no,no,no,,y,y,50,,
Halle,09.08.2023,221,Tulipa saxatilis,no,no,no,,no,no,,,
Halle,09.08.2023,221,Eupatorium cannabinum,no,no,no,,no,y,5,,
Halle,09.08.2023,221,Lamium galeobdolon,no,no,no,,no,no,,,
Halle,09.08.2023,221,Eranthis hyemalis,no,no,no,,no,no,,,
Halle,09.08.2023,221,Arum maculatum,no,no,no,,y,y,95,,
Halle,16.08.2023,228,Primula vulgaris,no,y,no,,no,y,5,,
Halle,16.08.2023,228,Platycodon grandiflorum,no,y,y,5,no,y,20,,
Halle,16.08.2023,228,Solidago virgaurea,no,no,no,,no,y,5,,
Halle,16.08.2023,228,Lysichiton camtschatcensis,no,no,no,,no,y,20,,
Halle,16.08.2023,228,Iris pseudacorus,no,y,no,,no,y,5,,
Halle,16.08.2023,228,Silphium integrifolium,no,no,no,,no,y,15,,
Halle,16.08.2023,228,Hibiscus moscheutos,no,y,y,15,no,y,5,,
Halle,16.08.2023,228,Tragopogon orientalis,no,no,no,,no,no,,,
Halle,16.08.2023,228,Adonis vernalis,no,no,no,,no,y,95,,
Halle,16.08.2023,228,Paeonia wittmanniana,no,no,no,,no,y,40,,
Halle,16.08.2023,228,Paeonia peregrina,no,no,no,,y,y,50,,
Halle,16.08.2023,228,Phlomis russeliana,no,no,no,,y,y,50,,
Halle,16.08.2023,228,Tulipa saxatilis,no,no,no,,no,no,,,
Halle,16.08.2023,228,Eupatorium cannabinum,no,no,no,,y,y,10,,
Halle,16.08.2023,228,Lamium galeobdolon,no,no,no,,no,no,,,
Halle,16.08.2023,228,Eranthis hyemalis,no,no,no,,no,no,,,
Halle,16.08.2023,228,Arum maculatum,no,no,no,,y,y,95,,
Halle,25.08.2023,237,Eupatorium cannabinum,no,no,no,,y,y,15,,
Halle,25.08.2023,237,Lamium galeobdolon,no,no,no,,no,no,,,
Halle,25.08.2023,237,Eranthis hyemalis,no,no,no,,no,no,,,
Halle,25.08.2023,237,Arum maculatum,no,no,no,,no,y,100,,
Halle,25.08.2023,237,Primula vulgaris,no,y,no,,no,y,5,,
Halle,25.08.2023,237,Platycodon grandiflorum,no,no,y,5,no,y,20,,
Halle,25.08.2023,237,Solidago virgaurea,no,no,y,5,no,y,5,,
Halle,25.08.2023,237,Lysichiton camtschatcensis,no,no,no,,no,y,25,,
Halle,25.08.2023,237,Iris pseudacorus,no,y,no,,no,y,5,,
Halle,25.08.2023,237,Silphium integrifolium,no,no,no,,no,y,15,,
Halle,25.08.2023,237,Hibiscus moscheutos,no,no,y,65,no,y,5,,
Halle,25.08.2023,237,Tragopogon orientalis,no,no,no,,no,no,,,
Halle,25.08.2023,237,Adonis vernalis,no,no,no,,no,y,95,,
Halle,25.08.2023,237,Paeonia wittmanniana,no,no,no,,no,y,50,,
Halle,25.08.2023,237,Paeonia peregrina,no,no,no,,y,y,55,,
Halle,25.08.2023,237,Phlomis russeliana,no,y,no,,y,y,50,,
Halle,25.08.2023,237,Tulipa saxatilis,no,no,no,,no,no,,,
Halle,30.08.2023,242,Phlomis russeliana,no,y,no,,y,y,50,,
Halle,30.08.2023,242,Tulipa saxatilis,no,no,no,,no,no,,,
Halle,30.08.2023,242,Eupatorium cannabinum,no,no,no,,y,y,15,,
Halle,30.08.2023,242,Lamium galeobdolon,no,no,no,,no,no,,,
Halle,30.08.2023,242,Eranthis hyemalis,no,no,no,,no,no,,,
Halle,30.08.2023,242,Arum maculatum,no,no,no,,no,no,,,
Halle,30.08.2023,242,Primula vulgaris,no,no,no,,no,y,5,,
Halle,30.08.2023,242,Platycodon grandiflorum,no,no,y,5,no,y,20,,
Halle,30.08.2023,242,Solidago virgaurea,no,no,y,15,no,y,5,,
Halle,30.08.2023,242,Lysichiton camtschatcensis,no,no,no,,no,y,25,,
Halle,30.08.2023,242,Iris pseudacorus,no,y,no,,no,y,5,,
Halle,30.08.2023,242,Silphium integrifolium,no,no,no,,no,y,15,,
Halle,30.08.2023,242,Hibiscus moscheutos,no,no,y,85,no,y,5,,
Halle,30.08.2023,242,Tragopogon orientalis,no,no,no,,no,no,,,
Halle,30.08.2023,242,Adonis vernalis,no,no,no,,no,y,100,,
Halle,30.08.2023,242,Paeonia wittmanniana,no,no,no,,no,y,55,,
Halle,30.08.2023,242,Paeonia peregrina,no,no,no,,y,y,65,,
Halle,07.09.2023,250,Primula vulgaris,no,no,no,,no,y,5,,
Halle,07.09.2023,250,Platycodon grandiflorum,no,no,no,,no,y,25,,
Halle,07.09.2023,250,Solidago virgaurea,no,no,y,100,no,y,5,,
Halle,07.09.2023,250,Lysichiton camtschatcensis,no,no,no,,no,y,30,,
Halle,07.09.2023,250,Iris pseudacorus,no,y,no,,no,y,10,,
Halle,07.09.2023,250,Silphium integrifolium,no,no,no,,y,y,20,,
Halle,07.09.2023,250,Hibiscus moscheutos,no,no,y,45,no,y,5,,
Halle,07.09.2023,250,Tragopogon orientalis,no,no,no,,no,no,,,
Halle,07.09.2023,250,Adonis vernalis,no,no,no,,no,no,,,
Halle,07.09.2023,250,Paeonia wittmanniana,no,no,no,,no,y,80,,
Halle,07.09.2023,250,Paeonia peregrina,no,no,no,,no,y,90,,
Halle,07.09.2023,250,Phlomis russeliana,no,y,no,,y,y,50,,
Halle,07.09.2023,250,Tulipa saxatilis,no,no,no,,no,no,,,
Halle,07.09.2023,250,Eupatorium cannabinum,no,no,no,,y,y,15,,
Halle,07.09.2023,250,Lamium galeobdolon,no,no,no,,no,no,,,
Halle,07.09.2023,250,Eranthis hyemalis,no,no,no,,no,no,,,
Halle,07.09.2023,250,Arum maculatum,no,no,no,,no,no,,,
Halle,13.09.2023,256,Primula vulgaris,no,no,no,,no,y,5,,
Halle,13.09.2023,256,Platycodon grandiflorum,no,no,no,,y,y,35,,
Halle,13.09.2023,256,Solidago virgaurea,no,no,y,95,no,y,5,,
Halle,13.09.2023,256,Lysichiton camtschatcensis,no,no,no,,no,y,45,,
Halle,13.09.2023,256,Iris pseudacorus,no,y,no,,no,y,15,,
Halle,13.09.2023,256,Silphium integrifolium,no,no,no,,y,y,20,,
Halle,13.09.2023,256,Hibiscus moscheutos,no,no,y,5,no,y,10,,
Halle,13.09.2023,256,Tragopogon orientalis,no,no,no,,no,no,,,
Halle,13.09.2023,256,Adonis vernalis,no,no,no,,no,no,,,
Halle,13.09.2023,256,Paeonia wittmanniana,no,no,no,,no,y,95,,
Halle,13.09.2023,256,Paeonia peregrina,no,no,no,,no,y,95,,
Halle,13.09.2023,256,Phlomis russeliana,no,y,no,,y,y,50,,
Halle,13.09.2023,256,Tulipa saxatilis,no,no,no,,no,no,,,
Halle,13.09.2023,256,Eupatorium cannabinum,no,no,no,,y,y,15,,
Halle,13.09.2023,256,Lamium galeobdolon,no,no,no,,no,no,,,
Halle,13.09.2023,256,Eranthis hyemalis,no,no,no,,no,no,,,
Halle,13.09.2023,256,Arum maculatum,no,no,no,,no,no,,,
Halle,21.09.2023,264,Paeonia peregrina,no,no,no,,no,y,95,,
Halle,21.09.2023,264,Phlomis russeliana,no,y,no,,y,y,50,,
Halle,21.09.2023,264,Tulipa saxatilis,no,no,no,,no,no,,,
Halle,21.09.2023,264,Eupatorium cannabinum,no,no,no,,y,y,15,,
Halle,21.09.2023,264,Lamium galeobdolon,no,no,no,,no,no,,,
Halle,21.09.2023,264,Eranthis hyemalis,no,no,no,,no,no,,,
Halle,21.09.2023,264,Arum maculatum,no,no,no,,no,no,,,
Halle,21.09.2023,264,Primula vulgaris,no,no,no,,no,y,5,,
Halle,21.09.2023,264,Platycodon grandiflorum,no,no,no,,y,y,40,,
Halle,21.09.2023,264,Solidago virgaurea,no,no,y,95,no,y,5,,
Halle,21.09.2023,264,Lysichiton camtschatcensis,no,no,no,,no,y,55,,
Halle,21.09.2023,264,Iris pseudacorus,no,y,no,,no,y,15,,
Halle,21.09.2023,264,Silphium integrifolium,no,no,no,,y,y,25,,
Halle,21.09.2023,264,Hibiscus moscheutos,no,no,no,,no,y,10,,
Halle,21.09.2023,264,Tragopogon orientalis,no,no,no,,no,no,,,
Halle,21.09.2023,264,Adonis vernalis,no,no,no,,no,no,,,
Halle,21.09.2023,264,Paeonia wittmanniana,no,no,no,,no,y,100,,
Halle,29.09.2023,272,Primula vulgaris,no,no,no,,no,y,5,,
Halle,29.09.2023,272,Platycodon grandiflorum,no,no,no,,y,y,45,,
Halle,29.09.2023,272,Solidago virgaurea,no,no,y,90,no,y,5,,
Halle,29.09.2023,272,Lysichiton camtschatcensis,no,no,no,,no,y,65,,
Halle,29.09.2023,272,Iris pseudacorus,no,y,no,,no,y,20,,
Halle,29.09.2023,272,Silphium integrifolium,no,no,no,,y,y,25,,
Halle,29.09.2023,272,Hibiscus moscheutos,no,no,no,,no,y,30,,
Halle,29.09.2023,272,Tragopogon orientalis,no,no,no,,no,no,,,
Halle,29.09.2023,272,Adonis vernalis,no,no,no,,no,no,,,
Halle,29.09.2023,272,Paeonia wittmanniana,no,no,no,,no,no,,,
Halle,29.09.2023,272,Paeonia peregrina,no,no,no,,no,no,,cut total,
Halle,29.09.2023,272,Phlomis russeliana,no,y,no,,y,y,50,,
Halle,29.09.2023,272,Tulipa saxatilis,no,no,no,,no,no,,,
Halle,29.09.2023,272,Eupatorium cannabinum,no,no,no,,y,y,15,,
Halle,29.09.2023,272,Lamium galeobdolon,no,no,no,,no,no,,,
Halle,29.09.2023,272,Eranthis hyemalis,no,no,no,,no,no,,,
Halle,29.09.2023,272,Arum maculatum,no,no,no,,no,no,,,
Halle,10.10.2023,283,Primula vulgaris,no,no,no,,no,y,10,,
Halle,10.10.2023,283,Platycodon grandiflorum,no,no,no,,y,y,60,,
Halle,10.10.2023,283,Solidago virgaurea,no,no,y,80,no,y,5,,
Halle,10.10.2023,283,Lysichiton camtschatcensis,no,no,no,,no,y,70,,
Halle,10.10.2023,283,Iris pseudacorus,no,y,no,,no,y,35,,
Halle,10.10.2023,283,Silphium integrifolium,no,no,no,,y,y,80,,
Halle,10.10.2023,283,Hibiscus moscheutos,no,no,no,,y,y,90,,
Halle,10.10.2023,283,Tragopogon orientalis,no,no,no,,no,no,,,
Halle,10.10.2023,283,Adonis vernalis,no,no,no,,no,no,,,
Halle,10.10.2023,283,Paeonia wittmanniana,no,no,no,,no,no,,,
Halle,10.10.2023,283,Paeonia peregrina,no,no,no,,no,no,,,
Halle,10.10.2023,283,Phlomis russeliana,no,y,no,,y,y,10,cut partly,
Halle,10.10.2023,283,Tulipa saxatilis,no,no,no,,no,no,,,
Halle,10.10.2023,283,Eupatorium cannabinum,no,no,no,,y,y,15,,
Halle,10.10.2023,283,Lamium galeobdolon,no,no,no,,no,no,,,
Halle,10.10.2023,283,Eranthis hyemalis,no,no,no,,no,no,,,
Halle,10.10.2023,283,Arum maculatum,no,no,no,,no,no,,,
Halle,18.10.2023,291,Primula vulgaris,no,no,no,,no,y,10,,
Halle,18.10.2023,291,Platycodon grandiflorum,no,no,no,,y,y,85,,
Halle,18.10.2023,291,Solidago virgaurea,no,no,y,5,no,y,5,,
Halle,18.10.2023,291,Lysichiton camtschatcensis,no,no,no,,no,y,80,,
Halle,18.10.2023,291,Iris pseudacorus,no,y,no,,no,y,60,,
Halle,18.10.2023,291,Silphium integrifolium,no,no,no,,y,y,95,,
Halle,18.10.2023,291,Hibiscus moscheutos,no,no,no,,y,y,90,,
Halle,18.10.2023,291,Tragopogon orientalis,no,no,no,,no,no,,,
Halle,18.10.2023,291,Adonis vernalis,no,no,no,,no,no,,,
Halle,18.10.2023,291,Paeonia wittmanniana,no,no,no,,no,no,,,
Halle,18.10.2023,291,Paeonia peregrina,no,no,no,,no,no,,,
Halle,18.10.2023,291,Phlomis russeliana,no,y,no,,y,y,10,,
Halle,18.10.2023,291,Tulipa saxatilis,no,no,no,,no,no,,,
Halle,18.10.2023,291,Eupatorium cannabinum,no,no,no,,y,y,15,,
Halle,18.10.2023,291,Lamium galeobdolon,no,no,no,,no,no,,,
Halle,18.10.2023,291,Eranthis hyemalis,no,no,no,,no,no,,,
Halle,18.10.2023,291,Arum maculatum,no,no,no,,no,no,,,
Halle,25.10.2023,298,Primula vulgaris,no,y,no,,no,y,10,,
Halle,25.10.2023,298,Platycodon grandiflorum,no,no,no,,y,y,100,,
Halle,25.10.2023,298,Solidago virgaurea,no,no,no,,y,y,5,,
Halle,25.10.2023,298,Lysichiton camtschatcensis,no,no,no,,no,y,85,,
Halle,25.10.2023,298,Iris pseudacorus,no,y,no,,no,y,70,,
Halle,25.10.2023,298,Silphium integrifolium,no,no,no,,y,y,100,,
Halle,25.10.2023,298,Hibiscus moscheutos,no,no,no,,y,y,95,,
Halle,25.10.2023,298,Tragopogon orientalis,no,no,no,,no,no,,,
Halle,25.10.2023,298,Adonis vernalis,no,no,no,,no,no,,,
Halle,25.10.2023,298,Paeonia wittmanniana,no,no,no,,no,no,,,
Halle,25.10.2023,298,Paeonia peregrina,no,no,no,,no,no,,,
Halle,25.10.2023,298,Phlomis russeliana,no,y,no,,y,y,10,,
Halle,25.10.2023,298,Tulipa saxatilis,no,no,no,,no,no,,,
Halle,25.10.2023,298,Eupatorium cannabinum,no,no,no,,y,y,25,,
Halle,25.10.2023,298,Lamium galeobdolon,no,no,no,,no,no,,,
Halle,25.10.2023,298,Eranthis hyemalis,no,no,no,,no,no,,,
Halle,25.10.2023,298,Arum maculatum,no,no,no,,no,no,,,
Halle,02.11.2022,306,Daphne laureola,no,no,no,,no,no,,,
Halle,02.11.2022,306,Oxalis acetosella,no,no,no,,no,y,5,,
Halle,02.11.2022,306,Galanthus nivalis,no,no,no,,no,no,,,
Halle,02.11.2022,306,Meconopsis grandis,no,no,no,,no,y,10,,
Halle,02.11.2022,306,Lunaria rediviva,no,no,no,,y,y,80,,
Halle,02.11.2022,306,Gunnera manicata,no,no,no,,no,y,60,,
Halle,02.11.2022,306,Acorus calamus,no,no,no,,no,y,90,,
Halle,02.11.2022,306,Calla palustris,no,no,no,,no,y,95,,
Halle,02.11.2022,306,Trapa natans,no,no,no,,no,y,100,,
Halle,02.11.2022,306,Caltha palustris,no,y,no,,no,y,95,,
Halle,02.11.2022,306,Comarum palustre,no,no,no,,no,y,80,,
Halle,02.11.2022,306,Menyanthes trifoliata,no,no,no,,y,y,40,,
Halle,08.11.2022,312,Oxalis acetosella,no,no,no,,no,y,5,,
Halle,08.11.2022,312,Galanthus nivalis,no,no,no,,no,no,,,
Halle,08.11.2022,312,Meconopsis grandis,no,no,no,,no,y,40,,
Halle,08.11.2022,312,Lunaria rediviva,no,no,no,,y,y,80,,
Halle,08.11.2022,312,Gunnera manicata,no,no,no,,no,y,70,,
Halle,08.11.2022,312,Acorus calamus,no,no,no,,no,y,95,,
Halle,08.11.2022,312,Calla palustris,no,no,no,,no,y,95,,
Halle,08.11.2022,312,Trapa natans,no,no,no,,no,no,,,
Halle,08.11.2022,312,Caltha palustris,no,y,no,,no,y,95,,
Halle,08.11.2022,312,Comarum palustre,no,no,no,,no,y,90,,
Halle,08.11.2022,312,Menyanthes trifoliata,no,no,no,,no,y,50,,
Halle,08.11.2022,312,Daphne laureola,no,no,no,,no,no,,,
Halle,15.11.2022,319,Caltha palustris,no,y,no,,no,y,95,,
Halle,15.11.2022,319,Oxalis acetosella,no,no,no,,no,y,5,,
Halle,15.11.2022,319,Galanthus nivalis,no,no,no,,no,no,,,
Halle,15.11.2022,319,Meconopsis grandis,no,no,no,,no,y,70,,
Halle,15.11.2022,319,Lunaria rediviva,no,no,no,,y,y,80,,
Halle,15.11.2022,319,Gunnera manicata,no,no,no,,no,y,80,,
Halle,15.11.2022,319,Acorus calamus,no,no,no,,no,y,95,,
Halle,15.11.2022,319,Calla palustris,no,no,no,,no,y,100,,
Halle,15.11.2022,319,Trapa natans,no,no,no,,no,no,,,
Halle,15.11.2022,319,Comarum palustre,no,no,no,,no,y,95,,
Halle,15.11.2022,319,Menyanthes trifoliata,no,no,no,,no,y,85,,
Halle,15.11.2022,319,Daphne laureola,no,no,no,,no,no,,,
Halle,22.11.2022,326,Oxalis acetosella,no,no,no,,no,y,5,,
Halle,22.11.2022,326,Galanthus nivalis,no,no,no,,no,no,,,
Halle,22.11.2022,326,Meconopsis grandis,no,no,no,,no,y,95,,
Halle,22.11.2022,326,Lunaria rediviva,no,no,no,,no,y,90,,
Halle,22.11.2022,326,Gunnera manicata,no,no,no,,no,y,100,covered artificial,
Halle,22.11.2022,326,Acorus calamus,no,no,no,,no,y,95,,
Halle,22.11.2022,326,Calla palustris,no,no,no,,no,no,,,
Halle,22.11.2022,326,Trapa natans,no,no,no,,no,no,,,
Halle,22.11.2022,326,Caltha palustris,no,y,no,,no,y,95,,
Halle,22.11.2022,326,Comarum palustre,no,no,no,,no,y,95,,
Halle,22.11.2022,326,Menyanthes trifoliata,no,no,no,,no,y,100,,
Halle,22.11.2022,326,Daphne laureola,no,no,no,,no,no,,,
Halle,21.12.2022,355,Oxalis acetosella,no,no,no,,no,y,5,,
Halle,21.12.2022,355,Galanthus nivalis,no,no,no,,no,no,,,
Halle,21.12.2022,355,Meconopsis grandis,no,no,no,,no,y,100,,
Halle,21.12.2022,355,Lunaria rediviva,no,no,no,,no,y,100,,
Halle,21.12.2022,355,Gunnera manicata,no,no,no,,no,no,,,
Halle,21.12.2022,355,Acorus calamus,no,no,no,,no,y,100,,
Halle,21.12.2022,355,Calla palustris,no,no,no,,no,no,,,
Halle,21.12.2022,355,Trapa natans,no,no,no,,no,no,,,
Halle,21.12.2022,355,Caltha palustris,no,y,no,,no,y,95,,
Halle,21.12.2022,355,Comarum palustre,no,no,no,,no,y,100,,
Halle,21.12.2022,355,Menyanthes trifoliata,no,no,no,,no,no,,,
Halle,21.12.2022,355,Daphne laureola,no,no,no,,no,no,,,
Halle,06.01.2023,6,Oxalis acetosella,no,no,no,,no,y,5,,
Halle,06.01.2023,6,Galanthus nivalis,y,y,no,,no,no,,,
Halle,06.01.2023,6,Meconopsis grandis,no,no,no,,no,no,,,
Halle,06.01.2023,6,Lunaria rediviva,no,no,no,,no,no,,,
Halle,06.01.2023,6,Gunnera manicata,no,no,no,,no,no,,covered artificial,
Halle,06.01.2023,6,Acorus calamus,y,y,no,,no,no,,,
Halle,06.01.2023,6,Calla palustris,no,no,no,,no,no,,,
Halle,06.01.2023,6,Trapa natans,no,no,no,,no,no,,,
Halle,06.01.2023,6,Caltha palustris,no,y,no,,no,no,,cut total,
Halle,06.01.2023,6,Comarum palustre,y,y,no,,no,no,,,
Halle,06.01.2023,6,Menyanthes trifoliata,no,no,no,,no,no,,,
Halle,06.01.2023,6,Daphne laureola,no,no,no,,no,no,,,
Halle,10.01.2023,10,Oxalis acetosella,no,no,no,,no,no,,,
Halle,10.01.2023,10,Galanthus nivalis,y,y,no,,no,no,,,
Halle,10.01.2023,10,Meconopsis grandis,no,no,no,,no,no,,,
Halle,10.01.2023,10,Lunaria rediviva,no,no,no,,no,no,,,
Halle,10.01.2023,10,Gunnera manicata,no,no,no,,no,no,,covered artificial,
Halle,10.01.2023,10,Acorus calamus,y,y,no,,no,no,,,
Halle,10.01.2023,10,Calla palustris,no,no,no,,no,no,,,
Halle,10.01.2023,10,Trapa natans,no,no,no,,no,no,,,
Halle,10.01.2023,10,Caltha palustris,no,y,no,,no,no,,,
Halle,10.01.2023,10,Comarum palustre,no,y,no,,no,no,,,
Halle,10.01.2023,10,Menyanthes trifoliata,no,no,no,,no,no,,,
Halle,10.01.2023,10,Daphne laureola,no,no,no,,no,no,,,
Halle,18.01.2023,18,Oxalis acetosella,no,no,no,,no,y,5,,
Halle,18.01.2023,18,Galanthus nivalis,y,y,no,,no,no,,,
Halle,18.01.2023,18,Meconopsis grandis,no,no,no,,no,no,,,
Halle,18.01.2023,18,Lunaria rediviva,no,no,no,,no,no,,,
Halle,18.01.2023,18,Gunnera manicata,no,no,no,,no,no,,covered artificial,
Halle,18.01.2023,18,Acorus calamus,no,y,no,,no,no,,,
Halle,18.01.2023,18,Calla palustris,no,no,no,,no,no,,,
Halle,18.01.2023,18,Trapa natans,no,no,no,,no,no,,,
Halle,18.01.2023,18,Caltha palustris,no,y,no,,no,no,,,
Halle,18.01.2023,18,Comarum palustre,no,y,no,,no,no,,,
Halle,18.01.2023,18,Menyanthes trifoliata,no,no,no,,no,no,,,
Halle,18.01.2023,18,Daphne laureola,no,no,no,,no,no,,,
Halle,25.01.2023,25,Menyanthes trifoliata,no,no,no,,no,no,,,
Halle,25.01.2023,25,Daphne laureola,no,no,no,,no,no,,,
Halle,25.01.2023,25,Oxalis acetosella,no,no,no,,no,y,10,,
Halle,25.01.2023,25,Galanthus nivalis,no,y,no,,no,no,,,
Halle,25.01.2023,25,Meconopsis grandis,no,no,no,,no,no,,,
Halle,25.01.2023,25,Lunaria rediviva,no,no,no,,no,no,,,
Halle,25.01.2023,25,Gunnera manicata,no,no,no,,no,no,,covered artificial,
Halle,25.01.2023,25,Acorus calamus,no,y,no,,no,no,,,
Halle,25.01.2023,25,Calla palustris,no,no,no,,no,no,,,
Halle,25.01.2023,25,Trapa natans,no,no,no,,no,no,,,
Halle,25.01.2023,25,Caltha palustris,no,y,no,,no,y,15,,
Halle,25.01.2023,25,Comarum palustre,no,y,no,,no,no,,,
Halle,01.02.2023,32,Oxalis acetosella,no,no,no,,no,y,15,,
Halle,01.02.2023,32,Galanthus nivalis,no,y,no,,no,no,,,
Halle,01.02.2023,32,Meconopsis grandis,no,no,no,,no,no,,,
Halle,01.02.2023,32,Lunaria rediviva,no,no,no,,no,no,,,
Halle,01.02.2023,32,Gunnera manicata,no,no,no,,no,no,,covered artificial,
Halle,01.02.2023,32,Acorus calamus,no,y,no,,no,no,,,
Halle,01.02.2023,32,Calla palustris,no,no,no,,no,no,,,
Halle,01.02.2023,32,Trapa natans,no,no,no,,no,no,,,
Halle,01.02.2023,32,Caltha palustris,no,y,no,,no,y,50,,
Halle,01.02.2023,32,Comarum palustre,no,y,no,,no,no,,,
Halle,01.02.2023,32,Menyanthes trifoliata,no,no,no,,no,no,,,
Halle,01.02.2023,32,Daphne laureola,no,no,no,,no,no,,,
Halle,07.02.2023,38,Oxalis acetosella,no,no,no,,no,y,20,,
Halle,07.02.2023,38,Galanthus nivalis,no,y,no,,no,no,,,
Halle,07.02.2023,38,Meconopsis grandis,no,no,no,,no,no,,,
Halle,07.02.2023,38,Lunaria rediviva,no,no,no,,no,no,,,
Halle,07.02.2023,38,Gunnera manicata,no,no,no,,no,no,,covered artificial,
Halle,07.02.2023,38,Acorus calamus,no,y,no,,no,no,,,
Halle,07.02.2023,38,Calla palustris,no,no,no,,no,no,,,
Halle,07.02.2023,38,Trapa natans,no,no,no,,no,no,,,
Halle,07.02.2023,38,Caltha palustris,no,y,no,,no,y,65,,
Halle,07.02.2023,38,Comarum palustre,no,y,no,,no,no,,,
Halle,07.02.2023,38,Menyanthes trifoliata,no,no,no,,no,no,,,
Halle,07.02.2023,38,Daphne laureola,no,no,no,,no,no,,,
Halle,16.02.2023,47,Oxalis acetosella,no,no,no,,no,y,20,,
Halle,16.02.2023,47,Galanthus nivalis,no,y,y,100,no,no,,,
Halle,16.02.2023,47,Meconopsis grandis,no,no,no,,no,no,,,
Halle,16.02.2023,47,Lunaria rediviva,no,no,no,,no,no,,,
Halle,16.02.2023,47,Gunnera manicata,no,no,no,,no,no,,covered artificial,
Halle,16.02.2023,47,Acorus calamus,no,y,no,,no,no,,,
Halle,16.02.2023,47,Calla palustris,no,no,no,,no,no,,,
Halle,16.02.2023,47,Trapa natans,no,no,no,,no,no,,,
Halle,16.02.2023,47,Caltha palustris,no,y,no,,no,y,45,,
Halle,16.02.2023,47,Comarum palustre,no,y,no,,no,no,,,
Halle,16.02.2023,47,Menyanthes trifoliata,u,u,no,,no,no,,,
Halle,16.02.2023,47,Daphne laureola,no,no,no,,no,no,,,
Halle,28.02.2023,59,Oxalis acetosella,no,no,no,,no,y,30,,
Halle,28.02.2023,59,Galanthus nivalis,no,no,y,20,no,no,,,
Halle,28.02.2023,59,Meconopsis grandis,no,no,no,,no,no,,,
Halle,28.02.2023,59,Lunaria rediviva,no,no,no,,no,no,,,
Halle,28.02.2023,59,Gunnera manicata,no,no,no,,no,no,,covered artificial,
Halle,28.02.2023,59,Acorus calamus,no,y,no,,no,no,,,
Halle,28.02.2023,59,Calla palustris,y,y,no,,no,no,,,
Halle,28.02.2023,59,Trapa natans,no,no,no,,no,no,,,
Halle,28.02.2023,59,Caltha palustris,no,y,no,,no,y,60,,
Halle,28.02.2023,59,Comarum palustre,no,y,no,,no,no,,,
Halle,28.02.2023,59,Menyanthes trifoliata,no,no,no,,no,no,,,
Halle,28.02.2023,59,Daphne laureola,no,no,no,,no,no,,,
Halle,10.03.2023,69,Oxalis acetosella,no,no,no,,no,y,30,,
Halle,10.03.2023,69,Galanthus nivalis,no,no,y,100,no,no,,,
Halle,10.03.2023,69,Meconopsis grandis,y,y,no,,no,no,,,
Halle,10.03.2023,69,Lunaria rediviva,no,no,no,,no,no,,,
Halle,10.03.2023,69,Gunnera manicata,no,no,no,,no,no,,covered artificial,
Halle,10.03.2023,69,Acorus calamus,no,y,no,,no,no,,,
Halle,10.03.2023,69,Calla palustris,y,y,no,,no,no,,,
Halle,10.03.2023,69,Trapa natans,no,no,no,,no,no,,,
Halle,10.03.2023,69,Caltha palustris,no,y,no,,no,y,60,,
Halle,10.03.2023,69,Comarum palustre,no,y,no,,no,no,,,
Halle,10.03.2023,69,Menyanthes trifoliata,no,no,no,,no,no,,,
Halle,10.03.2023,69,Daphne laureola,no,no,no,,no,no,,,
Halle,16.03.2023,75,Oxalis acetosella,no,no,no,,no,y,30,,
Halle,16.03.2023,75,Galanthus nivalis,no,no,y,100,no,no,,,
Halle,16.03.2023,75,Meconopsis grandis,no,y,no,,no,no,,,
Halle,16.03.2023,75,Lunaria rediviva,no,no,no,,no,no,,,
Halle,16.03.2023,75,Gunnera manicata,no,no,no,,no,no,,covered artificial,
Halle,16.03.2023,75,Acorus calamus,no,y,no,,no,no,,,
Halle,16.03.2023,75,Calla palustris,no,y,no,,no,no,,,
Halle,16.03.2023,75,Trapa natans,no,no,no,,no,no,,,
Halle,16.03.2023,75,Caltha palustris,no,y,no,,no,y,60,,
Halle,16.03.2023,75,Comarum palustre,no,y,no,,no,no,,,
Halle,16.03.2023,75,Menyanthes trifoliata,y,no,no,,no,no,,,
Halle,16.03.2023,75,Daphne laureola,no,no,no,,no,no,,,
Halle,24.03.2023,83,Oxalis acetosella,no,no,no,,no,y,30,,
Halle,24.03.2023,83,Galanthus nivalis,no,no,no,,no,no,,,
Halle,24.03.2023,83,Meconopsis grandis,no,y,no,,no,no,,,
Halle,24.03.2023,83,Lunaria rediviva,y,y,no,,no,no,,,
Halle,24.03.2023,83,Gunnera manicata,no,no,no,,no,no,,covered artificial,
Halle,24.03.2023,83,Acorus calamus,no,y,no,,no,no,,,
Halle,24.03.2023,83,Calla palustris,no,y,no,,no,no,,,
Halle,24.03.2023,83,Trapa natans,no,no,no,,no,no,,,
Halle,24.03.2023,83,Caltha palustris,no,y,no,,no,y,30,,
Halle,24.03.2023,83,Comarum palustre,no,y,no,,no,y,5,,
Halle,24.03.2023,83,Menyanthes trifoliata,y,no,no,,no,no,,,
Halle,24.03.2023,83,Daphne laureola,no,no,no,,no,no,,,
Halle,28.03.2023,87,Oxalis acetosella,y,y,no,,no,y,25,,
Halle,28.03.2023,87,Galanthus nivalis,no,no,no,,no,no,,,
Halle,28.03.2023,87,Meconopsis grandis,no,y,no,,no,no,,,
Halle,28.03.2023,87,Lunaria rediviva,no,y,no,,no,no,,,
Halle,28.03.2023,87,Gunnera manicata,no,no,no,,no,no,,covered artificial,
Halle,28.03.2023,87,Acorus calamus,no,y,no,,no,no,,,
Halle,28.03.2023,87,Calla palustris,no,y,no,,no,no,,,
Halle,28.03.2023,87,Trapa natans,no,no,no,,no,no,,,
Halle,28.03.2023,87,Caltha palustris,no,y,no,,no,y,10,,
Halle,28.03.2023,87,Comarum palustre,no,y,no,,no,y,5,,
Halle,28.03.2023,87,Menyanthes trifoliata,y,u,no,,no,no,,,
Halle,28.03.2023,87,Daphne laureola,no,no,no,,no,no,,,
Halle,03.04.2023,93,Oxalis acetosella,no,y,y,5,no,y,25,,
Halle,03.04.2023,93,Galanthus nivalis,no,no,no,,no,no,,,
Halle,03.04.2023,93,Meconopsis grandis,no,y,no,,no,no,,,
Halle,03.04.2023,93,Lunaria rediviva,no,y,no,,no,no,,,
Halle,03.04.2023,93,Gunnera manicata,no,no,no,,no,no,,covered artificial,
Halle,03.04.2023,93,Acorus calamus,no,y,no,,no,no,,,
Halle,03.04.2023,93,Calla palustris,no,y,no,,no,no,,,
Halle,03.04.2023,93,Trapa natans,no,no,no,,no,no,,,
Halle,03.04.2023,93,Caltha palustris,no,y,no,,no,y,5,,flower buds
Halle,03.04.2023,93,Comarum palustre,no,y,no,,no,y,5,,
Halle,03.04.2023,93,Menyanthes trifoliata,y,y,no,,no,no,,,
Halle,03.04.2023,93,Daphne laureola,no,no,no,,no,no,,,
Halle,14.04.2023,104,Daphne laureola,no,no,no,,no,no,,,
Halle,14.04.2023,104,Oxalis acetosella,no,y,y,100,no,y,5,,
Halle,14.04.2023,104,Galanthus nivalis,no,no,no,,no,no,,,
Halle,14.04.2023,104,Meconopsis grandis,no,y,no,,no,no,,,
Halle,14.04.2023,104,Lunaria rediviva,no,y,no,,no,no,,,
Halle,14.04.2023,104,Gunnera manicata,no,no,no,,no,no,,,
Halle,14.04.2023,104,Acorus calamus,no,y,no,,no,no,,,
Halle,14.04.2023,104,Calla palustris,no,y,no,,no,no,,,
Halle,14.04.2023,104,Trapa natans,no,no,no,,no,no,,,
Halle,14.04.2023,104,Caltha palustris,no,y,y,15,no,no,,,
Halle,14.04.2023,104,Comarum palustre,no,y,no,,no,y,5,,
Halle,14.04.2023,104,Menyanthes trifoliata,y,y,no,,no,no,,,
Halle,24.04.2023,114,Oxalis acetosella,no,y,y,80,no,no,,,
Halle,24.04.2023,114,Galanthus nivalis,no,no,no,,no,y,5,,
Halle,24.04.2023,114,Meconopsis grandis,no,y,no,,no,no,,,
Halle,24.04.2023,114,Lunaria rediviva,no,y,no,,no,no,,,
Halle,24.04.2023,114,Gunnera manicata,no,y,no,,no,no,,,
Halle,24.04.2023,114,Acorus calamus,no,y,no,,no,no,,,
Halle,24.04.2023,114,Calla palustris,no,y,no,,no,no,,,
Halle,24.04.2023,114,Trapa natans,no,no,no,,no,no,,,
Halle,24.04.2023,114,Caltha palustris,no,y,y,95,no,no,,,
Halle,24.04.2023,114,Comarum palustre,no,y,no,,no,y,5,,
Halle,24.04.2023,114,Menyanthes trifoliata,no,y,no,,no,no,,,
Halle,24.04.2023,114,Daphne laureola,no,no,no,,no,no,,,
Halle,04.05.2023,124,Oxalis acetosella,no,no,y,5,no,no,,,
Halle,04.05.2023,124,Galanthus nivalis,no,no,no,,no,y,15,,
Halle,04.05.2023,124,Meconopsis grandis,no,y,no,,no,no,,,
Halle,04.05.2023,124,Lunaria rediviva,no,y,y,15,no,no,,,
Halle,04.05.2023,124,Gunnera manicata,no,y,no,,no,no,,,
Halle,04.05.2023,124,Acorus calamus,no,y,no,,no,no,,,flower buds
Halle,04.05.2023,124,Calla palustris,no,y,no,,no,no,,,
Halle,04.05.2023,124,Trapa natans,no,no,no,,no,no,,,
Halle,04.05.2023,124,Caltha palustris,no,y,y,10,no,no,,,
Halle,04.05.2023,124,Comarum palustre,no,y,no,,no,y,5,,
Halle,04.05.2023,124,Menyanthes trifoliata,no,y,y,60,no,no,,,
Halle,04.05.2023,124,Daphne laureola,no,no,no,,no,no,,,
Halle,12.05.2023,132,Oxalis acetosella,no,no,no,,no,no,,,
Halle,12.05.2023,132,Galanthus nivalis,no,no,no,,no,y,45,,
Halle,12.05.2023,132,Meconopsis grandis,no,y,no,,no,no,,,
Halle,12.05.2023,132,Lunaria rediviva,no,y,y,100,no,no,,,
Halle,12.05.2023,132,Gunnera manicata,no,y,no,,no,no,,,
Halle,12.05.2023,132,Acorus calamus,no,y,no,,no,no,,,
Halle,12.05.2023,132,Calla palustris,no,y,no,,no,no,,,
Halle,12.05.2023,132,Trapa natans,no,no,no,,no,no,,,
Halle,12.05.2023,132,Caltha palustris,no,no,no,,no,no,,,
Halle,12.05.2023,132,Comarum palustre,no,y,no,,no,y,5,,
Halle,12.05.2023,132,Menyanthes trifoliata,no,y,y,40,no,no,,,
Halle,12.05.2023,132,Daphne laureola,no,no,no,,no,no,,,
Halle,16.05.2023,136,Oxalis acetosella,no,no,no,,no,no,,,
Halle,16.05.2023,136,Galanthus nivalis,,,,,,,,,"gras dominated, plant disappeared"
Halle,16.05.2023,136,Meconopsis grandis,no,y,no,,no,no,,,
Halle,16.05.2023,136,Lunaria rediviva,no,no,y,95,no,no,,,
Halle,16.05.2023,136,Gunnera manicata,no,y,u,,no,no,,,
Halle,16.05.2023,136,Acorus calamus,no,y,no,,no,no,,,
Halle,16.05.2023,136,Calla palustris,no,y,no,,no,no,,,
Halle,16.05.2023,136,Trapa natans,no,no,no,,no,no,,,
Halle,16.05.2023,136,Caltha palustris,no,no,no,,no,no,,,
Halle,16.05.2023,136,Comarum palustre,no,y,no,,no,y,5,,
Halle,16.05.2023,136,Menyanthes trifoliata,no,no,y,10,no,no,,,
Halle,16.05.2023,136,Daphne laureola,no,no,no,,no,no,,,
Halle,26.05.2023,146,Oxalis acetosella,no,no,no,,no,no,,,
Halle,26.05.2023,146,Galanthus nivalis,no,no,no,,no,no,,,
Halle,26.05.2023,146,Meconopsis grandis,no,y,no,,no,y,10,,
Halle,26.05.2023,146,Lunaria rediviva,no,no,no,,no,no,,,
Halle,26.05.2023,146,Gunnera manicata,no,y,u,,no,no,,,
Halle,26.05.2023,146,Acorus calamus,no,y,y,100,no,no,,,
Halle,26.05.2023,146,Calla palustris,no,y,y,100,no,no,,,only 3 flowers
Halle,26.05.2023,146,Trapa natans,no,no,no,,no,no,,,
Halle,26.05.2023,146,Caltha palustris,no,no,no,,no,no,,,
Halle,26.05.2023,146,Comarum palustre,no,y,no,,no,y,5,,
Halle,26.05.2023,146,Menyanthes trifoliata,no,no,no,,no,no,,,
Halle,26.05.2023,146,Daphne laureola,no,no,no,,no,no,,,
Halle,31.05.2023,151,Oxalis acetosella,no,no,no,,no,no,,,
Halle,31.05.2023,151,Galanthus nivalis,no,no,no,,no,no,,,
Halle,31.05.2023,151,Meconopsis grandis,no,y,no,,no,y,10,,
Halle,31.05.2023,151,Lunaria rediviva,no,no,no,,no,no,,,
Halle,31.05.2023,151,Gunnera manicata,no,y,u,,no,no,,,
Halle,31.05.2023,151,Acorus calamus,no,y,no,,no,y,5,,
Halle,31.05.2023,151,Calla palustris,no,no,y,20,no,y,5,,
Halle,31.05.2023,151,Trapa natans,no,no,no,,no,no,,,
Halle,31.05.2023,151,Caltha palustris,no,no,no,,no,y,5,,
Halle,31.05.2023,151,Comarum palustre,no,y,y,35,no,y,5,,
Halle,31.05.2023,151,Menyanthes trifoliata,no,y,no,,no,no,,,
Halle,31.05.2023,151,Daphne laureola,no,no,no,,no,no,,,
Halle,05.06.2023,156,Oxalis acetosella,no,no,no,,no,no,,,
Halle,05.06.2023,156,Galanthus nivalis,no,no,no,,no,no,,,
Halle,05.06.2023,156,Meconopsis grandis,no,y,no,,no,y,10,,
Halle,05.06.2023,156,Lunaria rediviva,no,no,no,,no,no,,,
Halle,05.06.2023,156,Gunnera manicata,no,y,u,,no,no,,,
Halle,05.06.2023,156,Acorus calamus,no,y,y,50,no,y,5,,
Halle,05.06.2023,156,Calla palustris,no,y,y,20,no,y,5,,
Halle,05.06.2023,156,Trapa natans,no,y,no,,no,no,,,
Halle,05.06.2023,156,Caltha palustris,no,no,no,,y,y,5,,
Halle,05.06.2023,156,Comarum palustre,no,y,y,80,no,y,5,,
Halle,05.06.2023,156,Menyanthes trifoliata,no,y,no,,no,no,,,
Halle,05.06.2023,156,Daphne laureola,no,no,no,,no,no,,,
Halle,14.06.2023,165,Oxalis acetosella,no,no,no,,no,no,,,
Halle,14.06.2023,165,Galanthus nivalis,no,no,no,,no,no,,,
Halle,14.06.2023,165,Meconopsis grandis,no,y,no,,no,y,10,,
Halle,14.06.2023,165,Lunaria rediviva,no,no,no,,no,no,,,
Halle,14.06.2023,165,Gunnera manicata,no,y,no,,no,no,,,
Halle,14.06.2023,165,Acorus calamus,no,y,y,85,no,y,5,,
Halle,14.06.2023,165,Calla palustris,no,y,y,80,no,y,5,,3 of 4 flowers
Halle,14.06.2023,165,Trapa natans,no,y,no,,no,y,10,,
Halle,14.06.2023,165,Caltha palustris,no,no,no,,y,y,5,,
Halle,14.06.2023,165,Comarum palustre,no,y,y,5,no,y,5,,
Halle,14.06.2023,165,Menyanthes trifoliata,no,no,no,,y,no,,,
Halle,14.06.2023,165,Daphne laureola,no,no,no,,no,no,,,
Halle,20.06.2023,171,Oxalis acetosella,no,no,no,,no,no,,,
Halle,20.06.2023,171,Galanthus nivalis,no,no,no,,no,no,,,
Halle,20.06.2023,171,Meconopsis grandis,no,y,no,,no,y,10,,
Halle,20.06.2023,171,Lunaria rediviva,no,no,no,,no,y,5,,
Halle,20.06.2023,171,Gunnera manicata,no,y,no,,no,no,,,
Halle,20.06.2023,171,Acorus calamus,no,no,y,5,no,y,5,,
Halle,20.06.2023,171,Calla palustris,no,y,no,,no,y,5,,
Halle,20.06.2023,171,Trapa natans,no,y,no,,no,y,10,,
Halle,20.06.2023,171,Caltha palustris,no,no,no,,y,y,5,,
Halle,20.06.2023,171,Comarum palustre,no,y,no,,no,y,5,,
Halle,20.06.2023,171,Menyanthes trifoliata,no,no,no,,y,y,5,,
Halle,20.06.2023,171,Daphne laureola,no,no,no,,no,no,,,
Halle,26.06.2023,177,Oxalis acetosella,no,no,no,,no,no,,,
Halle,26.06.2023,177,Galanthus nivalis,no,no,no,,no,no,,,
Halle,26.06.2023,177,Meconopsis grandis,no,y,no,,no,y,10,,
Halle,26.06.2023,177,Lunaria rediviva,no,no,no,,no,no,,,
Halle,26.06.2023,177,Gunnera manicata,no,y,no,,no,no,,,
Halle,26.06.2023,177,Acorus calamus,no,y,no,,no,y,5,,
Halle,26.06.2023,177,Calla palustris,no,y,no,,no,y,10,,
Halle,26.06.2023,177,Trapa natans,no,y,no,,no,y,10,,
Halle,26.06.2023,177,Caltha palustris,no,no,no,,y,y,5,,
Halle,26.06.2023,177,Comarum palustre,no,y,no,,no,y,5,,
Halle,26.06.2023,177,Menyanthes trifoliata,no,no,no,,y,no,,,
Halle,26.06.2023,177,Daphne laureola,no,no,no,,no,no,,,
Halle,07.07.2023,188,Oxalis acetosella,no,no,no,,no,no,,,
Halle,07.07.2023,188,Galanthus nivalis,no,no,no,,no,no,,,
Halle,07.07.2023,188,Meconopsis grandis,no,y,no,,no,y,10,,
Halle,07.07.2023,188,Lunaria rediviva,no,no,no,,no,no,,,
Halle,07.07.2023,188,Gunnera manicata,no,y,no,,no,no,,,
Halle,07.07.2023,188,Acorus calamus,no,y,no,,y,y,30,,
Halle,07.07.2023,188,Calla palustris,no,y,y,35,no,y,10,,
Halle,07.07.2023,188,Trapa natans,no,y,no,,no,y,10,,
Halle,07.07.2023,188,Caltha palustris,no,no,no,,y,y,5,,
Halle,07.07.2023,188,Comarum palustre,no,y,no,,no,y,10,,
Halle,07.07.2023,188,Menyanthes trifoliata,no,no,no,,y,y,5,,
Halle,07.07.2023,188,Daphne laureola,no,no,no,,no,no,,,
Halle,12.07.2023,193,Oxalis acetosella,no,no,no,,no,no,,,
Halle,12.07.2023,193,Galanthus nivalis,no,no,no,,no,no,,,
Halle,12.07.2023,193,Meconopsis grandis,no,y,no,,no,y,10,,
Halle,12.07.2023,193,Lunaria rediviva,no,no,no,,no,y,5,,
Halle,12.07.2023,193,Gunnera manicata,no,y,no,,no,no,,,
Halle,12.07.2023,193,Acorus calamus,no,y,no,,y,y,30,,
Halle,12.07.2023,193,Calla palustris,no,y,y,20,no,y,15,,
Halle,12.07.2023,193,Trapa natans,no,y,no,,no,y,15,,
Halle,12.07.2023,193,Caltha palustris,no,no,no,,y,y,5,,
Halle,12.07.2023,193,Comarum palustre,no,y,no,,y,y,15,,
Halle,12.07.2023,193,Menyanthes trifoliata,no,no,no,,y,y,5,,
Halle,12.07.2023,193,Daphne laureola,no,no,no,,no,no,,,
Halle,21.07.2023,202,Oxalis acetosella,no,no,no,,no,no,,,
Halle,21.07.2023,202,Galanthus nivalis,no,no,no,,no,no,,,
Halle,21.07.2023,202,Meconopsis grandis,no,y,no,,no,y,10,,
Halle,21.07.2023,202,Lunaria rediviva,no,no,no,,y,y,5,,
Halle,21.07.2023,202,Gunnera manicata,no,y,no,,no,no,,,
Halle,21.07.2023,202,Acorus calamus,no,y,no,,y,y,30,,
Halle,21.07.2023,202,Calla palustris,no,y,no,,no,y,25,,
Halle,21.07.2023,202,Trapa natans,no,y,no,,no,y,20,,
Halle,21.07.2023,202,Caltha palustris,no,no,no,,no,y,5,,
Halle,21.07.2023,202,Comarum palustre,no,y,no,,y,y,20,,
Halle,21.07.2023,202,Menyanthes trifoliata,no,no,no,,y,y,10,,
Halle,21.07.2023,202,Daphne laureola,no,no,no,,no,no,,,
Halle,26.07.2023,207,Oxalis acetosella,no,no,no,,no,no,,,
Halle,26.07.2023,207,Galanthus nivalis,no,no,no,,no,no,,,
Halle,26.07.2023,207,Meconopsis grandis,no,y,no,,no,y,10,,
Halle,26.07.2023,207,Lunaria rediviva,no,no,no,,y,y,5,,
Halle,26.07.2023,207,Gunnera manicata,no,y,no,,no,y,5,,
Halle,26.07.2023,207,Acorus calamus,no,y,no,,y,y,30,,
Halle,26.07.2023,207,Calla palustris,no,y,y,5,no,y,35,,
Halle,26.07.2023,207,Trapa natans,no,y,no,,no,y,25,,
Halle,26.07.2023,207,Caltha palustris,no,no,no,,no,y,5,,
Halle,26.07.2023,207,Comarum palustre,no,y,no,,y,y,25,,
Halle,26.07.2023,207,Menyanthes trifoliata,no,no,no,,no,y,15,,
Halle,26.07.2023,207,Daphne laureola,no,no,no,,no,no,,,
Halle,04.08.2023,216,Oxalis acetosella,no,no,no,,no,no,,,
Halle,04.08.2023,216,Galanthus nivalis,no,no,no,,no,no,,,
Halle,04.08.2023,216,Meconopsis grandis,no,y,no,,no,y,10,,
Halle,04.08.2023,216,Lunaria rediviva,no,no,no,,y,y,5,,
Halle,04.08.2023,216,Gunnera manicata,no,y,no,,y,y,5,,
Halle,04.08.2023,216,Acorus calamus,no,y,no,,y,y,30,,
Halle,04.08.2023,216,Calla palustris,no,y,y,5,no,y,45,,
Halle,04.08.2023,216,Trapa natans,no,y,no,,no,y,25,,
Halle,04.08.2023,216,Caltha palustris,no,no,no,,no,y,5,,
Halle,04.08.2023,216,Comarum palustre,no,y,no,,y,y,25,,
Halle,04.08.2023,216,Menyanthes trifoliata,no,no,no,,no,y,15,,
Halle,04.08.2023,216,Daphne laureola,no,no,no,,no,no,,,
Halle,09.08.2023,221,Oxalis acetosella,no,no,no,,no,no,,,
Halle,09.08.2023,221,Galanthus nivalis,no,no,no,,no,no,,,
Halle,09.08.2023,221,Meconopsis grandis,no,y,no,,no,y,10,,
Halle,09.08.2023,221,Lunaria rediviva,no,no,no,,y,y,10,,
Halle,09.08.2023,221,Gunnera manicata,no,y,no,,y,y,5,,
Halle,09.08.2023,221,Acorus calamus,no,y,no,,y,y,35,,
Halle,09.08.2023,221,Calla palustris,no,y,no,,no,y,50,,
Halle,09.08.2023,221,Trapa natans,no,y,no,,no,y,25,,
Halle,09.08.2023,221,Caltha palustris,no,no,no,,no,y,5,,
Halle,09.08.2023,221,Comarum palustre,no,y,no,,y,y,30,,
Halle,09.08.2023,221,Menyanthes trifoliata,no,y,no,,no,y,15,,
Halle,09.08.2023,221,Daphne laureola,no,no,no,,no,no,,,
Halle,16.08.2023,228,Oxalis acetosella,no,no,no,,no,y,5,,
Halle,16.08.2023,228,Galanthus nivalis,no,no,no,,no,no,,,
Halle,16.08.2023,228,Meconopsis grandis,no,y,no,,no,y,10,,
Halle,16.08.2023,228,Lunaria rediviva,no,no,no,,y,y,10,,
Halle,16.08.2023,228,Gunnera manicata,no,y,no,,y,y,5,,
Halle,16.08.2023,228,Acorus calamus,no,y,no,,y,y,35,,
Halle,16.08.2023,228,Calla palustris,no,y,no,,no,y,50,,
Halle,16.08.2023,228,Trapa natans,no,y,no,,no,y,25,,
Halle,16.08.2023,228,Caltha palustris,no,no,no,,no,y,5,,
Halle,16.08.2023,228,Comarum palustre,no,y,no,,y,y,35,,
Halle,16.08.2023,228,Menyanthes trifoliata,no,y,no,,no,y,15,,
Halle,16.08.2023,228,Daphne laureola,no,no,no,,no,no,,,
Halle,25.08.2023,237,Daphne laureola,no,no,no,,no,no,,,
Halle,25.08.2023,237,Oxalis acetosella,no,no,no,,no,y,5,,
Halle,25.08.2023,237,Galanthus nivalis,no,no,no,,no,no,,,
Halle,25.08.2023,237,Meconopsis grandis,no,y,no,,no,y,15,,
Halle,25.08.2023,237,Lunaria rediviva,no,no,no,,y,y,10,,
Halle,25.08.2023,237,Gunnera manicata,no,no,no,,y,y,10,,
Halle,25.08.2023,237,Acorus calamus,no,y,no,,y,y,35,,
Halle,25.08.2023,237,Calla palustris,no,y,no,,no,y,55,,
Halle,25.08.2023,237,Trapa natans,no,y,no,,no,y,25,,
Halle,25.08.2023,237,Caltha palustris,no,no,no,,no,y,5,,
Halle,25.08.2023,237,Comarum palustre,no,y,no,,y,y,35,,
Halle,25.08.2023,237,Menyanthes trifoliata,no,y,no,,no,y,15,,
Halle,30.08.2023,242,Oxalis acetosella,no,no,no,,no,y,5,,
Halle,30.08.2023,242,Galanthus nivalis,no,no,no,,no,no,,,
Halle,30.08.2023,242,Meconopsis grandis,no,y,no,,no,y,15,,
Halle,30.08.2023,242,Lunaria rediviva,no,no,no,,y,y,10,,
Halle,30.08.2023,242,Gunnera manicata,no,no,no,,y,y,10,,
Halle,30.08.2023,242,Acorus calamus,no,y,no,,y,y,35,,
Halle,30.08.2023,242,Calla palustris,no,y,no,,y,y,60,,
Halle,30.08.2023,242,Trapa natans,no,y,no,,no,y,25,,
Halle,30.08.2023,242,Caltha palustris,no,no,no,,no,y,10,,
Halle,30.08.2023,242,Comarum palustre,no,y,no,,y,y,35,,
Halle,30.08.2023,242,Menyanthes trifoliata,no,no,no,,no,y,15,,
Halle,30.08.2023,242,Daphne laureola,no,no,no,,no,no,,,
Halle,07.09.2023,250,Meconopsis grandis,no,y,no,,no,y,15,,
Halle,07.09.2023,250,Lunaria rediviva,no,no,no,,y,y,10,,
Halle,07.09.2023,250,Oxalis acetosella,no,no,no,,no,y,5,,
Halle,07.09.2023,250,Galanthus nivalis,no,no,no,,no,no,,,
Halle,07.09.2023,250,Gunnera manicata,no,no,no,,y,y,10,,
Halle,07.09.2023,250,Acorus calamus,no,y,no,,y,y,35,,
Halle,07.09.2023,250,Calla palustris,no,no,no,,y,y,85,,
Halle,07.09.2023,250,Trapa natans,no,y,no,,no,y,25,,
Halle,07.09.2023,250,Caltha palustris,no,no,no,,no,y,10,,
Halle,07.09.2023,250,Comarum palustre,no,y,no,,y,y,35,,
Halle,07.09.2023,250,Menyanthes trifoliata,no,no,no,,no,y,20,,
Halle,07.09.2023,250,Daphne laureola,no,no,no,,no,no,,,
Halle,13.09.2023,256,Oxalis acetosella,no,no,no,,no,y,5,,
Halle,13.09.2023,256,Galanthus nivalis,no,no,no,,no,no,,,
Halle,13.09.2023,256,Meconopsis grandis,no,y,no,,no,y,25,,
Halle,13.09.2023,256,Lunaria rediviva,no,no,no,,y,y,10,,
Halle,13.09.2023,256,Gunnera manicata,no,no,no,,y,y,10,,
Halle,13.09.2023,256,Acorus calamus,no,y,no,,y,y,35,,
Halle,13.09.2023,256,Calla palustris,no,no,no,,y,y,90,,
Halle,13.09.2023,256,Trapa natans,no,y,no,,no,y,25,,
Halle,13.09.2023,256,Caltha palustris,no,no,no,,no,y,10,,
Halle,13.09.2023,256,Comarum palustre,no,y,no,,y,y,40,,
Halle,13.09.2023,256,Menyanthes trifoliata,no,no,no,,no,y,20,,
Halle,13.09.2023,256,Daphne laureola,no,no,no,,no,no,,,
Halle,21.09.2023,264,Oxalis acetosella,no,no,no,,no,y,5,,
Halle,21.09.2023,264,Galanthus nivalis,no,no,no,,no,no,,,
Halle,21.09.2023,264,Meconopsis grandis,no,y,no,,no,y,25,,
Halle,21.09.2023,264,Lunaria rediviva,no,no,no,,y,y,10,,
Halle,21.09.2023,264,Gunnera manicata,no,no,no,,y,y,15,,
Halle,21.09.2023,264,Acorus calamus,no,y,no,,y,y,40,,
Halle,21.09.2023,264,Calla palustris,no,no,no,,y,y,95,,
Halle,21.09.2023,264,Trapa natans,no,y,no,,no,y,25,,
Halle,21.09.2023,264,Caltha palustris,no,no,no,,no,y,10,,
Halle,21.09.2023,264,Comarum palustre,no,y,no,,y,y,40,,
Halle,21.09.2023,264,Menyanthes trifoliata,no,no,no,,no,y,20,,
Halle,21.09.2023,264,Daphne laureola,no,no,no,,no,no,,,
Halle,29.09.2023,272,Oxalis acetosella,no,no,no,,no,y,5,,
Halle,29.09.2023,272,Galanthus nivalis,no,no,no,,no,no,,,
Halle,29.09.2023,272,Meconopsis grandis,no,y,no,,no,y,25,,
Halle,29.09.2023,272,Lunaria rediviva,no,no,no,,y,y,10,,
Halle,29.09.2023,272,Gunnera manicata,no,no,no,,y,y,15,,
Halle,29.09.2023,272,Acorus calamus,no,y,no,,y,y,55,,
Halle,29.09.2023,272,Calla palustris,no,no,no,,y,y,95,,
Halle,29.09.2023,272,Trapa natans,no,y,no,,no,y,25,,
Halle,29.09.2023,272,Caltha palustris,no,no,no,,no,y,20,,
Halle,29.09.2023,272,Comarum palustre,no,y,no,,y,y,45,,
Halle,29.09.2023,272,Menyanthes trifoliata,no,no,no,,no,y,25,,
Halle,29.09.2023,272,Daphne laureola,no,no,no,,no,no,,,
Halle,10.10.2023,283,Oxalis acetosella,no,no,no,,no,y,5,,
Halle,10.10.2023,283,Galanthus nivalis,no,no,no,,no,no,,,
Halle,10.10.2023,283,Meconopsis grandis,no,y,no,,no,y,30,,
Halle,10.10.2023,283,Lunaria rediviva,no,no,no,,y,y,10,,
Halle,10.10.2023,283,Gunnera manicata,no,no,no,,y,y,20,,
Halle,10.10.2023,283,Acorus calamus,no,y,no,,y,y,60,,
Halle,10.10.2023,283,Calla palustris,no,no,no,,y,y,95,,
Halle,10.10.2023,283,Trapa natans,no,y,no,,no,y,30,,
Halle,10.10.2023,283,Caltha palustris,no,no,no,,no,y,30,,
Halle,10.10.2023,283,Comarum palustre,no,y,no,,y,y,45,,
Halle,10.10.2023,283,Menyanthes trifoliata,no,no,no,,no,y,35,,
Halle,10.10.2023,283,Daphne laureola,no,no,no,,no,no,,,
Halle,18.10.2023,291,Oxalis acetosella,no,no,no,,no,y,5,,
Halle,18.10.2023,291,Galanthus nivalis,no,no,no,,no,no,,,
Halle,18.10.2023,291,Meconopsis grandis,no,y,no,,no,y,35,,
Halle,18.10.2023,291,Lunaria rediviva,no,no,no,,y,y,15,,
Halle,18.10.2023,291,Gunnera manicata,no,no,no,,y,y,20,,
Halle,18.10.2023,291,Acorus calamus,no,y,no,,y,y,60,,
Halle,18.10.2023,291,Calla palustris,no,no,no,,y,y,95,,
Halle,18.10.2023,291,Trapa natans,no,y,no,,no,y,40,,
Halle,18.10.2023,291,Caltha palustris,no,no,no,,no,y,35,,
Halle,18.10.2023,291,Comarum palustre,no,no,no,,y,y,45,,
Halle,18.10.2023,291,Menyanthes trifoliata,no,y,no,,no,y,35,,
Halle,18.10.2023,291,Daphne laureola,no,no,no,,no,no,,,
Halle,25.10.2023,298,Oxalis acetosella,no,no,no,,no,y,5,,
Halle,25.10.2023,298,Galanthus nivalis,no,no,no,,no,no,,,
Halle,25.10.2023,298,Meconopsis grandis,no,y,no,,no,y,40,,
Halle,25.10.2023,298,Lunaria rediviva,no,no,no,,y,y,25,,
Halle,25.10.2023,298,Gunnera manicata,no,no,no,,y,y,20,,
Halle,25.10.2023,298,Acorus calamus,no,y,no,,y,y,70,,
Halle,25.10.2023,298,Calla palustris,no,no,no,,y,y,95,,
Halle,25.10.2023,298,Trapa natans,no,no,no,,no,y,65,,
Halle,25.10.2023,298,Caltha palustris,no,no,no,,no,y,50,,
Halle,25.10.2023,298,Comarum palustre,no,no,no,,y,y,50,,
Halle,25.10.2023,298,Menyanthes trifoliata,no,no,no,,no,y,45,,
Halle,25.10.2023,298,Daphne laureola,no,no,no,,no,no,,,
Halle,02.11.2022,306,Aegopodium podagraria,no,no,no,,no,y,100,,
Halle,02.11.2022,306,Aquilegia vulgaris,no,y,no,,no,y,95,,
Halle,02.11.2022,306,Iberis sempervirens,no,y,no,,no,y,10,,
Halle,02.11.2022,306,Helianthemum nummularium,no,y,y,5,y,y,15,,
Halle,02.11.2022,306,Lavandula angustifolia,no,no,no,,y,y,70,,
Halle,02.11.2022,306,Allium victoralis,no,no,no,,no,no,,,
Halle,02.11.2022,306,Dryas octopetala,no,y,no,,y,y,45,,
Halle,02.11.2022,306,Thymus serpyllum,no,y,no,,no,y,15,,
Halle,02.11.2022,306,Saxifraga rotundifolia,no,no,no,,no,y,20,,
Halle,02.11.2022,306,Cakile maritima,no,no,no,,no,no,,,
Halle,02.11.2022,306,Honckenya peploides,no,no,no,,no,y,50,,
Halle,02.11.2022,306,Helleborus viridis,no,no,no,,no,y,85,,
Halle,02.11.2022,306,Vaccinium uliginosum,no,no,no,,no,y,55,,
Halle,02.11.2022,306,Aurinia saxatilis,no,y,no,,no,y,25,,
Halle,02.11.2022,306,Oenothera fruticosa,no,no,no,,no,y,80,,
Halle,02.11.2022,306,Oenothera missouriensis,no,no,no,,no,y,95,,
Halle,02.11.2022,306,Primula denticulata,no,y,no,,no,y,40,,
Halle,02.11.2022,306,Silene dioica,no,y,no,,no,y,85,,
Halle,02.11.2022,306,Helichrysum arenarium,no,y,no,,no,y,10,,
Halle,02.11.2022,306,Hyacinthoides non-scripta,no,no,no,,no,no,,,
Halle,08.11.2022,312,Oenothera missouriensis,no,no,no,,no,y,95,,
Halle,08.11.2022,312,Primula denticulata,no,y,no,,no,y,50,,
Halle,08.11.2022,312,Silene dioica,no,y,no,,no,y,90,,
Halle,08.11.2022,312,Helichrysum arenarium,no,y,no,,no,y,10,,
Halle,08.11.2022,312,Hyacinthoides non-scripta,no,no,no,,no,no,,,
Halle,08.11.2022,312,Aegopodium podagraria,no,no,no,,no,y,100,,
Halle,08.11.2022,312,Aquilegia vulgaris,no,y,no,,no,y,95,,
Halle,08.11.2022,312,Iberis sempervirens,no,y,no,,no,y,10,,
Halle,08.11.2022,312,Helianthemum nummularium,no,y,y,5,y,y,15,,
Halle,08.11.2022,312,Lavandula angustifolia,no,no,no,,y,y,80,,
Halle,08.11.2022,312,Allium victoralis,no,no,no,,no,no,,,
Halle,08.11.2022,312,Dryas octopetala,no,y,no,,y,y,50,,
Halle,08.11.2022,312,Thymus serpyllum,no,y,no,,no,y,15,,
Halle,08.11.2022,312,Saxifraga rotundifolia,no,no,no,,no,y,20,,
Halle,08.11.2022,312,Cakile maritima,no,no,no,,no,no,,,
Halle,08.11.2022,312,Honckenya peploides,no,no,no,,no,y,70,,
Halle,08.11.2022,312,Helleborus viridis,no,no,no,,no,y,95,,
Halle,08.11.2022,312,Vaccinium uliginosum,no,no,no,,no,y,75,,
Halle,08.11.2022,312,Aurinia saxatilis,no,y,no,,no,y,35,,
Halle,08.11.2022,312,Oenothera fruticosa,no,no,no,,no,y,90,,
Halle,15.11.2022,319,Aegopodium podagraria,no,no,no,,no,no,,,
Halle,15.11.2022,319,Aquilegia vulgaris,no,y,no,,no,y,10,cut total,
Halle,15.11.2022,319,Helianthemum nummularium,no,y,y,5,y,y,20,,
Halle,15.11.2022,319,Iberis sempervirens,no,y,no,,no,y,10,,
Halle,15.11.2022,319,Lavandula angustifolia,no,no,no,,y,y,95,,
Halle,15.11.2022,319,Allium victoralis,no,no,no,,no,no,,,
Halle,15.11.2022,319,Dryas octopetala,no,no,no,,no,y,65,,
Halle,15.11.2022,319,Thymus serpyllum,no,y,no,,no,y,15,,
Halle,15.11.2022,319,Saxifraga rotundifolia,no,no,no,,no,y,15,,
Halle,15.11.2022,319,Cakile maritima,no,no,no,,no,no,,,seed sown
Halle,15.11.2022,319,Honckenya peploides,no,no,no,,no,y,80,,
Halle,15.11.2022,319,Helleborus viridis,no,no,no,,no,y,100,,
Halle,15.11.2022,319,Vaccinium uliginosum,no,no,no,,no,y,95,,
Halle,15.11.2022,319,Aurinia saxatilis,no,y,no,,no,y,35,,
Halle,15.11.2022,319,Oenothera fruticosa,no,no,no,,no,y,90,,
Halle,15.11.2022,319,Oenothera missouriensis,no,no,no,,no,y,95,,
Halle,15.11.2022,319,Primula denticulata,no,y,no,,no,y,50,,
Halle,15.11.2022,319,Silene dioica,no,y,no,,no,y,95,,
Halle,15.11.2022,319,Helichrysum arenarium,no,y,no,,no,y,10,,
Halle,15.11.2022,319,Hyacinthoides non-scripta,no,no,no,,no,no,,,
Halle,22.11.2022,326,Aegopodium podagraria,no,no,no,,no,no,,,
Halle,22.11.2022,326,Aquilegia vulgaris,no,y,no,,no,y,10,,
Halle,22.11.2022,326,Iberis sempervirens,no,y,no,,no,y,10,,
Halle,22.11.2022,326,Helianthemum nummularium,no,y,y,5,y,y,20,,
Halle,22.11.2022,326,Lavandula angustifolia,no,no,no,,no,y,95,,
Halle,22.11.2022,326,Allium victoralis,no,no,no,,no,no,,,
Halle,22.11.2022,326,Dryas octopetala,no,no,no,,no,y,90,,
Halle,22.11.2022,326,Thymus serpyllum,no,y,no,,no,y,20,,
Halle,22.11.2022,326,Saxifraga rotundifolia,no,no,no,,no,y,15,,
Halle,22.11.2022,326,Cakile maritima,no,no,no,,no,no,,,
Halle,22.11.2022,326,Honckenya peploides,no,no,no,,no,y,95,,
Halle,22.11.2022,326,Helleborus viridis,no,no,no,,no,no,,,
Halle,22.11.2022,326,Vaccinium uliginosum,no,no,no,,no,y,100,,
Halle,22.11.2022,326,Aurinia saxatilis,no,y,no,,no,y,45,,
Halle,22.11.2022,326,Oenothera fruticosa,no,no,no,,no,y,95,,
Halle,22.11.2022,326,Oenothera missouriensis,no,no,no,,no,y,95,,
Halle,22.11.2022,326,Primula denticulata,no,y,no,,no,y,65,,
Halle,22.11.2022,326,Silene dioica,no,y,no,,no,y,95,,
Halle,22.11.2022,326,Helichrysum arenarium,no,y,no,,no,y,15,,
Halle,22.11.2022,326,Hyacinthoides non-scripta,no,no,no,,no,no,,,
Halle,05.12.2022,339,Aegopodium podagraria,no,no,no,,no,no,,,
Halle,05.12.2022,339,Aquilegia vulgaris,no,y,no,,no,y,15,,Snow
Halle,05.12.2022,339,Iberis sempervirens,no,y,no,,no,y,10,,
Halle,05.12.2022,339,Oenothera missouriensis,no,no,no,,no,y,100,,
Halle,05.12.2022,339,Primula denticulata,no,u,no,,no,y,90,,Snow
Halle,05.12.2022,339,Silene dioica,no,y,no,,no,y,95,,
Halle,05.12.2022,339,Helichrysum arenarium,no,y,no,,no,y,15,,Snow
Halle,05.12.2022,339,Hyacinthoides non-scripta,no,no,no,,no,no,,,
Halle,05.12.2022,339,Helianthemum nummularium,no,y,no,,no,y,30,,Snow
Halle,05.12.2022,339,Lavandula angustifolia,no,no,no,,no,y,95,,
Halle,05.12.2022,339,Allium victoralis,no,no,no,,no,no,,,
Halle,05.12.2022,339,Dryas octopetala,,,,,,,,,Snow
Halle,05.12.2022,339,Thymus serpyllum,,,,,,,,,Snow
Halle,05.12.2022,339,Saxifraga rotundifolia,no,no,no,,no,y,15,,
Halle,05.12.2022,339,Cakile maritima,no,no,no,,no,no,,,
Halle,05.12.2022,339,Honckenya peploides,no,no,no,,no,y,100,,
Halle,05.12.2022,339,Helleborus viridis,no,no,no,,no,no,,,
Halle,05.12.2022,339,Vaccinium uliginosum,no,no,no,,no,no,,,
Halle,05.12.2022,339,Aurinia saxatilis,no,y,no,,no,y,70,,
Halle,05.12.2022,339,Oenothera fruticosa,no,no,no,,no,y,95,,
Halle,21.12.2022,355,Aegopodium podagraria,no,no,no,,no,no,,,
Halle,21.12.2022,355,Aquilegia vulgaris,no,y,no,,no,y,20,,
Halle,21.12.2022,355,Iberis sempervirens,no,y,no,,no,y,10,,
Halle,21.12.2022,355,Helianthemum nummularium,no,y,no,,no,y,35,,
Halle,21.12.2022,355,Lavandula angustifolia,no,no,no,,no,y,100,,
Halle,21.12.2022,355,Allium victoralis,no,no,no,,no,no,,,
Halle,21.12.2022,355,Dryas octopetala,no,no,no,,no,y,95,,
Halle,21.12.2022,355,Thymus serpyllum,no,no,no,,no,y,20,,
Halle,21.12.2022,355,Saxifraga rotundifolia,no,no,no,,no,y,15,,
Halle,21.12.2022,355,Cakile maritima,no,no,no,,no,no,,,
Halle,21.12.2022,355,Honckenya peploides,no,no,no,,no,y,100,,
Halle,21.12.2022,355,Helleborus viridis,no,no,no,,no,no,,,
Halle,21.12.2022,355,Vaccinium uliginosum,no,no,no,,no,no,,,
Halle,21.12.2022,355,Aurinia saxatilis,no,y,no,,no,y,85,,
Halle,21.12.2022,355,Oenothera fruticosa,no,no,no,,no,y,95,covered natural,
Halle,21.12.2022,355,Oenothera missouriensis,no,no,no,,no,y,100,,
Halle,21.12.2022,355,Primula denticulata,no,no,no,,no,y,100,,
Halle,21.12.2022,355,Silene dioica,no,y,no,,no,y,95,,
Halle,21.12.2022,355,Helichrysum arenarium,no,u,no,,no,y,25,,
Halle,21.12.2022,355,Hyacinthoides non-scripta,no,no,no,,no,no,,,
Halle,06.01.2023,6,Aegopodium podagraria,no,no,no,,no,no,,,
Halle,06.01.2023,6,Aquilegia vulgaris,no,y,no,,no,y,10,,
Halle,06.01.2023,6,Iberis sempervirens,no,y,no,,no,y,10,,flower buds
Halle,06.01.2023,6,Helianthemum nummularium,no,y,no,,no,y,45,,
Halle,06.01.2023,6,Lavandula angustifolia,y,y,no,,no,y,95,,
Halle,06.01.2023,6,Allium victoralis,no,no,no,,no,no,,,
Halle,06.01.2023,6,Dryas octopetala,y,y,no,,no,y,95,,
Halle,06.01.2023,6,Thymus serpyllum,no,no,no,,no,y,15,,
Halle,06.01.2023,6,Saxifraga rotundifolia,no,y,no,,no,y,10,,
Halle,06.01.2023,6,Cakile maritima,no,no,no,,no,no,,,
Halle,06.01.2023,6,Honckenya peploides,no,no,no,,no,y,100,,
Halle,06.01.2023,6,Helleborus viridis,y,y,y,15,no,no,,,
Halle,06.01.2023,6,Vaccinium uliginosum,no,no,no,,no,no,,,
Halle,06.01.2023,6,Aurinia saxatilis,no,y,no,,no,y,70,,
Halle,06.01.2023,6,Oenothera fruticosa,no,y,no,,no,y,95,,
Halle,06.01.2023,6,Oenothera missouriensis,no,no,no,,no,y,100,,
Halle,06.01.2023,6,Primula denticulata,y,y,no,,no,no,,,
Halle,06.01.2023,6,Silene dioica,no,y,no,,no,y,95,,
Halle,06.01.2023,6,Helichrysum arenarium,no,y,no,,no,y,25,,
Halle,06.01.2023,6,Hyacinthoides non-scripta,y,y,no,,no,no,,,only one plant!
Halle,10.01.2023,10,Aegopodium podagraria,no,no,no,,no,no,,,
Halle,10.01.2023,10,Aquilegia vulgaris,no,y,no,,no,y,10,,
Halle,10.01.2023,10,Iberis sempervirens,no,y,no,,no,y,10,,flower buds
Halle,10.01.2023,10,Helianthemum nummularium,no,y,no,,no,y,45,,
Halle,10.01.2023,10,Lavandula angustifolia,no,y,no,,no,y,95,,
Halle,10.01.2023,10,Allium victoralis,no,no,no,,no,no,,,
Halle,10.01.2023,10,Dryas octopetala,no,y,no,,no,y,95,,
Halle,10.01.2023,10,Thymus serpyllum,no,no,no,,no,y,15,,
Halle,10.01.2023,10,Saxifraga rotundifolia,u,y,no,,no,y,10,,
Halle,10.01.2023,10,Cakile maritima,no,no,no,,no,no,,,
Halle,10.01.2023,10,Honckenya peploides,no,no,no,,no,y,100,,
Halle,10.01.2023,10,Helleborus viridis,no,y,y,20,no,no,,,
Halle,10.01.2023,10,Vaccinium uliginosum,no,no,no,,no,no,,,
Halle,10.01.2023,10,Aurinia saxatilis,no,y,no,,no,y,70,,
Halle,10.01.2023,10,Oenothera fruticosa,no,y,no,,no,no,,cut total,
Halle,10.01.2023,10,Oenothera missouriensis,no,no,no,,no,y,100,,
Halle,10.01.2023,10,Primula denticulata,no,y,no,,no,no,,,
Halle,10.01.2023,10,Silene dioica,no,y,no,,no,no,,cut total,
Halle,10.01.2023,10,Helichrysum arenarium,no,y,no,,no,y,25,,
Halle,10.01.2023,10,Hyacinthoides non-scripta,no,no,no,,no,no,,,only one plant
Halle,18.01.2023,18,Allium victoralis,no,no,no,,no,no,,,
Halle,18.01.2023,18,Dryas octopetala,no,y,no,,no,y,95,,
Halle,18.01.2023,18,Thymus serpyllum,no,no,no,,no,y,15,,
Halle,18.01.2023,18,Saxifraga rotundifolia,y,y,no,,no,y,10,,
Halle,18.01.2023,18,Aegopodium podagraria,no,no,no,,no,no,,,
Halle,18.01.2023,18,Aquilegia vulgaris,y,y,no,,no,y,10,,
Halle,18.01.2023,18,Iberis sempervirens,no,y,no,,no,y,10,,flower buds
Halle,18.01.2023,18,Helianthemum nummularium,no,y,no,,no,y,45,,
Halle,18.01.2023,18,Lavandula angustifolia,no,y,no,,no,y,95,,
Halle,18.01.2023,18,Honckenya peploides,no,no,no,,no,no,,,
Halle,18.01.2023,18,Helleborus viridis,no,y,y,90,no,no,,,
Halle,18.01.2023,18,Vaccinium uliginosum,no,no,no,,no,no,,,
Halle,18.01.2023,18,Aurinia saxatilis,y,y,no,,no,y,70,,
Halle,18.01.2023,18,Oenothera fruticosa,no,y,no,,no,no,,,
Halle,18.01.2023,18,Oenothera missouriensis,no,no,no,,no,no,,,
Halle,18.01.2023,18,Primula denticulata,no,y,no,,no,no,,,
Halle,18.01.2023,18,Silene dioica,no,y,no,,no,no,,,
Halle,18.01.2023,18,Helichrysum arenarium,no,y,no,,no,y,25,,
Halle,18.01.2023,18,Hyacinthoides non-scripta,no,no,no,,no,no,,,
Halle,18.01.2023,18,Cakile maritima,no,no,no,,no,no,,,
Halle,25.01.2023,25,Helianthemum nummularium,no,y,no,,no,y,45,,
Halle,25.01.2023,25,Lavandula angustifolia,no,y,no,,no,y,95,,
Halle,25.01.2023,25,Allium victoralis,no,no,no,,no,no,,,
Halle,25.01.2023,25,Dryas octopetala,no,y,no,,no,y,95,,
Halle,25.01.2023,25,Thymus serpyllum,no,y,no,,no,y,15,,
Halle,25.01.2023,25,Saxifraga rotundifolia,no,y,no,,no,y,10,,
Halle,25.01.2023,25,Cakile maritima,no,no,no,,no,no,,,
Halle,25.01.2023,25,Honckenya peploides,no,no,no,,no,no,,,
Halle,25.01.2023,25,Helleborus viridis,no,y,y,90,no,no,,,
Halle,25.01.2023,25,Vaccinium uliginosum,no,no,no,,no,no,,,
Halle,25.01.2023,25,Aurinia saxatilis,no,y,no,,no,y,70,,
Halle,25.01.2023,25,Oenothera fruticosa,no,y,no,,no,no,,,
Halle,25.01.2023,25,Oenothera missouriensis,no,no,no,,no,no,,,
Halle,25.01.2023,25,Primula denticulata,no,y,no,,no,no,,,
Halle,25.01.2023,25,Silene dioica,no,y,no,,no,no,,,
Halle,25.01.2023,25,Helichrysum arenarium,no,y,no,,no,y,25,,
Halle,25.01.2023,25,Hyacinthoides non-scripta,no,no,no,,no,no,,,
Halle,25.01.2023,25,Aegopodium podagraria,no,no,no,,no,no,,,
Halle,25.01.2023,25,Aquilegia vulgaris,no,y,no,,no,y,5,,
Halle,25.01.2023,25,Iberis sempervirens,no,y,no,,no,y,10,,
Halle,01.02.2023,32,Helleborus viridis,no,y,y,95,no,no,,,
Halle,01.02.2023,32,Vaccinium uliginosum,no,no,no,,no,no,,,
Halle,01.02.2023,32,Aurinia saxatilis,no,y,no,,no,y,5,,
Halle,01.02.2023,32,Oenothera missouriensis,no,no,no,,no,no,,,
Halle,01.02.2023,32,Primula denticulata,no,y,no,,no,no,,,
Halle,01.02.2023,32,Silene dioica,no,y,no,,no,no,,,
Halle,01.02.2023,32,Helichrysum arenarium,no,y,no,,no,y,30,,
Halle,01.02.2023,32,Hyacinthoides non-scripta,no,no,no,,no,no,,,
Halle,01.02.2023,32,Aegopodium podagraria,no,no,no,,no,no,,,
Halle,01.02.2023,32,Aquilegia vulgaris,no,y,no,,no,y,5,,
Halle,01.02.2023,32,Iberis sempervirens,no,y,no,,no,y,10,,
Halle,01.02.2023,32,Helianthemum nummularium,no,y,no,,no,y,45,,
Halle,01.02.2023,32,Lavandula angustifolia,no,y,no,,no,y,95,,
Halle,01.02.2023,32,Allium victoralis,no,no,no,,no,no,,,
Halle,01.02.2023,32,Dryas octopetala,no,y,no,,no,y,95,,
Halle,01.02.2023,32,Thymus serpyllum,no,y,no,,no,y,15,,
Halle,01.02.2023,32,Saxifraga rotundifolia,no,y,no,,no,y,5,,
Halle,01.02.2023,32,Cakile maritima,no,no,no,,no,no,,,
Halle,01.02.2023,32,Honckenya peploides,no,no,no,,no,no,,,
Halle,01.02.2023,32,Oenothera fruticosa,no,y,no,,no,no,,,
Halle,07.02.2023,38,Aegopodium podagraria,no,no,no,,no,no,,,
Halle,07.02.2023,38,Aquilegia vulgaris,no,y,no,,no,y,5,,
Halle,07.02.2023,38,Iberis sempervirens,no,y,no,,no,y,10,,
Halle,07.02.2023,38,Helianthemum nummularium,no,y,no,,no,y,45,,
Halle,07.02.2023,38,Lavandula angustifolia,no,y,no,,no,y,95,,
Halle,07.02.2023,38,Allium victoralis,no,no,no,,no,no,,,
Halle,07.02.2023,38,Dryas octopetala,no,y,no,,no,y,95,,
Halle,07.02.2023,38,Thymus serpyllum,no,y,no,,no,y,15,,
Halle,07.02.2023,38,Saxifraga rotundifolia,no,y,no,,no,y,5,,
Halle,07.02.2023,38,Cakile maritima,no,no,no,,no,no,,,
Halle,07.02.2023,38,Honckenya peploides,no,no,no,,no,no,,,
Halle,07.02.2023,38,Helleborus viridis,no,y,y,95,no,no,,,
Halle,07.02.2023,38,Vaccinium uliginosum,no,no,no,,no,no,,,
Halle,07.02.2023,38,Aurinia saxatilis,no,y,no,,no,y,5,,
Halle,07.02.2023,38,Oenothera fruticosa,no,y,no,,no,no,,,
Halle,07.02.2023,38,Oenothera missouriensis,no,no,no,,no,no,,,
Halle,07.02.2023,38,Primula denticulata,no,y,no,,no,no,,,
Halle,07.02.2023,38,Silene dioica,no,no,no,,no,no,,,
Halle,07.02.2023,38,Helichrysum arenarium,no,y,no,,no,y,35,,
Halle,07.02.2023,38,Hyacinthoides non-scripta,no,no,no,,no,no,,,
Halle,16.02.2023,47,Helichrysum arenarium,no,y,no,,no,y,20,,
Halle,16.02.2023,47,Hyacinthoides non-scripta,u,u,no,,no,no,,,
Halle,16.02.2023,47,Aegopodium podagraria,no,no,no,,no,no,,,
Halle,16.02.2023,47,Aquilegia vulgaris,no,y,no,,no,y,5,,
Halle,16.02.2023,47,Iberis sempervirens,no,y,no,,no,y,10,,
Halle,16.02.2023,47,Helianthemum nummularium,no,y,no,,no,y,45,,
Halle,16.02.2023,47,Lavandula angustifolia,no,y,no,,no,y,95,,
Halle,16.02.2023,47,Allium victoralis,no,no,no,,no,no,,,
Halle,16.02.2023,47,Dryas octopetala,no,y,no,,no,y,90,,
Halle,16.02.2023,47,Thymus serpyllum,no,y,no,,no,y,15,,
Halle,16.02.2023,47,Saxifraga rotundifolia,no,y,no,,no,y,5,,
Halle,16.02.2023,47,Cakile maritima,no,no,no,,no,no,,,
Halle,16.02.2023,47,Honckenya peploides,no,no,no,,no,no,,,
Halle,16.02.2023,47,Helleborus viridis,no,y,y,100,no,no,,,
Halle,16.02.2023,47,Vaccinium uliginosum,no,no,no,,no,no,,,
Halle,16.02.2023,47,Aurinia saxatilis,no,y,no,,no,y,5,,
Halle,16.02.2023,47,Oenothera fruticosa,no,y,no,,no,no,,,
Halle,16.02.2023,47,Oenothera missouriensis,no,no,no,,no,no,,,
Halle,16.02.2023,47,Primula denticulata,no,y,no,,no,no,,,
Halle,16.02.2023,47,Silene dioica,no,y,no,,no,no,,,
Halle,28.02.2023,59,Aegopodium podagraria,y,y,no,,no,no,,,
Halle,28.02.2023,59,Aquilegia vulgaris,no,y,no,,no,no,,,
Halle,28.02.2023,59,Iberis sempervirens,no,y,no,,no,y,10,,
Halle,28.02.2023,59,Helianthemum nummularium,no,y,no,,no,y,45,,
Halle,28.02.2023,59,Lavandula angustifolia,no,y,no,,no,y,95,,
Halle,28.02.2023,59,Allium victoralis,no,no,no,,no,no,,,
Halle,28.02.2023,59,Dryas octopetala,no,y,no,,no,y,80,,
Halle,28.02.2023,59,Thymus serpyllum,no,y,no,,no,y,25,,
Halle,28.02.2023,59,Saxifraga rotundifolia,no,y,no,,no,y,5,,
Halle,28.02.2023,59,Cakile maritima,no,no,no,,no,no,,,
Halle,28.02.2023,59,Honckenya peploides,no,no,no,,no,no,,,
Halle,28.02.2023,59,Helleborus viridis,no,y,y,60,no,no,,,
Halle,28.02.2023,59,Vaccinium uliginosum,y,no,no,,no,no,,,
Halle,28.02.2023,59,Aurinia saxatilis,no,y,no,,no,y,5,,
Halle,28.02.2023,59,Oenothera fruticosa,no,y,no,,no,no,,,leaves removed
Halle,28.02.2023,59,Oenothera missouriensis,no,no,no,,no,no,,,
Halle,28.02.2023,59,Primula denticulata,no,y,no,,no,no,,,
Halle,28.02.2023,59,Silene dioica,no,y,no,,no,no,,,
Halle,28.02.2023,59,Helichrysum arenarium,no,y,no,,no,y,20,,
Halle,28.02.2023,59,Hyacinthoides non-scripta,y,y,no,,no,no,,,
Halle,10.03.2023,69,Aquilegia vulgaris,no,y,no,,no,no,,,
Halle,10.03.2023,69,Iberis sempervirens,no,y,no,,no,y,10,,
Halle,10.03.2023,69,Helianthemum nummularium,no,y,no,,no,y,45,,
Halle,10.03.2023,69,Lavandula angustifolia,no,y,no,,no,y,95,,
Halle,10.03.2023,69,Allium victoralis,no,no,no,,no,no,,,
Halle,10.03.2023,69,Dryas octopetala,no,y,no,,no,y,75,,
Halle,10.03.2023,69,Thymus serpyllum,no,y,no,,no,y,40,,
Halle,10.03.2023,69,Saxifraga rotundifolia,no,y,no,,no,y,5,,
Halle,10.03.2023,69,Cakile maritima,no,no,no,,no,no,,,
Halle,10.03.2023,69,Honckenya peploides,no,no,no,,no,no,,,
Halle,10.03.2023,69,Helleborus viridis,no,y,y,90,no,no,,,
Halle,10.03.2023,69,Vaccinium uliginosum,y,no,no,,no,no,,,
Halle,10.03.2023,69,Aurinia saxatilis,no,y,no,,no,y,5,,
Halle,10.03.2023,69,Oenothera fruticosa,no,y,no,,no,no,,,
Halle,10.03.2023,69,Oenothera missouriensis,y,no,no,,no,no,,,
Halle,10.03.2023,69,Primula denticulata,no,y,no,,no,no,,,flower buds
Halle,10.03.2023,69,Silene dioica,no,y,no,,no,no,,,
Halle,10.03.2023,69,Helichrysum arenarium,no,y,no,,no,y,30,,
Halle,10.03.2023,69,Hyacinthoides non-scripta,no,y,no,,no,no,,,
Halle,10.03.2023,69,Aegopodium podagraria,no,y,no,,no,no,,,
Halle,16.03.2023,75,Aegopodium podagraria,no,y,no,,no,no,,,
Halle,16.03.2023,75,Aquilegia vulgaris,no,y,no,,no,no,,,
Halle,16.03.2023,75,Iberis sempervirens,no,y,no,,no,y,15,,
Halle,16.03.2023,75,Helianthemum nummularium,no,y,no,,no,y,45,,
Halle,16.03.2023,75,Lavandula angustifolia,no,y,no,,no,y,5,cut partly,
Halle,16.03.2023,75,Allium victoralis,no,no,no,,no,no,,,
Halle,16.03.2023,75,Dryas octopetala,no,y,no,,no,y,70,,
Halle,16.03.2023,75,Thymus serpyllum,no,y,no,,no,y,45,,
Halle,16.03.2023,75,Saxifraga rotundifolia,no,y,no,,no,y,5,,
Halle,16.03.2023,75,Cakile maritima,no,no,no,,no,no,,,
Halle,16.03.2023,75,Honckenya peploides,no,no,no,,no,no,,,
Halle,16.03.2023,75,Helleborus viridis,no,no,y,40,no,no,,,
Halle,16.03.2023,75,Vaccinium uliginosum,y,no,no,,no,no,,,
Halle,16.03.2023,75,Aurinia saxatilis,no,y,no,,no,y,5,,
Halle,16.03.2023,75,Oenothera fruticosa,no,y,no,,no,y,5,,
Halle,16.03.2023,75,Oenothera missouriensis,y,no,no,,no,no,,,
Halle,16.03.2023,75,Primula denticulata,no,y,y,5,no,no,,,
Halle,16.03.2023,75,Silene dioica,no,y,no,,no,no,,,
Halle,16.03.2023,75,Helichrysum arenarium,no,y,no,,no,y,25,,
Halle,16.03.2023,75,Hyacinthoides non-scripta,no,y,no,,no,no,,,
Halle,24.03.2023,83,Aegopodium podagraria,no,y,no,,no,no,,,
Halle,24.03.2023,83,Aquilegia vulgaris,no,y,no,,no,no,,,
Halle,24.03.2023,83,Iberis sempervirens,no,y,y,5,no,y,10,,
Halle,24.03.2023,83,Helianthemum nummularium,no,y,no,,no,y,10,cut partly,
Halle,24.03.2023,83,Lavandula angustifolia,no,y,no,,no,y,5,,
Halle,24.03.2023,83,Allium victoralis,y,no,no,,no,no,,,
Halle,24.03.2023,83,Dryas octopetala,no,y,no,,no,y,60,,
Halle,24.03.2023,83,Thymus serpyllum,no,y,no,,no,y,40,,
Halle,24.03.2023,83,Saxifraga rotundifolia,no,y,no,,no,y,5,,
Halle,24.03.2023,83,Cakile maritima,no,no,no,,no,no,,,
Halle,24.03.2023,83,Honckenya peploides,no,no,no,,no,no,,,
Halle,24.03.2023,83,Helleborus viridis,no,no,y,5,no,no,,,
Halle,24.03.2023,83,Vaccinium uliginosum,y,y,no,,no,no,,,
Halle,24.03.2023,83,Aurinia saxatilis,no,y,no,,no,y,5,,
Halle,24.03.2023,83,Oenothera fruticosa,no,y,no,,no,y,10,,
Halle,24.03.2023,83,Oenothera missouriensis,y,no,no,,no,no,,,
Halle,24.03.2023,83,Primula denticulata,no,y,y,60,no,no,,,
Halle,24.03.2023,83,Silene dioica,no,y,no,,no,no,,,
Halle,24.03.2023,83,Helichrysum arenarium,no,y,no,,no,y,20,,
Halle,24.03.2023,83,Hyacinthoides non-scripta,no,y,no,,no,no,,,
Halle,28.03.2023,87,Aegopodium podagraria,no,no,y,30,no,no,,,
Halle,28.03.2023,87,Aquilegia vulgaris,no,no,y,60,no,y,5,,
Halle,28.03.2023,87,Iberis sempervirens,no,y,no,,no,y,30,,
Halle,28.03.2023,87,Helianthemum nummularium,no,y,y,30,no,y,5,,
Halle,28.03.2023,87,Lavandula angustifolia,no,y,no,,no,y,5,,
Halle,28.03.2023,87,Allium victoralis,no,no,y,5,no,no,,,
Halle,28.03.2023,87,Dryas octopetala,no,y,no,,y,y,10,,
Halle,28.03.2023,87,Thymus serpyllum,no,y,no,,no,y,50,,
Halle,28.03.2023,87,Saxifraga rotundifolia,no,no,y,95,no,y,10,,
Halle,28.03.2023,87,Cakile maritima,no,no,no,,no,no,,,
Halle,28.03.2023,87,Honckenya peploides,no,y,no,,no,y,5,,
Halle,28.03.2023,87,Helleborus viridis,no,no,no,,y,y,20,,
Halle,28.03.2023,87,Vaccinium uliginosum,no,y,no,,no,no,,,
Halle,28.03.2023,87,Aurinia saxatilis,no,y,y,5,no,y,5,,
Halle,28.03.2023,87,Oenothera fruticosa,no,y,no,,no,y,5,,
Halle,28.03.2023,87,Oenothera missouriensis,no,y,no,,no,no,,,
Halle,28.03.2023,87,Primula denticulata,no,y,no,,y,y,5,,
Halle,28.03.2023,87,Silene dioica,no,y,y,60,no,y,5,,
Halle,28.03.2023,87,Helichrysum arenarium,no,y,y,5,no,no,,,
Halle,28.03.2023,87,Hyacinthoides non-scripta,no,no,y,5,no,y,20,,
Halle,28.03.2023,87,Primula denticulata,no,y,y,70,no,no,,,
Halle,28.03.2023,87,Silene dioica,no,y,no,,no,no,,,
Halle,28.03.2023,87,Helichrysum arenarium,no,y,no,,no,y,15,,
Halle,28.03.2023,87,Hyacinthoides non-scripta,no,y,no,,no,no,,,
Halle,28.03.2023,87,Aegopodium podagraria,no,y,no,,no,no,,,
Halle,28.03.2023,87,Aquilegia vulgaris,no,y,no,,no,no,,,
Halle,28.03.2023,87,Iberis sempervirens,no,y,y,10,no,no,,,
Halle,28.03.2023,87,Helianthemum nummularium,no,y,no,,no,y,10,,
Halle,28.03.2023,87,Lavandula angustifolia,y,y,no,,no,y,5,,
Halle,28.03.2023,87,Allium victoralis,y,no,no,,no,no,,,
Halle,28.03.2023,87,Dryas octopetala,no,y,no,,no,y,55,,
Halle,28.03.2023,87,Thymus serpyllum,no,y,no,,no,y,35,,
Halle,28.03.2023,87,Saxifraga rotundifolia,no,y,no,,no,y,5,,
Halle,28.03.2023,87,Honckenya peploides,y,y,no,,no,no,,,
Halle,28.03.2023,87,Cakile maritima,no,no,no,,no,no,,,
Halle,28.03.2023,87,Helleborus viridis,no,no,no,,no,no,,,
Halle,28.03.2023,87,Vaccinium uliginosum,no,y,no,,no,no,,,
Halle,28.03.2023,87,Aurinia saxatilis,no,y,no,,no,y,5,,
Halle,28.03.2023,87,Oenothera fruticosa,no,y,no,,no,y,10,,
Halle,28.03.2023,87,Oenothera missouriensis,y,no,no,,no,no,,,
Halle,03.04.2023,93,Aegopodium podagraria,no,y,no,,no,no,,,
Halle,03.04.2023,93,Aquilegia vulgaris,no,y,no,,no,no,,,
Halle,03.04.2023,93,Iberis sempervirens,no,y,y,40,no,no,,,
Halle,03.04.2023,93,Helianthemum nummularium,no,y,no,,no,y,10,,
Halle,03.04.2023,93,Lavandula angustifolia,no,y,no,,no,y,5,,
Halle,03.04.2023,93,Allium victoralis,no,y,no,,no,no,,,
Halle,03.04.2023,93,Dryas octopetala,no,y,no,,no,y,40,,
Halle,03.04.2023,93,Thymus serpyllum,no,y,no,,no,y,25,,
Halle,03.04.2023,93,Saxifraga rotundifolia,no,y,no,,no,y,5,,
Halle,03.04.2023,93,Cakile maritima,no,no,no,,no,no,,,
Halle,03.04.2023,93,Honckenya peploides,no,y,no,,no,no,,,
Halle,03.04.2023,93,Helleborus viridis,no,no,no,,no,no,,,
Halle,03.04.2023,93,Vaccinium uliginosum,no,y,no,,no,no,,,
Halle,03.04.2023,93,Aurinia saxatilis,no,y,no,,no,y,5,,
Halle,03.04.2023,93,Oenothera fruticosa,no,y,no,,no,y,10,,
Halle,03.04.2023,93,Oenothera missouriensis,y,no,no,,no,no,,,
Halle,03.04.2023,93,Primula denticulata,no,y,y,80,no,no,,,
Halle,03.04.2023,93,Silene dioica,no,y,no,,no,no,,,
Halle,03.04.2023,93,Helichrysum arenarium,no,y,no,,no,y,10,,
Halle,03.04.2023,93,Hyacinthoides non-scripta,no,y,no,,no,no,,,
Halle,14.04.2023,104,Hyacinthoides non-scripta,no,y,no,,no,no,,,
Halle,14.04.2023,104,Aurinia saxatilis,no,y,y,5,no,y,5,,
Halle,14.04.2023,104,Aegopodium podagraria,no,y,no,,no,no,,,
Halle,14.04.2023,104,Aquilegia vulgaris,no,y,no,,no,no,,,
Halle,14.04.2023,104,Iberis sempervirens,no,y,y,60,no,no,,,
Halle,14.04.2023,104,Helianthemum nummularium,no,y,no,,no,y,10,,
Halle,14.04.2023,104,Lavandula angustifolia,no,y,no,,no,y,5,,
Halle,14.04.2023,104,Allium victoralis,no,y,no,,no,no,,,
Halle,14.04.2023,104,Dryas octopetala,no,y,no,,no,y,35,,
Halle,14.04.2023,104,Thymus serpyllum,no,y,no,,no,y,20,,
Halle,14.04.2023,104,Saxifraga rotundifolia,no,y,no,,no,y,5,,
Halle,14.04.2023,104,Cakile maritima,no,no,no,,no,no,,,
Halle,14.04.2023,104,Honckenya peploides,no,y,no,,no,no,,,
Halle,14.04.2023,104,Helleborus viridis,no,no,no,,no,y,5,,
Halle,14.04.2023,104,Vaccinium uliginosum,no,y,no,,no,no,,,
Halle,14.04.2023,104,Oenothera fruticosa,no,y,no,,no,y,5,,
Halle,14.04.2023,104,Oenothera missouriensis,y,y,no,,no,no,,,
Halle,14.04.2023,104,Primula denticulata,no,y,y,95,no,no,,,
Halle,14.04.2023,104,Silene dioica,no,y,no,,no,no,,,
Halle,14.04.2023,104,Helichrysum arenarium,no,y,no,,no,y,5,,
Halle,24.04.2023,114,Aegopodium podagraria,no,y,no,,no,no,,,
Halle,24.04.2023,114,Aquilegia vulgaris,no,y,no,,no,no,,,flower buds
Halle,24.04.2023,114,Iberis sempervirens,no,y,y,90,no,no,,,
Halle,24.04.2023,114,Helianthemum nummularium,no,y,no,,no,y,5,,
Halle,24.04.2023,114,Lavandula angustifolia,no,y,no,,no,y,5,,
Halle,24.04.2023,114,Allium victoralis,no,y,no,,no,no,,,flower buds
Halle,24.04.2023,114,Dryas octopetala,no,y,no,,no,y,35,,
Halle,24.04.2023,114,Thymus serpyllum,no,y,no,,no,y,20,,
Halle,24.04.2023,114,Saxifraga rotundifolia,no,y,y,5,no,y,5,,
Halle,24.04.2023,114,Cakile maritima,no,no,no,,no,no,,,
Halle,24.04.2023,114,Honckenya peploides,no,y,no,,no,no,,,
Halle,24.04.2023,114,Helleborus viridis,no,no,no,,no,y,5,,
Halle,24.04.2023,114,Vaccinium uliginosum,no,y,y,60,no,no,,,
Halle,24.04.2023,114,Aurinia saxatilis,no,y,y,60,no,y,5,,
Halle,24.04.2023,114,Oenothera fruticosa,no,y,no,,no,y,5,,
Halle,24.04.2023,114,Oenothera missouriensis,no,y,no,,no,no,,,
Halle,24.04.2023,114,Primula denticulata,no,y,y,15,no,no,,,
Halle,24.04.2023,114,Silene dioica,no,y,no,,no,no,,,
Halle,24.04.2023,114,Helichrysum arenarium,no,y,no,,no,y,5,,
Halle,24.04.2023,114,Hyacinthoides non-scripta,no,y,no,,no,no,,,flower buds
Halle,04.05.2023,124,Aegopodium podagraria,no,no,no,,no,no,,,
Halle,04.05.2023,124,Aquilegia vulgaris,no,y,y,5,no,no,,,
Halle,04.05.2023,124,Iberis sempervirens,no,y,y,85,no,y,20,,
Halle,04.05.2023,124,Helianthemum nummularium,no,y,no,,no,y,5,,
Halle,04.05.2023,124,Lavandula angustifolia,no,y,no,,no,y,5,,
Halle,04.05.2023,124,Allium victoralis,no,y,no,,no,no,,,flower buds
Halle,04.05.2023,124,Dryas octopetala,no,y,y,95,no,y,20,,
Halle,04.05.2023,124,Thymus serpyllum,no,y,no,,no,y,15,,
Halle,04.05.2023,124,Saxifraga rotundifolia,no,y,y,10,no,y,5,,
Halle,04.05.2023,124,Cakile maritima,no,no,no,,no,no,,,
Halle,04.05.2023,124,Honckenya peploides,no,y,no,,no,no,,,flower buds
Halle,04.05.2023,124,Helleborus viridis,no,no,no,,no,y,5,,
Halle,04.05.2023,124,Vaccinium uliginosum,no,y,y,10,no,no,,,
Halle,04.05.2023,124,Aurinia saxatilis,no,y,y,100,no,y,5,,
Halle,04.05.2023,124,Oenothera fruticosa,no,y,no,,no,y,5,,
Halle,04.05.2023,124,Oenothera missouriensis,no,y,no,,no,no,,,
Halle,04.05.2023,124,Primula denticulata,no,y,y,5,no,no,,,
Halle,04.05.2023,124,Silene dioica,no,y,no,,no,no,,,
Halle,04.05.2023,124,Helichrysum arenarium,no,y,no,,no,y,5,,
Halle,04.05.2023,124,Hyacinthoides non-scripta,no,y,y,5,no,no,,,
Halle,12.05.2023,132,Honckenya peploides,no,y,no,,no,no,,,
Halle,12.05.2023,132,Helleborus viridis,no,no,no,,no,y,10,,
Halle,12.05.2023,132,Vaccinium uliginosum,no,y,no,,no,no,,,
Halle,12.05.2023,132,Aurinia saxatilis,no,y,y,100,no,y,5,,
Halle,12.05.2023,132,Oenothera fruticosa,no,y,no,,no,y,5,,
Halle,12.05.2023,132,Oenothera missouriensis,no,y,no,,no,no,,,
Halle,12.05.2023,132,Primula denticulata,no,y,no,,no,no,,,
Halle,12.05.2023,132,Silene dioica,no,y,y,5,no,no,,,
Halle,12.05.2023,132,Helichrysum arenarium,no,y,no,,no,y,5,,
Halle,12.05.2023,132,Hyacinthoides non-scripta,no,no,y,100,no,no,,,
Halle,12.05.2023,132,Aegopodium podagraria,no,no,no,,no,no,,,
Halle,12.05.2023,132,Aquilegia vulgaris,no,y,y,50,no,y,5,,
Halle,12.05.2023,132,Iberis sempervirens,no,y,y,20,no,y,20,,
Halle,12.05.2023,132,Helianthemum nummularium,no,y,no,,no,y,5,,
Halle,12.05.2023,132,Lavandula angustifolia,no,y,no,,no,y,5,,
Halle,12.05.2023,132,Allium victoralis,no,no,no,,no,no,,,
Halle,12.05.2023,132,Dryas octopetala,no,y,y,35,no,y,15,,
Halle,12.05.2023,132,Thymus serpyllum,no,y,no,,no,y,15,,
Halle,12.05.2023,132,Saxifraga rotundifolia,no,y,y,35,no,y,10,,
Halle,12.05.2023,132,Cakile maritima,no,no,no,,no,no,,,
Halle,16.05.2023,136,Hyacinthoides non-scripta,no,no,y,100,no,no,,,
Halle,16.05.2023,136,Aegopodium podagraria,no,no,no,,no,no,,,
Halle,16.05.2023,136,Aquilegia vulgaris,no,y,y,95,no,y,5,,
Halle,16.05.2023,136,Iberis sempervirens,no,y,y,5,no,y,20,,
Halle,16.05.2023,136,Helianthemum nummularium,no,y,no,,no,y,5,,
Halle,16.05.2023,136,Lavandula angustifolia,no,y,no,,no,y,5,,
Halle,16.05.2023,136,Allium victoralis,no,no,y,5,no,no,,,
Halle,16.05.2023,136,Dryas octopetala,no,y,y,15,no,y,10,,
Halle,16.05.2023,136,Thymus serpyllum,no,y,no,,no,y,10,,
Halle,16.05.2023,136,Saxifraga rotundifolia,no,y,y,45,no,y,10,,
Halle,16.05.2023,136,Cakile maritima,no,no,no,,no,no,,,
Halle,16.05.2023,136,Honckenya peploides,no,y,no,,no,no,,,
Halle,16.05.2023,136,Helleborus viridis,no,no,no,,y,y,10,,
Halle,16.05.2023,136,Vaccinium uliginosum,no,y,no,,no,no,,,
Halle,16.05.2023,136,Aurinia saxatilis,no,y,y,90,no,y,5,,
Halle,16.05.2023,136,Oenothera fruticosa,no,y,no,,no,y,5,,
Halle,16.05.2023,136,Oenothera missouriensis,no,y,no,,no,no,,,
Halle,16.05.2023,136,Primula denticulata,no,y,no,,u,no,,,
Halle,16.05.2023,136,Silene dioica,no,y,y,5,no,no,,,
Halle,16.05.2023,136,Helichrysum arenarium,no,y,no,,no,y,5,,
Halle,26.05.2023,146,Honckenya peploides,no,y,no,,no,no,,,
Halle,26.05.2023,146,Silene dioica,no,y,y,10,no,no,,,
Halle,26.05.2023,146,Helichrysum arenarium,no,y,no,,no,y,5,,
Halle,26.05.2023,146,Hyacinthoides non-scripta,no,no,y,10,no,no,,,
Halle,26.05.2023,146,Aegopodium podagraria,no,no,no,,no,no,,,
Halle,26.05.2023,146,Aquilegia vulgaris,no,y,y,90,no,y,5,,
Halle,26.05.2023,146,Iberis sempervirens,no,no,no,,no,y,35,,
Halle,26.05.2023,146,Helianthemum nummularium,no,y,y,5,no,y,5,,
Halle,26.05.2023,146,Lavandula angustifolia,no,y,no,,no,y,5,,
Halle,26.05.2023,146,Allium victoralis,no,no,y,95,no,no,,,
Halle,26.05.2023,146,Dryas octopetala,no,y,no,,y,y,10,,
Halle,26.05.2023,146,Thymus serpyllum,no,y,no,,no,y,30,,
Halle,26.05.2023,146,Saxifraga rotundifolia,no,y,y,85,no,y,10,,
Halle,26.05.2023,146,Cakile maritima,no,no,no,,no,no,,,
Halle,26.05.2023,146,Helleborus viridis,no,no,no,,y,y,10,,
Halle,26.05.2023,146,Vaccinium uliginosum,no,y,no,,no,no,,,
Halle,26.05.2023,146,Aurinia saxatilis,no,y,y,5,no,y,5,,
Halle,26.05.2023,146,Oenothera fruticosa,no,y,no,,no,y,5,,
Halle,26.05.2023,146,Oenothera missouriensis,no,y,no,,no,no,,,
Halle,26.05.2023,146,Primula denticulata,no,y,no,,y,no,,,
Halle,31.05.2023,151,Dryas octopetala,no,y,no,,y,y,10,,
Halle,31.05.2023,151,Thymus serpyllum,no,y,no,,no,y,60,,dry damage
Halle,31.05.2023,151,Saxifraga rotundifolia,no,y,y,90,no,y,10,,
Halle,31.05.2023,151,Cakile maritima,no,no,no,,no,no,,,
Halle,31.05.2023,151,Honckenya peploides,no,y,no,,no,no,,,
Halle,31.05.2023,151,Helleborus viridis,no,no,no,,y,y,20,,
Halle,31.05.2023,151,Vaccinium uliginosum,no,y,no,,no,no,,,
Halle,31.05.2023,151,Aurinia saxatilis,no,y,no,,no,y,5,,
Halle,31.05.2023,151,Oenothera fruticosa,no,y,no,,no,y,5,,
Halle,31.05.2023,151,Oenothera missouriensis,no,y,no,,no,no,,,
Halle,31.05.2023,151,Primula denticulata,no,y,no,,y,no,,,
Halle,31.05.2023,151,Silene dioica,no,y,y,20,no,no,,,
Halle,31.05.2023,151,Helichrysum arenarium,no,y,y,5,no,y,5,,
Halle,31.05.2023,151,Hyacinthoides non-scripta,no,no,y,5,no,no,,,
Halle,31.05.2023,151,Aegopodium podagraria,no,no,y,60,no,no,,,
Halle,31.05.2023,151,Aquilegia vulgaris,no,y,y,90,no,y,5,,
Halle,31.05.2023,151,Iberis sempervirens,no,no,no,,no,y,40,,
Halle,31.05.2023,151,Helianthemum nummularium,no,y,y,35,no,y,5,,
Halle,31.05.2023,151,Lavandula angustifolia,no,y,no,,no,y,5,,
Halle,31.05.2023,151,Allium victoralis,no,no,y,10,no,no,,,
Halle,05.06.2023,156,Aegopodium podagraria,no,no,y,5,no,no,,,
Halle,05.06.2023,156,Aquilegia vulgaris,no,y,y,15,no,y,10,,
Halle,05.06.2023,156,Iberis sempervirens,no,y,no,,no,y,40,,
Halle,05.06.2023,156,Helianthemum nummularium,no,y,y,20,no,y,5,,
Halle,05.06.2023,156,Lavandula angustifolia,no,y,no,,y,y,5,,
Halle,05.06.2023,156,Allium victoralis,no,no,no,,no,no,,,
Halle,05.06.2023,156,Dryas octopetala,no,y,y,5,y,y,10,,
Halle,05.06.2023,156,Thymus serpyllum,no,y,no,,no,y,70,,
Halle,05.06.2023,156,Saxifraga rotundifolia,no,y,y,60,no,y,10,,
Halle,05.06.2023,156,Cakile maritima,no,no,no,,no,no,,,
Halle,05.06.2023,156,Honckenya peploides,no,y,no,,no,y,5,,
Halle,05.06.2023,156,Helleborus viridis,no,no,no,,y,y,25,,
Halle,05.06.2023,156,Vaccinium uliginosum,no,no,no,,no,no,,,
Halle,05.06.2023,156,Aurinia saxatilis,no,y,no,,no,y,5,,
Halle,05.06.2023,156,Oenothera fruticosa,no,y,no,,no,y,5,,
Halle,05.06.2023,156,Oenothera missouriensis,no,y,no,,no,no,,,
Halle,05.06.2023,156,Primula denticulata,no,y,no,,y,no,,,
Halle,05.06.2023,156,Silene dioica,no,y,y,5,no,no,,,
Halle,05.06.2023,156,Helichrysum arenarium,no,y,y,30,no,y,5,,
Halle,05.06.2023,156,Hyacinthoides non-scripta,no,no,no,,no,y,25,,
Halle,14.06.2023,165,Aegopodium podagraria,no,no,no,,no,no,,,
Halle,14.06.2023,165,Aquilegia vulgaris,no,no,no,,no,y,20,,
Halle,14.06.2023,165,Iberis sempervirens,no,y,no,,no,y,40,,
Halle,14.06.2023,165,Helianthemum nummularium,no,y,y,5,no,y,5,,
Halle,14.06.2023,165,Lavandula angustifolia,no,y,y,5,no,y,5,,
Halle,14.06.2023,165,Allium victoralis,no,no,no,,no,no,,,
Halle,14.06.2023,165,Dryas octopetala,no,y,no,,y,y,5,,
Halle,14.06.2023,165,Thymus serpyllum,no,y,no,,no,y,70,,
Halle,14.06.2023,165,Saxifraga rotundifolia,no,y,y,20,y,y,15,,
Halle,14.06.2023,165,Cakile maritima,no,no,no,,no,no,,,
Halle,14.06.2023,165,Honckenya peploides,no,y,no,,no,y,15,,
Halle,14.06.2023,165,Helleborus viridis,no,no,no,,no,y,35,,
Halle,14.06.2023,165,Vaccinium uliginosum,no,no,no,,no,no,,,
Halle,14.06.2023,165,Aurinia saxatilis,no,y,no,,no,y,5,,
Halle,14.06.2023,165,Oenothera fruticosa,no,y,y,10,no,y,5,,
Halle,14.06.2023,165,Oenothera missouriensis,no,y,no,,no,no,,,
Halle,14.06.2023,165,Primula denticulata,no,y,no,,no,y,5,,
Halle,14.06.2023,165,Silene dioica,no,y,y,60,y,no,,,
Halle,14.06.2023,165,Helichrysum arenarium,no,y,y,100,no,y,5,,
Halle,14.06.2023,165,Hyacinthoides non-scripta,no,no,no,,no,y,85,,
Halle,26.06.2023,177,Helianthemum nummularium,no,y,no,,y,y,5,,
Halle,26.06.2023,177,Lavandula angustifolia,no,y,y,50,no,y,5,,
Halle,26.06.2023,177,Allium victoralis,no,no,no,,no,no,,,
Halle,26.06.2023,177,Dryas octopetala,no,y,y,5,y,y,5,,
Halle,26.06.2023,177,Thymus serpyllum,no,y,y,5,no,y,55,,
Halle,26.06.2023,177,Saxifraga rotundifolia,no,y,no,,y,y,15,,
Halle,26.06.2023,177,Cakile maritima,no,no,no,,no,no,,,
Halle,26.06.2023,177,Honckenya peploides,no,y,no,,no,y,20,,
Halle,26.06.2023,177,Helleborus viridis,no,no,no,,no,y,45,,
Halle,26.06.2023,177,Vaccinium uliginosum,no,no,no,,y,no,,,
Halle,26.06.2023,177,Aurinia saxatilis,no,y,no,,y,y,5,,
Halle,26.06.2023,177,Oenothera fruticosa,no,y,y,10,no,y,5,,
Halle,26.06.2023,177,Oenothera missouriensis,no,y,y,40,no,no,,,
Halle,26.06.2023,177,Primula denticulata,no,y,no,,no,y,5,,
Halle,26.06.2023,177,Silene dioica,no,y,y,5,y,no,,,
Halle,26.06.2023,177,Helichrysum arenarium,no,y,y,100,no,y,5,,
Halle,26.06.2023,177,Hyacinthoides non-scripta,no,no,no,,y,y,95,,
Halle,26.06.2023,177,Aegopodium podagraria,no,no,no,,no,no,,,
Halle,26.06.2023,177,Aquilegia vulgaris,no,no,no,,no,y,30,,
Halle,26.06.2023,177,Iberis sempervirens,no,y,no,,y,y,35,,
Halle,26.06.2023,177,Aegopodium podagraria,no,no,no,,no,y,5,,Infructescence cut off
Halle,26.06.2023,177,Aquilegia vulgaris,no,y,no,,y,y,35,,
Halle,26.06.2023,177,Iberis sempervirens,no,y,no,,y,y,35,,
Halle,26.06.2023,177,Helianthemum nummularium,no,y,no,,y,y,5,,
Halle,26.06.2023,177,Lavandula angustifolia,no,y,y,45,no,y,5,,
Halle,26.06.2023,177,Allium victoralis,no,no,no,,no,no,,,
Halle,26.06.2023,177,Dryas octopetala,no,y,y,5,y,y,5,,
Halle,26.06.2023,177,Thymus serpyllum,no,y,y,5,no,y,55,,
Halle,26.06.2023,177,Saxifraga rotundifolia,no,y,no,,y,y,15,,
Halle,26.06.2023,177,Cakile maritima,no,no,no,,no,no,,,
Halle,26.06.2023,177,Honckenya peploides,no,y,no,,no,y,20,,
Halle,26.06.2023,177,Helleborus viridis,no,no,no,,no,y,40,,
Halle,26.06.2023,177,Vaccinium uliginosum,no,no,no,,y,no,,,
Halle,26.06.2023,177,Aurinia saxatilis,no,y,no,,y,y,5,,
Halle,26.06.2023,177,Oenothera fruticosa,no,y,y,20,no,y,5,,
Halle,26.06.2023,177,Oenothera missouriensis,no,y,y,10,no,no,,,
Halle,26.06.2023,177,Primula denticulata,no,y,no,,no,y,5,,
Halle,26.06.2023,177,Silene dioica,no,y,y,5,y,no,,,
Halle,26.06.2023,177,Helichrysum arenarium,no,y,y,100,no,y,5,,
Halle,26.06.2023,177,Hyacinthoides non-scripta,no,no,no,,no,y,95,,
Halle,07.07.2023,188,Aegopodium podagraria,no,no,no,,no,y,15,,
Halle,07.07.2023,188,Aquilegia vulgaris,no,y,no,,y,y,45,,
Halle,07.07.2023,188,Iberis sempervirens,no,y,no,,no,y,25,,
Halle,07.07.2023,188,Helianthemum nummularium,no,y,no,,y,y,5,,
Halle,07.07.2023,188,Lavandula angustifolia,no,y,y,30,no,y,5,,
Halle,07.07.2023,188,Allium victoralis,no,no,no,,y,y,5,,
Halle,07.07.2023,188,Dryas octopetala,no,y,no,,y,y,5,,
Halle,07.07.2023,188,Thymus serpyllum,no,y,y,70,no,y,60,,
Halle,07.07.2023,188,Saxifraga rotundifolia,no,y,no,,y,y,15,,
Halle,07.07.2023,188,Cakile maritima,no,no,no,,no,no,,,
Halle,07.07.2023,188,Honckenya peploides,no,y,no,,no,y,20,,
Halle,07.07.2023,188,Helleborus viridis,no,no,no,,no,y,55,,
Halle,07.07.2023,188,Vaccinium uliginosum,no,no,no,,y,no,,,
Halle,07.07.2023,188,Aurinia saxatilis,no,y,no,,no,y,5,,
Halle,07.07.2023,188,Oenothera fruticosa,no,no,y,5,no,y,5,,
Halle,07.07.2023,188,Oenothera missouriensis,no,y,y,15,no,y,5,,
Halle,07.07.2023,188,Primula denticulata,no,y,no,,no,y,5,,
Halle,07.07.2023,188,Silene dioica,no,y,no,,y,y,5,,
Halle,07.07.2023,188,Helichrysum arenarium,no,y,no,,no,y,5,,
Halle,07.07.2023,188,Hyacinthoides non-scripta,no,no,no,,no,y,100,,
Halle,12.07.2023,193,Helleborus viridis,no,no,no,,no,y,60,,
Halle,12.07.2023,193,Vaccinium uliginosum,no,no,no,,y,no,,,
Halle,12.07.2023,193,Aegopodium podagraria,no,no,no,,no,y,40,,
Halle,12.07.2023,193,Aquilegia vulgaris,no,y,no,,y,y,50,,
Halle,12.07.2023,193,Iberis sempervirens,no,y,no,,no,y,25,,
Halle,12.07.2023,193,Helianthemum nummularium,no,y,no,,y,y,5,,
Halle,12.07.2023,193,Lavandula angustifolia,no,y,y,5,no,y,5,,
Halle,12.07.2023,193,Allium victoralis,no,no,no,,y,y,5,,
Halle,12.07.2023,193,Oenothera missouriensis,no,y,y,15,no,y,5,,
Halle,12.07.2023,193,Primula denticulata,no,y,no,,no,y,10,,
Halle,12.07.2023,193,Silene dioica,no,y,no,,y,y,5,,
Halle,12.07.2023,193,Helichrysum arenarium,no,y,no,,no,y,5,,
Halle,12.07.2023,193,Hyacinthoides non-scripta,no,no,no,,no,no,,,
Halle,12.07.2023,193,Aurinia saxatilis,no,y,no,,no,y,5,,
Halle,12.07.2023,193,Oenothera fruticosa,no,no,no,,no,y,5,,
Halle,12.07.2023,193,Dryas octopetala,no,y,no,,y,y,5,,
Halle,12.07.2023,193,Thymus serpyllum,no,y,y,90,no,y,75,,
Halle,12.07.2023,193,Saxifraga rotundifolia,no,y,no,,y,y,15,,
Halle,12.07.2023,193,Cakile maritima,no,no,no,,no,no,,,
Halle,12.07.2023,193,Honckenya peploides,no,y,no,,no,y,20,,
Halle,21.07.2023,202,Aegopodium podagraria,no,no,no,,no,y,40,,
Halle,21.07.2023,202,Aquilegia vulgaris,no,y,no,,y,y,55,,
Halle,21.07.2023,202,Iberis sempervirens,no,y,no,,no,y,25,,
Halle,21.07.2023,202,Helianthemum nummularium,no,y,y,5,y,y,5,,
Halle,21.07.2023,202,Lavandula angustifolia,no,y,y,5,y,y,5,,
Halle,21.07.2023,202,Allium victoralis,no,no,no,,no,y,5,,
Halle,21.07.2023,202,Dryas octopetala,no,y,no,,y,y,15,,
Halle,21.07.2023,202,Thymus serpyllum,no,y,y,75,no,y,75,,
Halle,21.07.2023,202,Saxifraga rotundifolia,no,y,no,,y,y,15,,
Halle,21.07.2023,202,Cakile maritima,no,no,no,,no,no,,,
Halle,21.07.2023,202,Honckenya peploides,no,y,no,,no,y,20,,
Halle,21.07.2023,202,Helleborus viridis,no,no,no,,no,y,65,,
Halle,21.07.2023,202,Vaccinium uliginosum,no,no,no,,y,no,,,
Halle,21.07.2023,202,Aurinia saxatilis,no,y,no,,no,y,5,,
Halle,21.07.2023,202,Oenothera fruticosa,no,no,no,,y,y,5,,
Halle,21.07.2023,202,Oenothera missouriensis,no,y,no,,no,y,5,,
Halle,21.07.2023,202,Primula denticulata,no,y,no,,no,y,10,,
Halle,21.07.2023,202,Silene dioica,no,y,y,5,y,y,10,,
Halle,21.07.2023,202,Helichrysum arenarium,no,y,no,,no,y,5,,
Halle,21.07.2023,202,Hyacinthoides non-scripta,no,no,no,,no,no,,,
Halle,26.07.2023,207,Iberis sempervirens,no,y,no,,no,y,20,,
Halle,26.07.2023,207,Helianthemum nummularium,no,y,y,5,y,y,5,,
Halle,26.07.2023,207,Lavandula angustifolia,no,y,no,,y,y,5,,
Halle,26.07.2023,207,Allium victoralis,no,no,no,,no,y,5,,
Halle,26.07.2023,207,Dryas octopetala,no,y,no,,y,y,15,,
Halle,26.07.2023,207,Thymus serpyllum,no,y,y,85,no,y,75,,
Halle,26.07.2023,207,Saxifraga rotundifolia,no,y,no,,y,y,15,,
Halle,26.07.2023,207,Cakile maritima,no,no,no,,no,no,,,
Halle,26.07.2023,207,Honckenya peploides,no,y,no,,no,y,20,,
Halle,26.07.2023,207,Helleborus viridis,no,no,no,,no,y,70,,
Halle,26.07.2023,207,Vaccinium uliginosum,no,no,no,,y,no,,,
Halle,26.07.2023,207,Aurinia saxatilis,no,y,no,,no,y,5,,
Halle,26.07.2023,207,Aegopodium podagraria,no,no,no,,no,y,40,,
Halle,26.07.2023,207,Aquilegia vulgaris,no,y,no,,y,y,55,,
Halle,26.07.2023,207,Oenothera fruticosa,no,no,no,,y,y,5,,
Halle,26.07.2023,207,Oenothera missouriensis,no,y,y,5,no,y,5,,
Halle,26.07.2023,207,Primula denticulata,no,y,no,,no,y,10,,
Halle,26.07.2023,207,Silene dioica,no,y,y,5,y,y,10,,
Halle,26.07.2023,207,Helichrysum arenarium,no,y,no,,y,y,10,,
Halle,26.07.2023,207,Hyacinthoides non-scripta,no,no,no,,no,no,,,
Halle,04.08.2023,216,Oenothera fruticosa,no,no,no,,y,y,10,,
Halle,04.08.2023,216,Oenothera missouriensis,no,y,no,,no,y,5,,
Halle,04.08.2023,216,Primula denticulata,no,y,no,,no,y,15,,
Halle,04.08.2023,216,Silene dioica,no,y,y,5,y,y,15,,
Halle,04.08.2023,216,Helichrysum arenarium,no,y,no,,y,y,15,,
Halle,04.08.2023,216,Hyacinthoides non-scripta,no,no,no,,no,no,,,
Halle,04.08.2023,216,Honckenya peploides,no,y,no,,no,y,25,,
Halle,04.08.2023,216,Helleborus viridis,no,no,no,,no,y,75,,
Halle,04.08.2023,216,Vaccinium uliginosum,no,no,no,,y,y,5,,
Halle,04.08.2023,216,Aurinia saxatilis,no,y,no,,no,y,5,,
Halle,04.08.2023,216,Aegopodium podagraria,no,no,no,,no,y,45,,
Halle,04.08.2023,216,Aquilegia vulgaris,no,y,no,,y,y,50,,
Halle,04.08.2023,216,Iberis sempervirens,y,y,no,,no,y,20,,new vegetative growth
Halle,04.08.2023,216,Helianthemum nummularium,no,y,y,10,y,y,5,,
Halle,04.08.2023,216,Lavandula angustifolia,no,y,no,,y,y,10,,
Halle,04.08.2023,216,Allium victoralis,no,no,no,,no,y,10,,
Halle,04.08.2023,216,Dryas octopetala,no,y,no,,y,y,15,,
Halle,04.08.2023,216,Thymus serpyllum,no,y,y,85,no,y,75,,
Halle,04.08.2023,216,Saxifraga rotundifolia,no,no,no,,y,y,15,,
Halle,04.08.2023,216,Cakile maritima,no,no,no,,no,no,,,
Halle,09.08.2023,221,Aegopodium podagraria,no,no,no,,no,y,45,,
Halle,09.08.2023,221,Aquilegia vulgaris,no,y,no,,no,y,45,,
Halle,09.08.2023,221,Iberis sempervirens,no,y,no,,no,y,20,,
Halle,09.08.2023,221,Helianthemum nummularium,no,y,y,10,y,y,5,,
Halle,09.08.2023,221,Lavandula angustifolia,no,y,no,,y,y,15,,
Halle,09.08.2023,221,Allium victoralis,no,no,no,,no,y,10,,
Halle,09.08.2023,221,Dryas octopetala,no,y,no,,y,y,15,,
Halle,09.08.2023,221,Thymus serpyllum,no,y,y,20,no,y,75,,
Halle,09.08.2023,221,Saxifraga rotundifolia,no,y,no,,y,y,15,,
Halle,09.08.2023,221,Cakile maritima,no,no,no,,no,no,,,
Halle,09.08.2023,221,Honckenya peploides,no,y,no,,no,y,25,,
Halle,09.08.2023,221,Helleborus viridis,no,no,no,,no,y,80,,
Halle,09.08.2023,221,Vaccinium uliginosum,no,no,no,,y,y,5,,
Halle,09.08.2023,221,Aurinia saxatilis,no,y,no,,no,y,5,,
Halle,09.08.2023,221,Oenothera fruticosa,no,no,no,,y,y,10,,
Halle,09.08.2023,221,Oenothera missouriensis,no,y,y,5,no,y,10,,
Halle,09.08.2023,221,Primula denticulata,no,y,no,,no,y,15,,
Halle,09.08.2023,221,Silene dioica,no,y,y,5,y,y,20,,
Halle,09.08.2023,221,Helichrysum arenarium,no,y,no,,y,y,20,,
Halle,09.08.2023,221,Hyacinthoides non-scripta,no,no,no,,no,no,,,
Halle,16.08.2023,228,Aegopodium podagraria,no,no,no,,no,y,50,,
Halle,16.08.2023,228,Aquilegia vulgaris,no,y,no,,no,y,40,,
Halle,16.08.2023,228,Iberis sempervirens,no,y,no,,no,y,20,,
Halle,16.08.2023,228,Helianthemum nummularium,no,y,y,5,y,y,5,,
Halle,16.08.2023,228,Lavandula angustifolia,no,y,no,,y,y,15,,
Halle,16.08.2023,228,Allium victoralis,no,no,no,,no,y,10,,
Halle,16.08.2023,228,Dryas octopetala,no,y,no,,y,y,15,,
Halle,16.08.2023,228,Thymus serpyllum,no,y,y,5,y,y,75,,
Halle,16.08.2023,228,Saxifraga rotundifolia,no,y,no,,y,y,15,,
Halle,16.08.2023,228,Cakile maritima,no,no,no,,no,no,,,
Halle,16.08.2023,228,Honckenya peploides,no,y,no,,no,y,30,,
Halle,16.08.2023,228,Helleborus viridis,no,no,no,,no,y,80,,
Halle,16.08.2023,228,Vaccinium uliginosum,no,no,no,,y,y,5,,
Halle,16.08.2023,228,Aurinia saxatilis,no,y,no,,no,y,5,,
Halle,16.08.2023,228,Oenothera fruticosa,no,no,no,,y,y,15,,
Halle,16.08.2023,228,Oenothera missouriensis,no,y,y,5,no,y,15,,
Halle,16.08.2023,228,Primula denticulata,no,y,no,,no,y,15,,
Halle,16.08.2023,228,Silene dioica,no,y,y,5,y,y,25,,
Halle,16.08.2023,228,Helichrysum arenarium,no,y,no,,y,y,20,,
Halle,16.08.2023,228,Hyacinthoides non-scripta,no,no,no,,no,no,,,
Halle,25.08.2023,237,Oenothera fruticosa,no,no,no,,y,y,15,,
Halle,25.08.2023,237,Oenothera missouriensis,no,y,no,,no,y,15,,
Halle,25.08.2023,237,Primula denticulata,no,y,no,,no,y,15,,
Halle,25.08.2023,237,Silene dioica,no,y,no,,y,y,30,,
Halle,25.08.2023,237,Helichrysum arenarium,no,y,no,,y,y,20,,
Halle,25.08.2023,237,Aegopodium podagraria,no,no,no,,no,y,50,,
Halle,25.08.2023,237,Aquilegia vulgaris,no,y,no,,no,y,30,,
Halle,25.08.2023,237,Iberis sempervirens,no,y,no,,no,y,20,,
Halle,25.08.2023,237,Helianthemum nummularium,no,y,y,10,y,y,5,,
Halle,25.08.2023,237,Lavandula angustifolia,no,y,no,,y,y,15,,
Halle,25.08.2023,237,Allium victoralis,no,no,no,,no,y,10,,
Halle,25.08.2023,237,Dryas octopetala,no,y,no,,y,y,20,,
Halle,25.08.2023,237,Thymus serpyllum,no,y,y,5,y,y,70,,
Halle,25.08.2023,237,Saxifraga rotundifolia,no,y,no,,y,y,15,,
Halle,25.08.2023,237,Cakile maritima,no,no,no,,no,no,,,
Halle,25.08.2023,237,Honckenya peploides,no,y,no,,no,y,30,,
Halle,25.08.2023,237,Helleborus viridis,no,no,no,,no,y,85,,
Halle,25.08.2023,237,Vaccinium uliginosum,no,no,no,,y,y,5,,
Halle,25.08.2023,237,Aurinia saxatilis,no,y,no,,no,y,5,,
Halle,25.08.2023,237,Hyacinthoides non-scripta,no,no,no,,no,no,,,
Halle,30.08.2023,242,Dryas octopetala,no,y,no,,y,y,20,,
Halle,30.08.2023,242,Thymus serpyllum,no,y,y,5,y,y,65,,
Halle,30.08.2023,242,Saxifraga rotundifolia,no,y,no,,y,y,10,,
Halle,30.08.2023,242,Cakile maritima,no,no,no,,no,no,,,
Halle,30.08.2023,242,Honckenya peploides,no,y,no,,no,y,30,,
Halle,30.08.2023,242,Aegopodium podagraria,no,no,no,,no,y,50,,
Halle,30.08.2023,242,Aquilegia vulgaris,no,y,no,,no,y,30,,
Halle,30.08.2023,242,Iberis sempervirens,no,y,no,,no,y,15,,
Halle,30.08.2023,242,Helianthemum nummularium,no,y,y,5,y,y,5,,
Halle,30.08.2023,242,Lavandula angustifolia,no,y,no,,y,y,25,,
Halle,30.08.2023,242,Allium victoralis,no,no,no,,no,y,10,,
Halle,30.08.2023,242,Helleborus viridis,no,no,no,,no,y,85,,
Halle,30.08.2023,242,Vaccinium uliginosum,no,no,no,,y,y,5,,
Halle,30.08.2023,242,Aurinia saxatilis,no,y,no,,no,y,5,,
Halle,30.08.2023,242,Oenothera fruticosa,no,no,no,,y,y,15,,
Halle,30.08.2023,242,Oenothera missouriensis,no,y,y,10,no,y,15,,4 flowers
Halle,30.08.2023,242,Primula denticulata,no,y,no,,no,y,20,,
Halle,30.08.2023,242,Silene dioica,no,y,no,,y,y,30,,
Halle,30.08.2023,242,Helichrysum arenarium,no,y,no,,y,y,20,,
Halle,30.08.2023,242,Hyacinthoides non-scripta,no,no,no,,no,no,,,
Halle,07.09.2023,250,Silene dioica,no,y,no,,y,y,30,,
Halle,07.09.2023,250,Helichrysum arenarium,no,y,no,,y,y,20,,
Halle,07.09.2023,250,Hyacinthoides non-scripta,no,no,no,,no,no,,,
Halle,07.09.2023,250,Aegopodium podagraria,no,no,no,,no,y,50,,
Halle,07.09.2023,250,Aquilegia vulgaris,no,y,no,,no,y,25,,
Halle,07.09.2023,250,Iberis sempervirens,no,y,no,,no,y,15,,
Halle,07.09.2023,250,Helianthemum nummularium,no,y,y,5,y,y,5,,
Halle,07.09.2023,250,Lavandula angustifolia,no,y,no,,y,y,35,,
Halle,07.09.2023,250,Allium victoralis,no,no,no,,no,y,20,,
Halle,07.09.2023,250,Dryas octopetala,no,y,no,,y,y,20,,
Halle,07.09.2023,250,Thymus serpyllum,no,y,y,5,y,y,65,,
Halle,07.09.2023,250,Saxifraga rotundifolia,no,y,no,,y,y,10,,
Halle,07.09.2023,250,Cakile maritima,no,no,no,,no,no,,,
Halle,07.09.2023,250,Honckenya peploides,no,y,no,,no,y,55,,
Halle,07.09.2023,250,Helleborus viridis,no,no,no,,no,y,90,,
Halle,07.09.2023,250,Vaccinium uliginosum,no,no,no,,no,y,5,,
Halle,07.09.2023,250,Aurinia saxatilis,no,y,no,,no,y,5,,
Halle,07.09.2023,250,Oenothera fruticosa,no,no,no,,y,y,15,,
Halle,07.09.2023,250,Oenothera missouriensis,no,y,y,5,no,y,15,,2 flowers
Halle,07.09.2023,250,Primula denticulata,no,y,no,,no,y,25,,
Halle,13.09.2023,256,Aegopodium podagraria,no,no,no,,no,y,50,,
Halle,13.09.2023,256,Aquilegia vulgaris,no,y,no,,no,y,25,,
Halle,13.09.2023,256,Iberis sempervirens,no,y,no,,no,y,15,,
Halle,13.09.2023,256,Helianthemum nummularium,no,y,y,5,y,y,5,,
Halle,13.09.2023,256,Lavandula angustifolia,no,y,no,,y,y,40,,
Halle,13.09.2023,256,Allium victoralis,no,no,no,,no,y,25,,
Halle,13.09.2023,256,Dryas octopetala,no,y,no,,y,y,20,,
Halle,13.09.2023,256,Thymus serpyllum,no,y,no,,y,y,60,,
Halle,13.09.2023,256,Saxifraga rotundifolia,no,y,no,,y,y,10,,
Halle,13.09.2023,256,Cakile maritima,no,no,no,,no,no,,,
Halle,13.09.2023,256,Honckenya peploides,no,y,no,,no,y,75,,
Halle,13.09.2023,256,Helleborus viridis,no,no,no,,no,y,90,,
Halle,13.09.2023,256,Vaccinium uliginosum,no,no,no,,no,y,5,,
Halle,13.09.2023,256,Aurinia saxatilis,no,y,no,,no,y,5,,
Halle,13.09.2023,256,Oenothera fruticosa,no,no,no,,y,y,20,,
Halle,13.09.2023,256,Oenothera missouriensis,no,y,y,5,no,y,20,,
Halle,13.09.2023,256,Primula denticulata,no,y,no,,no,y,25,,
Halle,13.09.2023,256,Silene dioica,no,y,no,,y,y,30,,
Halle,13.09.2023,256,Helichrysum arenarium,no,y,no,,y,y,20,,
Halle,13.09.2023,256,Hyacinthoides non-scripta,no,no,no,,no,no,,,
Halle,21.09.2023,264,Primula denticulata,no,y,no,,no,y,25,,
Halle,21.09.2023,264,Silene dioica,no,y,no,,y,y,30,,
Halle,21.09.2023,264,Helichrysum arenarium,no,y,no,,y,y,20,,
Halle,21.09.2023,264,Hyacinthoides non-scripta,no,no,no,,no,no,,,
Halle,21.09.2023,264,Aegopodium podagraria,no,no,no,,no,y,50,,
Halle,21.09.2023,264,Aquilegia vulgaris,no,y,no,,no,y,25,,
Halle,21.09.2023,264,Iberis sempervirens,no,y,no,,no,y,15,,
Halle,21.09.2023,264,Helianthemum nummularium,no,y,y,5,y,y,5,,
Halle,21.09.2023,264,Lavandula angustifolia,no,y,no,,y,y,60,,
Halle,21.09.2023,264,Allium victoralis,no,no,no,,no,y,35,,
Halle,21.09.2023,264,Dryas octopetala,no,y,no,,y,y,20,,
Halle,21.09.2023,264,Thymus serpyllum,no,y,no,,y,y,55,,
Halle,21.09.2023,264,Saxifraga rotundifolia,no,y,no,,y,y,10,,
Halle,21.09.2023,264,Cakile maritima,no,no,no,,no,no,,,
Halle,21.09.2023,264,Honckenya peploides,no,y,no,,no,y,85,,
Halle,21.09.2023,264,Helleborus viridis,no,no,no,,no,y,90,,
Halle,21.09.2023,264,Vaccinium uliginosum,no,no,no,,no,y,5,,
Halle,21.09.2023,264,Aurinia saxatilis,no,y,no,,no,y,5,,
Halle,21.09.2023,264,Oenothera fruticosa,no,no,no,,y,y,20,,
Halle,21.09.2023,264,Oenothera missouriensis,no,y,no,,no,y,20,,
Halle,29.09.2023,272,Aegopodium podagraria,no,no,no,,no,y,50,,
Halle,29.09.2023,272,Aquilegia vulgaris,no,y,no,,no,y,25,,
Halle,29.09.2023,272,Iberis sempervirens,no,y,no,,no,y,15,,
Halle,29.09.2023,272,Helianthemum nummularium,no,y,y,5,y,y,10,,
Halle,29.09.2023,272,Lavandula angustifolia,no,y,no,,y,y,60,,
Halle,29.09.2023,272,Allium victoralis,no,no,no,,no,y,45,,
Halle,29.09.2023,272,Dryas octopetala,no,y,no,,y,y,25,,
Halle,29.09.2023,272,Thymus serpyllum,no,y,no,,y,y,55,,
Halle,29.09.2023,272,Saxifraga rotundifolia,no,y,no,,y,y,10,,
Halle,29.09.2023,272,Cakile maritima,no,no,no,,no,no,,,
Halle,29.09.2023,272,Honckenya peploides,no,y,no,,no,y,90,,
Halle,29.09.2023,272,Helleborus viridis,no,no,no,,no,y,95,,
Halle,29.09.2023,272,Vaccinium uliginosum,no,no,no,,no,y,5,,
Halle,29.09.2023,272,Aurinia saxatilis,no,y,no,,no,y,5,,
Halle,29.09.2023,272,Oenothera fruticosa,no,no,no,,y,y,20,,
Halle,29.09.2023,272,Oenothera missouriensis,no,y,no,,no,y,20,,
Halle,29.09.2023,272,Primula denticulata,no,y,no,,no,y,30,,
Halle,29.09.2023,272,Silene dioica,no,y,no,,y,y,30,,
Halle,29.09.2023,272,Helichrysum arenarium,no,y,no,,y,y,20,,
Halle,29.09.2023,272,Hyacinthoides non-scripta,no,no,no,,no,no,,,
Halle,10.10.2023,283,Aegopodium podagraria,no,no,no,,no,y,50,,
Halle,10.10.2023,283,Aquilegia vulgaris,no,y,no,,no,y,25,,
Halle,10.10.2023,283,Iberis sempervirens,no,y,no,,no,y,15,,
Halle,10.10.2023,283,Helianthemum nummularium,no,y,y,5,y,y,10,,
Halle,10.10.2023,283,Lavandula angustifolia,no,y,no,,y,y,75,,
Halle,10.10.2023,283,Allium victoralis,no,no,no,,no,y,70,,
Halle,10.10.2023,283,Dryas octopetala,no,y,no,,y,y,25,,
Halle,10.10.2023,283,Thymus serpyllum,no,y,no,,y,y,45,,
Halle,10.10.2023,283,Saxifraga rotundifolia,no,y,no,,y,y,10,,
Halle,10.10.2023,283,Cakile maritima,no,no,no,,no,no,,,
Halle,10.10.2023,283,Honckenya peploides,no,y,no,,no,y,95,,
Halle,10.10.2023,283,Helleborus viridis,no,no,no,,no,y,95,,
Halle,10.10.2023,283,Vaccinium uliginosum,no,no,no,,no,y,10,,
Halle,10.10.2023,283,Aurinia saxatilis,no,y,no,,no,y,10,,
Halle,10.10.2023,283,Oenothera fruticosa,no,no,no,,y,y,25,,
Halle,10.10.2023,283,Oenothera missouriensis,no,y,no,,no,y,20,,
Halle,10.10.2023,283,Primula denticulata,no,y,no,,no,y,30,,
Halle,10.10.2023,283,Silene dioica,no,y,no,,no,y,5,cut partly,
Halle,10.10.2023,283,Helichrysum arenarium,no,y,no,,y,y,15,,
Halle,10.10.2023,283,Hyacinthoides non-scripta,no,no,no,,no,no,,,
Halle,18.10.2023,291,Aegopodium podagraria,no,no,no,,no,y,50,,
Halle,18.10.2023,291,Aquilegia vulgaris,no,y,no,,no,y,25,,
Halle,18.10.2023,291,Iberis sempervirens,no,y,no,,no,y,15,,
Halle,18.10.2023,291,Helianthemum nummularium,no,y,y,5,y,y,10,,
Halle,18.10.2023,291,Lavandula angustifolia,no,y,no,,y,y,80,,
Halle,18.10.2023,291,Silene dioica,no,y,no,,no,y,5,,
Halle,18.10.2023,291,Helichrysum arenarium,no,y,no,,y,y,10,,
Halle,18.10.2023,291,Hyacinthoides non-scripta,no,no,no,,no,no,,,
Halle,18.10.2023,291,Allium victoralis,no,no,no,,no,y,95,,
Halle,18.10.2023,291,Dryas octopetala,no,y,no,,y,y,30,,
Halle,18.10.2023,291,Thymus serpyllum,no,y,no,,y,y,40,,
Halle,18.10.2023,291,Saxifraga rotundifolia,no,no,no,,y,y,10,,
Halle,18.10.2023,291,Cakile maritima,no,no,no,,no,no,,,
Halle,18.10.2023,291,Honckenya peploides,no,y,no,,no,y,95,,
Halle,18.10.2023,291,Helleborus viridis,no,no,no,,no,y,95,,
Halle,18.10.2023,291,Vaccinium uliginosum,no,no,no,,no,y,20,,
Halle,18.10.2023,291,Aurinia saxatilis,no,y,no,,no,y,10,,
Halle,18.10.2023,291,Oenothera fruticosa,no,no,no,,y,y,25,,
Halle,18.10.2023,291,Oenothera missouriensis,no,no,no,,no,y,20,,
Halle,18.10.2023,291,Primula denticulata,no,y,no,,no,y,30,,
Halle,25.10.2023,298,Aegopodium podagraria,no,no,no,,no,y,50,,
Halle,25.10.2023,298,Aquilegia vulgaris,no,y,no,,no,y,25,,
Halle,25.10.2023,298,Iberis sempervirens,no,y,no,,no,y,15,,
Halle,25.10.2023,298,Helianthemum nummularium,no,y,y,5,y,y,10,,
Halle,25.10.2023,298,Lavandula angustifolia,no,y,no,,y,y,80,,
Halle,25.10.2023,298,Allium victoralis,no,no,no,,no,y,100,,
Halle,25.10.2023,298,Dryas octopetala,no,y,no,,y,y,30,,
Halle,25.10.2023,298,Thymus serpyllum,no,y,no,,y,y,35,,
Halle,25.10.2023,298,Saxifraga rotundifolia,no,no,no,,y,y,10,,
Halle,25.10.2023,298,Cakile maritima,no,no,no,,no,no,,,
Halle,25.10.2023,298,Honckenya peploides,no,y,no,,no,y,95,,
Halle,25.10.2023,298,Helleborus viridis,no,no,no,,no,y,95,,
Halle,25.10.2023,298,Vaccinium uliginosum,no,no,no,,no,y,55,,
Halle,25.10.2023,298,Aurinia saxatilis,no,y,no,,no,y,15,,
Halle,25.10.2023,298,Oenothera fruticosa,no,no,no,,y,y,40,,
Halle,25.10.2023,298,Oenothera missouriensis,no,no,no,,no,y,30,,
Halle,25.10.2023,298,Primula denticulata,no,y,no,,no,y,30,,
Halle,25.10.2023,298,Silene dioica,no,y,no,,no,y,5,,
Halle,25.10.2023,298,Helichrysum arenarium,no,y,no,,no,y,5,cut partly,
Halle,25.10.2023,298,Hyacinthoides non-scripta,no,no,no,,no,no,,,
Halle,02.11.2022,306,Tussilago farfara,no,no,no,,no,y,15,,
Halle,02.11.2022,306,Hypericum perforatum,no,y,no,,no,y,95,,
Halle,02.11.2022,306,Polygonum bistorta,no,no,no,,no,y,15,,
Halle,02.11.2022,306,Puschkinia scilloides,no,no,no,,no,no,,,
Halle,02.11.2022,306,Camassia cusickii,no,no,no,,no,no,,,
Halle,02.11.2022,306,Tulipa sylvestris,no,no,no,,no,no,,,
Halle,02.11.2022,306,Narcissus pseudonarcissus,no,no,no,,no,no,,,
Halle,02.11.2022,306,Dactylis glomerata,no,no,no,,no,y,40,,
Halle,02.11.2022,306,Arrhenatherum elatius,no,no,no,,no,y,30,,
Halle,02.11.2022,306,Bromus erectus,no,no,no,,no,y,30,,
Halle,02.11.2022,306,Allium schoenoprasum,no,y,no,,no,y,10,,
Halle,02.11.2022,306,Hemerocallis fulva,no,y,no,,no,no,,,
Halle,02.11.2022,306,Achillea millefolium,no,y,no,,no,y,70,,
Halle,02.11.2022,306,Artemisia absinthium,no,y,no,,u,y,90,,
Halle,02.11.2022,306,Tanacetum vulgare,no,y,no,,no,y,95,,
Halle,02.11.2022,306,Veratrum nigrum,no,no,no,,no,y,100,,
Halle,02.11.2022,306,Salvia officinalis,no,y,no,,no,y,50,,
Halle,02.11.2022,306,Fuchsia magellanica,no,no,y,5,no,y,5,,
Halle,02.11.2022,306,Lamium album,no,y,no,,no,y,25,,
Halle,02.11.2022,306,Althaea officinalis,no,no,no,,no,y,90,,
Halle,02.11.2022,306,Ranunculus acris,no,no,no,,no,no,,,
Halle,02.11.2022,306,Epilobium angustifolium,no,no,no,,no,no,,,
Halle,02.11.2022,306,Angelica archangelica,no,no,no,,no,no,,,
Halle,02.11.2022,306,Geum urbanum,no,y,no,,no,y,60,,
Halle,02.11.2022,306,Glycyrrhiza glabra,no,no,no,,no,y,95,,
Halle,02.11.2022,306,Helleborus orientalis,no,no,no,,no,y,30,,
Halle,02.11.2022,306,Dictamnus albus,no,no,no,,no,y,60,,
Halle,02.11.2022,306,Eryngium maritimum,no,no,no,,no,y,85,,
Halle,02.11.2022,306,Eryngium campestre,no,no,no,,no,no,,,
Halle,02.11.2022,306,Silene vulgaris,no,no,no,,no,y,90,,
Halle,02.11.2022,306,Lychnis flos-cucule,no,y,no,,no,y,90,,
Halle,02.11.2022,306,Silene viscaria,no,y,no,,no,y,10,,
Halle,02.11.2022,306,Dianthus deltoides,no,no,no,,no,no,,,
Halle,02.11.2022,306,Saponaria officinalis,no,y,no,,no,y,95,,
Halle,02.11.2022,306,Dianthus carthusianorum,no,y,no,,no,y,80,,
Halle,02.11.2022,306,Clematis integrifolia,no,no,no,,no,y,100,cut total,
Halle,02.11.2022,306,Clematis recta,no,no,no,,no,y,100,cut total,
Halle,02.11.2022,306,Anemone sylvestris,no,no,no,,no,y,90,,
Halle,02.11.2022,306,Pulsatilla vulgaris,no,no,no,,no,y,10,,
Halle,02.11.2022,306,Armoracia rusticana,no,no,no,,no,y,80,,
Halle,02.11.2022,306,Bunias orientalis,no,y,no,,no,no,,,
Halle,02.11.2022,306,Geum rivale,no,y,no,,no,y,20,,
Halle,02.11.2022,306,Alchemilla vulgaris,no,y,no,,no,y,90,,
Halle,02.11.2022,306,Securigera varia,no,y,no,,no,y,80,,
Halle,02.11.2022,306,Amorpha canescens,no,no,no,,no,no,,,
Halle,02.11.2022,306,Lotus corniculatus,no,no,no,,no,y,30,,
Halle,02.11.2022,306,Galega officinalis,no,no,no,,no,no,,,
Halle,02.11.2022,306,Saxifraga paniculata,no,no,no,,no,y,70,,
Halle,02.11.2022,306,Medicago falcata,no,no,no,,no,y,80,,
Halle,02.11.2022,306,Genista tinctoria,no,no,no,,no,y,10,,
Halle,02.11.2022,306,Sedum spurium,no,no,no,,y,y,30,,
Halle,02.11.2022,306,Paeonia officinalis,no,no,no,,no,no,,,
Halle,02.11.2022,306,Paeonia daurica subsp. tomentosa,no,no,no,,no,no,,,
Halle,02.11.2022,306,Paeonia delavayi,no,no,no,,no,y,60,,
Halle,02.11.2022,306,Veratrum album,no,no,no,,no,y,100,,
Halle,02.11.2022,306,Primula veris,no,y,no,,no,y,5,,
Halle,02.11.2022,306,Mentha longifolia,no,y,no,,no,y,80,,
Halle,02.11.2022,306,Solanum dulcamara,no,no,no,,y,y,95,,
Halle,02.11.2022,306,Gratiola officinalis,no,no,no,,no,y,100,,
Halle,02.11.2022,306,Centranthus ruber,no,y,y,10,no,y,30,,
Halle,02.11.2022,306,Campanula rotundifolia,no,no,y,5,no,y,90,,
Halle,02.11.2022,306,Plantago lanceolata,no,y,no,,y,y,20,,
Halle,02.11.2022,306,Leucanthemum vulgare,no,y,no,,no,y,90,,
Halle,02.11.2022,306,Prunella grandiflora,no,y,y,10,no,y,10,,
Halle,02.11.2022,306,Leonurus cardiaca,no,no,no,,no,y,70,,
Halle,02.11.2022,306,Atropa belladonna,no,no,no,,no,y,95,,
Halle,02.11.2022,306,Scopolia carniolica,no,no,no,,no,no,,,
Halle,02.11.2022,306,Vinca minor,no,no,no,,no,y,5,,
Halle,02.11.2022,306,Conium maculatum,no,u,no,,no,no,,,
Halle,02.11.2022,306,Humulus lupulus,no,no,no,,no,y,80,,
Halle,02.11.2022,306,Chelidonium majus,no,y,no,,no,y,20,,
Halle,02.11.2022,306,Aconitum lycoctonum,no,y,no,,no,y,95,,
Halle,02.11.2022,306,Viola odorata,no,y,y,5,no,y,5,,
Halle,08.11.2022,312,Chelidonium majus,no,y,no,,no,y,20,,
Halle,08.11.2022,312,Aconitum lycoctonum,no,y,no,,no,y,95,,
Halle,08.11.2022,312,Viola odorata,no,y,y,5,no,y,5,,
Halle,08.11.2022,312,Hypericum perforatum,no,y,no,,no,y,95,,
Halle,08.11.2022,312,Polygonum bistorta,no,no,no,,no,y,20,,
Halle,08.11.2022,312,Puschkinia scilloides,no,no,no,,no,no,,,
Halle,08.11.2022,312,Camassia cusickii,no,no,no,,no,no,,,
Halle,08.11.2022,312,Tulipa sylvestris,no,no,no,,no,no,,,
Halle,08.11.2022,312,Narcissus pseudonarcissus,no,no,no,,no,no,,,
Halle,08.11.2022,312,Dactylis glomerata,no,no,no,,no,y,40,,
Halle,08.11.2022,312,Arrhenatherum elatius,no,no,no,,no,y,30,,
Halle,08.11.2022,312,Bromus erectus,no,no,no,,no,y,30,,
Halle,08.11.2022,312,Allium schoenoprasum,no,y,no,,no,y,10,,
Halle,08.11.2022,312,Hemerocallis fulva,no,y,no,,no,no,,,
Halle,08.11.2022,312,Achillea millefolium,no,y,no,,no,y,70,,
Halle,08.11.2022,312,Artemisia absinthium,no,y,no,,no,y,95,,
Halle,08.11.2022,312,Tanacetum vulgare,no,y,no,,no,y,95,,
Halle,08.11.2022,312,Veratrum nigrum,no,no,no,,no,no,,,
Halle,08.11.2022,312,Salvia officinalis,no,y,no,,no,y,50,,
Halle,08.11.2022,312,Fuchsia magellanica,no,no,y,5,no,y,15,,
Halle,08.11.2022,312,Lamium album,no,y,no,,no,y,25,,
Halle,08.11.2022,312,Althaea officinalis,no,no,no,,no,y,90,,
Halle,08.11.2022,312,Ranunculus acris,no,no,no,,no,no,,,
Halle,08.11.2022,312,Epilobium angustifolium,no,no,no,,no,no,,,
Halle,08.11.2022,312,Angelica archangelica,no,no,no,,no,no,,,
Halle,08.11.2022,312,Geum urbanum,no,y,no,,no,y,60,,
Halle,08.11.2022,312,Glycyrrhiza glabra,no,no,no,,no,y,95,,
Halle,08.11.2022,312,Helleborus orientalis,no,no,no,,no,y,30,,
Halle,08.11.2022,312,Dictamnus albus,no,no,no,,no,y,90,,
Halle,08.11.2022,312,Eryngium maritimum,no,no,no,,no,y,90,,
Halle,08.11.2022,312,Eryngium campestre,no,no,no,,no,no,,,
Halle,08.11.2022,312,Silene vulgaris,no,no,no,,no,y,95,,
Halle,08.11.2022,312,Lychnis flos-cucule,no,y,no,,no,y,95,,
Halle,08.11.2022,312,Silene viscaria,no,y,no,,no,y,10,,
Halle,08.11.2022,312,Dianthus deltoides,no,no,no,,no,no,,,
Halle,08.11.2022,312,Saponaria officinalis,no,y,no,,no,y,95,,
Halle,08.11.2022,312,Dianthus carthusianorum,no,y,no,,no,y,95,,
Halle,08.11.2022,312,Clematis integrifolia,no,no,no,,no,no,,,
Halle,08.11.2022,312,Clematis recta,no,no,no,,no,no,,,
Halle,08.11.2022,312,Anemone sylvestris,no,y,no,,no,y,95,,
Halle,08.11.2022,312,Pulsatilla vulgaris,no,no,no,,no,y,15,,
Halle,08.11.2022,312,Armoracia rusticana,no,no,no,,no,y,95,,
Halle,08.11.2022,312,Bunias orientalis,no,y,no,,no,y,20,,
Halle,08.11.2022,312,Geum rivale,no,y,no,,no,y,20,,
Halle,08.11.2022,312,Alchemilla vulgaris,no,y,no,,no,y,90,,
Halle,08.11.2022,312,Securigera varia,no,y,no,,no,y,95,,
Halle,08.11.2022,312,Amorpha canescens,no,no,no,,no,no,,,
Halle,08.11.2022,312,Lotus corniculatus,no,no,no,,no,y,45,,
Halle,08.11.2022,312,Galega officinalis,no,no,no,,no,y,5,cut partly,
Halle,08.11.2022,312,Saxifraga paniculata,no,no,no,,no,y,70,,
Halle,08.11.2022,312,Medicago falcata,no,no,no,,no,y,90,,
Halle,08.11.2022,312,Genista tinctoria,no,no,no,,no,y,10,,
Halle,08.11.2022,312,Sedum spurium,no,no,no,,y,y,50,,
Halle,08.11.2022,312,Paeonia officinalis,no,no,no,,no,no,,,
Halle,08.11.2022,312,Paeonia daurica subsp. tomentosa,no,no,no,,no,no,,,
Halle,08.11.2022,312,Paeonia delavayi,no,no,no,,no,y,70,,
Halle,08.11.2022,312,Veratrum album,no,no,no,,no,no,,,
Halle,08.11.2022,312,Primula veris,no,y,no,,no,y,5,,
Halle,08.11.2022,312,Mentha longifolia,no,y,no,,no,y,80,,
Halle,08.11.2022,312,Solanum dulcamara,no,no,no,,y,y,100,,
Halle,08.11.2022,312,Gratiola officinalis,no,no,no,,no,no,,,
Halle,08.11.2022,312,Centranthus ruber,no,y,y,5,no,y,30,,
Halle,08.11.2022,312,Tussilago farfara,no,no,no,,no,y,15,,
Halle,08.11.2022,312,Campanula rotundifolia,no,no,y,5,no,y,95,,
Halle,08.11.2022,312,Plantago lanceolata,no,y,no,,y,y,20,,
Halle,08.11.2022,312,Leucanthemum vulgare,no,y,no,,no,y,95,,
Halle,08.11.2022,312,Prunella grandiflora,no,y,y,10,no,y,10,,
Halle,08.11.2022,312,Leonurus cardiaca,no,no,no,,no,y,80,,
Halle,08.11.2022,312,Atropa belladonna,no,no,no,,no,y,100,,
Halle,08.11.2022,312,Scopolia carniolica,no,no,no,,no,no,,,
Halle,08.11.2022,312,Vinca minor,no,no,no,,no,y,5,,
Halle,08.11.2022,312,Conium maculatum,no,u,no,,no,no,,,
Halle,08.11.2022,312,Humulus lupulus,no,no,no,,no,y,95,,
Halle,15.11.2022,319,Vinca minor,no,no,no,,no,no,,,
Halle,15.11.2022,319,Conium maculatum,no,u,no,,no,no,,,
Halle,15.11.2022,319,Humulus lupulus,no,no,no,,no,y,100,,
Halle,15.11.2022,319,Hypericum perforatum,no,y,no,,no,y,10,cut partly,
Halle,15.11.2022,319,Polygonum bistorta,no,no,no,,no,y,35,,
Halle,15.11.2022,319,Puschkinia scilloides,no,no,no,,no,no,,,
Halle,15.11.2022,319,Camassia cusickii,no,no,no,,no,no,,,
Halle,15.11.2022,319,Tulipa sylvestris,no,no,no,,no,no,,,
Halle,15.11.2022,319,Narcissus pseudonarcissus,no,no,no,,no,no,,,
Halle,15.11.2022,319,Dactylis glomerata,no,no,no,,no,y,50,,
Halle,15.11.2022,319,Arrhenatherum elatius,no,no,no,,no,y,30,,
Halle,15.11.2022,319,Bromus erectus,no,no,no,,no,y,35,,
Halle,15.11.2022,319,Allium schoenoprasum,no,y,y,5,no,y,25,,
Halle,15.11.2022,319,Hemerocallis fulva,no,y,no,,no,y,5,,
Halle,15.11.2022,319,Achillea millefolium,no,y,no,,no,y,30,cut partly,
Halle,15.11.2022,319,Artemisia absinthium,no,y,no,,no,y,95,,
Halle,15.11.2022,319,Tanacetum vulgare,no,y,no,,no,y,40,cut total,
Halle,15.11.2022,319,Veratrum nigrum,y,no,no,,no,no,,,
Halle,15.11.2022,319,Salvia officinalis,no,y,no,,no,y,50,,
Halle,15.11.2022,319,Fuchsia magellanica,no,no,y,5,no,y,20,,
Halle,15.11.2022,319,Lamium album,no,y,no,,no,y,35,,
Halle,15.11.2022,319,Althaea officinalis,no,no,no,,no,y,90,,
Halle,15.11.2022,319,Ranunculus acris,no,no,no,,no,no,,,
Halle,15.11.2022,319,Epilobium angustifolium,no,no,no,,no,no,,,
Halle,15.11.2022,319,Angelica archangelica,no,no,no,,no,no,,,
Halle,15.11.2022,319,Geum urbanum,no,y,no,,no,y,50,,
Halle,15.11.2022,319,Glycyrrhiza glabra,no,no,no,,no,y,100,,
Halle,15.11.2022,319,Helleborus orientalis,no,y,no,,no,y,45,,
Halle,15.11.2022,319,Dictamnus albus,no,no,no,,no,y,95,,
Halle,15.11.2022,319,Eryngium maritimum,no,no,no,,no,y,95,,
Halle,15.11.2022,319,Eryngium campestre,no,no,no,,no,no,,,
Halle,15.11.2022,319,Silene vulgaris,no,no,no,,no,y,100,,
Halle,15.11.2022,319,Lychnis flos-cucule,no,y,no,,no,y,95,,
Halle,15.11.2022,319,Silene viscaria,no,y,no,,no,y,10,,
Halle,15.11.2022,319,Dianthus deltoides,no,u,no,,no,no,,,
Halle,15.11.2022,319,Saponaria officinalis,no,y,no,,no,y,95,,
Halle,15.11.2022,319,Dianthus carthusianorum,no,y,no,,no,y,95,,
Halle,15.11.2022,319,Clematis integrifolia,no,no,no,,no,no,,,
Halle,15.11.2022,319,Clematis recta,no,no,no,,no,no,,,
Halle,15.11.2022,319,Anemone sylvestris,no,y,no,,no,y,95,,
Halle,15.11.2022,319,Pulsatilla vulgaris,no,no,no,,no,y,20,,
Halle,15.11.2022,319,Armoracia rusticana,no,no,no,,no,y,95,,
Halle,15.11.2022,319,Bunias orientalis,no,y,no,,no,y,40,,
Halle,15.11.2022,319,Geum rivale,no,y,no,,no,y,35,,
Halle,15.11.2022,319,Alchemilla vulgaris,no,y,no,,no,y,95,,
Halle,15.11.2022,319,Securigera varia,no,y,no,,no,y,95,,
Halle,15.11.2022,319,Amorpha canescens,no,no,no,,no,no,,,
Halle,15.11.2022,319,Lotus corniculatus,no,no,no,,no,y,50,,
Halle,15.11.2022,319,Galega officinalis,no,no,no,,no,y,5,,
Halle,15.11.2022,319,Saxifraga paniculata,no,no,no,,no,y,70,,
Halle,15.11.2022,319,Medicago falcata,no,no,no,,no,y,95,,
Halle,15.11.2022,319,Genista tinctoria,no,no,no,,no,y,10,,
Halle,15.11.2022,319,Sedum spurium,no,no,no,,no,y,50,,
Halle,15.11.2022,319,Paeonia officinalis,no,no,no,,no,no,,,
Halle,15.11.2022,319,Paeonia daurica subsp. tomentosa,no,no,no,,no,no,,,
Halle,15.11.2022,319,Paeonia delavayi,no,no,no,,no,y,90,,
Halle,15.11.2022,319,Veratrum album,no,no,no,,no,no,,,
Halle,15.11.2022,319,Primula veris,no,y,no,,no,y,5,,
Halle,15.11.2022,319,Mentha longifolia,no,y,no,,no,y,80,,
Halle,15.11.2022,319,Solanum dulcamara,no,no,no,,no,no,,,
Halle,15.11.2022,319,Gratiola officinalis,no,no,no,,no,no,,,
Halle,15.11.2022,319,Centranthus ruber,no,y,y,5,no,y,50,,
Halle,15.11.2022,319,Tussilago farfara,no,no,no,,no,y,25,covered natural,
Halle,15.11.2022,319,Campanula rotundifolia,no,no,y,5,no,y,95,,
Halle,15.11.2022,319,Plantago lanceolata,no,y,no,,y,y,20,,
Halle,15.11.2022,319,Leucanthemum vulgare,no,y,no,,no,y,95,,
Halle,15.11.2022,319,Prunella grandiflora,no,y,y,10,no,y,10,,
Halle,15.11.2022,319,Leonurus cardiaca,no,no,no,,no,y,80,,
Halle,15.11.2022,319,Atropa belladonna,no,no,no,,no,no,,,
Halle,15.11.2022,319,Scopolia carniolica,no,no,no,,no,no,,,
Halle,15.11.2022,319,Chelidonium majus,no,y,no,,no,y,30,,
Halle,15.11.2022,319,Aconitum lycoctonum,no,y,no,,no,y,95,,
Halle,15.11.2022,319,Viola odorata,no,y,y,5,no,y,5,,
Halle,22.11.2022,326,Hypericum perforatum,no,y,no,,no,y,20,,
Halle,22.11.2022,326,Polygonum bistorta,no,no,no,,no,y,50,,
Halle,22.11.2022,326,Puschkinia scilloides,no,no,no,,no,no,,,
Halle,22.11.2022,326,Camassia cusickii,no,no,no,,no,no,,,
Halle,22.11.2022,326,Tulipa sylvestris,no,no,no,,no,no,,,
Halle,22.11.2022,326,Narcissus pseudonarcissus,no,no,no,,no,no,,,
Halle,22.11.2022,326,Dactylis glomerata,no,no,no,,no,y,50,,
Halle,22.11.2022,326,Arrhenatherum elatius,no,no,no,,no,y,40,,
Halle,22.11.2022,326,Bromus erectus,no,no,no,,no,y,40,,
Halle,22.11.2022,326,Allium schoenoprasum,no,y,no,,no,y,25,,
Halle,22.11.2022,326,Hemerocallis fulva,no,y,no,,no,y,5,,
Halle,22.11.2022,326,Achillea millefolium,no,y,no,,no,y,25,,
Halle,22.11.2022,326,Artemisia absinthium,no,y,no,,no,y,95,,
Halle,22.11.2022,326,Tanacetum vulgare,no,y,no,,no,y,30,,
Halle,22.11.2022,326,Veratrum nigrum,y,no,no,,no,no,,,
Halle,22.11.2022,326,Salvia officinalis,no,y,no,,no,y,50,,
Halle,22.11.2022,326,Fuchsia magellanica,no,no,no,,no,y,90,cut total,
Halle,22.11.2022,326,Lamium album,no,y,no,,no,y,50,,
Halle,22.11.2022,326,Althaea officinalis,no,y,no,,no,y,90,,
Halle,22.11.2022,326,Ranunculus acris,no,no,no,,no,no,,,
Halle,22.11.2022,326,Epilobium angustifolium,no,no,no,,no,no,,,
Halle,22.11.2022,326,Angelica archangelica,no,no,no,,no,no,,,
Halle,22.11.2022,326,Geum urbanum,no,y,no,,no,y,40,,
Halle,22.11.2022,326,Glycyrrhiza glabra,no,no,no,,no,no,,,
Halle,22.11.2022,326,Helleborus orientalis,no,y,no,,no,y,50,,
Halle,22.11.2022,326,Dictamnus albus,no,no,no,,no,y,95,,
Halle,22.11.2022,326,Eryngium maritimum,no,no,no,,no,y,95,,
Halle,22.11.2022,326,Eryngium campestre,no,no,no,,no,no,,,
Halle,22.11.2022,326,Silene vulgaris,no,no,no,,no,no,,,
Halle,22.11.2022,326,Lychnis flos-cucule,no,y,no,,no,y,95,,
Halle,22.11.2022,326,Silene viscaria,no,y,no,,no,y,10,,
Halle,22.11.2022,326,Dianthus deltoides,no,u,no,,no,no,,,
Halle,22.11.2022,326,Saponaria officinalis,no,y,no,,no,y,95,,
Halle,22.11.2022,326,Dianthus carthusianorum,no,y,no,,no,y,95,,
Halle,22.11.2022,326,Clematis integrifolia,no,no,no,,no,no,,,
Halle,22.11.2022,326,Clematis recta,no,no,no,,no,no,,,
Halle,22.11.2022,326,Anemone sylvestris,no,y,no,,no,y,95,,
Halle,22.11.2022,326,Pulsatilla vulgaris,no,no,no,,no,y,35,,
Halle,22.11.2022,326,Armoracia rusticana,no,no,no,,no,y,100,,
Halle,22.11.2022,326,Bunias orientalis,no,y,no,,no,y,50,,
Halle,22.11.2022,326,Geum rivale,no,y,no,,no,y,35,,
Halle,22.11.2022,326,Alchemilla vulgaris,no,y,no,,no,y,95,,
Halle,22.11.2022,326,Securigera varia,no,y,no,,no,y,95,,
Halle,22.11.2022,326,Amorpha canescens,no,no,no,,no,no,,,
Halle,22.11.2022,326,Lotus corniculatus,no,no,no,,no,y,50,,
Halle,22.11.2022,326,Galega officinalis,no,no,no,,no,y,10,,
Halle,22.11.2022,326,Saxifraga paniculata,no,no,no,,no,y,70,,
Halle,22.11.2022,326,Medicago falcata,no,no,no,,no,y,95,,
Halle,22.11.2022,326,Genista tinctoria,no,no,no,,no,y,10,,
Halle,22.11.2022,326,Sedum spurium,no,no,no,,no,y,60,,
Halle,22.11.2022,326,Paeonia officinalis,no,no,no,,no,no,,,
Halle,22.11.2022,326,Paeonia daurica subsp. tomentosa,no,no,no,,no,no,,,
Halle,22.11.2022,326,Paeonia delavayi,no,no,no,,no,y,100,,
Halle,22.11.2022,326,Veratrum album,no,no,no,,no,no,,,
Halle,22.11.2022,326,Primula veris,no,y,no,,no,y,5,,
Halle,22.11.2022,326,Mentha longifolia,no,y,no,,no,y,80,,
Halle,22.11.2022,326,Solanum dulcamara,no,no,no,,no,no,,,
Halle,22.11.2022,326,Gratiola officinalis,no,no,no,,no,no,,,
Halle,22.11.2022,326,Centranthus ruber,no,y,no,,no,y,50,cut partly,
Halle,22.11.2022,326,Tussilago farfara,no,no,no,,no,y,60,,
Halle,22.11.2022,326,Campanula rotundifolia,no,no,no,,no,y,95,,
Halle,22.11.2022,326,Plantago lanceolata,no,y,no,,y,y,30,,
Halle,22.11.2022,326,Leucanthemum vulgare,no,y,no,,no,y,95,,
Halle,22.11.2022,326,Prunella grandiflora,no,y,no,,no,y,10,,
Halle,22.11.2022,326,Leonurus cardiaca,no,no,no,,no,y,80,,
Halle,22.11.2022,326,Atropa belladonna,no,no,no,,no,no,,,
Halle,22.11.2022,326,Scopolia carniolica,no,no,no,,no,no,,,
Halle,22.11.2022,326,Vinca minor,no,no,no,,no,no,,,
Halle,22.11.2022,326,Conium maculatum,no,u,no,,no,no,,,
Halle,22.11.2022,326,Humulus lupulus,no,no,no,,no,no,,,
Halle,22.11.2022,326,Chelidonium majus,no,y,no,,no,y,40,,
Halle,22.11.2022,326,Aconitum lycoctonum,no,y,no,,no,y,95,,
Halle,22.11.2022,326,Viola odorata,no,y,y,5,no,y,5,,
Halle,21.12.2022,355,Glycyrrhiza glabra,no,no,no,,no,no,,,
Halle,21.12.2022,355,Helleborus orientalis,no,no,no,,no,y,50,,
Halle,21.12.2022,355,Dictamnus albus,no,no,no,,no,y,100,,
Halle,21.12.2022,355,Eryngium maritimum,no,no,no,,no,y,100,,
Halle,21.12.2022,355,Eryngium campestre,no,no,no,,no,no,,,
Halle,21.12.2022,355,Silene vulgaris,no,no,no,,no,no,,,
Halle,21.12.2022,355,Lychnis flos-cucule,no,y,no,,no,y,95,,
Halle,21.12.2022,355,Silene viscaria,no,y,no,,no,y,10,,
Halle,21.12.2022,355,Dianthus deltoides,no,u,no,,no,no,,,
Halle,21.12.2022,355,Saponaria officinalis,no,y,no,,no,y,95,,
Halle,21.12.2022,355,Hypericum perforatum,no,y,no,,no,y,25,,
Halle,21.12.2022,355,Polygonum bistorta,no,no,no,,no,y,100,,
Halle,21.12.2022,355,Puschkinia scilloides,no,no,no,,no,no,,,
Halle,21.12.2022,355,Camassia cusickii,no,no,no,,no,no,,,
Halle,21.12.2022,355,Tulipa sylvestris,no,no,no,,no,no,,,
Halle,21.12.2022,355,Narcissus pseudonarcissus,y,no,no,,no,no,,,
Halle,21.12.2022,355,Dactylis glomerata,no,no,no,,no,y,50,,
Halle,21.12.2022,355,Arrhenatherum elatius,no,no,no,,no,y,40,,
Halle,21.12.2022,355,Bromus erectus,no,no,no,,no,y,40,,
Halle,21.12.2022,355,Allium schoenoprasum,no,no,no,,no,y,95,,
Halle,21.12.2022,355,Hemerocallis fulva,no,no,no,,no,y,100,,
Halle,21.12.2022,355,Achillea millefolium,no,y,no,,no,y,25,,
Halle,21.12.2022,355,Artemisia absinthium,no,y,no,,no,y,95,,
Halle,21.12.2022,355,Tanacetum vulgare,no,y,no,,no,y,30,,
Halle,21.12.2022,355,Veratrum nigrum,no,no,no,,no,no,,,
Halle,21.12.2022,355,Salvia officinalis,no,y,no,,no,y,50,,
Halle,21.12.2022,355,Fuchsia magellanica,no,no,no,,no,y,100,,
Halle,21.12.2022,355,Lamium album,no,y,no,,no,y,80,,
Halle,21.12.2022,355,Althaea officinalis,no,no,no,,no,y,100,,
Halle,21.12.2022,355,Ranunculus acris,no,no,no,,no,no,,,
Halle,21.12.2022,355,Epilobium angustifolium,no,no,no,,no,no,,,
Halle,21.12.2022,355,Angelica archangelica,no,no,no,,no,no,,,
Halle,21.12.2022,355,Geum urbanum,no,y,no,,no,y,30,,
Halle,21.12.2022,355,Anemone sylvestris,no,no,no,,no,y,100,,
Halle,21.12.2022,355,Pulsatilla vulgaris,no,no,no,,no,no,,,
Halle,21.12.2022,355,Armoracia rusticana,no,no,no,,no,no,,,
Halle,21.12.2022,355,Dianthus carthusianorum,no,u,no,,no,y,95,,
Halle,21.12.2022,355,Clematis integrifolia,no,no,no,,no,no,,,
Halle,21.12.2022,355,Clematis recta,no,no,no,,no,no,,,
Halle,21.12.2022,355,Bunias orientalis,no,y,no,,no,y,50,,
Halle,21.12.2022,355,Geum rivale,no,no,no,,no,y,35,,
Halle,21.12.2022,355,Alchemilla vulgaris,no,no,no,,no,y,100,,
Halle,21.12.2022,355,Securigera varia,no,y,no,,no,y,95,,
Halle,21.12.2022,355,Amorpha canescens,no,no,no,,no,no,,,
Halle,21.12.2022,355,Lotus corniculatus,no,no,no,,no,y,90,,
Halle,21.12.2022,355,Galega officinalis,no,no,no,,no,y,30,,
Halle,21.12.2022,355,Saxifraga paniculata,no,no,no,,no,y,70,,
Halle,21.12.2022,355,Medicago falcata,no,no,no,,no,y,95,,
Halle,21.12.2022,355,Genista tinctoria,no,no,no,,no,y,10,,
Halle,21.12.2022,355,Sedum spurium,no,no,no,,no,y,90,,
Halle,21.12.2022,355,Paeonia officinalis,no,no,no,,no,no,,,
Halle,21.12.2022,355,Paeonia daurica subsp. tomentosa,no,no,no,,no,no,,,
Halle,21.12.2022,355,Paeonia delavayi,no,no,no,,no,no,,,
Halle,21.12.2022,355,Veratrum album,no,no,no,,no,no,,,
Halle,21.12.2022,355,Primula veris,no,y,no,,no,y,5,,
Halle,21.12.2022,355,Mentha longifolia,no,y,no,,no,y,90,,
Halle,21.12.2022,355,Solanum dulcamara,no,no,no,,no,no,,,
Halle,21.12.2022,355,Gratiola officinalis,no,no,no,,no,no,,,
Halle,21.12.2022,355,Centranthus ruber,no,y,no,,no,y,95,,
Halle,21.12.2022,355,Tussilago farfara,no,no,no,,no,y,100,,
Halle,21.12.2022,355,Campanula rotundifolia,no,no,no,,no,y,100,,
Halle,21.12.2022,355,Plantago lanceolata,no,no,no,,y,y,30,,
Halle,21.12.2022,355,Leucanthemum vulgare,no,y,no,,no,y,95,,
Halle,21.12.2022,355,Prunella grandiflora,no,y,no,,no,y,10,,
Halle,21.12.2022,355,Leonurus cardiaca,no,no,no,,no,y,95,,
Halle,21.12.2022,355,Atropa belladonna,no,no,no,,no,no,,,
Halle,21.12.2022,355,Scopolia carniolica,no,no,no,,no,no,,,
Halle,21.12.2022,355,Vinca minor,no,no,no,,no,no,,,
Halle,21.12.2022,355,Conium maculatum,no,y,no,,no,no,,,
Halle,21.12.2022,355,Humulus lupulus,no,no,no,,no,no,,,
Halle,21.12.2022,355,Chelidonium majus,no,y,no,,no,y,40,,
Halle,21.12.2022,355,Aconitum lycoctonum,no,no,no,,no,y,100,,
Halle,21.12.2022,355,Viola odorata,no,y,y,5,no,y,5,,
Halle,06.01.2023,6,Hypericum perforatum,no,y,no,,no,y,15,,
Halle,06.01.2023,6,Polygonum bistorta,no,no,no,,no,no,,,
Halle,06.01.2023,6,Puschkinia scilloides,no,no,no,,no,no,,,
Halle,06.01.2023,6,Camassia cusickii,no,no,no,,no,no,,,
Halle,06.01.2023,6,Tulipa sylvestris,y,y,no,,no,no,,,
Halle,06.01.2023,6,Narcissus pseudonarcissus,y,y,no,,no,no,,,
Halle,06.01.2023,6,Dactylis glomerata,no,y,no,,no,y,50,,
Halle,06.01.2023,6,Arrhenatherum elatius,no,no,no,,no,y,40,,
Halle,06.01.2023,6,Bromus erectus,no,y,no,,no,y,40,,
Halle,06.01.2023,6,Allium schoenoprasum,no,no,no,,no,y,100,,
Halle,06.01.2023,6,Hemerocallis fulva,y,no,no,,no,no,,,
Halle,06.01.2023,6,Achillea millefolium,no,y,no,,no,y,20,,
Halle,06.01.2023,6,Artemisia absinthium,y,y,no,,no,y,95,,
Halle,06.01.2023,6,Tanacetum vulgare,no,y,no,,no,y,15,,
Halle,06.01.2023,6,Veratrum nigrum,y,no,no,,no,no,,,
Halle,06.01.2023,6,Salvia officinalis,no,y,no,,no,y,40,,
Halle,06.01.2023,6,Fuchsia magellanica,no,no,no,,no,no,,,
Halle,06.01.2023,6,Lamium album,no,y,no,,no,y,95,,
Halle,06.01.2023,6,Althaea officinalis,no,no,no,,no,no,,,
Halle,06.01.2023,6,Ranunculus acris,no,no,no,,no,no,,,
Halle,06.01.2023,6,Epilobium angustifolium,no,no,no,,no,no,,,
Halle,06.01.2023,6,Angelica archangelica,u,u,no,,no,no,,,
Halle,06.01.2023,6,Geum urbanum,no,y,no,,no,y,15,,
Halle,06.01.2023,6,Glycyrrhiza glabra,no,no,no,,no,no,,,
Halle,06.01.2023,6,Helleborus orientalis,no,y,no,,no,y,50,,flower buds
Halle,06.01.2023,6,Dictamnus albus,no,no,no,,no,no,,,
Halle,06.01.2023,6,Eryngium maritimum,no,no,no,,no,no,,,
Halle,06.01.2023,6,Eryngium campestre,no,no,no,,no,no,,,
Halle,06.01.2023,6,Silene vulgaris,y,y,no,,no,no,,,
Halle,06.01.2023,6,Lychnis flos-cucule,no,y,no,,no,y,95,,
Halle,06.01.2023,6,Silene viscaria,no,y,no,,no,y,5,,
Halle,06.01.2023,6,Dianthus deltoides,no,no,no,,no,no,,,
Halle,06.01.2023,6,Saponaria officinalis,no,no,no,,no,y,100,,
Halle,06.01.2023,6,Dianthus carthusianorum,no,no,no,,no,y,100,,
Halle,06.01.2023,6,Clematis integrifolia,no,no,no,,no,no,,,
Halle,06.01.2023,6,Clematis recta,no,no,no,,no,no,,,
Halle,06.01.2023,6,Anemone sylvestris,no,no,no,,no,no,,,
Halle,06.01.2023,6,Pulsatilla vulgaris,no,no,no,,no,no,,,
Halle,06.01.2023,6,Armoracia rusticana,y,y,no,,no,no,,,
Halle,06.01.2023,6,Bunias orientalis,no,y,no,,no,y,95,,
Halle,06.01.2023,6,Geum rivale,no,no,no,,no,y,35,,
Halle,06.01.2023,6,Alchemilla vulgaris,no,no,no,,no,no,,,
Halle,06.01.2023,6,Securigera varia,no,y,no,,no,y,95,,
Halle,06.01.2023,6,Amorpha canescens,no,no,no,,no,no,,,
Halle,06.01.2023,6,Lotus corniculatus,y,y,no,,no,y,95,,
Halle,06.01.2023,6,Galega officinalis,no,y,no,,no,y,90,,
Halle,06.01.2023,6,Saxifraga paniculata,no,y,no,,no,y,70,,
Halle,06.01.2023,6,Medicago falcata,y,y,no,,no,y,95,,
Halle,06.01.2023,6,Genista tinctoria,no,no,no,,no,y,60,,
Halle,06.01.2023,6,Sedum spurium,no,y,no,,no,y,95,,
Halle,06.01.2023,6,Paeonia officinalis,no,no,no,,no,no,,,
Halle,06.01.2023,6,Paeonia daurica subsp. tomentosa,y,no,no,,no,no,,,
Halle,06.01.2023,6,Paeonia delavayi,no,no,no,,no,no,,,
Halle,06.01.2023,6,Veratrum album,no,no,no,,no,no,,,
Halle,06.01.2023,6,Primula veris,no,y,no,,no,y,15,,
Halle,06.01.2023,6,Mentha longifolia,no,no,no,,no,y,100,,
Halle,06.01.2023,6,Solanum dulcamara,no,no,no,,no,no,,,
Halle,06.01.2023,6,Gratiola officinalis,no,no,no,,no,no,,,
Halle,06.01.2023,6,Centranthus ruber,no,y,no,,no,y,95,,
Halle,06.01.2023,6,Tussilago farfara,no,no,no,,no,no,,,
Halle,06.01.2023,6,Campanula rotundifolia,no,no,no,,no,no,,,
Halle,06.01.2023,6,Plantago lanceolata,no,no,no,,y,y,40,,
Halle,06.01.2023,6,Leucanthemum vulgare,no,y,no,,no,y,5,,
Halle,06.01.2023,6,Prunella grandiflora,no,y,no,,no,y,10,,
Halle,06.01.2023,6,Leonurus cardiaca,no,y,no,,no,y,95,,
Halle,06.01.2023,6,Atropa belladonna,no,no,no,,no,no,,,
Halle,06.01.2023,6,Scopolia carniolica,no,no,no,,no,no,,,
Halle,06.01.2023,6,Vinca minor,no,no,no,,no,no,,,
Halle,06.01.2023,6,Conium maculatum,no,y,no,,no,no,,,
Halle,06.01.2023,6,Humulus lupulus,no,no,no,,no,no,,,
Halle,06.01.2023,6,Chelidonium majus,no,y,no,,no,y,15,,
Halle,06.01.2023,6,Aconitum lycoctonum,no,no,no,,no,no,,,
Halle,06.01.2023,6,Viola odorata,no,y,no,,no,y,60,,
Halle,10.01.2023,10,Hypericum perforatum,no,y,no,,no,y,15,,
Halle,10.01.2023,10,Polygonum bistorta,no,no,no,,no,no,,,
Halle,10.01.2023,10,Puschkinia scilloides,no,no,no,,no,no,,,
Halle,10.01.2023,10,Camassia cusickii,y,no,no,,no,no,,,
Halle,10.01.2023,10,Tulipa sylvestris,y,y,no,,no,no,,,
Halle,10.01.2023,10,Narcissus pseudonarcissus,no,y,no,,no,no,,,
Halle,10.01.2023,10,Dactylis glomerata,no,y,no,,no,y,50,,
Halle,10.01.2023,10,Arrhenatherum elatius,no,y,no,,no,y,40,,
Halle,10.01.2023,10,Bromus erectus,no,y,no,,no,y,40,,
Halle,10.01.2023,10,Allium schoenoprasum,no,no,no,,no,y,100,,
Halle,10.01.2023,10,Hemerocallis fulva,y,no,no,,no,no,,,
Halle,10.01.2023,10,Achillea millefolium,no,y,no,,no,y,15,,
Halle,10.01.2023,10,Artemisia absinthium,y,y,no,,no,y,95,,
Halle,10.01.2023,10,Tanacetum vulgare,no,y,no,,no,y,15,,
Halle,10.01.2023,10,Veratrum nigrum,y,no,no,,no,no,,,
Halle,10.01.2023,10,Salvia officinalis,no,y,no,,no,y,40,,
Halle,10.01.2023,10,Fuchsia magellanica,no,no,no,,no,no,,,
Halle,10.01.2023,10,Lamium album,no,y,no,,no,y,95,,
Halle,10.01.2023,10,Althaea officinalis,no,no,no,,no,no,,,
Halle,10.01.2023,10,Ranunculus acris,no,no,no,,no,no,,,
Halle,10.01.2023,10,Epilobium angustifolium,no,no,no,,no,no,,,
Halle,10.01.2023,10,Angelica archangelica,u,u,no,,no,no,,,
Halle,10.01.2023,10,Geum urbanum,no,y,no,,no,y,15,,
Halle,10.01.2023,10,Glycyrrhiza glabra,no,no,no,,no,no,,,
Halle,10.01.2023,10,Helleborus orientalis,no,y,y,20,no,y,50,,
Halle,10.01.2023,10,Dictamnus albus,no,no,no,,no,no,,,
Halle,10.01.2023,10,Eryngium maritimum,no,no,no,,no,no,,,
Halle,10.01.2023,10,Eryngium campestre,no,no,no,,no,no,,,
Halle,10.01.2023,10,Silene vulgaris,no,y,no,,no,no,,,
Halle,10.01.2023,10,Lychnis flos-cucule,no,y,no,,no,y,95,,
Halle,10.01.2023,10,Silene viscaria,no,y,no,,no,y,5,,
Halle,10.01.2023,10,Dianthus deltoides,no,no,no,,no,no,,,
Halle,10.01.2023,10,Saponaria officinalis,no,no,no,,no,no,,,
Halle,10.01.2023,10,Dianthus carthusianorum,no,no,no,,no,y,100,,
Halle,10.01.2023,10,Clematis integrifolia,no,no,no,,no,no,,,
Halle,10.01.2023,10,Clematis recta,no,no,no,,no,no,,,
Halle,10.01.2023,10,Anemone sylvestris,no,no,no,,no,no,,,
Halle,10.01.2023,10,Pulsatilla vulgaris,y,no,no,,no,no,,,
Halle,10.01.2023,10,Armoracia rusticana,y,y,no,,no,no,,,
Halle,10.01.2023,10,Bunias orientalis,no,y,no,,no,y,95,,
Halle,10.01.2023,10,Geum rivale,no,y,no,,no,y,30,,
Halle,10.01.2023,10,Alchemilla vulgaris,no,no,no,,no,no,,,
Halle,10.01.2023,10,Securigera varia,no,y,no,,no,y,95,,
Halle,10.01.2023,10,Amorpha canescens,no,no,no,,no,no,,,
Halle,10.01.2023,10,Lotus corniculatus,no,y,no,,no,y,95,,
Halle,10.01.2023,10,Galega officinalis,no,y,no,,no,y,90,,
Halle,10.01.2023,10,Saxifraga paniculata,no,y,no,,no,y,70,,
Halle,10.01.2023,10,Medicago falcata,y,y,no,,no,y,95,,
Halle,10.01.2023,10,Genista tinctoria,y,y,no,,no,y,60,,
Halle,10.01.2023,10,Sedum spurium,y,y,no,,no,y,95,,
Halle,10.01.2023,10,Paeonia officinalis,y,no,no,,no,no,,,
Halle,10.01.2023,10,Paeonia daurica subsp. tomentosa,y,no,no,,no,no,,,
Halle,10.01.2023,10,Paeonia delavayi,no,no,no,,no,no,,,
Halle,10.01.2023,10,Veratrum album,no,no,no,,no,no,,,
Halle,10.01.2023,10,Primula veris,no,y,no,,no,y,15,,
Halle,10.01.2023,10,Mentha longifolia,no,no,no,,no,no,,,
Halle,10.01.2023,10,Solanum dulcamara,no,no,no,,no,no,,,
Halle,10.01.2023,10,Gratiola officinalis,no,no,no,,no,no,,,
Halle,10.01.2023,10,Centranthus ruber,no,y,no,,no,y,95,,
Halle,10.01.2023,10,Tussilago farfara,no,no,no,,no,no,,,
Halle,10.01.2023,10,Campanula rotundifolia,no,no,no,,no,no,,,
Halle,10.01.2023,10,Plantago lanceolata,y,y,no,,no,y,35,,
Halle,10.01.2023,10,Leucanthemum vulgare,no,y,no,,no,y,5,,
Halle,10.01.2023,10,Prunella grandiflora,no,y,no,,no,y,10,,
Halle,10.01.2023,10,Leonurus cardiaca,no,y,no,,no,y,95,,
Halle,10.01.2023,10,Atropa belladonna,y,y,no,,no,no,,,
Halle,10.01.2023,10,Scopolia carniolica,no,no,no,,no,no,,,
Halle,10.01.2023,10,Vinca minor,no,no,no,,no,no,,,
Halle,10.01.2023,10,Conium maculatum,no,y,no,,no,no,,,
Halle,10.01.2023,10,Humulus lupulus,no,no,no,,no,no,,,
Halle,10.01.2023,10,Chelidonium majus,no,y,no,,no,y,15,,
Halle,10.01.2023,10,Aconitum lycoctonum,no,no,no,,no,no,,,
Halle,10.01.2023,10,Viola odorata,no,y,y,5,no,y,60,,
Halle,18.01.2023,18,Tanacetum vulgare,no,y,no,,no,y,15,,
Halle,18.01.2023,18,Veratrum nigrum,y,no,no,,no,no,,,
Halle,18.01.2023,18,Salvia officinalis,y,y,no,,no,y,40,,
Halle,18.01.2023,18,Fuchsia magellanica,no,no,no,,no,no,,,
Halle,18.01.2023,18,Lamium album,no,y,no,,no,y,95,,
Halle,18.01.2023,18,Althaea officinalis,no,no,no,,no,no,,,
Halle,18.01.2023,18,Ranunculus acris,no,no,no,,no,no,,,
Halle,18.01.2023,18,Epilobium angustifolium,no,no,no,,no,no,,,
Halle,18.01.2023,18,Angelica archangelica,no,no,no,,no,no,,,
Halle,18.01.2023,18,Geum urbanum,no,y,no,,no,y,15,,
Halle,18.01.2023,18,Glycyrrhiza glabra,no,no,no,,no,no,,,
Halle,18.01.2023,18,Helleborus orientalis,no,y,y,100,no,y,50,,
Halle,18.01.2023,18,Dictamnus albus,no,no,no,,no,no,,,
Halle,18.01.2023,18,Eryngium maritimum,no,no,no,,no,no,,,
Halle,18.01.2023,18,Eryngium campestre,no,no,no,,no,no,,,
Halle,18.01.2023,18,Silene vulgaris,no,y,no,,no,no,,,
Halle,18.01.2023,18,Lychnis flos-cucule,no,y,no,,no,y,95,,
Halle,18.01.2023,18,Silene viscaria,no,y,no,,no,y,5,,
Halle,18.01.2023,18,Dianthus deltoides,y,y,no,,no,no,,,
Halle,18.01.2023,18,Saponaria officinalis,y,y,no,,no,no,,,
Halle,18.01.2023,18,Dianthus carthusianorum,no,no,no,,no,no,,,
Halle,18.01.2023,18,Clematis integrifolia,y,no,no,,no,no,,,
Halle,18.01.2023,18,Clematis recta,no,no,no,,no,no,,,
Halle,18.01.2023,18,Anemone sylvestris,y,no,no,,no,no,,,
Halle,18.01.2023,18,Pulsatilla vulgaris,y,y,no,,no,no,,,
Halle,18.01.2023,18,Armoracia rusticana,no,y,no,,no,no,,,
Halle,18.01.2023,18,Bunias orientalis,no,y,no,,no,y,5,,
Halle,18.01.2023,18,Geum rivale,no,no,no,,no,y,30,,
Halle,18.01.2023,18,Alchemilla vulgaris,no,no,no,,no,no,,,
Halle,18.01.2023,18,Securigera varia,y,y,no,,no,y,5,cut partly,
Halle,18.01.2023,18,Amorpha canescens,no,no,no,,no,no,,,
Halle,18.01.2023,18,Lotus corniculatus,y,y,no,,no,y,95,,
Halle,18.01.2023,18,Galega officinalis,y,y,no,,no,y,90,,
Halle,18.01.2023,18,Saxifraga paniculata,no,y,no,,no,y,70,,
Halle,18.01.2023,18,Medicago falcata,y,y,no,,no,y,95,,
Halle,18.01.2023,18,Genista tinctoria,y,y,no,,no,y,60,,
Halle,18.01.2023,18,Sedum spurium,y,y,no,,no,y,95,,
Halle,18.01.2023,18,Paeonia officinalis,y,no,no,,no,no,,,
Halle,18.01.2023,18,Paeonia daurica subsp. tomentosa,y,no,no,,no,no,,,
Halle,18.01.2023,18,Paeonia delavayi,no,no,no,,no,no,,,
Halle,18.01.2023,18,Veratrum album,no,no,no,,no,no,,,
Halle,18.01.2023,18,Primula veris,no,y,no,,no,y,20,,
Halle,18.01.2023,18,Mentha longifolia,no,no,no,,no,no,,,
Halle,18.01.2023,18,Solanum dulcamara,no,no,no,,no,no,,,
Halle,18.01.2023,18,Gratiola officinalis,no,no,no,,no,no,,,
Halle,18.01.2023,18,Centranthus ruber,no,y,no,,no,y,95,,
Halle,18.01.2023,18,Tussilago farfara,no,no,no,,no,no,,,
Halle,18.01.2023,18,Campanula rotundifolia,no,no,no,,no,no,,,
Halle,18.01.2023,18,Plantago lanceolata,y,y,no,,no,y,35,,
Halle,18.01.2023,18,Leucanthemum vulgare,no,y,no,,no,y,5,,
Halle,18.01.2023,18,Prunella grandiflora,no,y,no,,no,y,10,,
Halle,18.01.2023,18,Leonurus cardiaca,no,y,no,,no,y,95,,
Halle,18.01.2023,18,Atropa belladonna,y,y,no,,no,no,,,
Halle,18.01.2023,18,Scopolia carniolica,no,no,no,,no,no,,,
Halle,18.01.2023,18,Vinca minor,y,no,no,,no,no,,,
Halle,18.01.2023,18,Conium maculatum,no,y,no,,no,no,,,
Halle,18.01.2023,18,Humulus lupulus,no,no,no,,no,no,,,
Halle,18.01.2023,18,Chelidonium majus,no,y,no,,no,y,15,,
Halle,18.01.2023,18,Aconitum lycoctonum,no,no,no,,no,no,,,
Halle,18.01.2023,18,Viola odorata,no,y,y,5,no,y,60,,
Halle,18.01.2023,18,Hypericum perforatum,no,y,no,,no,y,15,,
Halle,18.01.2023,18,Polygonum bistorta,no,no,no,,no,no,,,
Halle,18.01.2023,18,Puschkinia scilloides,no,no,no,,no,no,,,
Halle,18.01.2023,18,Camassia cusickii,y,no,no,,no,no,,,
Halle,18.01.2023,18,Tulipa sylvestris,y,y,no,,no,no,,,
Halle,18.01.2023,18,Narcissus pseudonarcissus,no,y,no,,no,no,,,
Halle,18.01.2023,18,Dactylis glomerata,no,y,no,,no,y,60,,
Halle,18.01.2023,18,Arrhenatherum elatius,no,y,no,,no,y,40,,
Halle,18.01.2023,18,Bromus erectus,no,y,no,,no,y,40,,
Halle,18.01.2023,18,Allium schoenoprasum,no,no,no,,no,y,100,,
Halle,18.01.2023,18,Hemerocallis fulva,y,y,no,,no,no,,,
Halle,18.01.2023,18,Achillea millefolium,no,y,no,,no,y,15,,
Halle,18.01.2023,18,Artemisia absinthium,y,y,no,,no,y,95,,
Halle,25.01.2023,25,Angelica archangelica,no,no,no,,no,no,,,
Halle,25.01.2023,25,Geum urbanum,no,y,no,,no,y,15,,
Halle,25.01.2023,25,Glycyrrhiza glabra,no,no,no,,no,no,,,
Halle,25.01.2023,25,Helleborus orientalis,no,y,y,95,no,y,60,,asked a gardener to reseed
Halle,25.01.2023,25,Dictamnus albus,y,no,no,,no,no,,,
Halle,25.01.2023,25,Eryngium maritimum,no,no,no,,no,no,,,
Halle,25.01.2023,25,Eryngium campestre,no,no,no,,no,no,,,
Halle,25.01.2023,25,Silene vulgaris,no,y,no,,no,no,,,
Halle,25.01.2023,25,Lychnis flos-cucule,no,no,no,,no,y,100,,
Halle,25.01.2023,25,Silene viscaria,no,y,no,,no,y,5,,
Halle,25.01.2023,25,Dianthus deltoides,y,y,no,,no,no,,,
Halle,25.01.2023,25,Saponaria officinalis,no,y,no,,no,no,,,
Halle,25.01.2023,25,Dianthus carthusianorum,y,y,no,,no,no,,,
Halle,25.01.2023,25,Clematis integrifolia,y,no,no,,no,no,,,
Halle,25.01.2023,25,Hypericum perforatum,no,y,no,,no,y,15,,
Halle,25.01.2023,25,Polygonum bistorta,y,y,no,,no,no,,,
Halle,25.01.2023,25,Puschkinia scilloides,no,no,no,,no,no,,,
Halle,25.01.2023,25,Camassia cusickii,y,y,no,,no,no,,,
Halle,25.01.2023,25,Tulipa sylvestris,no,y,no,,no,no,,,
Halle,25.01.2023,25,Narcissus pseudonarcissus,no,y,no,,no,no,,,
Halle,25.01.2023,25,Dactylis glomerata,no,y,no,,no,y,60,,
Halle,25.01.2023,25,Arrhenatherum elatius,no,y,no,,no,y,40,,
Halle,25.01.2023,25,Bromus erectus,no,y,no,,no,y,40,,
Halle,25.01.2023,25,Allium schoenoprasum,y,no,no,,no,no,,,
Halle,25.01.2023,25,Hemerocallis fulva,no,y,no,,no,no,,,
Halle,25.01.2023,25,Achillea millefolium,no,y,no,,no,y,15,,
Halle,25.01.2023,25,Artemisia absinthium,no,y,no,,no,no,,,
Halle,25.01.2023,25,Tanacetum vulgare,no,y,no,,no,y,10,,
Halle,25.01.2023,25,Veratrum nigrum,y,no,no,,no,no,,,
Halle,25.01.2023,25,Salvia officinalis,no,y,no,,no,y,40,,
Halle,25.01.2023,25,Fuchsia magellanica,no,no,no,,no,no,,,
Halle,25.01.2023,25,Lamium album,no,y,no,,no,y,20,,
Halle,25.01.2023,25,Althaea officinalis,no,no,no,,no,no,,,
Halle,25.01.2023,25,Ranunculus acris,no,no,no,,no,no,,,
Halle,25.01.2023,25,Epilobium angustifolium,no,y,no,,no,no,,,planted two new plants?
Halle,25.01.2023,25,Clematis recta,no,no,no,,no,no,,,
Halle,25.01.2023,25,Anemone sylvestris,y,y,no,,no,no,,,
Halle,25.01.2023,25,Pulsatilla vulgaris,no,y,no,,no,no,,,
Halle,25.01.2023,25,Armoracia rusticana,no,y,no,,no,no,,,
Halle,25.01.2023,25,Bunias orientalis,no,y,no,,no,no,,,
Halle,25.01.2023,25,Geum rivale,y,y,no,,no,y,30,,
Halle,25.01.2023,25,Alchemilla vulgaris,no,no,no,,no,no,,,
Halle,25.01.2023,25,Securigera varia,no,y,no,,no,y,5,,
Halle,25.01.2023,25,Amorpha canescens,no,no,no,,no,no,,,
Halle,25.01.2023,25,Lotus corniculatus,no,y,no,,no,no,,,
Halle,25.01.2023,25,Galega officinalis,no,y,no,,no,y,90,,
Halle,25.01.2023,25,Saxifraga paniculata,no,y,no,,no,no,,cut partly,
Halle,25.01.2023,25,Medicago falcata,y,y,no,,no,no,,cut partly,
Halle,25.01.2023,25,Genista tinctoria,no,y,no,,no,y,60,,
Halle,25.01.2023,25,Sedum spurium,y,y,no,,no,no,,,
Halle,25.01.2023,25,Paeonia officinalis,y,no,no,,no,no,,,
Halle,25.01.2023,25,Paeonia daurica subsp. tomentosa,y,no,no,,no,no,,,
Halle,25.01.2023,25,Paeonia delavayi,no,no,no,,no,no,,,
Halle,25.01.2023,25,Veratrum album,no,no,no,,no,no,,,
Halle,25.01.2023,25,Primula veris,no,y,no,,no,y,20,,
Halle,25.01.2023,25,Mentha longifolia,no,no,no,,no,no,,,
Halle,25.01.2023,25,Solanum dulcamara,no,no,no,,no,no,,,
Halle,25.01.2023,25,Gratiola officinalis,no,no,no,,no,no,,,
Halle,25.01.2023,25,Centranthus ruber,no,y,no,,no,no,,,
Halle,25.01.2023,25,Tussilago farfara,no,no,no,,no,no,,,
Halle,25.01.2023,25,Campanula rotundifolia,no,no,no,,no,no,,,
Halle,25.01.2023,25,Plantago lanceolata,no,y,no,,no,y,25,,
Halle,25.01.2023,25,Leucanthemum vulgare,no,y,no,,no,y,5,,
Halle,25.01.2023,25,Prunella grandiflora,no,y,no,,no,y,10,,
Halle,25.01.2023,25,Leonurus cardiaca,no,y,no,,no,no,,cut partly,
Halle,25.01.2023,25,Atropa belladonna,y,y,no,,no,no,,,
Halle,25.01.2023,25,Scopolia carniolica,no,no,no,,no,no,,,
Halle,25.01.2023,25,Vinca minor,y,y,no,,no,no,,,
Halle,25.01.2023,25,Conium maculatum,no,y,no,,no,no,,,
Halle,25.01.2023,25,Humulus lupulus,no,no,no,,no,no,,,
Halle,25.01.2023,25,Chelidonium majus,no,y,no,,no,y,10,,
Halle,25.01.2023,25,Aconitum lycoctonum,no,no,no,,no,no,,,
Halle,25.01.2023,25,Viola odorata,no,y,y,5,no,y,50,,
Halle,01.02.2023,32,Paeonia officinalis,y,no,no,,no,no,,,
Halle,01.02.2023,32,Paeonia daurica subsp. tomentosa,y,no,no,,no,no,,,
Halle,01.02.2023,32,Paeonia delavayi,no,no,no,,no,no,,,
Halle,01.02.2023,32,Veratrum album,no,no,no,,no,no,,,
Halle,01.02.2023,32,Primula veris,no,y,no,,no,y,10,,
Halle,01.02.2023,32,Mentha longifolia,no,no,no,,no,no,,,
Halle,01.02.2023,32,Solanum dulcamara,no,no,no,,no,no,,,
Halle,01.02.2023,32,Gratiola officinalis,no,no,no,,no,no,,,
Halle,01.02.2023,32,Hypericum perforatum,no,y,no,,no,y,15,,
Halle,01.02.2023,32,Polygonum bistorta,no,y,no,,no,no,,,
Halle,01.02.2023,32,Puschkinia scilloides,no,no,no,,no,no,,,
Halle,01.02.2023,32,Camassia cusickii,no,y,no,,no,no,,,
Halle,01.02.2023,32,Tulipa sylvestris,no,y,no,,no,no,,,
Halle,01.02.2023,32,Narcissus pseudonarcissus,no,y,no,,no,no,,,
Halle,01.02.2023,32,Dactylis glomerata,no,y,no,,no,y,60,,
Halle,01.02.2023,32,Arrhenatherum elatius,no,y,no,,no,y,40,,
Halle,01.02.2023,32,Bromus erectus,no,y,no,,no,y,40,,
Halle,01.02.2023,32,Allium schoenoprasum,y,y,no,,no,no,,,
Halle,01.02.2023,32,Hemerocallis fulva,no,y,no,,no,no,,,
Halle,01.02.2023,32,Achillea millefolium,no,y,no,,no,y,10,,
Halle,01.02.2023,32,Artemisia absinthium,no,y,no,,no,no,,,
Halle,01.02.2023,32,Tanacetum vulgare,no,y,no,,no,y,10,,
Halle,01.02.2023,32,Veratrum nigrum,y,no,no,,no,no,,,
Halle,01.02.2023,32,Salvia officinalis,no,y,no,,no,y,40,,
Halle,01.02.2023,32,Fuchsia magellanica,no,no,no,,no,no,,,
Halle,01.02.2023,32,Lamium album,no,y,no,,no,y,15,,
Halle,01.02.2023,32,Althaea officinalis,no,no,no,,no,no,,,
Halle,01.02.2023,32,Ranunculus acris,no,no,no,,no,no,,,
Halle,01.02.2023,32,Epilobium angustifolium,no,y,no,,no,no,,,
Halle,01.02.2023,32,Angelica archangelica,no,no,no,,no,no,,,
Halle,01.02.2023,32,Geum urbanum,no,y,no,,no,y,15,,
Halle,01.02.2023,32,Glycyrrhiza glabra,no,no,no,,no,no,,,
Halle,01.02.2023,32,Helleborus orientalis,no,y,y,90,no,y,65,,
Halle,01.02.2023,32,Dictamnus albus,y,no,no,,no,no,,,
Halle,01.02.2023,32,Eryngium maritimum,no,no,no,,no,no,,,
Halle,01.02.2023,32,Eryngium campestre,y,y,no,,no,no,,,only one drive with two leaves
Halle,01.02.2023,32,Silene vulgaris,no,y,no,,no,no,,,
Halle,01.02.2023,32,Lychnis flos-cucule,no,no,no,,no,no,,,
Halle,01.02.2023,32,Silene viscaria,no,y,no,,no,y,5,,
Halle,01.02.2023,32,Dianthus deltoides,no,y,no,,no,no,,,
Halle,01.02.2023,32,Saponaria officinalis,no,y,no,,no,no,,,
Halle,01.02.2023,32,Dianthus carthusianorum,no,y,no,,no,no,,,
Halle,01.02.2023,32,Clematis integrifolia,y,y,no,,no,no,,,
Halle,01.02.2023,32,Clematis recta,no,no,no,,no,no,,,
Halle,01.02.2023,32,Anemone sylvestris,no,y,no,,no,no,,,
Halle,01.02.2023,32,Pulsatilla vulgaris,no,y,no,,no,no,,,
Halle,01.02.2023,32,Armoracia rusticana,no,y,no,,no,no,,,
Halle,01.02.2023,32,Bunias orientalis,no,y,no,,no,no,,,
Halle,01.02.2023,32,Geum rivale,no,y,no,,no,y,25,,
Halle,01.02.2023,32,Alchemilla vulgaris,no,no,no,,no,no,,,
Halle,01.02.2023,32,Securigera varia,no,y,no,,no,y,5,,
Halle,01.02.2023,32,Amorpha canescens,no,no,no,,no,no,,,
Halle,01.02.2023,32,Lotus corniculatus,no,y,no,,no,no,,,
Halle,01.02.2023,32,Galega officinalis,no,y,no,,no,y,80,,
Halle,01.02.2023,32,Saxifraga paniculata,no,y,no,,no,no,,,
Halle,01.02.2023,32,Medicago falcata,no,y,no,,no,no,,,
Halle,01.02.2023,32,Genista tinctoria,no,y,no,,no,y,60,,
Halle,01.02.2023,32,Sedum spurium,y,y,no,,no,no,,,
Halle,01.02.2023,32,Centranthus ruber,no,y,no,,no,no,,,
Halle,01.02.2023,32,Tussilago farfara,no,no,no,,no,no,,,
Halle,01.02.2023,32,Campanula rotundifolia,no,no,no,,no,no,,,
Halle,01.02.2023,32,Plantago lanceolata,no,y,no,,no,y,20,,
Halle,01.02.2023,32,Leucanthemum vulgare,no,y,no,,no,y,5,,
Halle,01.02.2023,32,Prunella grandiflora,no,y,no,,no,y,10,,
Halle,01.02.2023,32,Leonurus cardiaca,no,y,no,,no,no,,,
Halle,01.02.2023,32,Atropa belladonna,y,y,no,,no,no,,,
Halle,01.02.2023,32,Scopolia carniolica,no,no,no,,no,no,,,
Halle,01.02.2023,32,Vinca minor,no,y,no,,no,no,,,
Halle,01.02.2023,32,Conium maculatum,no,y,no,,no,no,,,
Halle,01.02.2023,32,Humulus lupulus,no,no,no,,no,no,,,
Halle,01.02.2023,32,Chelidonium majus,no,y,no,,no,y,10,,
Halle,01.02.2023,32,Aconitum lycoctonum,no,no,no,,no,no,,,
Halle,01.02.2023,32,Viola odorata,no,y,y,5,no,y,50,,
Halle,07.02.2023,38,Tussilago farfara,no,no,no,,no,no,,,
Halle,07.02.2023,38,Campanula rotundifolia,no,no,no,,no,no,,,
Halle,07.02.2023,38,Plantago lanceolata,no,y,no,,no,y,15,,
Halle,07.02.2023,38,Leucanthemum vulgare,no,y,no,,no,y,5,,
Halle,07.02.2023,38,Prunella grandiflora,no,y,no,,no,y,10,,
Halle,07.02.2023,38,Leonurus cardiaca,no,y,no,,no,no,,,
Halle,07.02.2023,38,Atropa belladonna,y,y,no,,no,no,,,
Halle,07.02.2023,38,Scopolia carniolica,no,no,no,,no,no,,,
Halle,07.02.2023,38,Vinca minor,no,y,no,,no,no,,,
Halle,07.02.2023,38,Conium maculatum,no,y,no,,no,no,,,
Halle,07.02.2023,38,Humulus lupulus,no,no,no,,no,no,,,
Halle,07.02.2023,38,Chelidonium majus,no,y,no,,no,y,10,,
Halle,07.02.2023,38,Aconitum lycoctonum,no,no,no,,no,no,,,
Halle,07.02.2023,38,Viola odorata,no,y,no,,no,y,50,,
Halle,07.02.2023,38,Geum rivale,no,y,no,,no,y,25,,
Halle,07.02.2023,38,Alchemilla vulgaris,no,no,no,,no,no,,,seedlings?
Halle,07.02.2023,38,Securigera varia,no,y,no,,no,y,5,,
Halle,07.02.2023,38,Amorpha canescens,no,no,no,,no,no,,,
Halle,07.02.2023,38,Lotus corniculatus,no,y,no,,no,no,,,
Halle,07.02.2023,38,Galega officinalis,no,y,no,,no,y,80,,
Halle,07.02.2023,38,Saxifraga paniculata,no,y,no,,no,no,,,
Halle,07.02.2023,38,Medicago falcata,no,y,no,,no,no,,,
Halle,07.02.2023,38,Genista tinctoria,no,y,no,,no,no,,,
Halle,07.02.2023,38,Sedum spurium,no,y,no,,no,no,,,
Halle,07.02.2023,38,Paeonia officinalis,y,no,no,,no,no,,,
Halle,07.02.2023,38,Paeonia daurica subsp. tomentosa,y,no,no,,no,no,,,
Halle,07.02.2023,38,Paeonia delavayi,no,no,no,,no,no,,,
Halle,07.02.2023,38,Hypericum perforatum,no,y,no,,no,y,15,,
Halle,07.02.2023,38,Polygonum bistorta,no,y,no,,no,no,,,
Halle,07.02.2023,38,Puschkinia scilloides,no,no,no,,no,no,,,
Halle,07.02.2023,38,Camassia cusickii,no,y,no,,no,no,,,
Halle,07.02.2023,38,Tulipa sylvestris,no,y,no,,no,no,,,
Halle,07.02.2023,38,Narcissus pseudonarcissus,no,y,no,,no,no,,,
Halle,07.02.2023,38,Dactylis glomerata,no,y,no,,no,y,75,,
Halle,07.02.2023,38,Arrhenatherum elatius,no,y,no,,no,y,40,,
Halle,07.02.2023,38,Bromus erectus,no,y,no,,no,y,40,,
Halle,07.02.2023,38,Allium schoenoprasum,no,y,no,,no,no,,,
Halle,07.02.2023,38,Hemerocallis fulva,no,y,no,,no,no,,,
Halle,07.02.2023,38,Achillea millefolium,no,y,no,,no,y,10,,
Halle,07.02.2023,38,Artemisia absinthium,no,y,no,,no,no,,,
Halle,07.02.2023,38,Tanacetum vulgare,no,y,no,,no,y,10,,
Halle,07.02.2023,38,Veratrum nigrum,y,no,no,,no,no,,,
Halle,07.02.2023,38,Salvia officinalis,no,y,no,,no,y,45,,
Halle,07.02.2023,38,Fuchsia magellanica,no,no,no,,no,no,,,
Halle,07.02.2023,38,Lamium album,no,y,no,,no,y,15,,
Halle,07.02.2023,38,Althaea officinalis,no,no,no,,no,no,,,
Halle,07.02.2023,38,Ranunculus acris,no,no,no,,no,no,,,
Halle,07.02.2023,38,Epilobium angustifolium,no,y,no,,no,no,,,
Halle,07.02.2023,38,Angelica archangelica,no,no,no,,no,no,,,
Halle,07.02.2023,38,Geum urbanum,no,y,no,,no,y,15,,
Halle,07.02.2023,38,Glycyrrhiza glabra,no,no,no,,no,no,,,
Halle,07.02.2023,38,Helleborus orientalis,no,y,y,100,no,y,70,,
Halle,07.02.2023,38,Dictamnus albus,y,no,no,,no,no,,,
Halle,07.02.2023,38,Eryngium maritimum,no,no,no,,no,no,,,
Halle,07.02.2023,38,Eryngium campestre,y,y,no,,no,no,,,
Halle,07.02.2023,38,Silene vulgaris,no,y,no,,no,no,,,
Halle,07.02.2023,38,Lychnis flos-cucule,no,no,no,,no,no,,,
Halle,07.02.2023,38,Silene viscaria,no,y,no,,no,y,5,,
Halle,07.02.2023,38,Dianthus deltoides,no,y,no,,no,no,,,
Halle,07.02.2023,38,Saponaria officinalis,no,y,no,,no,no,,,
Halle,07.02.2023,38,Dianthus carthusianorum,no,y,no,,no,no,,,
Halle,07.02.2023,38,Clematis integrifolia,y,y,no,,no,no,,,
Halle,07.02.2023,38,Clematis recta,no,no,no,,no,no,,,
Halle,07.02.2023,38,Anemone sylvestris,no,y,no,,no,no,,,
Halle,07.02.2023,38,Pulsatilla vulgaris,no,y,no,,no,no,,,
Halle,07.02.2023,38,Armoracia rusticana,no,y,no,,no,no,,,
Halle,07.02.2023,38,Bunias orientalis,no,y,no,,no,no,,,
Halle,07.02.2023,38,Veratrum album,no,no,no,,no,no,,,
Halle,07.02.2023,38,Primula veris,no,y,no,,no,y,5,,
Halle,07.02.2023,38,Mentha longifolia,no,no,no,,no,no,,,
Halle,07.02.2023,38,Solanum dulcamara,no,no,no,,no,no,,,
Halle,07.02.2023,38,Gratiola officinalis,no,no,no,,no,no,,,
Halle,07.02.2023,38,Centranthus ruber,no,y,no,,no,no,,,
Halle,16.02.2023,47,Hypericum perforatum,no,y,no,,no,y,15,,
Halle,16.02.2023,47,Polygonum bistorta,no,y,no,,no,no,,,
Halle,16.02.2023,47,Puschkinia scilloides,no,no,no,,no,no,,,
Halle,16.02.2023,47,Camassia cusickii,no,y,no,,no,no,,,
Halle,16.02.2023,47,Tulipa sylvestris,no,y,no,,no,no,,,
Halle,16.02.2023,47,Narcissus pseudonarcissus,no,y,no,,no,no,,,
Halle,16.02.2023,47,Dactylis glomerata,no,y,no,,no,y,80,,
Halle,16.02.2023,47,Arrhenatherum elatius,no,y,no,,no,y,40,,
Halle,16.02.2023,47,Bromus erectus,no,y,no,,no,y,40,,
Halle,16.02.2023,47,Allium schoenoprasum,no,y,no,,no,no,,,
Halle,16.02.2023,47,Hemerocallis fulva,no,y,no,,no,no,,,
Halle,16.02.2023,47,Achillea millefolium,no,y,no,,no,y,10,,
Halle,16.02.2023,47,Artemisia absinthium,no,y,no,,no,no,,,
Halle,16.02.2023,47,Tanacetum vulgare,no,y,no,,no,y,5,,
Halle,16.02.2023,47,Bunias orientalis,no,y,no,,no,no,,,
Halle,16.02.2023,47,Geum rivale,no,y,no,,no,y,25,,flower buds
Halle,16.02.2023,47,Alchemilla vulgaris,y,y,no,,no,no,,,
Halle,16.02.2023,47,Securigera varia,no,y,no,,no,y,5,,
Halle,16.02.2023,47,Amorpha canescens,no,no,no,,no,no,,,
Halle,16.02.2023,47,Lotus corniculatus,no,y,no,,no,no,,,
Halle,16.02.2023,47,Galega officinalis,no,y,no,,no,no,,cut partly,
Halle,16.02.2023,47,Saxifraga paniculata,no,y,no,,no,no,,,
Halle,16.02.2023,47,Medicago falcata,no,y,no,,no,no,,,
Halle,16.02.2023,47,Genista tinctoria,no,y,no,,no,no,,,
Halle,16.02.2023,47,Sedum spurium,no,y,no,,no,no,,,
Halle,16.02.2023,47,Paeonia officinalis,y,no,no,,no,no,,,
Halle,16.02.2023,47,Paeonia daurica subsp. tomentosa,y,no,no,,no,no,,,
Halle,16.02.2023,47,Paeonia delavayi,no,no,no,,no,no,,,
Halle,16.02.2023,47,Veratrum album,no,no,no,,no,no,,,
Halle,16.02.2023,47,Primula veris,no,y,no,,no,y,5,,
Halle,16.02.2023,47,Mentha longifolia,no,no,no,,no,no,,,
Halle,16.02.2023,47,Solanum dulcamara,no,no,no,,no,no,,,
Halle,16.02.2023,47,Veratrum nigrum,y,no,no,,no,no,,,
Halle,16.02.2023,47,Salvia officinalis,no,y,no,,no,y,45,,
Halle,16.02.2023,47,Fuchsia magellanica,no,no,no,,no,no,,,
Halle,16.02.2023,47,Lamium album,y,y,no,,no,y,15,,
Halle,16.02.2023,47,Althaea officinalis,no,no,no,,no,no,,,
Halle,16.02.2023,47,Ranunculus acris,no,no,no,,no,no,,,
Halle,16.02.2023,47,Epilobium angustifolium,no,y,no,,no,no,,,
Halle,16.02.2023,47,Angelica archangelica,no,no,no,,no,no,,,
Halle,16.02.2023,47,Geum urbanum,no,y,no,,no,y,15,,
Halle,16.02.2023,47,Glycyrrhiza glabra,no,no,no,,no,no,,,
Halle,16.02.2023,47,Helleborus orientalis,no,y,y,100,no,y,80,,
Halle,16.02.2023,47,Dictamnus albus,y,no,no,,no,no,,,
Halle,16.02.2023,47,Eryngium maritimum,no,no,no,,no,no,,,
Halle,16.02.2023,47,Eryngium campestre,no,y,no,,no,no,,,
Halle,16.02.2023,47,Silene vulgaris,no,y,no,,no,no,,,
Halle,16.02.2023,47,Lychnis flos-cucule,no,no,no,,no,no,,,
Halle,16.02.2023,47,Silene viscaria,no,y,no,,no,y,5,,
Halle,16.02.2023,47,Dianthus deltoides,no,y,no,,no,no,,,
Halle,16.02.2023,47,Saponaria officinalis,no,y,no,,no,no,,,
Halle,16.02.2023,47,Dianthus carthusianorum,no,y,no,,no,no,,,
Halle,16.02.2023,47,Clematis integrifolia,y,y,no,,no,no,,,
Halle,16.02.2023,47,Clematis recta,no,no,no,,no,no,,,
Halle,16.02.2023,47,Anemone sylvestris,no,y,no,,no,no,,,
Halle,16.02.2023,47,Pulsatilla vulgaris,no,y,no,,no,no,,,
Halle,16.02.2023,47,Armoracia rusticana,no,y,no,,no,no,,,
Halle,16.02.2023,47,Gratiola officinalis,no,no,no,,no,no,,,
Halle,16.02.2023,47,Centranthus ruber,no,y,no,,no,no,,,
Halle,16.02.2023,47,Tussilago farfara,no,no,no,,no,no,,,
Halle,16.02.2023,47,Campanula rotundifolia,no,no,no,,no,no,,,
Halle,16.02.2023,47,Plantago lanceolata,no,y,no,,no,y,15,,
Halle,16.02.2023,47,Leucanthemum vulgare,no,y,no,,no,y,5,,
Halle,16.02.2023,47,Prunella grandiflora,no,y,no,,no,y,10,,
Halle,16.02.2023,47,Leonurus cardiaca,no,y,no,,no,no,,,
Halle,16.02.2023,47,Atropa belladonna,no,no,no,,no,no,,,too cold? initial vegetative growth gone.
Halle,16.02.2023,47,Scopolia carniolica,no,no,no,,no,no,,,
Halle,16.02.2023,47,Vinca minor,no,y,no,,no,no,,,
Halle,16.02.2023,47,Conium maculatum,no,y,no,,no,no,,,
Halle,16.02.2023,47,Humulus lupulus,no,no,no,,no,no,,,
Halle,16.02.2023,47,Chelidonium majus,no,y,no,,no,y,5,,
Halle,16.02.2023,47,Aconitum lycoctonum,no,no,no,,no,no,,,
Halle,16.02.2023,47,Viola odorata,no,y,y,5,no,y,50,,
Halle,28.02.2023,59,Hypericum perforatum,no,y,no,,no,y,15,,
Halle,28.02.2023,59,Polygonum bistorta,no,y,no,,no,no,,,
Halle,28.02.2023,59,Puschkinia scilloides,y,y,no,,no,no,,,
Halle,28.02.2023,59,Camassia cusickii,no,y,no,,no,no,,,
Halle,28.02.2023,59,Tulipa sylvestris,no,y,no,,no,no,,,
Halle,28.02.2023,59,Narcissus pseudonarcissus,no,y,no,,no,no,,,
Halle,28.02.2023,59,Dactylis glomerata,no,y,no,,no,y,80,,
Halle,28.02.2023,59,Arrhenatherum elatius,no,y,no,,no,y,40,,
Halle,28.02.2023,59,Bromus erectus,no,y,no,,no,y,40,,
Halle,28.02.2023,59,Anemone sylvestris,no,y,no,,no,no,,,
Halle,28.02.2023,59,Allium schoenoprasum,no,y,no,,no,no,,,
Halle,28.02.2023,59,Hemerocallis fulva,no,y,no,,no,no,,,
Halle,28.02.2023,59,Achillea millefolium,no,y,no,,no,y,10,,
Halle,28.02.2023,59,Artemisia absinthium,no,y,no,,no,no,,,
Halle,28.02.2023,59,Tanacetum vulgare,no,y,no,,no,y,5,,
Halle,28.02.2023,59,Veratrum nigrum,y,u,no,,no,no,,,
Halle,28.02.2023,59,Salvia officinalis,no,y,no,,no,y,45,,
Halle,28.02.2023,59,Fuchsia magellanica,no,no,no,,no,no,,,
Halle,28.02.2023,59,Lamium album,no,y,no,,no,y,15,,
Halle,28.02.2023,59,Althaea officinalis,no,no,no,,no,no,,,
Halle,28.02.2023,59,Ranunculus acris,no,no,no,,no,no,,,
Halle,28.02.2023,59,Epilobium angustifolium,no,y,no,,no,no,,,
Halle,28.02.2023,59,Angelica archangelica,no,no,no,,no,no,,,
Halle,28.02.2023,59,Geum urbanum,no,y,no,,no,y,15,,
Halle,28.02.2023,59,Glycyrrhiza glabra,no,no,no,,no,no,,,
Halle,28.02.2023,59,Helleborus orientalis,no,y,y,100,no,y,80,,
Halle,28.02.2023,59,Dictamnus albus,y,no,no,,no,no,,,
Halle,28.02.2023,59,Eryngium maritimum,no,no,no,,no,no,,,
Halle,28.02.2023,59,Eryngium campestre,no,no,no,,no,no,,,
Halle,28.02.2023,59,Silene vulgaris,no,y,no,,no,no,,,
Halle,28.02.2023,59,Lychnis flos-cucule,y,y,no,,no,no,,,seedlings?
Halle,28.02.2023,59,Silene viscaria,no,y,no,,no,y,5,,
Halle,28.02.2023,59,Dianthus deltoides,no,y,no,,no,no,,,
Halle,28.02.2023,59,Saponaria officinalis,no,y,no,,no,no,,,
Halle,28.02.2023,59,Dianthus carthusianorum,no,y,no,,no,no,,,
Halle,28.02.2023,59,Clematis integrifolia,no,y,no,,no,no,,,
Halle,28.02.2023,59,Clematis recta,no,no,no,,no,no,,,
Halle,28.02.2023,59,Pulsatilla vulgaris,no,y,no,,no,no,,,
Halle,28.02.2023,59,Armoracia rusticana,no,y,no,,no,no,,,
Halle,28.02.2023,59,Bunias orientalis,no,y,no,,no,no,,,
Halle,28.02.2023,59,Geum rivale,no,y,no,,no,y,15,,flower buds
Halle,28.02.2023,59,Alchemilla vulgaris,no,y,no,,no,no,,,
Halle,28.02.2023,59,Securigera varia,no,y,no,,no,y,5,,
Halle,28.02.2023,59,Amorpha canescens,no,no,no,,no,no,,,
Halle,28.02.2023,59,Lotus corniculatus,no,y,no,,no,no,,,
Halle,28.02.2023,59,Galega officinalis,no,y,no,,no,no,,,
Halle,28.02.2023,59,Saxifraga paniculata,no,y,no,,no,no,,,
Halle,28.02.2023,59,Medicago falcata,no,y,no,,no,no,,,
Halle,28.02.2023,59,Genista tinctoria,no,y,no,,no,no,,,
Halle,28.02.2023,59,Sedum spurium,no,y,no,,no,no,,,
Halle,28.02.2023,59,Paeonia officinalis,y,no,no,,no,no,,,
Halle,28.02.2023,59,Paeonia daurica subsp. tomentosa,y,no,no,,no,no,,,
Halle,28.02.2023,59,Paeonia delavayi,no,no,no,,no,no,,,
Halle,28.02.2023,59,Veratrum album,no,no,no,,no,no,,,
Halle,28.02.2023,59,Primula veris,no,y,no,,no,y,5,,
Halle,28.02.2023,59,Mentha longifolia,y,no,no,,no,no,,,
Halle,28.02.2023,59,Solanum dulcamara,no,no,no,,no,no,,,
Halle,28.02.2023,59,Gratiola officinalis,no,no,no,,no,no,,,
Halle,28.02.2023,59,Centranthus ruber,no,y,no,,no,no,,,
Halle,28.02.2023,59,Tussilago farfara,y,no,no,,no,no,,,
Halle,28.02.2023,59,Campanula rotundifolia,no,no,no,,no,no,,,
Halle,28.02.2023,59,Plantago lanceolata,no,y,no,,no,y,20,,
Halle,28.02.2023,59,Leucanthemum vulgare,no,y,no,,no,y,5,,
Halle,28.02.2023,59,Prunella grandiflora,no,y,no,,no,y,10,,
Halle,28.02.2023,59,Leonurus cardiaca,no,y,no,,no,no,,,
Halle,28.02.2023,59,Atropa belladonna,y,no,no,,no,no,,,
Halle,28.02.2023,59,Scopolia carniolica,no,no,no,,no,no,,,
Halle,28.02.2023,59,Vinca minor,no,y,no,,no,no,,,
Halle,28.02.2023,59,Conium maculatum,no,y,no,,no,no,,,
Halle,28.02.2023,59,Humulus lupulus,no,no,no,,no,no,,,
Halle,28.02.2023,59,Chelidonium majus,no,y,no,,no,y,5,,
Halle,28.02.2023,59,Aconitum lycoctonum,no,no,no,,no,no,,,
Halle,28.02.2023,59,Viola odorata,no,y,y,10,no,y,50,,
Halle,10.03.2023,69,Hypericum perforatum,no,y,no,,no,y,15,,Crown of the adjacent tree has fallen onto the stand (sheepfold?)
Halle,10.03.2023,69,Polygonum bistorta,no,y,no,,no,no,,,Crown of the adjacent tree has fallen onto the stand (sheepfold?)
Halle,10.03.2023,69,Puschkinia scilloides,no,y,y,10,no,no,,,
Halle,10.03.2023,69,Camassia cusickii,no,y,no,,no,no,,,
Halle,10.03.2023,69,Tulipa sylvestris,no,y,no,,no,no,,,
Halle,10.03.2023,69,Narcissus pseudonarcissus,no,y,no,,no,no,,,
Halle,10.03.2023,69,Dactylis glomerata,no,y,no,,no,y,80,,
Halle,10.03.2023,69,Arrhenatherum elatius,no,y,no,,no,y,35,,
Halle,10.03.2023,69,Bromus erectus,no,y,no,,no,y,40,,
Halle,10.03.2023,69,Allium schoenoprasum,no,y,no,,no,no,,,
Halle,10.03.2023,69,Hemerocallis fulva,no,y,no,,no,no,,,
Halle,10.03.2023,69,Achillea millefolium,no,y,no,,no,y,10,,
Halle,10.03.2023,69,Artemisia absinthium,no,y,no,,no,no,,,
Halle,10.03.2023,69,Tanacetum vulgare,no,y,no,,no,y,5,,
Halle,10.03.2023,69,Veratrum nigrum,y,y,no,,no,no,,,
Halle,10.03.2023,69,Salvia officinalis,no,y,no,,no,y,45,,
Halle,10.03.2023,69,Fuchsia magellanica,no,no,no,,no,no,,,
Halle,10.03.2023,69,Lamium album,no,y,no,,no,y,5,,
Halle,10.03.2023,69,Althaea officinalis,y,y,no,,no,no,,,
Halle,10.03.2023,69,Ranunculus acris,no,no,no,,no,no,,,
Halle,10.03.2023,69,Epilobium angustifolium,no,y,no,,no,no,,,
Halle,10.03.2023,69,Angelica archangelica,no,no,no,,no,no,,,
Halle,10.03.2023,69,Geum urbanum,no,y,no,,no,y,15,,
Halle,10.03.2023,69,Glycyrrhiza glabra,no,no,no,,no,no,,,
Halle,10.03.2023,69,Helleborus orientalis,no,no,y,100,no,y,80,,
Halle,10.03.2023,69,Dictamnus albus,y,no,no,,no,no,,,
Halle,10.03.2023,69,Eryngium maritimum,no,no,no,,no,no,,,
Halle,10.03.2023,69,Eryngium campestre,no,no,no,,no,no,,,
Halle,10.03.2023,69,Silene vulgaris,no,y,no,,no,no,,,
Halle,10.03.2023,69,Mentha longifolia,y,y,no,,no,no,,,
Halle,10.03.2023,69,Solanum dulcamara,no,no,no,,no,no,,,
Halle,10.03.2023,69,Gratiola officinalis,y,no,no,,no,no,,,
Halle,10.03.2023,69,Centranthus ruber,no,y,no,,no,no,,,
Halle,10.03.2023,69,Tussilago farfara,y,no,no,,no,no,,,
Halle,10.03.2023,69,Campanula rotundifolia,no,no,no,,no,no,,,
Halle,10.03.2023,69,Plantago lanceolata,no,y,no,,no,y,10,,
Halle,10.03.2023,69,Leucanthemum vulgare,no,y,no,,no,y,5,,
Halle,10.03.2023,69,Prunella grandiflora,no,y,no,,no,y,10,,
Halle,10.03.2023,69,Leonurus cardiaca,no,y,no,,no,no,,,
Halle,10.03.2023,69,Atropa belladonna,y,y,no,,no,no,,,
Halle,10.03.2023,69,Scopolia carniolica,no,no,no,,no,no,,,
Halle,10.03.2023,69,Vinca minor,y,y,no,,no,no,,,
Halle,10.03.2023,69,Conium maculatum,no,y,no,,no,no,,,
Halle,10.03.2023,69,Humulus lupulus,y,y,no,,no,no,,,
Halle,10.03.2023,69,Chelidonium majus,no,y,no,,no,y,5,,
Halle,10.03.2023,69,Aconitum lycoctonum,y,y,no,,no,no,,,
Halle,10.03.2023,69,Viola odorata,no,y,y,15,no,y,50,,
Halle,10.03.2023,69,Lychnis flos-cucule,no,y,no,,no,no,,,
Halle,10.03.2023,69,Silene viscaria,no,y,no,,no,y,5,,
Halle,10.03.2023,69,Dianthus deltoides,no,y,no,,no,no,,,
Halle,10.03.2023,69,Saponaria officinalis,no,y,no,,no,no,,,
Halle,10.03.2023,69,Dianthus carthusianorum,no,y,no,,no,no,,,
Halle,10.03.2023,69,Clematis integrifolia,no,y,no,,no,no,,,
Halle,10.03.2023,69,Clematis recta,y,no,no,,no,no,,,
Halle,10.03.2023,69,Anemone sylvestris,no,y,no,,no,no,,,
Halle,10.03.2023,69,Pulsatilla vulgaris,no,y,no,,no,no,,,
Halle,10.03.2023,69,Armoracia rusticana,no,y,no,,no,no,,,
Halle,10.03.2023,69,Bunias orientalis,no,y,no,,no,no,,,
Halle,10.03.2023,69,Geum rivale,no,y,no,,no,y,10,,
Halle,10.03.2023,69,Alchemilla vulgaris,no,y,no,,no,no,,,
Halle,10.03.2023,69,Securigera varia,no,y,no,,no,y,5,,
Halle,10.03.2023,69,Amorpha canescens,no,no,no,,no,no,,,
Halle,10.03.2023,69,Lotus corniculatus,no,y,no,,no,no,,,
Halle,10.03.2023,69,Galega officinalis,no,y,no,,no,no,,,
Halle,10.03.2023,69,Saxifraga paniculata,no,y,no,,no,no,,,
Halle,10.03.2023,69,Medicago falcata,no,y,no,,no,no,,,
Halle,10.03.2023,69,Genista tinctoria,no,y,no,,no,no,,,
Halle,10.03.2023,69,Sedum spurium,no,y,no,,no,no,,,
Halle,10.03.2023,69,Paeonia officinalis,y,no,no,,no,no,,,
Halle,10.03.2023,69,Paeonia daurica subsp. tomentosa,no,y,no,,no,no,,,
Halle,10.03.2023,69,Paeonia delavayi,no,no,no,,no,no,,,
Halle,10.03.2023,69,Veratrum album,no,no,no,,no,no,,,
Halle,10.03.2023,69,Primula veris,no,y,no,,no,y,5,,
Halle,16.03.2023,75,Hypericum perforatum,no,y,no,,no,y,15,,tree crown removed
Halle,16.03.2023,75,Polygonum bistorta,no,y,no,,no,no,,,tree crown removed
Halle,16.03.2023,75,Puschkinia scilloides,no,y,y,15,no,no,,,
Halle,16.03.2023,75,Camassia cusickii,no,y,no,,no,no,,,
Halle,16.03.2023,75,Tulipa sylvestris,no,y,no,,no,no,,,flower buds
Halle,16.03.2023,75,Narcissus pseudonarcissus,no,y,no,,no,no,,,
Halle,16.03.2023,75,Dactylis glomerata,no,y,no,,no,y,80,,
Halle,16.03.2023,75,Arrhenatherum elatius,no,y,no,,no,y,35,,
Halle,16.03.2023,75,Bromus erectus,no,y,no,,no,y,40,,
Halle,16.03.2023,75,Allium schoenoprasum,no,y,no,,no,no,,,
Halle,16.03.2023,75,Hemerocallis fulva,no,y,no,,no,no,,,
Halle,16.03.2023,75,Achillea millefolium,no,y,no,,no,y,10,,
Halle,16.03.2023,75,Artemisia absinthium,no,y,no,,no,no,,,
Halle,16.03.2023,75,Tanacetum vulgare,no,y,no,,no,no,,,
Halle,16.03.2023,75,Veratrum nigrum,no,y,no,,no,no,,,
Halle,16.03.2023,75,Salvia officinalis,no,y,no,,no,y,40,,
Halle,16.03.2023,75,Fuchsia magellanica,no,no,no,,no,no,,,
Halle,16.03.2023,75,Lamium album,no,y,no,,no,y,5,,
Halle,16.03.2023,75,Althaea officinalis,no,y,no,,no,no,,,
Halle,16.03.2023,75,Ranunculus acris,y,y,no,,no,no,,,
Halle,16.03.2023,75,Epilobium angustifolium,no,y,no,,no,no,,,
Halle,16.03.2023,75,Angelica archangelica,no,no,no,,no,no,,,
Halle,16.03.2023,75,Geum urbanum,no,y,no,,no,y,10,,
Halle,16.03.2023,75,Glycyrrhiza glabra,no,no,no,,no,no,,,
Halle,16.03.2023,75,Helleborus orientalis,no,y,y,95,no,y,80,,
Halle,16.03.2023,75,Dictamnus albus,y,no,no,,no,no,,,
Halle,16.03.2023,75,Eryngium maritimum,no,no,no,,no,no,,,
Halle,16.03.2023,75,Eryngium campestre,no,no,no,,no,no,,,
Halle,16.03.2023,75,Silene vulgaris,no,y,no,,no,no,,,
Halle,16.03.2023,75,Lychnis flos-cucule,no,y,no,,no,no,,,
Halle,16.03.2023,75,Silene viscaria,no,y,no,,no,y,5,,
Halle,16.03.2023,75,Dianthus deltoides,no,y,no,,no,no,,,
Halle,16.03.2023,75,Saponaria officinalis,no,y,no,,no,no,,,
Halle,16.03.2023,75,Dianthus carthusianorum,no,y,no,,no,no,,,
Halle,16.03.2023,75,Clematis integrifolia,no,y,no,,no,no,,,
Halle,16.03.2023,75,Clematis recta,y,no,no,,no,no,,,
Halle,16.03.2023,75,Anemone sylvestris,no,y,no,,no,no,,,
Halle,16.03.2023,75,Pulsatilla vulgaris,no,y,no,,no,no,,,
Halle,16.03.2023,75,Armoracia rusticana,no,y,no,,no,no,,,
Halle,16.03.2023,75,Bunias orientalis,no,y,no,,no,no,,,
Halle,16.03.2023,75,Geum rivale,no,y,no,,no,y,10,,
Halle,16.03.2023,75,Alchemilla vulgaris,no,y,no,,no,no,,,
Halle,16.03.2023,75,Securigera varia,no,y,no,,no,y,5,,
Halle,16.03.2023,75,Amorpha canescens,no,no,no,,no,no,,,
Halle,16.03.2023,75,Lotus corniculatus,no,y,no,,no,no,,,
Halle,16.03.2023,75,Galega officinalis,no,y,no,,no,no,,,
Halle,16.03.2023,75,Saxifraga paniculata,no,y,no,,no,no,,,
Halle,16.03.2023,75,Medicago falcata,no,y,no,,no,no,,,
Halle,16.03.2023,75,Genista tinctoria,no,y,no,,no,no,,,
Halle,16.03.2023,75,Sedum spurium,no,y,no,,no,no,,,
Halle,16.03.2023,75,Paeonia officinalis,no,y,no,,no,no,,,
Halle,16.03.2023,75,Paeonia daurica subsp. tomentosa,no,y,no,,no,no,,,
Halle,16.03.2023,75,Paeonia delavayi,no,no,no,,no,no,,,
Halle,16.03.2023,75,Veratrum album,y,no,no,,no,no,,,
Halle,16.03.2023,75,Primula veris,no,y,no,,no,y,5,,
Halle,16.03.2023,75,Mentha longifolia,y,y,no,,no,no,,,
Halle,16.03.2023,75,Solanum dulcamara,no,no,no,,no,no,,,
Halle,16.03.2023,75,Gratiola officinalis,y,no,no,,no,no,,,
Halle,16.03.2023,75,Centranthus ruber,no,y,no,,no,no,,,
Halle,16.03.2023,75,Tussilago farfara,no,no,y,5,no,no,,,two flowers
Halle,16.03.2023,75,Campanula rotundifolia,no,no,no,,no,no,,,
Halle,16.03.2023,75,Plantago lanceolata,no,y,no,,no,y,10,,
Halle,16.03.2023,75,Leucanthemum vulgare,no,y,no,,no,y,5,,
Halle,16.03.2023,75,Prunella grandiflora,no,y,no,,no,y,10,,
Halle,16.03.2023,75,Leonurus cardiaca,no,y,no,,no,no,,,
Halle,16.03.2023,75,Atropa belladonna,no,y,no,,no,no,,,
Halle,16.03.2023,75,Scopolia carniolica,y,y,no,,no,no,,,
Halle,16.03.2023,75,Vinca minor,no,y,no,,no,no,,,
Halle,16.03.2023,75,Conium maculatum,no,y,no,,no,no,,,
Halle,16.03.2023,75,Humulus lupulus,no,y,no,,no,no,,,
Halle,16.03.2023,75,Chelidonium majus,no,y,no,,no,y,5,,
Halle,16.03.2023,75,Aconitum lycoctonum,no,y,no,,no,no,,,
Halle,16.03.2023,75,Viola odorata,no,y,y,20,no,y,50,,
Halle,24.03.2023,83,Hypericum perforatum,no,y,no,,no,y,15,,
Halle,24.03.2023,83,Polygonum bistorta,no,y,no,,no,no,,,
Halle,24.03.2023,83,Puschkinia scilloides,no,y,y,100,no,no,,,
Halle,24.03.2023,83,Camassia cusickii,no,y,no,,no,no,,,
Halle,24.03.2023,83,Tulipa sylvestris,no,y,no,,no,no,,,
Halle,24.03.2023,83,Narcissus pseudonarcissus,no,y,y,80,no,no,,,
Halle,24.03.2023,83,Lotus corniculatus,no,y,no,,no,no,,,
Halle,24.03.2023,83,Galega officinalis,no,y,no,,no,no,,,
Halle,24.03.2023,83,Saxifraga paniculata,no,y,no,,no,no,,,
Halle,24.03.2023,83,Medicago falcata,no,y,no,,no,no,,,
Halle,24.03.2023,83,Genista tinctoria,no,y,no,,no,no,,,
Halle,24.03.2023,83,Dactylis glomerata,no,y,no,,no,y,80,,
Halle,24.03.2023,83,Arrhenatherum elatius,no,y,no,,no,y,35,,
Halle,24.03.2023,83,Bromus erectus,no,y,no,,no,y,40,,
Halle,24.03.2023,83,Allium schoenoprasum,no,y,no,,no,y,5,,
Halle,24.03.2023,83,Hemerocallis fulva,no,y,no,,no,no,,,
Halle,24.03.2023,83,Achillea millefolium,no,y,no,,no,y,5,,
Halle,24.03.2023,83,Artemisia absinthium,no,y,no,,no,no,,,
Halle,24.03.2023,83,Tanacetum vulgare,no,y,no,,no,no,,,
Halle,24.03.2023,83,Veratrum nigrum,no,y,no,,no,no,,,
Halle,24.03.2023,83,Salvia officinalis,no,y,no,,no,y,30,,
Halle,24.03.2023,83,Fuchsia magellanica,no,no,no,,no,no,,,
Halle,24.03.2023,83,Lamium album,no,y,no,,no,y,5,,
Halle,24.03.2023,83,Althaea officinalis,no,y,no,,no,no,,,
Halle,24.03.2023,83,Ranunculus acris,y,y,no,,no,no,,,
Halle,24.03.2023,83,Epilobium angustifolium,no,y,no,,no,no,,,
Halle,24.03.2023,83,Angelica archangelica,no,no,no,,no,no,,,
Halle,24.03.2023,83,Geum urbanum,no,y,no,,no,y,10,,
Halle,24.03.2023,83,Glycyrrhiza glabra,no,no,no,,no,no,,,
Halle,24.03.2023,83,Helleborus orientalis,no,y,y,25,no,y,75,,
Halle,24.03.2023,83,Dictamnus albus,y,no,no,,no,no,,,
Halle,24.03.2023,83,Eryngium maritimum,no,no,no,,no,no,,,
Halle,24.03.2023,83,Eryngium campestre,no,y,no,,no,no,,,
Halle,24.03.2023,83,Silene vulgaris,no,y,no,,no,no,,,
Halle,24.03.2023,83,Lychnis flos-cucule,no,y,no,,no,no,,,
Halle,24.03.2023,83,Silene viscaria,no,y,no,,no,y,5,,
Halle,24.03.2023,83,Dianthus deltoides,no,y,no,,no,no,,,set new plant?
Halle,24.03.2023,83,Saponaria officinalis,no,y,no,,no,no,,,
Halle,24.03.2023,83,Dianthus carthusianorum,no,y,no,,no,no,,,
Halle,24.03.2023,83,Clematis integrifolia,no,y,no,,no,no,,,
Halle,24.03.2023,83,Clematis recta,y,no,no,,no,no,,,
Halle,24.03.2023,83,Anemone sylvestris,no,y,no,,no,no,,,
Halle,24.03.2023,83,Pulsatilla vulgaris,no,y,no,,no,no,,,
Halle,24.03.2023,83,Armoracia rusticana,no,y,no,,no,no,,,
Halle,24.03.2023,83,Bunias orientalis,no,y,no,,no,no,,,
Halle,24.03.2023,83,Geum rivale,no,y,y,5,no,y,10,,
Halle,24.03.2023,83,Alchemilla vulgaris,no,y,no,,no,no,,,
Halle,24.03.2023,83,Securigera varia,no,y,no,,no,y,5,,
Halle,24.03.2023,83,Amorpha canescens,no,no,no,,no,no,,,
Halle,24.03.2023,83,Sedum spurium,no,y,no,,no,no,,,
Halle,24.03.2023,83,Paeonia officinalis,no,y,no,,no,no,,,
Halle,24.03.2023,83,Paeonia daurica subsp. tomentosa,no,y,no,,no,no,,,
Halle,24.03.2023,83,Paeonia delavayi,no,no,no,,no,no,,,
Halle,24.03.2023,83,Veratrum album,y,y,no,,no,no,,,
Halle,24.03.2023,83,Primula veris,no,y,no,,no,y,5,,
Halle,24.03.2023,83,Mentha longifolia,y,y,no,,no,no,,,
Halle,24.03.2023,83,Solanum dulcamara,no,no,no,,no,no,,,
Halle,24.03.2023,83,Gratiola officinalis,y,no,no,,no,no,,,
Halle,24.03.2023,83,Centranthus ruber,no,y,no,,no,no,,,
Halle,24.03.2023,83,Tussilago farfara,no,no,y,95,no,no,,,
Halle,24.03.2023,83,Campanula rotundifolia,y,y,no,,no,no,,,
Halle,24.03.2023,83,Plantago lanceolata,no,y,no,,no,y,10,,
Halle,24.03.2023,83,Leucanthemum vulgare,no,y,no,,no,y,5,,
Halle,24.03.2023,83,Prunella grandiflora,no,y,no,,no,y,10,,
Halle,24.03.2023,83,Leonurus cardiaca,no,y,no,,no,no,,,
Halle,24.03.2023,83,Atropa belladonna,no,y,no,,no,no,,,
Halle,24.03.2023,83,Scopolia carniolica,no,y,y,30,no,no,,,
Halle,24.03.2023,83,Vinca minor,no,y,no,,no,no,,,
Halle,24.03.2023,83,Conium maculatum,no,y,no,,no,no,,,
Halle,24.03.2023,83,Humulus lupulus,no,y,no,,no,no,,,
Halle,24.03.2023,83,Chelidonium majus,no,y,no,,no,y,5,,
Halle,24.03.2023,83,Aconitum lycoctonum,no,y,no,,no,no,,,
Halle,24.03.2023,83,Viola odorata,no,y,y,90,no,y,35,,
Halle,28.03.2023,87,Paeonia officinalis,no,y,no,,no,no,,,
Halle,28.03.2023,87,Paeonia daurica subsp. tomentosa,no,y,no,,no,no,,,
Halle,28.03.2023,87,Hypericum perforatum,no,y,no,,no,y,15,,
Halle,28.03.2023,87,Polygonum bistorta,no,y,no,,no,no,,,
Halle,28.03.2023,87,Puschkinia scilloides,no,y,y,95,no,no,,,
Halle,28.03.2023,87,Camassia cusickii,no,y,no,,no,no,,,
Halle,28.03.2023,87,Tulipa sylvestris,no,y,no,,no,y,5,,
Halle,28.03.2023,87,Narcissus pseudonarcissus,no,y,y,100,no,no,,,
Halle,28.03.2023,87,Dactylis glomerata,no,y,no,,no,y,80,,
Halle,28.03.2023,87,Arrhenatherum elatius,no,y,no,,no,y,30,,
Halle,28.03.2023,87,Bromus erectus,no,y,no,,no,y,40,,
Halle,28.03.2023,87,Allium schoenoprasum,no,y,no,,no,y,5,,
Halle,28.03.2023,87,Hemerocallis fulva,no,y,no,,no,no,,,
Halle,28.03.2023,87,Achillea millefolium,no,y,no,,no,y,5,,
Halle,28.03.2023,87,Artemisia absinthium,no,y,no,,no,no,,,
Halle,28.03.2023,87,Tanacetum vulgare,no,y,no,,no,no,,,
Halle,28.03.2023,87,Veratrum nigrum,no,y,no,,no,no,,,
Halle,28.03.2023,87,Salvia officinalis,no,y,no,,no,y,30,,
Halle,28.03.2023,87,Fuchsia magellanica,no,no,no,,no,no,,,
Halle,28.03.2023,87,Viola odorata,no,y,y,100,no,y,35,,
Halle,28.03.2023,87,Lamium album,no,y,no,,no,y,5,,
Halle,28.03.2023,87,Althaea officinalis,no,y,no,,no,no,,,
Halle,28.03.2023,87,Ranunculus acris,no,y,no,,no,no,,,
Halle,28.03.2023,87,Epilobium angustifolium,no,y,no,,no,no,,,
Halle,28.03.2023,87,Angelica archangelica,no,no,no,,no,no,,,
Halle,28.03.2023,87,Geum urbanum,no,y,no,,no,y,10,,
Halle,28.03.2023,87,Glycyrrhiza glabra,y,no,no,,no,no,,,
Halle,28.03.2023,87,Helleborus orientalis,no,y,no,,no,y,70,,
Halle,28.03.2023,87,Dictamnus albus,y,no,no,,no,no,,,
Halle,28.03.2023,87,Eryngium maritimum,no,no,no,,no,no,,,
Halle,28.03.2023,87,Eryngium campestre,no,y,no,,no,no,,,
Halle,28.03.2023,87,Silene vulgaris,no,y,no,,no,no,,,
Halle,28.03.2023,87,Lychnis flos-cucule,no,y,no,,no,no,,,
Halle,28.03.2023,87,Silene viscaria,no,y,y,10,no,y,5,,
Halle,28.03.2023,87,Dianthus deltoides,no,y,no,,no,no,,,
Halle,28.03.2023,87,Saponaria officinalis,no,y,no,,no,no,,,
Halle,28.03.2023,87,Dianthus carthusianorum,no,y,no,,no,no,,,
Halle,28.03.2023,87,Clematis integrifolia,no,y,no,,no,no,,,
Halle,28.03.2023,87,Clematis recta,y,no,no,,no,no,,,
Halle,28.03.2023,87,Anemone sylvestris,no,y,no,,no,no,,,
Halle,28.03.2023,87,Pulsatilla vulgaris,no,y,y,95,no,no,,,
Halle,28.03.2023,87,Armoracia rusticana,no,y,no,,no,no,,,
Halle,28.03.2023,87,Bunias orientalis,no,y,no,,no,no,,,
Halle,28.03.2023,87,Geum rivale,no,y,y,5,no,y,10,,
Halle,28.03.2023,87,Alchemilla vulgaris,no,y,no,,no,no,,,
Halle,28.03.2023,87,Securigera varia,no,y,no,,no,y,5,,
Halle,28.03.2023,87,Amorpha canescens,no,no,no,,no,no,,,
Halle,28.03.2023,87,Lotus corniculatus,no,y,no,,no,no,,,
Halle,28.03.2023,87,Galega officinalis,no,y,no,,no,no,,,
Halle,28.03.2023,87,Saxifraga paniculata,no,y,no,,no,no,,,
Halle,28.03.2023,87,Medicago falcata,no,y,no,,no,no,,,
Halle,28.03.2023,87,Genista tinctoria,no,y,no,,no,no,,,
Halle,28.03.2023,87,Sedum spurium,no,y,no,,no,no,,,
Halle,28.03.2023,87,Paeonia delavayi,no,no,no,,no,no,,,
Halle,28.03.2023,87,Veratrum album,no,y,no,,no,no,,,
Halle,28.03.2023,87,Primula veris,no,y,y,30,no,y,5,,
Halle,28.03.2023,87,Mentha longifolia,no,y,no,,no,no,,,
Halle,28.03.2023,87,Solanum dulcamara,no,no,no,,no,no,,,
Halle,28.03.2023,87,Gratiola officinalis,y,y,no,,no,no,,,
Halle,28.03.2023,87,Centranthus ruber,no,y,no,,no,no,,,
Halle,28.03.2023,87,Tussilago farfara,no,no,y,85,no,no,,,
Halle,28.03.2023,87,Campanula rotundifolia,y,y,no,,no,no,,,
Halle,28.03.2023,87,Plantago lanceolata,no,y,no,,no,y,10,,
Halle,28.03.2023,87,Leucanthemum vulgare,no,y,no,,no,y,5,,
Halle,28.03.2023,87,Prunella grandiflora,no,y,no,,no,y,10,,
Halle,28.03.2023,87,Leonurus cardiaca,no,y,no,,no,no,,,
Halle,28.03.2023,87,Atropa belladonna,no,y,no,,no,no,,,
Halle,28.03.2023,87,Scopolia carniolica,no,y,y,70,no,no,,,
Halle,28.03.2023,87,Vinca minor,no,y,no,,no,no,,,
Halle,28.03.2023,87,Conium maculatum,no,y,no,,no,no,,,
Halle,28.03.2023,87,Humulus lupulus,no,y,no,,no,no,,,
Halle,28.03.2023,87,Chelidonium majus,no,y,no,,no,y,5,,
Halle,28.03.2023,87,Aconitum lycoctonum,no,y,no,,no,no,,,
Halle,03.04.2023,93,Hypericum perforatum,no,y,no,,no,y,15,,
Halle,03.04.2023,93,Polygonum bistorta,no,y,no,,no,no,,,
Halle,03.04.2023,93,Puschkinia scilloides,no,no,y,100,no,no,,,
Halle,03.04.2023,93,Camassia cusickii,no,y,no,,no,no,,,
Halle,03.04.2023,93,Tulipa sylvestris,no,y,no,,no,y,10,,
Halle,03.04.2023,93,Narcissus pseudonarcissus,no,no,y,100,no,no,,,
Halle,03.04.2023,93,Dactylis glomerata,no,y,no,,no,y,80,,
Halle,03.04.2023,93,Arrhenatherum elatius,no,y,no,,no,y,30,,
Halle,03.04.2023,93,Bromus erectus,no,y,no,,no,y,40,,
Halle,03.04.2023,93,Allium schoenoprasum,no,y,no,,no,y,5,,
Halle,03.04.2023,93,Hemerocallis fulva,no,y,no,,no,no,,,
Halle,03.04.2023,93,Glycyrrhiza glabra,y,no,no,,no,no,,,
Halle,03.04.2023,93,Helleborus orientalis,no,y,no,,no,y,70,,
Halle,03.04.2023,93,Dictamnus albus,y,y,no,,no,no,,,
Halle,03.04.2023,93,Eryngium maritimum,y,y,no,,no,no,,,
Halle,03.04.2023,93,Eryngium campestre,no,y,no,,no,no,,,
Halle,03.04.2023,93,Silene vulgaris,no,y,no,,no,no,,,
Halle,03.04.2023,93,Lychnis flos-cucule,no,y,no,,no,no,,,
Halle,03.04.2023,93,Silene viscaria,no,y,y,15,no,y,5,,
Halle,03.04.2023,93,Dianthus deltoides,no,y,no,,no,no,,,
Halle,03.04.2023,93,Saponaria officinalis,no,y,no,,no,no,,,
Halle,03.04.2023,93,Dianthus carthusianorum,no,y,no,,no,no,,,
Halle,03.04.2023,93,Clematis integrifolia,no,y,no,,no,no,,,
Halle,03.04.2023,93,Clematis recta,no,y,no,,no,no,,,
Halle,03.04.2023,93,Anemone sylvestris,no,y,no,,no,no,,,
Halle,03.04.2023,93,Pulsatilla vulgaris,no,y,y,90,no,no,,,
Halle,03.04.2023,93,Armoracia rusticana,no,y,no,,no,no,,,
Halle,03.04.2023,93,Bunias orientalis,no,y,no,,no,no,,,
Halle,03.04.2023,93,Geum rivale,no,y,y,5,no,y,10,,
Halle,03.04.2023,93,Alchemilla vulgaris,no,y,no,,no,no,,,
Halle,03.04.2023,93,Securigera varia,no,y,no,,no,y,5,,
Halle,03.04.2023,93,Amorpha canescens,no,no,no,,no,no,,,
Halle,03.04.2023,93,Achillea millefolium,no,y,no,,no,y,5,,
Halle,03.04.2023,93,Artemisia absinthium,no,y,no,,no,no,,,
Halle,03.04.2023,93,Tanacetum vulgare,no,y,no,,no,no,,,
Halle,03.04.2023,93,Veratrum nigrum,no,y,no,,no,no,,,
Halle,03.04.2023,93,Salvia officinalis,no,y,no,,no,y,30,,
Halle,03.04.2023,93,Fuchsia magellanica,no,no,no,,no,no,,,
Halle,03.04.2023,93,Lamium album,no,y,no,,no,y,5,,flower buds
Halle,03.04.2023,93,Althaea officinalis,y,y,no,,no,no,,,main sprout
Halle,03.04.2023,93,Ranunculus acris,no,no,no,,no,no,,,plant observed so far was Euphorbiaceae! Ranunculus not yet sprouted
Halle,03.04.2023,93,Epilobium angustifolium,no,y,no,,no,no,,,
Halle,03.04.2023,93,Angelica archangelica,no,no,no,,no,no,,,
Halle,03.04.2023,93,Geum urbanum,no,y,no,,no,y,10,,
Halle,03.04.2023,93,Lotus corniculatus,no,y,no,,no,no,,,
Halle,03.04.2023,93,Galega officinalis,no,y,no,,no,no,,,
Halle,03.04.2023,93,Saxifraga paniculata,no,y,no,,no,no,,,
Halle,03.04.2023,93,Medicago falcata,no,y,no,,no,no,,,
Halle,03.04.2023,93,Genista tinctoria,no,y,no,,no,no,,,
Halle,03.04.2023,93,Sedum spurium,no,y,no,,no,no,,,
Halle,03.04.2023,93,Paeonia officinalis,no,y,no,,no,no,,,
Halle,03.04.2023,93,Paeonia daurica subsp. tomentosa,no,no,no,,no,no,,,
Halle,03.04.2023,93,Paeonia delavayi,no,no,no,,no,no,,,
Halle,03.04.2023,93,Veratrum album,no,y,no,,no,no,,,
Halle,03.04.2023,93,Primula veris,no,y,y,40,no,y,5,,
Halle,03.04.2023,93,Mentha longifolia,no,y,no,,no,no,,,
Halle,03.04.2023,93,Solanum dulcamara,y,y,no,,no,no,,,
Halle,03.04.2023,93,Gratiola officinalis,no,y,no,,no,no,,,
Halle,03.04.2023,93,Centranthus ruber,no,y,no,,no,no,,,
Halle,03.04.2023,93,Tussilago farfara,no,no,y,95,no,no,,,
Halle,03.04.2023,93,Campanula rotundifolia,no,y,no,,no,no,,,
Halle,03.04.2023,93,Plantago lanceolata,no,y,no,,no,y,10,,
Halle,03.04.2023,93,Leucanthemum vulgare,no,y,no,,no,y,5,,
Halle,03.04.2023,93,Prunella grandiflora,no,y,no,,no,y,10,,
Halle,03.04.2023,93,Leonurus cardiaca,no,y,no,,no,no,,,
Halle,03.04.2023,93,Atropa belladonna,no,y,no,,no,no,,,
Halle,03.04.2023,93,Scopolia carniolica,no,y,y,80,no,no,,,
Halle,03.04.2023,93,Vinca minor,no,y,no,,no,no,,,
Halle,03.04.2023,93,Conium maculatum,no,y,no,,no,no,,,
Halle,03.04.2023,93,Humulus lupulus,no,y,no,,no,no,,,
Halle,03.04.2023,93,Chelidonium majus,no,y,no,,no,y,5,,
Halle,03.04.2023,93,Aconitum lycoctonum,no,y,no,,no,no,,,
Halle,03.04.2023,93,Viola odorata,no,y,y,100,no,y,20,,
Halle,14.04.2023,104,Paeonia delavayi,y,y,no,,no,no,,,
Halle,14.04.2023,104,Veratrum album,no,y,no,,no,no,,,
Halle,14.04.2023,104,Primula veris,no,y,y,100,no,y,5,,
Halle,14.04.2023,104,Mentha longifolia,no,y,no,,no,no,,,
Halle,14.04.2023,104,Solanum dulcamara,no,y,no,,no,no,,,
Halle,14.04.2023,104,Gratiola officinalis,no,y,no,,no,no,,,
Halle,14.04.2023,104,Centranthus ruber,no,y,no,,no,no,,,
Halle,14.04.2023,104,Tussilago farfara,no,no,y,100,no,no,,,
Halle,14.04.2023,104,Campanula rotundifolia,no,y,no,,no,no,,,
Halle,14.04.2023,104,Plantago lanceolata,no,y,no,,no,y,10,,
Halle,14.04.2023,104,Leucanthemum vulgare,no,y,no,,no,y,5,,
Halle,14.04.2023,104,Prunella grandiflora,no,y,no,,no,y,10,,
Halle,14.04.2023,104,Leonurus cardiaca,no,y,no,,no,no,,,
Halle,14.04.2023,104,Bunias orientalis,no,y,no,,no,no,,,
Halle,14.04.2023,104,Geum rivale,no,y,y,5,no,y,10,,
Halle,14.04.2023,104,Alchemilla vulgaris,no,y,no,,no,no,,,
Halle,14.04.2023,104,Securigera varia,no,y,no,,no,y,5,,
Halle,14.04.2023,104,Amorpha canescens,no,no,no,,no,no,,,
Halle,14.04.2023,104,Lotus corniculatus,no,y,no,,no,no,,,
Halle,14.04.2023,104,Galega officinalis,no,y,no,,no,no,,,
Halle,14.04.2023,104,Saxifraga paniculata,no,y,no,,no,no,,,
Halle,14.04.2023,104,Medicago falcata,no,y,no,,no,no,,,
Halle,14.04.2023,104,Hypericum perforatum,no,y,no,,no,y,15,,
Halle,14.04.2023,104,Polygonum bistorta,no,y,no,,no,no,,,
Halle,14.04.2023,104,Puschkinia scilloides,no,no,y,75,no,no,,,
Halle,14.04.2023,104,Camassia cusickii,no,y,no,,no,no,,,
Halle,14.04.2023,104,Tulipa sylvestris,no,no,y,90,no,y,10,,
Halle,14.04.2023,104,Narcissus pseudonarcissus,no,no,y,90,no,no,,,
Halle,14.04.2023,104,Dactylis glomerata,no,y,no,,no,y,80,,
Halle,14.04.2023,104,Arrhenatherum elatius,no,y,no,,no,y,30,,
Halle,14.04.2023,104,Bromus erectus,no,y,no,,no,y,40,,
Halle,14.04.2023,104,Allium schoenoprasum,no,y,no,,no,y,5,,
Halle,14.04.2023,104,Hemerocallis fulva,no,y,no,,no,no,,,
Halle,14.04.2023,104,Achillea millefolium,no,y,no,,no,y,5,,
Halle,14.04.2023,104,Artemisia absinthium,no,y,no,,no,no,,,
Halle,14.04.2023,104,Tanacetum vulgare,no,y,no,,no,no,,,
Halle,14.04.2023,104,Veratrum nigrum,no,y,no,,no,y,5,,
Halle,14.04.2023,104,Salvia officinalis,no,y,no,,no,y,20,,
Halle,14.04.2023,104,Fuchsia magellanica,y,y,no,,no,no,,,
Halle,14.04.2023,104,Lamium album,no,y,no,,no,y,5,,flower buds
Halle,14.04.2023,104,Althaea officinalis,no,y,no,,no,no,,,
Halle,14.04.2023,104,Ranunculus acris,no,y,no,,no,no,,,one plant
Halle,14.04.2023,104,Epilobium angustifolium,no,y,no,,no,no,,,
Halle,14.04.2023,104,Angelica archangelica,no,no,no,,no,no,,,
Halle,14.04.2023,104,Geum urbanum,no,y,no,,no,y,10,,
Halle,14.04.2023,104,Glycyrrhiza glabra,y,no,no,,no,no,,,
Halle,14.04.2023,104,Helleborus orientalis,no,y,no,,no,y,70,,
Halle,14.04.2023,104,Dictamnus albus,no,y,no,,no,no,,,
Halle,14.04.2023,104,Eryngium maritimum,no,y,no,,no,no,,,
Halle,14.04.2023,104,Eryngium campestre,no,y,no,,no,no,,,
Halle,14.04.2023,104,Silene vulgaris,no,y,no,,no,no,,,
Halle,14.04.2023,104,Lychnis flos-cucule,no,y,no,,no,no,,,
Halle,14.04.2023,104,Silene viscaria,no,y,y,15,no,y,5,,
Halle,14.04.2023,104,Dianthus deltoides,no,y,no,,no,no,,,
Halle,14.04.2023,104,Saponaria officinalis,no,y,no,,no,no,,,
Halle,14.04.2023,104,Dianthus carthusianorum,no,y,no,,no,no,,,
Halle,14.04.2023,104,Clematis integrifolia,no,y,no,,no,no,,,
Halle,14.04.2023,104,Clematis recta,no,y,no,,no,no,,,
Halle,14.04.2023,104,Anemone sylvestris,no,y,no,,no,no,,,
Halle,14.04.2023,104,Pulsatilla vulgaris,no,no,y,10,no,no,,,1 flower
Halle,14.04.2023,104,Armoracia rusticana,no,y,no,,no,no,,,
Halle,14.04.2023,104,Genista tinctoria,no,y,no,,no,no,,,
Halle,14.04.2023,104,Sedum spurium,no,y,no,,no,no,,,
Halle,14.04.2023,104,Paeonia officinalis,no,no,no,,no,no,,,
Halle,14.04.2023,104,Paeonia daurica subsp. tomentosa,no,no,no,,no,no,,,
Halle,14.04.2023,104,Atropa belladonna,no,y,no,,no,no,,,
Halle,14.04.2023,104,Scopolia carniolica,no,y,y,60,no,no,,,
Halle,14.04.2023,104,Vinca minor,no,y,no,,no,no,,,
Halle,14.04.2023,104,Conium maculatum,no,y,no,,no,no,,,
Halle,14.04.2023,104,Humulus lupulus,no,y,no,,no,no,,,
Halle,14.04.2023,104,Chelidonium majus,no,y,no,,no,y,5,,
Halle,14.04.2023,104,Aconitum lycoctonum,no,y,no,,no,no,,,
Halle,14.04.2023,104,Viola odorata,no,y,y,25,no,y,15,,
Halle,24.04.2023,114,Hypericum perforatum,no,y,no,,no,y,10,,
Halle,24.04.2023,114,Polygonum bistorta,no,y,no,,no,no,,,
Halle,24.04.2023,114,Puschkinia scilloides,no,no,y,5,no,y,5,,
Halle,24.04.2023,114,Camassia cusickii,no,y,no,,no,no,,,flower buds
Halle,24.04.2023,114,Tulipa sylvestris,no,no,y,15,no,y,30,,
Halle,24.04.2023,114,Narcissus pseudonarcissus,no,no,no,,no,no,,,
Halle,24.04.2023,114,Dactylis glomerata,no,y,no,,no,y,65,,
Halle,24.04.2023,114,Arrhenatherum elatius,no,y,no,,no,y,20,,
Halle,24.04.2023,114,Bromus erectus,no,y,no,,no,y,15,,
Halle,24.04.2023,114,Allium schoenoprasum,no,no,no,,no,y,35,,flower buds
Halle,24.04.2023,114,Hemerocallis fulva,no,y,no,,no,no,,,
Halle,24.04.2023,114,Achillea millefolium,no,y,no,,no,y,5,,
Halle,24.04.2023,114,Artemisia absinthium,no,y,no,,no,no,,,
Halle,24.04.2023,114,Tanacetum vulgare,no,y,no,,no,no,,,
Halle,24.04.2023,114,Veratrum nigrum,no,y,no,,no,y,5,,
Halle,24.04.2023,114,Salvia officinalis,no,y,no,,no,y,10,,
Halle,24.04.2023,114,Fuchsia magellanica,no,y,no,,no,no,,,
Halle,24.04.2023,114,Lamium album,no,y,y,25,no,y,5,,
Halle,24.04.2023,114,Althaea officinalis,no,y,no,,no,no,,,
Halle,24.04.2023,114,Ranunculus acris,no,y,no,,no,no,,,
Halle,24.04.2023,114,Epilobium angustifolium,no,y,no,,no,no,,,
Halle,24.04.2023,114,Angelica archangelica,no,no,no,,no,no,,,
Halle,24.04.2023,114,Geum urbanum,no,y,no,,no,y,10,,
Halle,24.04.2023,114,Glycyrrhiza glabra,no,y,no,,no,no,,,
Halle,24.04.2023,114,Helleborus orientalis,no,no,no,,no,y,20,,
Halle,24.04.2023,114,Dictamnus albus,no,y,no,,no,no,,,
Halle,24.04.2023,114,Eryngium maritimum,no,y,no,,no,no,,,
Halle,24.04.2023,114,Eryngium campestre,no,y,no,,no,no,,,
Halle,24.04.2023,114,Silene vulgaris,no,y,no,,no,no,,,
Halle,24.04.2023,114,Lychnis flos-cucule,no,y,no,,no,no,,,
Halle,24.04.2023,114,Silene viscaria,no,y,y,30,no,y,5,,
Halle,24.04.2023,114,Dianthus deltoides,no,y,no,,no,no,,,
Halle,24.04.2023,114,Saponaria officinalis,no,y,no,,no,no,,,
Halle,24.04.2023,114,Dianthus carthusianorum,no,y,no,,no,no,,,
Halle,24.04.2023,114,Clematis integrifolia,no,y,no,,no,no,,,
Halle,24.04.2023,114,Clematis recta,no,y,no,,no,no,,,
Halle,24.04.2023,114,Anemone sylvestris,no,y,no,,no,no,,,flower buds
Halle,24.04.2023,114,Pulsatilla vulgaris,no,no,no,,no,no,,,
Halle,24.04.2023,114,Armoracia rusticana,no,y,no,,no,no,,,flower buds
Halle,24.04.2023,114,Bunias orientalis,no,y,no,,no,no,,,flower buds
Halle,24.04.2023,114,Geum rivale,no,y,y,10,no,y,5,,
Halle,24.04.2023,114,Alchemilla vulgaris,no,y,no,,no,no,,,flower huds
Halle,24.04.2023,114,Securigera varia,no,y,no,,no,y,5,,
Halle,24.04.2023,114,Amorpha canescens,y,no,no,,no,no,,,
Halle,24.04.2023,114,Lotus corniculatus,no,y,no,,no,no,,,
Halle,24.04.2023,114,Galega officinalis,no,y,no,,no,no,,,
Halle,24.04.2023,114,Saxifraga paniculata,y,y,no,,no,no,,,
Halle,24.04.2023,114,Medicago falcata,no,y,no,,no,no,,,
Halle,24.04.2023,114,Genista tinctoria,no,y,no,,no,no,,,
Halle,24.04.2023,114,Sedum spurium,no,y,no,,no,no,,,
Halle,24.04.2023,114,Paeonia officinalis,no,no,no,,no,no,,,
Halle,24.04.2023,114,Paeonia daurica subsp. tomentosa,no,no,no,,no,no,,,
Halle,24.04.2023,114,Paeonia delavayi,no,y,no,,no,no,,,
Halle,24.04.2023,114,Veratrum album,no,y,no,,no,no,,,
Halle,24.04.2023,114,Primula veris,no,y,y,20,no,y,10,,
Halle,24.04.2023,114,Mentha longifolia,no,y,no,,no,no,,,
Halle,24.04.2023,114,Solanum dulcamara,no,y,no,,no,no,,,
Halle,24.04.2023,114,Gratiola officinalis,no,y,no,,no,no,,,
Halle,24.04.2023,114,Centranthus ruber,no,y,no,,no,no,,,
Halle,24.04.2023,114,Tussilago farfara,no,no,y,50,y,no,,,
Halle,24.04.2023,114,Campanula rotundifolia,no,y,no,,no,no,,,
Halle,24.04.2023,114,Plantago lanceolata,no,y,no,,no,y,10,,
Halle,24.04.2023,114,Leucanthemum vulgare,no,y,no,,no,y,5,,
Halle,24.04.2023,114,Prunella grandiflora,no,y,no,,no,y,10,,
Halle,24.04.2023,114,Leonurus cardiaca,no,y,no,,no,no,,,
Halle,24.04.2023,114,Atropa belladonna,no,y,no,,no,no,,,
Halle,24.04.2023,114,Scopolia carniolica,no,y,y,50,no,no,,,
Halle,24.04.2023,114,Vinca minor,no,y,no,,no,no,,,
Halle,24.04.2023,114,Conium maculatum,no,y,no,,no,no,,,
Halle,24.04.2023,114,Humulus lupulus,no,y,no,,no,no,,,
Halle,24.04.2023,114,Chelidonium majus,no,y,no,,no,y,5,,flower buds
Halle,24.04.2023,114,Aconitum lycoctonum,no,y,no,,no,no,,,flower buds
Halle,24.04.2023,114,Viola odorata,no,y,no,,no,y,10,,
Halle,04.05.2023,124,Hypericum perforatum,no,y,no,,no,y,10,,
Halle,04.05.2023,124,Polygonum bistorta,no,y,no,,no,no,,,
Halle,04.05.2023,124,Puschkinia scilloides,no,no,no,,no,y,35,,
Halle,04.05.2023,124,Camassia cusickii,no,y,y,15,no,no,,,
Halle,04.05.2023,124,Tulipa sylvestris,no,no,no,,no,y,40,,
Halle,04.05.2023,124,Narcissus pseudonarcissus,no,no,no,,no,no,,,
Halle,04.05.2023,124,Dactylis glomerata,no,y,no,,no,y,65,,
Halle,04.05.2023,124,Arrhenatherum elatius,no,y,no,,no,y,20,,
Halle,04.05.2023,124,Bromus erectus,no,y,no,,no,y,15,,"flower ""buds"""
Halle,04.05.2023,124,Allium schoenoprasum,no,y,no,,no,y,40,,flower buds
Halle,04.05.2023,124,Hemerocallis fulva,no,y,no,,no,no,,,
Halle,04.05.2023,124,Achillea millefolium,no,y,no,,no,y,5,,
Halle,04.05.2023,124,Artemisia absinthium,no,y,no,,no,no,,,
Halle,04.05.2023,124,Tanacetum vulgare,no,y,no,,no,no,,,
Halle,04.05.2023,124,Veratrum nigrum,no,y,no,,no,y,5,,
Halle,04.05.2023,124,Salvia officinalis,no,y,no,,no,y,10,,
Halle,04.05.2023,124,Fuchsia magellanica,no,y,no,,no,no,,,
Halle,04.05.2023,124,Lamium album,no,y,y,75,no,y,5,,
Halle,04.05.2023,124,Althaea officinalis,no,y,no,,no,no,,,
Halle,04.05.2023,124,Ranunculus acris,no,y,no,,no,no,,,
Halle,04.05.2023,124,Epilobium angustifolium,no,y,no,,no,no,,,flower buds yellow; petals visible on one flower (unfolding perhaps in the next 2 days)
Halle,04.05.2023,124,Lychnis flos-cucule,no,y,no,,no,no,,,
Halle,04.05.2023,124,Silene viscaria,no,y,y,75,no,y,5,,
Halle,04.05.2023,124,Dianthus deltoides,no,no,no,,no,no,,,"cleaned, no plant exist anymore"
Halle,04.05.2023,124,Saponaria officinalis,no,y,no,,no,no,,,
Halle,04.05.2023,124,Dianthus carthusianorum,no,y,no,,no,no,,,
Halle,04.05.2023,124,Clematis integrifolia,no,y,no,,no,no,,,
Halle,04.05.2023,124,Clematis recta,no,y,no,,no,no,,,
Halle,04.05.2023,124,Anemone sylvestris,no,y,y,90,no,no,,,
Halle,04.05.2023,124,Pulsatilla vulgaris,no,y,no,,no,no,,,
Halle,04.05.2023,124,Armoracia rusticana,no,y,no,,no,no,,,flower buds
Halle,04.05.2023,124,Bunias orientalis,no,y,y,5,no,no,,,
Halle,04.05.2023,124,Geum rivale,no,y,y,55,no,y,5,,
Halle,04.05.2023,124,Alchemilla vulgaris,no,y,y,60,no,no,,,
Halle,04.05.2023,124,Securigera varia,no,y,no,,no,y,5,,
Halle,04.05.2023,124,Amorpha canescens,y,no,no,,no,no,,,
Halle,04.05.2023,124,Lotus corniculatus,no,y,no,,no,no,,,
Halle,04.05.2023,124,Galega officinalis,no,y,no,,no,no,,,
Halle,04.05.2023,124,Saxifraga paniculata,no,y,no,,no,no,,,
Halle,04.05.2023,124,Medicago falcata,no,y,no,,no,no,,,
Halle,04.05.2023,124,Genista tinctoria,no,y,no,,no,no,,,
Halle,04.05.2023,124,Sedum spurium,no,y,no,,no,no,,,
Halle,04.05.2023,124,Paeonia officinalis,no,no,no,,no,no,,,
Halle,04.05.2023,124,Paeonia daurica subsp. tomentosa,no,no,y,100,no,no,,,7 flowers
Halle,04.05.2023,124,Paeonia delavayi,no,y,no,,no,no,,,
Halle,04.05.2023,124,Veratrum album,no,y,no,,no,no,,,
Halle,04.05.2023,124,Primula veris,no,y,y,10,no,y,10,,
Halle,04.05.2023,124,Mentha longifolia,no,y,no,,no,no,,,
Halle,04.05.2023,124,Solanum dulcamara,no,y,no,,no,no,,,
Halle,04.05.2023,124,Scopolia carniolica,no,y,y,25,no,no,,,
Halle,04.05.2023,124,Vinca minor,no,y,no,,no,no,,,
Halle,04.05.2023,124,Conium maculatum,no,y,no,,no,no,,,
Halle,04.05.2023,124,Humulus lupulus,no,y,no,,no,no,,,
Halle,04.05.2023,124,Chelidonium majus,no,y,y,5,no,no,,,
Halle,04.05.2023,124,Aconitum lycoctonum,no,y,y,5,no,no,,,
Halle,04.05.2023,124,Viola odorata,no,y,no,,no,y,10,,
Halle,04.05.2023,124,Gratiola officinalis,no,y,no,,no,no,,,
Halle,04.05.2023,124,Centranthus ruber,no,y,no,,no,no,,,
Halle,04.05.2023,124,Tussilago farfara,no,y,y,50,y,no,,,
Halle,04.05.2023,124,Campanula rotundifolia,no,y,no,,no,no,,,
Halle,04.05.2023,124,Plantago lanceolata,no,y,no,,no,y,10,,
Halle,04.05.2023,124,Leucanthemum vulgare,no,y,no,,no,y,5,,
Halle,04.05.2023,124,Prunella grandiflora,no,y,no,,no,y,5,,
Halle,04.05.2023,124,Leonurus cardiaca,no,y,no,,no,no,,,
Halle,04.05.2023,124,Atropa belladonna,no,y,no,,no,no,,,
Halle,04.05.2023,124,Angelica archangelica,no,no,no,,no,no,,,
Halle,04.05.2023,124,Geum urbanum,no,y,no,,no,y,10,,
Halle,04.05.2023,124,Glycyrrhiza glabra,no,y,no,,no,no,,,
Halle,04.05.2023,124,Helleborus orientalis,no,no,no,,no,y,20,,
Halle,04.05.2023,124,Dictamnus albus,no,y,no,,no,no,,,
Halle,04.05.2023,124,Eryngium maritimum,no,y,no,,no,no,,,
Halle,04.05.2023,124,Eryngium campestre,no,y,no,,no,no,,,
Halle,04.05.2023,124,Silene vulgaris,no,y,no,,no,no,,,
Halle,12.05.2023,132,Angelica archangelica,no,no,no,,no,no,,,
Halle,12.05.2023,132,Geum urbanum,no,y,no,,no,y,5,,
Halle,12.05.2023,132,Glycyrrhiza glabra,no,y,no,,no,no,,,
Halle,12.05.2023,132,Helleborus orientalis,no,no,no,,no,y,10,,
Halle,12.05.2023,132,Dictamnus albus,no,y,no,,no,no,,,
Halle,12.05.2023,132,Eryngium maritimum,no,y,no,,no,no,,,
Halle,12.05.2023,132,Eryngium campestre,no,y,no,,no,no,,,
Halle,12.05.2023,132,Silene vulgaris,no,y,no,,no,no,,,
Halle,12.05.2023,132,Lychnis flos-cucule,no,y,no,,no,no,,,
Halle,12.05.2023,132,Silene viscaria,no,y,y,35,no,y,5,,
Halle,12.05.2023,132,Dianthus deltoides,no,no,no,,no,no,,,
Halle,12.05.2023,132,Saponaria officinalis,no,y,no,,no,no,,,
Halle,12.05.2023,132,Dianthus carthusianorum,no,y,no,,no,no,,,
Halle,12.05.2023,132,Clematis integrifolia,no,y,no,,no,no,,,
Halle,12.05.2023,132,Clematis recta,no,y,no,,no,no,,,
Halle,12.05.2023,132,Anemone sylvestris,no,y,y,95,no,no,,,
Halle,12.05.2023,132,Pulsatilla vulgaris,no,no,no,,no,no,,,
Halle,12.05.2023,132,Armoracia rusticana,no,y,y,35,no,no,,,
Halle,12.05.2023,132,Bunias orientalis,no,y,y,45,no,no,,,
Halle,12.05.2023,132,Geum rivale,no,y,y,95,no,y,5,,
Halle,12.05.2023,132,Alchemilla vulgaris,no,y,y,100,no,no,,,
Halle,12.05.2023,132,Securigera varia,no,y,no,,no,y,5,,
Halle,12.05.2023,132,Amorpha canescens,no,y,no,,no,no,,,
Halle,12.05.2023,132,Lotus corniculatus,no,y,no,,no,no,,,
Halle,12.05.2023,132,Galega officinalis,no,y,no,,no,no,,,
Halle,12.05.2023,132,Saxifraga paniculata,no,y,no,,no,no,,,
Halle,12.05.2023,132,Medicago falcata,no,y,no,,no,no,,,
Halle,12.05.2023,132,Genista tinctoria,no,y,no,,no,no,,,
Halle,12.05.2023,132,Sedum spurium,no,y,no,,no,no,,,
Halle,12.05.2023,132,Paeonia officinalis,no,no,y,75,no,no,,,
Halle,12.05.2023,132,Paeonia daurica subsp. tomentosa,no,no,no,,no,no,,,
Halle,12.05.2023,132,Paeonia delavayi,no,y,no,,no,no,,,
Halle,12.05.2023,132,Veratrum album,no,y,no,,no,y,5,,
Halle,12.05.2023,132,Primula veris,no,y,no,,no,y,10,,
Halle,12.05.2023,132,Mentha longifolia,no,y,no,,no,no,,,
Halle,12.05.2023,132,Solanum dulcamara,no,y,no,,no,no,,,
Halle,12.05.2023,132,Gratiola officinalis,no,y,no,,no,y,5,,
Halle,12.05.2023,132,Centranthus ruber,no,y,no,,no,no,,,
Halle,12.05.2023,132,Tussilago farfara,no,y,no,,y,no,,,
Halle,12.05.2023,132,Campanula rotundifolia,no,y,no,,no,no,,,
Halle,12.05.2023,132,Plantago lanceolata,no,y,no,,no,y,10,,
Halle,12.05.2023,132,Leucanthemum vulgare,no,y,no,,no,y,5,,
Halle,12.05.2023,132,Prunella grandiflora,no,y,no,,no,y,5,,
Halle,12.05.2023,132,Leonurus cardiaca,no,y,no,,no,no,,,
Halle,12.05.2023,132,Atropa belladonna,no,y,no,,no,no,,,
Halle,12.05.2023,132,Scopolia carniolica,no,y,no,,no,no,,,
Halle,12.05.2023,132,Vinca minor,no,y,no,,no,no,,,
Halle,12.05.2023,132,Conium maculatum,no,y,no,,no,no,,,
Halle,12.05.2023,132,Humulus lupulus,no,y,no,,no,no,,,
Halle,12.05.2023,132,Chelidonium majus,no,y,y,45,no,no,,,
Halle,12.05.2023,132,Aconitum lycoctonum,no,y,y,45,no,no,,,
Halle,12.05.2023,132,Viola odorata,no,y,no,,no,y,10,,
Halle,12.05.2023,132,Hypericum perforatum,no,y,no,,no,y,5,,
Halle,12.05.2023,132,Polygonum bistorta,no,y,y,100,no,no,,,
Halle,12.05.2023,132,Puschkinia scilloides,no,no,no,,no,y,85,,
Halle,12.05.2023,132,Camassia cusickii,no,no,y,40,no,no,,,
Halle,12.05.2023,132,Tulipa sylvestris,no,no,no,,no,y,50,,
Halle,12.05.2023,132,Narcissus pseudonarcissus,no,no,no,,no,no,,,
Halle,12.05.2023,132,Dactylis glomerata,no,y,no,,no,y,55,,
Halle,12.05.2023,132,Arrhenatherum elatius,no,y,no,,no,y,20,,
Halle,12.05.2023,132,Bromus erectus,no,y,no,,no,y,10,,
Halle,12.05.2023,132,Allium schoenoprasum,no,y,y,10,no,y,40,,
Halle,12.05.2023,132,Hemerocallis fulva,no,y,no,,no,no,,,
Halle,12.05.2023,132,Achillea millefolium,no,y,no,,no,y,5,,
Halle,12.05.2023,132,Artemisia absinthium,no,y,no,,no,no,,,
Halle,12.05.2023,132,Tanacetum vulgare,no,y,no,,no,no,,,
Halle,12.05.2023,132,Veratrum nigrum,no,y,no,,no,y,5,,
Halle,12.05.2023,132,Salvia officinalis,no,y,no,,no,y,5,,
Halle,12.05.2023,132,Fuchsia magellanica,no,y,no,,no,no,,,
Halle,12.05.2023,132,Lamium album,no,y,y,85,no,y,5,,
Halle,12.05.2023,132,Althaea officinalis,no,y,no,,no,no,,,
Halle,12.05.2023,132,Ranunculus acris,no,y,y,15,no,no,,,
Halle,12.05.2023,132,Epilobium angustifolium,no,y,no,,no,no,,,
Halle,16.05.2023,136,Narcissus pseudonarcissus,no,no,no,,no,no,,,
Halle,16.05.2023,136,Plantago lanceolata,no,y,y,10,no,y,10,,
Halle,16.05.2023,136,Leucanthemum vulgare,no,y,y,5,no,y,5,,
Halle,16.05.2023,136,Hypericum perforatum,no,y,no,,no,y,5,,
Halle,16.05.2023,136,Polygonum bistorta,no,y,y,100,no,no,,,
Halle,16.05.2023,136,Puschkinia scilloides,no,no,no,,y,y,95,,
Halle,16.05.2023,136,Camassia cusickii,no,no,y,30,no,no,,,
Halle,16.05.2023,136,Tulipa sylvestris,no,no,no,,no,y,65,,
Halle,16.05.2023,136,Dactylis glomerata,no,y,no,,no,y,55,,
Halle,16.05.2023,136,Arrhenatherum elatius,no,y,no,,no,y,20,,
Halle,16.05.2023,136,Bromus erectus,no,y,no,,no,y,10,,
Halle,16.05.2023,136,Allium schoenoprasum,no,y,y,60,no,y,40,,
Halle,16.05.2023,136,Hemerocallis fulva,no,y,no,,no,no,,,
Halle,16.05.2023,136,Achillea millefolium,no,y,no,,no,y,5,,
Halle,16.05.2023,136,Artemisia absinthium,no,y,no,,no,no,,,
Halle,16.05.2023,136,Tanacetum vulgare,no,y,no,,no,no,,,
Halle,16.05.2023,136,Veratrum nigrum,no,y,no,,no,y,5,,
Halle,16.05.2023,136,Salvia officinalis,no,y,no,,no,y,5,,
Halle,16.05.2023,136,Fuchsia magellanica,no,y,no,,no,no,,,
Halle,16.05.2023,136,Lamium album,no,y,y,85,no,y,5,,
Halle,16.05.2023,136,Althaea officinalis,no,y,no,,no,no,,,
Halle,16.05.2023,136,Ranunculus acris,no,y,y,35,no,no,,,
Halle,16.05.2023,136,Epilobium angustifolium,no,y,no,,no,y,10,,
Halle,16.05.2023,136,Angelica archangelica,no,no,no,,no,no,,,
Halle,16.05.2023,136,Geum urbanum,no,y,y,15,no,y,5,,
Halle,16.05.2023,136,Glycyrrhiza glabra,no,y,no,,no,no,,,
Halle,16.05.2023,136,Helleborus orientalis,no,no,no,,no,y,10,,
Halle,16.05.2023,136,Dictamnus albus,no,y,no,,no,no,,,
Halle,16.05.2023,136,Eryngium maritimum,no,y,no,,no,no,,,
Halle,16.05.2023,136,Eryngium campestre,no,y,no,,no,no,,,
Halle,16.05.2023,136,Silene vulgaris,no,y,no,,no,no,,,
Halle,16.05.2023,136,Lychnis flos-cucule,no,y,no,,no,no,,,
Halle,16.05.2023,136,Silene viscaria,no,y,y,10,no,y,5,,
Halle,16.05.2023,136,Dianthus deltoides,no,no,no,,no,no,,,
Halle,16.05.2023,136,Saponaria officinalis,no,y,no,,no,no,,,
Halle,16.05.2023,136,Dianthus carthusianorum,no,y,no,,no,no,,,
Halle,16.05.2023,136,Clematis integrifolia,no,y,no,,no,no,,,
Halle,16.05.2023,136,Clematis recta,no,y,no,,no,no,,,
Halle,16.05.2023,136,Anemone sylvestris,no,no,y,35,no,no,,,
Halle,16.05.2023,136,Pulsatilla vulgaris,no,no,no,,no,no,,,
Halle,16.05.2023,136,Armoracia rusticana,no,y,y,55,no,no,,,
Halle,16.05.2023,136,Bunias orientalis,no,y,y,80,no,no,,,
Halle,16.05.2023,136,Geum rivale,no,y,y,85,no,y,5,,
Halle,16.05.2023,136,Alchemilla vulgaris,no,y,no,,no,no,,,
Halle,16.05.2023,136,Securigera varia,no,y,no,,no,y,5,,
Halle,16.05.2023,136,Amorpha canescens,no,y,no,,no,no,,,
Halle,16.05.2023,136,Lotus corniculatus,no,y,no,,no,no,,,
Halle,16.05.2023,136,Galega officinalis,no,y,no,,no,no,,,
Halle,16.05.2023,136,Saxifraga paniculata,no,y,no,,no,no,,,
Halle,16.05.2023,136,Medicago falcata,no,y,no,,no,no,,,
Halle,16.05.2023,136,Genista tinctoria,no,y,no,,no,no,,,
Halle,16.05.2023,136,Sedum spurium,no,y,no,,no,no,,,
Halle,16.05.2023,136,Paeonia officinalis,no,no,y,95,no,no,,,
Halle,16.05.2023,136,Paeonia daurica subsp. tomentosa,no,no,no,,no,no,,,
Halle,16.05.2023,136,Paeonia delavayi,no,y,no,,no,no,,,
Halle,16.05.2023,136,Veratrum album,no,y,no,,no,y,5,,
Halle,16.05.2023,136,Primula veris,no,y,no,,no,y,10,,
Halle,16.05.2023,136,Mentha longifolia,no,y,no,,no,no,,,
Halle,16.05.2023,136,Solanum dulcamara,no,y,no,,no,no,,,
Halle,16.05.2023,136,Gratiola officinalis,no,y,no,,no,y,5,,
Halle,16.05.2023,136,Centranthus ruber,no,y,no,,no,no,,,
Halle,16.05.2023,136,Tussilago farfara,no,y,no,,y,no,,,
Halle,16.05.2023,136,Campanula rotundifolia,no,y,no,,no,no,,,
Halle,16.05.2023,136,Prunella grandiflora,no,y,no,,no,y,5,,
Halle,16.05.2023,136,Leonurus cardiaca,no,y,no,,no,no,,,
Halle,16.05.2023,136,Atropa belladonna,no,y,no,,no,no,,,
Halle,16.05.2023,136,Scopolia carniolica,no,y,no,,no,no,,,
Halle,16.05.2023,136,Vinca minor,no,y,no,,no,no,,,
Halle,16.05.2023,136,Conium maculatum,no,y,no,,no,y,10,,
Halle,16.05.2023,136,Humulus lupulus,no,y,no,,no,no,,,
Halle,16.05.2023,136,Chelidonium majus,no,y,y,55,no,no,,,
Halle,16.05.2023,136,Aconitum lycoctonum,no,y,y,65,no,no,,,
Halle,16.05.2023,136,Viola odorata,no,y,no,,no,y,10,,
Halle,26.05.2023,146,Hypericum perforatum,no,y,no,,no,y,5,,
Halle,26.05.2023,146,Polygonum bistorta,no,y,y,60,no,no,,,
Halle,26.05.2023,146,Puschkinia scilloides,no,no,no,,y,y,100,,
Halle,26.05.2023,146,Camassia cusickii,no,no,no,,no,no,,,
Halle,26.05.2023,146,Tulipa sylvestris,no,no,no,,no,y,70,,
Halle,26.05.2023,146,Narcissus pseudonarcissus,no,no,no,,no,y,5,,
Halle,26.05.2023,146,Dactylis glomerata,no,y,no,,no,y,45,,
Halle,26.05.2023,146,Arrhenatherum elatius,no,y,no,,no,y,20,,
Halle,26.05.2023,146,Bromus erectus,no,y,y,100,no,y,10,,
Halle,26.05.2023,146,Allium schoenoprasum,no,y,y,100,no,y,40,,
Halle,26.05.2023,146,Hemerocallis fulva,no,y,no,,no,no,,,
Halle,26.05.2023,146,Achillea millefolium,no,y,no,,no,y,5,,
Halle,26.05.2023,146,Artemisia absinthium,no,y,no,,no,no,,,
Halle,26.05.2023,146,Tanacetum vulgare,no,y,no,,no,no,,,
Halle,26.05.2023,146,Vinca minor,no,no,no,,no,no,,,
Halle,26.05.2023,146,Conium maculatum,no,y,no,,no,y,10,,
Halle,26.05.2023,146,Humulus lupulus,no,y,no,,no,no,,,
Halle,26.05.2023,146,Chelidonium majus,no,y,y,5,no,y,40,,
Halle,26.05.2023,146,Aconitum lycoctonum,no,y,y,60,no,no,,,
Halle,26.05.2023,146,Viola odorata,no,y,no,,no,y,10,,
Halle,26.05.2023,146,Veratrum nigrum,no,y,no,,no,y,5,,
Halle,26.05.2023,146,Salvia officinalis,no,no,y,95,no,no,,,
Halle,26.05.2023,146,Fuchsia magellanica,no,y,no,,no,no,,,
Halle,26.05.2023,146,Lamium album,no,y,y,20,no,y,5,,
Halle,26.05.2023,146,Althaea officinalis,no,y,no,,no,no,,,
Halle,26.05.2023,146,Ranunculus acris,no,y,y,35,no,no,,,
Halle,26.05.2023,146,Epilobium angustifolium,no,y,no,,no,y,10,,
Halle,26.05.2023,146,Angelica archangelica,no,no,no,,no,no,,,
Halle,26.05.2023,146,Geum urbanum,no,y,y,5,no,y,5,,
Halle,26.05.2023,146,Glycyrrhiza glabra,no,y,no,,no,no,,,
Halle,26.05.2023,146,Helleborus orientalis,no,no,no,,no,y,10,,
Halle,26.05.2023,146,Dictamnus albus,no,no,y,5,no,no,,,
Halle,26.05.2023,146,Eryngium maritimum,no,y,no,,no,no,,,
Halle,26.05.2023,146,Eryngium campestre,no,y,no,,no,no,,,
Halle,26.05.2023,146,Silene vulgaris,no,y,no,,no,no,,,
Halle,26.05.2023,146,Lychnis flos-cucule,no,y,no,,no,no,,,
Halle,26.05.2023,146,Silene viscaria,no,y,no,,no,y,10,,
Halle,26.05.2023,146,Dianthus deltoides,no,no,no,,no,no,,,
Halle,26.05.2023,146,Saponaria officinalis,no,y,no,,no,no,,,
Halle,26.05.2023,146,Dianthus carthusianorum,no,y,no,,no,no,,,
Halle,26.05.2023,146,Clematis integrifolia,no,y,y,30,no,no,,,
Halle,26.05.2023,146,Clematis recta,no,y,y,5,no,no,,,
Halle,26.05.2023,146,Anemone sylvestris,no,no,no,,no,no,,,
Halle,26.05.2023,146,Pulsatilla vulgaris,no,no,no,,no,no,,,
Halle,26.05.2023,146,Armoracia rusticana,no,y,y,10,no,no,,,
Halle,26.05.2023,146,Bunias orientalis,no,y,y,80,no,no,,,
Halle,26.05.2023,146,Geum rivale,no,y,y,5,no,y,5,,
Halle,26.05.2023,146,Alchemilla vulgaris,no,y,no,,no,no,,,
Halle,26.05.2023,146,Securigera varia,no,y,no,,no,y,5,,
Halle,26.05.2023,146,Amorpha canescens,no,y,no,,no,no,,,
Halle,26.05.2023,146,Lotus corniculatus,no,y,y,5,no,no,,,
Halle,26.05.2023,146,Galega officinalis,no,y,no,,no,no,,,
Halle,26.05.2023,146,Saxifraga paniculata,no,y,y,25,no,no,,,one flower
Halle,26.05.2023,146,Medicago falcata,no,y,no,,no,no,,,
Halle,26.05.2023,146,Genista tinctoria,no,y,no,,no,no,,,
Halle,26.05.2023,146,Sedum spurium,no,y,no,,no,no,,,
Halle,26.05.2023,146,Paeonia officinalis,no,no,no,,no,no,,,
Halle,26.05.2023,146,Paeonia daurica subsp. tomentosa,no,no,no,,no,no,,,
Halle,26.05.2023,146,Paeonia delavayi,no,y,no,,no,no,,,
Halle,26.05.2023,146,Veratrum album,no,y,no,,no,y,5,,
Halle,26.05.2023,146,Primula veris,no,y,no,,no,y,10,,
Halle,26.05.2023,146,Mentha longifolia,no,y,no,,no,no,,,
Halle,26.05.2023,146,Solanum dulcamara,no,y,y,80,no,no,,,
Halle,26.05.2023,146,Gratiola officinalis,no,y,y,65,no,y,5,,
Halle,26.05.2023,146,Centranthus ruber,no,y,no,,no,no,,,
Halle,26.05.2023,146,Tussilago farfara,no,y,no,,y,no,,,
Halle,26.05.2023,146,Campanula rotundifolia,no,y,no,,no,no,,,
Halle,26.05.2023,146,Plantago lanceolata,no,y,y,60,no,y,10,,
Halle,26.05.2023,146,Leucanthemum vulgare,no,y,y,55,no,y,5,,
Halle,26.05.2023,146,Prunella grandiflora,no,y,no,,no,y,5,,
Halle,26.05.2023,146,Leonurus cardiaca,no,y,no,,no,no,,,
Halle,26.05.2023,146,Atropa belladonna,no,y,no,,no,no,,,
Halle,26.05.2023,146,Scopolia carniolica,no,y,no,,no,no,,,
Halle,31.05.2023,151,Geum rivale,no,y,no,,no,y,5,,
Halle,31.05.2023,151,Hypericum perforatum,no,y,no,,no,y,5,,
Halle,31.05.2023,151,Polygonum bistorta,no,y,y,15,no,y,5,,dry damage
Halle,31.05.2023,151,Puschkinia scilloides,no,no,no,,no,no,,,
Halle,31.05.2023,151,Camassia cusickii,no,no,no,,no,y,45,,
Halle,31.05.2023,151,Tulipa sylvestris,no,no,no,,no,y,95,,
Halle,31.05.2023,151,Narcissus pseudonarcissus,no,no,no,,no,y,50,,
Halle,31.05.2023,151,Dactylis glomerata,no,y,no,,no,y,40,,
Halle,31.05.2023,151,Arrhenatherum elatius,no,y,no,,no,y,20,,
Halle,31.05.2023,151,Bromus erectus,no,y,y,100,no,y,10,,
Halle,31.05.2023,151,Allium schoenoprasum,no,y,y,100,no,y,70,,
Halle,31.05.2023,151,Hemerocallis fulva,no,y,no,,no,no,,,
Halle,31.05.2023,151,Achillea millefolium,no,y,no,,no,y,5,,
Halle,31.05.2023,151,Artemisia absinthium,no,y,no,,no,no,,,
Halle,31.05.2023,151,Tanacetum vulgare,no,y,no,,no,no,,,
Halle,31.05.2023,151,Veratrum nigrum,no,y,no,,no,y,5,,
Halle,31.05.2023,151,Salvia officinalis,no,y,y,100,no,no,,,
Halle,31.05.2023,151,Fuchsia magellanica,no,y,no,,no,no,,,
Halle,31.05.2023,151,Lamium album,no,y,y,5,no,y,5,,
Halle,31.05.2023,151,Althaea officinalis,no,y,no,,no,no,,,
Halle,31.05.2023,151,Ranunculus acris,no,y,y,40,no,no,,,
Halle,31.05.2023,151,Epilobium angustifolium,no,y,no,,no,y,15,,
Halle,31.05.2023,151,Angelica archangelica,no,no,no,,no,no,,,
Halle,31.05.2023,151,Geum urbanum,no,y,y,5,no,y,5,,
Halle,31.05.2023,151,Glycyrrhiza glabra,no,y,no,,no,no,,,
Halle,31.05.2023,151,Helleborus orientalis,no,no,no,,no,y,5,,
Halle,31.05.2023,151,Dictamnus albus,no,no,y,90,no,no,,,
Halle,31.05.2023,151,Eryngium maritimum,no,y,no,,no,no,,,
Halle,31.05.2023,151,Eryngium campestre,no,y,no,,no,no,,,
Halle,31.05.2023,151,Silene vulgaris,no,y,no,,no,no,,,
Halle,31.05.2023,151,Lychnis flos-cucule,no,y,no,,no,no,,,
Halle,31.05.2023,151,Silene viscaria,no,y,no,,no,y,10,,
Halle,31.05.2023,151,Dianthus deltoides,no,no,no,,no,no,,,
Halle,31.05.2023,151,Saponaria officinalis,no,y,no,,no,no,,,
Halle,31.05.2023,151,Dianthus carthusianorum,no,y,y,5,no,no,,,
Halle,31.05.2023,151,Clematis integrifolia,no,y,y,100,no,no,,,
Halle,31.05.2023,151,Clematis recta,no,y,y,25,no,no,,,
Halle,31.05.2023,151,Anemone sylvestris,no,no,y,25,no,no,,,
Halle,31.05.2023,151,Pulsatilla vulgaris,no,no,no,,no,no,,,
Halle,31.05.2023,151,Armoracia rusticana,no,y,y,5,no,no,,,
Halle,31.05.2023,151,Bunias orientalis,no,no,y,20,no,no,,,
Halle,31.05.2023,151,Alchemilla vulgaris,no,y,no,,no,no,,,
Halle,31.05.2023,151,Securigera varia,no,y,no,,no,y,5,,
Halle,31.05.2023,151,Amorpha canescens,no,y,no,,no,no,,,
Halle,31.05.2023,151,Lotus corniculatus,no,y,y,25,no,no,,,
Halle,31.05.2023,151,Galega officinalis,no,y,no,,no,no,,,
Halle,31.05.2023,151,Saxifraga paniculata,no,y,y,75,no,no,,,
Halle,31.05.2023,151,Medicago falcata,no,y,no,,no,no,,,
Halle,31.05.2023,151,Genista tinctoria,no,y,no,,no,no,,,
Halle,31.05.2023,151,Sedum spurium,no,y,no,,no,no,,,
Halle,31.05.2023,151,Paeonia officinalis,no,no,no,,no,no,,,
Halle,31.05.2023,151,Paeonia daurica subsp. tomentosa,no,no,no,,no,no,,,
Halle,31.05.2023,151,Paeonia delavayi,no,y,no,,no,no,,,
Halle,31.05.2023,151,Veratrum album,no,y,no,,no,y,15,,
Halle,31.05.2023,151,Primula veris,no,y,no,,no,y,15,,
Halle,31.05.2023,151,Mentha longifolia,no,y,no,,no,y,10,,
Halle,31.05.2023,151,Solanum dulcamara,no,y,y,5,no,no,,,
Halle,31.05.2023,151,Gratiola officinalis,no,y,y,85,no,y,5,,
Halle,31.05.2023,151,Centranthus ruber,no,y,no,,no,no,,,
Halle,31.05.2023,151,Tussilago farfara,no,y,no,,y,no,,,
Halle,31.05.2023,151,Campanula rotundifolia,no,y,no,,no,no,,,
Halle,31.05.2023,151,Plantago lanceolata,no,y,y,70,no,y,10,,
Halle,31.05.2023,151,Leucanthemum vulgare,no,y,y,85,no,y,5,,
Halle,31.05.2023,151,Prunella grandiflora,no,y,no,,no,y,5,,
Halle,31.05.2023,151,Leonurus cardiaca,no,y,no,,no,no,,,
Halle,31.05.2023,151,Atropa belladonna,no,y,no,,no,no,,,
Halle,31.05.2023,151,Scopolia carniolica,no,y,no,,no,y,10,,
Halle,31.05.2023,151,Vinca minor,no,no,no,,no,no,,,
Halle,31.05.2023,151,Conium maculatum,no,y,no,,no,y,20,,
Halle,31.05.2023,151,Humulus lupulus,no,y,no,,no,no,,,
Halle,31.05.2023,151,Chelidonium majus,no,no,y,5,no,y,50,,
Halle,31.05.2023,151,Aconitum lycoctonum,no,y,y,60,no,no,,,
Halle,31.05.2023,151,Viola odorata,no,y,no,,no,y,15,,
Halle,05.06.2023,156,Campanula rotundifolia,no,y,no,,no,no,,,
Halle,05.06.2023,156,Hypericum perforatum,no,y,no,,no,y,5,,
Halle,05.06.2023,156,Polygonum bistorta,no,no,no,,no,y,10,,
Halle,05.06.2023,156,Puschkinia scilloides,no,no,no,,no,no,,,
Halle,05.06.2023,156,Camassia cusickii,no,no,no,,no,y,60,,
Halle,05.06.2023,156,Tulipa sylvestris,no,no,no,,y,y,100,,
Halle,05.06.2023,156,Narcissus pseudonarcissus,no,no,no,,no,y,90,,
Halle,05.06.2023,156,Dactylis glomerata,no,y,y,100,no,y,40,,
Halle,05.06.2023,156,Arrhenatherum elatius,no,y,y,30,no,y,20,,
Halle,05.06.2023,156,Bromus erectus,no,y,y,100,no,y,10,,
Halle,05.06.2023,156,Allium schoenoprasum,no,y,y,100,no,y,70,,
Halle,05.06.2023,156,Hemerocallis fulva,no,y,no,,no,no,,,
Halle,05.06.2023,156,Achillea millefolium,no,y,no,,no,y,5,,
Halle,05.06.2023,156,Artemisia absinthium,no,y,no,,no,no,,,
Halle,05.06.2023,156,Tanacetum vulgare,no,y,no,,no,no,,,
Halle,05.06.2023,156,Veratrum nigrum,no,y,no,,no,y,10,,
Halle,05.06.2023,156,Scopolia carniolica,no,no,no,,no,y,20,,
Halle,05.06.2023,156,Vinca minor,no,no,no,,no,no,,,
Halle,05.06.2023,156,Conium maculatum,no,y,no,,no,y,20,,
Halle,05.06.2023,156,Humulus lupulus,no,y,no,,no,no,,,
Halle,05.06.2023,156,Chelidonium majus,no,no,y,5,no,y,50,,
Halle,05.06.2023,156,Aconitum lycoctonum,no,y,y,40,no,y,5,,
Halle,05.06.2023,156,Viola odorata,no,y,no,,no,y,15,,
Halle,05.06.2023,156,Salvia officinalis,no,y,y,90,no,no,,,
Halle,05.06.2023,156,Fuchsia magellanica,no,y,no,,no,no,,,
Halle,05.06.2023,156,Lamium album,no,y,y,5,y,y,10,,
Halle,05.06.2023,156,Althaea officinalis,no,y,no,,no,no,,,
Halle,05.06.2023,156,Ranunculus acris,no,y,y,50,no,no,,,
Halle,05.06.2023,156,Epilobium angustifolium,no,y,no,,no,y,15,,
Halle,05.06.2023,156,Angelica archangelica,no,no,no,,no,no,,,
Halle,05.06.2023,156,Geum urbanum,no,y,y,5,no,y,5,,
Halle,05.06.2023,156,Glycyrrhiza glabra,no,y,no,,no,no,,,
Halle,05.06.2023,156,Helleborus orientalis,no,no,no,,y,y,5,,
Halle,05.06.2023,156,Dictamnus albus,no,no,y,100,no,no,,,
Halle,05.06.2023,156,Eryngium maritimum,no,y,no,,no,no,,,
Halle,05.06.2023,156,Eryngium campestre,no,y,no,,no,no,,,
Halle,05.06.2023,156,Silene vulgaris,no,y,no,,no,no,,,
Halle,05.06.2023,156,Lychnis flos-cucule,no,y,no,,no,no,,,
Halle,05.06.2023,156,Silene viscaria,no,y,no,,y,y,10,,
Halle,05.06.2023,156,Dianthus deltoides,no,no,no,,no,no,,,
Halle,05.06.2023,156,Saponaria officinalis,no,y,no,,no,no,,,
Halle,05.06.2023,156,Dianthus carthusianorum,no,y,y,10,no,no,,,
Halle,05.06.2023,156,Clematis integrifolia,no,y,y,100,no,no,,,
Halle,05.06.2023,156,Clematis recta,no,y,y,70,no,no,,,
Halle,05.06.2023,156,Anemone sylvestris,no,y,y,25,y,no,,,
Halle,05.06.2023,156,Pulsatilla vulgaris,no,y,no,,no,y,5,,
Halle,05.06.2023,156,Armoracia rusticana,no,y,y,5,no,no,,,
Halle,05.06.2023,156,Bunias orientalis,no,no,y,5,no,y,5,,
Halle,05.06.2023,156,Geum rivale,no,y,no,,no,y,5,,
Halle,05.06.2023,156,Alchemilla vulgaris,no,y,no,,no,no,,,
Halle,05.06.2023,156,Securigera varia,no,y,no,,no,y,5,,
Halle,05.06.2023,156,Amorpha canescens,no,y,no,,no,no,,,
Halle,05.06.2023,156,Lotus corniculatus,no,y,y,50,no,no,,,
Halle,05.06.2023,156,Galega officinalis,no,y,no,,no,no,,,
Halle,05.06.2023,156,Saxifraga paniculata,no,y,y,90,no,no,,,
Halle,05.06.2023,156,Medicago falcata,no,y,y,10,no,no,,,
Halle,05.06.2023,156,Genista tinctoria,no,y,no,,no,no,,,
Halle,05.06.2023,156,Sedum spurium,no,y,no,,no,no,,,
Halle,05.06.2023,156,Paeonia officinalis,no,no,no,,no,no,,,
Halle,05.06.2023,156,Paeonia daurica subsp. tomentosa,no,no,no,,no,no,,,
Halle,05.06.2023,156,Paeonia delavayi,no,y,no,,no,no,,,
Halle,05.06.2023,156,Veratrum album,no,y,no,,no,y,25,,
Halle,05.06.2023,156,Primula veris,no,y,no,,no,y,25,,
Halle,05.06.2023,156,Mentha longifolia,no,y,no,,no,y,10,,
Halle,05.06.2023,156,Solanum dulcamara,no,y,y,30,no,no,,,
Halle,05.06.2023,156,Gratiola officinalis,no,y,y,90,no,y,5,,
Halle,05.06.2023,156,Centranthus ruber,no,y,y,70,no,no,,,
Halle,05.06.2023,156,Tussilago farfara,no,y,no,,no,y,5,,
Halle,05.06.2023,156,Plantago lanceolata,no,y,y,70,no,y,10,,
Halle,05.06.2023,156,Leucanthemum vulgare,no,y,y,100,no,y,5,,
Halle,05.06.2023,156,Prunella grandiflora,no,y,y,50,no,y,5,,
Halle,05.06.2023,156,Leonurus cardiaca,no,y,no,,no,no,,,
Halle,05.06.2023,156,Atropa belladonna,no,y,no,,no,no,,,
Halle,14.06.2023,165,Geum rivale,no,y,no,,y,y,5,,
Halle,14.06.2023,165,Hypericum perforatum,no,y,y,20,no,y,5,,
Halle,14.06.2023,165,Polygonum bistorta,no,no,no,,y,y,15,,
Halle,14.06.2023,165,Puschkinia scilloides,no,no,no,,no,no,,,
Halle,14.06.2023,165,Camassia cusickii,no,no,no,,no,y,75,,
Halle,14.06.2023,165,Tulipa sylvestris,no,no,no,,no,no,,,
Halle,14.06.2023,165,Narcissus pseudonarcissus,no,no,no,,m,y,95,,
Halle,14.06.2023,165,Dactylis glomerata,no,y,y,100,no,y,40,,
Halle,14.06.2023,165,Arrhenatherum elatius,no,no,no,,no,y,15,,
Halle,14.06.2023,165,Bromus erectus,no,no,no,,no,y,25,,
Halle,14.06.2023,165,Allium schoenoprasum,no,y,y,5,no,y,60,,
Halle,14.06.2023,165,Hemerocallis fulva,no,y,y,5,no,no,,,
Halle,14.06.2023,165,Achillea millefolium,no,y,y,45,no,y,5,,
Halle,14.06.2023,165,Artemisia absinthium,no,y,no,,no,no,,,
Halle,14.06.2023,165,Tanacetum vulgare,no,y,no,,no,y,5,,
Halle,14.06.2023,165,Veratrum nigrum,no,y,no,,no,y,15,,
Halle,14.06.2023,165,Salvia officinalis,no,y,y,5,y,no,,,
Halle,14.06.2023,165,Fuchsia magellanica,no,y,no,,no,no,,,
Halle,14.06.2023,165,Lamium album,no,y,no,,y,y,15,,
Halle,14.06.2023,165,Althaea officinalis,no,y,no,,no,no,,,
Halle,14.06.2023,165,Ranunculus acris,no,y,y,20,no,y,5,,
Halle,14.06.2023,165,Epilobium angustifolium,no,y,no,,no,y,5,,new planted
Halle,14.06.2023,165,Angelica archangelica,no,no,no,,no,no,,,
Halle,14.06.2023,165,Geum urbanum,no,no,no,,y,y,10,,
Halle,14.06.2023,165,Glycyrrhiza glabra,no,y,no,,no,no,,,
Halle,14.06.2023,165,Helleborus orientalis,no,no,no,,no,y,5,,
Halle,14.06.2023,165,Dictamnus albus,no,no,no,,no,no,,,
Halle,14.06.2023,165,Clematis integrifolia,no,no,y,85,no,no,,,
Halle,14.06.2023,165,Clematis recta,no,y,y,90,no,no,,,
Halle,14.06.2023,165,Anemone sylvestris,no,y,y,25,y,y,35,,
Halle,14.06.2023,165,Pulsatilla vulgaris,no,y,no,,no,y,5,,
Halle,14.06.2023,165,Armoracia rusticana,no,y,y,5,no,no,,,
Halle,14.06.2023,165,Bunias orientalis,no,no,no,,no,y,5,,
Halle,14.06.2023,165,Alchemilla vulgaris,no,y,no,,no,y,15,,
Halle,14.06.2023,165,Securigera varia,no,y,y,5,no,y,5,,
Halle,14.06.2023,165,Amorpha canescens,no,y,no,,no,no,,,
Halle,14.06.2023,165,Lotus corniculatus,no,y,y,5,no,no,,,
Halle,14.06.2023,165,Galega officinalis,no,y,y,5,no,no,,,
Halle,14.06.2023,165,Saxifraga paniculata,no,y,y,10,no,no,,,
Halle,14.06.2023,165,Medicago falcata,no,y,y,25,no,y,5,,
Halle,14.06.2023,165,Genista tinctoria,no,y,no,,no,no,,,
Halle,14.06.2023,165,Sedum spurium,no,y,no,,no,y,5,,
Halle,14.06.2023,165,Paeonia officinalis,no,no,no,,no,no,,,
Halle,14.06.2023,165,Eryngium maritimum,no,y,no,,no,no,,,
Halle,14.06.2023,165,Eryngium campestre,no,y,no,,no,y,5,,
Halle,14.06.2023,165,Silene vulgaris,no,y,y,95,no,y,5,,
Halle,14.06.2023,165,Lychnis flos-cucule,no,y,no,,no,no,,,new planted
Halle,14.06.2023,165,Silene viscaria,no,y,no,,y,y,45,,
Halle,14.06.2023,165,Dianthus deltoides,no,no,no,,no,no,,,
Halle,14.06.2023,165,Saponaria officinalis,no,y,no,,no,y,5,,
Halle,14.06.2023,165,Dianthus carthusianorum,no,y,y,60,no,no,,,
Halle,14.06.2023,165,Paeonia daurica subsp. tomentosa,no,no,no,,no,y,5,,
Halle,14.06.2023,165,Paeonia delavayi,no,y,y,50,no,no,,,two flowers only
Halle,14.06.2023,165,Veratrum album,no,y,no,,no,y,35,,
Halle,14.06.2023,165,Primula veris,no,no,no,,y,y,70,,dry damage
Halle,14.06.2023,165,Mentha longifolia,no,y,no,,no,y,10,,
Halle,14.06.2023,165,Solanum dulcamara,no,y,y,10,no,no,,,
Halle,14.06.2023,165,Gratiola officinalis,no,y,y,20,no,y,10,,
Halle,14.06.2023,165,Centranthus ruber,no,y,y,100,no,no,,,
Halle,14.06.2023,165,Tussilago farfara,no,y,no,,no,y,5,,
Halle,14.06.2023,165,Campanula rotundifolia,no,y,no,,no,no,,,
Halle,14.06.2023,165,Plantago lanceolata,no,y,y,10,y,y,5,,
Halle,14.06.2023,165,Leucanthemum vulgare,no,y,y,85,no,y,5,,
Halle,14.06.2023,165,Prunella grandiflora,no,y,y,40,no,y,5,,
Halle,14.06.2023,165,Leonurus cardiaca,no,y,y,100,no,y,5,,
Halle,14.06.2023,165,Atropa belladonna,no,y,y,65,no,y,10,,
Halle,14.06.2023,165,Scopolia carniolica,no,no,no,,m,y,30,,
Halle,14.06.2023,165,Vinca minor,no,no,no,,no,no,,,
Halle,14.06.2023,165,Conium maculatum,no,y,y,10,no,y,35,,
Halle,14.06.2023,165,Humulus lupulus,no,y,no,,no,y,5,,
Halle,14.06.2023,165,Chelidonium majus,no,y,no,,y,y,60,,
Halle,14.06.2023,165,Aconitum lycoctonum,no,y,y,75,no,y,15,,
Halle,14.06.2023,165,Viola odorata,no,y,no,,no,y,10,,
Halle,26.06.2023,177,Hypericum perforatum,no,y,y,90,no,y,5,,
Halle,26.06.2023,177,Polygonum bistorta,no,y,no,,y,y,10,,
Halle,26.06.2023,177,Puschkinia scilloides,no,no,no,,no,no,,,
Halle,26.06.2023,177,Camassia cusickii,no,no,no,,y,y,90,,
Halle,26.06.2023,177,Tulipa sylvestris,no,no,no,,no,no,,,
Halle,26.06.2023,177,Narcissus pseudonarcissus,no,no,no,,m,y,100,,
Halle,26.06.2023,177,Achillea millefolium,no,y,y,100,no,y,5,,
Halle,26.06.2023,177,Artemisia absinthium,no,y,no,,no,no,,,
Halle,26.06.2023,177,Tanacetum vulgare,no,y,no,,no,y,5,,
Halle,26.06.2023,177,Veratrum nigrum,no,y,no,,no,y,15,,
Halle,26.06.2023,177,Salvia officinalis,no,y,y,5,y,y,5,,
Halle,26.06.2023,177,Fuchsia magellanica,no,y,no,,no,no,,,
Halle,26.06.2023,177,Lamium album,no,y,y,5,y,y,15,,
Halle,26.06.2023,177,Althaea officinalis,no,y,no,,no,no,,,
Halle,26.06.2023,177,Ranunculus acris,no,y,no,,y,y,5,,
Halle,26.06.2023,177,Epilobium angustifolium,no,y,no,,no,y,15,,
Halle,26.06.2023,177,Angelica archangelica,no,no,no,,no,no,,,
Halle,26.06.2023,177,Geum urbanum,no,no,no,,y,y,15,,
Halle,26.06.2023,177,Glycyrrhiza glabra,no,y,y,5,no,no,,,
Halle,26.06.2023,177,Helleborus orientalis,no,no,no,,no,y,5,,
Halle,26.06.2023,177,Dictamnus albus,no,no,no,,no,no,,,
Halle,26.06.2023,177,Eryngium maritimum,no,y,y,90,no,no,,,
Halle,26.06.2023,177,Eryngium campestre,no,y,no,,no,y,5,,
Halle,26.06.2023,177,Silene vulgaris,no,y,y,65,no,y,5,,
Halle,26.06.2023,177,Lychnis flos-cucule,no,y,y,70,no,no,,,
Halle,26.06.2023,177,Silene viscaria,no,y,y,5,y,y,55,,
Halle,26.06.2023,177,Dianthus deltoides,no,no,no,,no,no,,,
Halle,26.06.2023,177,Saponaria officinalis,no,y,no,,no,y,5,,
Halle,26.06.2023,177,Dianthus carthusianorum,no,y,y,60,no,y,5,,
Halle,26.06.2023,177,Clematis integrifolia,no,no,y,85,no,no,,,
Halle,26.06.2023,177,Allium schoenoprasum,no,y,no,,y,y,60,,
Halle,26.06.2023,177,Hemerocallis fulva,no,y,y,65,no,y,5,,
Halle,26.06.2023,177,Clematis recta,no,y,y,5,no,no,,,
Halle,26.06.2023,177,Anemone sylvestris,no,y,y,10,y,y,45,,
Halle,26.06.2023,177,Pulsatilla vulgaris,no,y,no,,no,y,45,,
Halle,26.06.2023,177,Armoracia rusticana,no,no,no,,no,y,5,,
Halle,26.06.2023,177,Bunias orientalis,no,no,no,,no,y,5,,
Halle,26.06.2023,177,Geum rivale,no,y,no,,y,y,5,,
Halle,26.06.2023,177,Alchemilla vulgaris,no,y,no,,no,y,20,,
Halle,26.06.2023,177,Securigera varia,no,y,y,65,no,y,5,,
Halle,26.06.2023,177,Amorpha canescens,no,y,no,,no,no,,,
Halle,26.06.2023,177,Lotus corniculatus,no,y,y,10,y,y,5,,
Halle,26.06.2023,177,Galega officinalis,no,y,y,95,no,no,,,
Halle,26.06.2023,177,Saxifraga paniculata,no,y,no,,no,no,,,
Halle,26.06.2023,177,Medicago falcata,no,y,y,50,no,y,5,,
Halle,26.06.2023,177,Dactylis glomerata,no,no,no,,no,y,35,,
Halle,26.06.2023,177,Arrhenatherum elatius,no,no,no,,y,y,25,,
Halle,26.06.2023,177,Bromus erectus,no,no,no,,y,y,30,,
Halle,26.06.2023,177,Genista tinctoria,no,y,no,,no,no,,,
Halle,26.06.2023,177,Sedum spurium,no,y,y,50,no,y,5,,
Halle,26.06.2023,177,Paeonia officinalis,no,no,no,,no,y,15,,
Halle,26.06.2023,177,Paeonia daurica subsp. tomentosa,no,no,no,,no,y,10,,
Halle,26.06.2023,177,Paeonia delavayi,no,y,no,,no,no,,,
Halle,26.06.2023,177,Veratrum album,no,y,no,,no,y,45,,
Halle,26.06.2023,177,Primula veris,no,no,no,,y,y,70,,
Halle,26.06.2023,177,Mentha longifolia,no,y,y,5,no,y,10,,
Halle,26.06.2023,177,Solanum dulcamara,no,y,y,5,y,y,5,,
Halle,26.06.2023,177,Gratiola officinalis,no,y,y,5,y,y,10,,
Halle,26.06.2023,177,Centranthus ruber,no,y,y,25,no,no,,,
Halle,26.06.2023,177,Tussilago farfara,no,y,no,,no,y,5,,
Halle,26.06.2023,177,Campanula rotundifolia,no,y,no,,no,no,,,
Halle,26.06.2023,177,Plantago lanceolata,no,y,y,5,y,y,5,,
Halle,26.06.2023,177,Leucanthemum vulgare,no,y,y,5,no,y,5,,
Halle,26.06.2023,177,Prunella grandiflora,no,y,y,5,no,y,5,,
Halle,26.06.2023,177,Leonurus cardiaca,no,y,y,45,no,y,5,,
Halle,26.06.2023,177,Atropa belladonna,no,y,y,10,no,y,10,,
Halle,26.06.2023,177,Scopolia carniolica,no,no,no,,m,y,70,,
Halle,26.06.2023,177,Vinca minor,no,no,no,,no,no,,,
Halle,26.06.2023,177,Conium maculatum,no,no,y,10,no,y,35,,
Halle,26.06.2023,177,Humulus lupulus,no,y,no,,no,y,5,,
Halle,26.06.2023,177,Chelidonium majus,no,y,no,,y,y,60,,
Halle,26.06.2023,177,Aconitum lycoctonum,no,y,y,10,no,y,15,,
Halle,26.06.2023,177,Viola odorata,no,y,no,,no,y,5,,
Halle,07.07.2023,188,Hypericum perforatum,no,y,y,10,no,y,5,,
Halle,07.07.2023,188,Polygonum bistorta,no,y,no,,no,y,10,,
Halle,07.07.2023,188,Puschkinia scilloides,no,no,no,,no,no,,,
Halle,07.07.2023,188,Camassia cusickii,no,no,no,,y,y,95,,
Halle,07.07.2023,188,Tulipa sylvestris,no,no,no,,no,no,,,
Halle,07.07.2023,188,Narcissus pseudonarcissus,no,no,no,,no,no,,,
Halle,07.07.2023,188,Dactylis glomerata,no,no,no,,no,y,35,,
Halle,07.07.2023,188,Arrhenatherum elatius,no,no,no,,y,y,40,,
Halle,07.07.2023,188,Bromus erectus,no,no,no,,y,y,30,,
Halle,07.07.2023,188,Epilobium angustifolium,no,y,no,,no,y,50,,
Halle,07.07.2023,188,Angelica archangelica,no,no,no,,no,no,,,
Halle,07.07.2023,188,Geum urbanum,no,no,no,,y,y,15,,
Halle,07.07.2023,188,Glycyrrhiza glabra,no,y,y,70,no,y,5,,
Halle,07.07.2023,188,Helleborus orientalis,no,no,no,,no,y,5,,
Halle,07.07.2023,188,Dictamnus albus,no,no,no,,no,no,,,feeding
Halle,07.07.2023,188,Eryngium maritimum,no,no,y,100,no,no,,,
Halle,07.07.2023,188,Eryngium campestre,no,y,y,75,no,y,5,,
Halle,07.07.2023,188,Silene vulgaris,no,y,y,40,y,y,5,,
Halle,07.07.2023,188,Lychnis flos-cucule,no,y,y,40,no,no,,,
Halle,07.07.2023,188,Silene viscaria,no,y,no,,y,y,60,,
Halle,07.07.2023,188,Dianthus deltoides,no,y,no,,no,no,,,new planted
Halle,07.07.2023,188,Saponaria officinalis,no,y,y,15,no,y,5,,
Halle,07.07.2023,188,Dianthus carthusianorum,no,y,y,60,y,y,5,,
Halle,07.07.2023,188,Clematis integrifolia,no,no,y,40,no,no,,,
Halle,07.07.2023,188,Clematis recta,no,y,y,70,no,no,,,
Halle,07.07.2023,188,Anemone sylvestris,no,y,no,,y,y,55,,
Halle,07.07.2023,188,Pulsatilla vulgaris,no,y,no,,no,y,55,,
Halle,07.07.2023,188,Armoracia rusticana,no,no,no,,no,y,5,,
Halle,07.07.2023,188,Bunias orientalis,no,no,no,,y,y,5,,
Halle,07.07.2023,188,Geum rivale,no,y,no,,y,y,5,,
Halle,07.07.2023,188,Alchemilla vulgaris,no,y,no,,y,y,20,,
Halle,07.07.2023,188,Allium schoenoprasum,no,y,no,,y,y,60,,
Halle,07.07.2023,188,Hemerocallis fulva,no,y,y,10,no,y,5,,
Halle,07.07.2023,188,Achillea millefolium,no,y,y,100,no,y,5,,
Halle,07.07.2023,188,Artemisia absinthium,no,y,no,,no,no,,,
Halle,07.07.2023,188,Tanacetum vulgare,no,y,y,20,no,y,5,,
Halle,07.07.2023,188,Veratrum nigrum,no,y,no,,no,y,15,,
Halle,07.07.2023,188,Salvia officinalis,no,y,no,,y,y,5,,
Halle,07.07.2023,188,Fuchsia magellanica,no,y,y,45,no,y,5,,
Halle,07.07.2023,188,Lamium album,no,y,no,,y,y,15,,
Halle,07.07.2023,188,Althaea officinalis,no,y,no,,no,no,,,
Halle,07.07.2023,188,Ranunculus acris,no,y,no,,y,y,5,,
Halle,07.07.2023,188,Securigera varia,no,y,y,75,no,y,5,,
Halle,07.07.2023,188,Amorpha canescens,no,y,y,100,no,y,5,,
Halle,07.07.2023,188,Lotus corniculatus,no,y,y,20,y,y,5,,
Halle,07.07.2023,188,Galega officinalis,no,y,y,90,no,no,,,
Halle,07.07.2023,188,Saxifraga paniculata,no,y,no,,no,no,,,
Halle,07.07.2023,188,Medicago falcata,no,y,y,40,no,y,5,,
Halle,07.07.2023,188,Genista tinctoria,no,y,no,,no,no,,,
Halle,07.07.2023,188,Sedum spurium,no,y,y,95,no,y,5,,
Halle,07.07.2023,188,Paeonia officinalis,no,no,no,,no,y,35,,
Halle,07.07.2023,188,Paeonia daurica subsp. tomentosa,no,no,no,,no,y,25,,
Halle,07.07.2023,188,Paeonia delavayi,no,y,no,,no,y,5,,
Halle,07.07.2023,188,Veratrum album,no,no,y,80,no,y,45,,
Halle,07.07.2023,188,Primula veris,no,y,no,,y,y,60,,
Halle,07.07.2023,188,Mentha longifolia,no,y,y,40,no,y,10,,
Halle,07.07.2023,188,Solanum dulcamara,no,y,y,5,y,y,5,,
Halle,07.07.2023,188,Gratiola officinalis,no,y,no,,y,y,10,,
Halle,07.07.2023,188,Centranthus ruber,no,y,y,5,y,y,5,,
Halle,07.07.2023,188,Tussilago farfara,no,no,no,,no,y,5,,
Halle,07.07.2023,188,Campanula rotundifolia,no,y,y,25,no,no,,,
Halle,07.07.2023,188,Plantago lanceolata,no,y,y,5,y,y,5,,
Halle,07.07.2023,188,Leucanthemum vulgare,no,y,y,5,y,y,5,,
Halle,07.07.2023,188,Prunella grandiflora,no,y,no,,y,y,5,,
Halle,07.07.2023,188,Leonurus cardiaca,no,y,y,5,no,y,10,,
Halle,07.07.2023,188,Atropa belladonna,no,y,y,5,no,y,10,,
Halle,07.07.2023,188,Scopolia carniolica,no,no,no,,m,y,85,,
Halle,07.07.2023,188,Vinca minor,no,no,no,,no,no,,,
Halle,07.07.2023,188,Conium maculatum,no,no,no,,no,y,45,,
Halle,07.07.2023,188,Humulus lupulus,no,y,no,,no,y,10,,
Halle,07.07.2023,188,Chelidonium majus,no,y,no,,y,y,60,,
Halle,07.07.2023,188,Aconitum lycoctonum,no,y,no,,no,y,15,,
Halle,07.07.2023,188,Viola odorata,no,y,no,,no,y,5,,
Halle,07.07.2023,188,Hypericum perforatum,no,y,y,15,no,y,5,,
Halle,07.07.2023,188,Polygonum bistorta,no,no,no,,y,y,10,,
Halle,07.07.2023,188,Puschkinia scilloides,no,no,no,,no,no,,,
Halle,07.07.2023,188,Camassia cusickii,no,no,no,,y,y,95,,
Halle,07.07.2023,188,Tulipa sylvestris,no,no,no,,no,no,,,
Halle,07.07.2023,188,Narcissus pseudonarcissus,no,no,no,,no,no,,,
Halle,07.07.2023,188,Geum rivale,no,y,no,,y,y,5,,
Halle,07.07.2023,188,Alchemilla vulgaris,no,y,no,,y,y,20,,
Halle,07.07.2023,188,Securigera varia,no,y,y,60,no,y,5,,
Halle,07.07.2023,188,Amorpha canescens,no,y,y,100,no,y,5,,
Halle,07.07.2023,188,Lotus corniculatus,no,y,y,10,y,y,5,,
Halle,07.07.2023,188,Galega officinalis,no,y,y,65,no,no,,,
Halle,07.07.2023,188,Saxifraga paniculata,no,y,no,,no,no,,,
Halle,07.07.2023,188,Medicago falcata,no,y,y,15,no,y,5,,
Halle,07.07.2023,188,Dactylis glomerata,no,no,no,,y,y,35,,
Halle,07.07.2023,188,Arrhenatherum elatius,no,no,no,,y,y,45,,
Halle,07.07.2023,188,Bromus erectus,no,no,no,,y,y,40,,
Halle,07.07.2023,188,Allium schoenoprasum,no,y,no,,y,y,60,,
Halle,07.07.2023,188,Hemerocallis fulva,no,y,y,5,no,y,10,,
Halle,07.07.2023,188,Achillea millefolium,no,y,y,100,no,y,5,,
Halle,07.07.2023,188,Artemisia absinthium,no,y,no,,no,no,,,
Halle,07.07.2023,188,Tanacetum vulgare,no,y,y,10,no,y,5,,
Halle,07.07.2023,188,Veratrum nigrum,no,y,no,,no,y,20,,
Halle,07.07.2023,188,Salvia officinalis,no,y,no,,y,y,5,,
Halle,07.07.2023,188,Fuchsia magellanica,no,y,y,75,no,no,,,
Halle,07.07.2023,188,Lamium album,no,y,y,5,y,y,20,,
Halle,07.07.2023,188,Althaea officinalis,no,y,no,,no,y,5,,
Halle,07.07.2023,188,Ranunculus acris,no,no,no,,y,y,10,,
Halle,07.07.2023,188,Epilobium angustifolium,no,y,no,,no,y,35,,
Halle,07.07.2023,188,Angelica archangelica,no,no,no,,no,no,,,
Halle,07.07.2023,188,Geum urbanum,no,no,no,,y,y,20,,
Halle,07.07.2023,188,Glycyrrhiza glabra,no,y,y,35,no,y,5,,
Halle,07.07.2023,188,Helleborus orientalis,no,no,no,,no,y,5,,
Halle,07.07.2023,188,Dictamnus albus,no,no,no,,no,no,,,feeding
Halle,07.07.2023,188,Eryngium maritimum,no,no,y,100,no,no,,,
Halle,07.07.2023,188,Eryngium campestre,no,y,y,85,no,y,10,,
Halle,07.07.2023,188,Silene vulgaris,no,y,y,15,no,y,10,,
Halle,07.07.2023,188,Lychnis flos-cucule,no,y,no,,no,no,,,
Halle,07.07.2023,188,Silene viscaria,no,y,no,,y,y,55,,
Halle,07.07.2023,188,Dianthus deltoides,no,y,no,,no,no,,,new planted
Halle,07.07.2023,188,Saponaria officinalis,no,y,y,65,no,y,5,,
Halle,07.07.2023,188,Dianthus carthusianorum,no,y,y,55,y,y,5,,
Halle,07.07.2023,188,Clematis integrifolia,no,no,y,65,no,no,,,
Halle,07.07.2023,188,Clematis recta,no,no,y,45,no,no,,,
Halle,07.07.2023,188,Anemone sylvestris,no,y,no,,y,y,60,,
Halle,07.07.2023,188,Pulsatilla vulgaris,no,no,no,,no,y,55,,
Halle,07.07.2023,188,Armoracia rusticana,no,no,no,,m,y,5,,
Halle,07.07.2023,188,Bunias orientalis,no,no,no,,u,y,25,,
Halle,07.07.2023,188,Genista tinctoria,no,y,no,,no,no,,,
Halle,07.07.2023,188,Sedum spurium,no,y,y,85,no,y,5,,
Halle,07.07.2023,188,Paeonia officinalis,no,no,no,,no,y,30,,
Halle,07.07.2023,188,Paeonia daurica subsp. tomentosa,no,no,no,,no,y,40,,
Halle,07.07.2023,188,Paeonia delavayi,no,y,no,,no,no,,,
Halle,07.07.2023,188,Veratrum album,no,y,y,65,no,y,50,,
Halle,07.07.2023,188,Primula veris,no,y,no,,no,y,50,,
Halle,07.07.2023,188,Mentha longifolia,no,y,y,70,no,y,10,,
Halle,07.07.2023,188,Solanum dulcamara,no,y,y,5,y,y,5,,
Halle,07.07.2023,188,Gratiola officinalis,no,y,y,5,y,y,10,,
Halle,07.07.2023,188,Centranthus ruber,no,y,y,5,y,no,,,
Halle,07.07.2023,188,Tussilago farfara,no,no,no,,no,y,5,,
Halle,07.07.2023,188,Campanula rotundifolia,no,y,y,10,no,no,,,
Halle,07.07.2023,188,Plantago lanceolata,no,y,y,5,y,y,5,,
Halle,07.07.2023,188,Leucanthemum vulgare,no,y,y,5,y,y,10,,
Halle,07.07.2023,188,Prunella grandiflora,no,y,no,,y,y,5,,
Halle,07.07.2023,188,Leonurus cardiaca,no,y,y,5,no,y,5,,
Halle,07.07.2023,188,Atropa belladonna,no,y,y,5,no,y,10,,
Halle,07.07.2023,188,Scopolia carniolica,no,no,no,,m,y,85,,
Halle,07.07.2023,188,Vinca minor,no,no,no,,no,no,,,
Halle,07.07.2023,188,Conium maculatum,no,no,no,,no,y,40,,
Halle,07.07.2023,188,Humulus lupulus,no,y,no,,no,y,10,,
Halle,07.07.2023,188,Chelidonium majus,no,y,no,,y,y,60,,
Halle,07.07.2023,188,Aconitum lycoctonum,no,y,no,,y,y,15,,
Halle,07.07.2023,188,Viola odorata,no,y,no,,no,y,5,,
Halle,12.07.2023,193,Hypericum perforatum,no,y,y,5,no,y,5,,
Halle,12.07.2023,193,Polygonum bistorta,no,no,no,,y,y,10,,
Halle,12.07.2023,193,Puschkinia scilloides,no,no,no,,no,no,,,
Halle,12.07.2023,193,Camassia cusickii,no,no,no,,y,y,100,,
Halle,12.07.2023,193,Tulipa sylvestris,no,no,no,,no,no,,,
Halle,12.07.2023,193,Narcissus pseudonarcissus,no,no,no,,no,no,,,
Halle,12.07.2023,193,Dactylis glomerata,no,no,no,,no,y,35,,
Halle,12.07.2023,193,Arrhenatherum elatius,no,no,no,,y,y,50,,
Halle,12.07.2023,193,Bromus erectus,no,no,no,,y,y,40,,
Halle,12.07.2023,193,Allium schoenoprasum,no,y,no,,y,y,55,,
Halle,12.07.2023,193,Hemerocallis fulva,no,no,y,5,no,y,20,,
Halle,12.07.2023,193,Achillea millefolium,no,y,y,100,no,y,5,,
Halle,12.07.2023,193,Artemisia absinthium,no,y,no,,no,y,5,,
Halle,12.07.2023,193,Tanacetum vulgare,no,y,y,95,no,y,10,,
Halle,12.07.2023,193,Veratrum nigrum,no,y,no,,no,y,20,,
Halle,12.07.2023,193,Salvia officinalis,no,y,no,,y,y,5,,
Halle,12.07.2023,193,Fuchsia magellanica,no,y,y,75,no,no,,,
Halle,12.07.2023,193,Lamium album,no,y,no,,y,y,20,,
Halle,12.07.2023,193,Althaea officinalis,no,y,y,5,no,y,5,,
Halle,12.07.2023,193,Ranunculus acris,no,no,no,,y,y,10,,
Halle,12.07.2023,193,Epilobium angustifolium,no,y,no,,no,y,55,,
Halle,12.07.2023,193,Angelica archangelica,no,no,no,,no,no,,,
Halle,12.07.2023,193,Geum urbanum,no,no,no,,y,y,55,,
Halle,12.07.2023,193,Glycyrrhiza glabra,no,y,y,25,no,y,5,,
Halle,12.07.2023,193,Helleborus orientalis,no,no,no,,no,y,5,,
Halle,12.07.2023,193,Dictamnus albus,no,no,no,,y,no,,,
Halle,12.07.2023,193,Eryngium maritimum,no,no,y,100,no,no,,,
Halle,12.07.2023,193,Eryngium campestre,no,y,y,100,no,y,10,,
Halle,12.07.2023,193,Silene vulgaris,no,y,y,5,y,y,25,,
Halle,12.07.2023,193,Lychnis flos-cucule,no,y,no,,no,y,5,,
Halle,12.07.2023,193,Silene viscaria,no,y,no,,y,y,55,,
Halle,12.07.2023,193,Dianthus deltoides,no,y,no,,no,no,,,
Halle,12.07.2023,193,Saponaria officinalis,no,y,y,85,no,y,10,,
Halle,12.07.2023,193,Dianthus carthusianorum,no,y,y,60,y,y,5,,
Halle,12.07.2023,193,Clematis integrifolia,no,no,y,65,no,no,,,
Halle,12.07.2023,193,Clematis recta,no,no,y,40,no,no,,,
Halle,12.07.2023,193,Anemone sylvestris,no,no,no,,y,y,70,,
Halle,12.07.2023,193,Pulsatilla vulgaris,no,y,no,,no,y,60,,
Halle,12.07.2023,193,Armoracia rusticana,no,no,no,,no,y,5,,
Halle,12.07.2023,193,Bunias orientalis,no,no,no,,u,y,35,,
Halle,12.07.2023,193,Geum rivale,no,y,no,,y,y,5,,
Halle,12.07.2023,193,Alchemilla vulgaris,no,y,no,,y,y,20,,
Halle,12.07.2023,193,Securigera varia,no,y,y,25,no,y,5,,
Halle,12.07.2023,193,Amorpha canescens,no,y,y,20,no,y,10,,
Halle,12.07.2023,193,Lotus corniculatus,no,y,y,45,y,y,5,,
Halle,12.07.2023,193,Galega officinalis,no,y,y,10,no,no,,,
Halle,12.07.2023,193,Saxifraga paniculata,no,y,no,,no,no,,,
Halle,12.07.2023,193,Medicago falcata,no,y,y,10,no,y,5,,
Halle,12.07.2023,193,Genista tinctoria,no,y,no,,no,no,,,
Halle,12.07.2023,193,Sedum spurium,no,y,y,35,no,y,5,,
Halle,12.07.2023,193,Paeonia officinalis,no,no,no,,no,y,40,,
Halle,12.07.2023,193,Paeonia daurica subsp. tomentosa,no,no,no,,no,y,40,,
Halle,12.07.2023,193,Paeonia delavayi,no,y,no,,no,y,5,,
Halle,12.07.2023,193,Veratrum album,no,y,y,65,no,y,60,,
Halle,12.07.2023,193,Primula veris,no,y,no,,no,y,50,,
Halle,12.07.2023,193,Mentha longifolia,no,y,y,90,no,y,10,,
Halle,12.07.2023,193,Solanum dulcamara,no,y,no,,y,y,5,,
Halle,12.07.2023,193,Gratiola officinalis,no,y,no,,y,y,10,,
Halle,12.07.2023,193,Centranthus ruber,no,y,y,5,y,no,,,
Halle,12.07.2023,193,Tussilago farfara,no,no,no,,no,y,5,,
Halle,12.07.2023,193,Campanula rotundifolia,no,y,y,20,no,no,,,
Halle,12.07.2023,193,Plantago lanceolata,no,y,y,10,y,y,5,,
Halle,12.07.2023,193,Leucanthemum vulgare,no,y,y,5,y,y,20,,
Halle,12.07.2023,193,Prunella grandiflora,no,y,no,,y,y,5,,
Halle,12.07.2023,193,Leonurus cardiaca,no,y,y,40,no,y,5,,
Halle,12.07.2023,193,Atropa belladonna,no,y,no,,no,y,15,,
Halle,12.07.2023,193,Scopolia carniolica,no,no,no,,m,y,90,,
Halle,12.07.2023,193,Vinca minor,no,no,no,,no,no,,,
Halle,12.07.2023,193,Conium maculatum,no,no,no,,no,y,50,,
Halle,12.07.2023,193,Humulus lupulus,no,y,no,,no,y,10,,
Halle,12.07.2023,193,Chelidonium majus,no,y,no,,no,y,50,,
Halle,12.07.2023,193,Aconitum lycoctonum,no,y,no,,y,y,20,,
Halle,12.07.2023,193,Viola odorata,no,y,no,,no,y,5,,
Halle,21.07.2023,202,Ranunculus acris,no,y,no,,y,y,10,,
Halle,21.07.2023,202,Epilobium angustifolium,no,no,no,,no,y,80,,
Halle,21.07.2023,202,Angelica archangelica,no,no,no,,no,no,,,
Halle,21.07.2023,202,Geum urbanum,no,y,no,,y,y,60,,
Halle,21.07.2023,202,Glycyrrhiza glabra,no,y,no,,no,y,5,,
Halle,21.07.2023,202,Helleborus orientalis,no,no,no,,no,y,10,,
Halle,21.07.2023,202,Dictamnus albus,no,no,no,,y,y,5,,
Halle,21.07.2023,202,Eryngium maritimum,no,no,y,80,no,no,,,
Halle,21.07.2023,202,Eryngium campestre,no,y,y,100,no,y,10,,
Halle,21.07.2023,202,Silene vulgaris,no,y,y,10,y,y,35,,
Halle,21.07.2023,202,Lychnis flos-cucule,no,y,y,5,no,y,10,,
Halle,21.07.2023,202,Silene viscaria,no,y,no,,y,y,55,,
Halle,21.07.2023,202,Dianthus deltoides,no,y,no,,no,no,,,
Halle,21.07.2023,202,Saponaria officinalis,no,y,y,70,no,y,10,,
Halle,21.07.2023,202,Dianthus carthusianorum,no,y,y,50,y,y,10,,
Halle,21.07.2023,202,Clematis integrifolia,no,no,y,65,no,y,5,,
Halle,21.07.2023,202,Clematis recta,no,no,y,25,no,no,,,
Halle,21.07.2023,202,Lotus corniculatus,no,y,y,45,y,y,5,,
Halle,21.07.2023,202,Galega officinalis,no,y,no,,no,no,,,
Halle,21.07.2023,202,Saxifraga paniculata,no,y,no,,no,no,,,
Halle,21.07.2023,202,Medicago falcata,no,y,y,10,y,y,5,,
Halle,21.07.2023,202,Genista tinctoria,no,y,no,,no,no,,,
Halle,21.07.2023,202,Sedum spurium,no,y,y,5,no,y,5,,
Halle,21.07.2023,202,Paeonia officinalis,no,no,no,,y,y,55,,
Halle,21.07.2023,202,Paeonia daurica subsp. tomentosa,no,no,no,,y,y,40,,
Halle,21.07.2023,202,Paeonia delavayi,no,y,no,,no,y,5,,
Halle,21.07.2023,202,Veratrum album,no,y,y,50,no,y,80,,
Halle,21.07.2023,202,Primula veris,no,y,no,,no,y,65,,
Halle,21.07.2023,202,Mentha longifolia,no,y,y,75,no,y,10,,
Halle,21.07.2023,202,Solanum dulcamara,no,y,y,5,y,y,5,,
Halle,21.07.2023,202,Gratiola officinalis,no,y,y,5,y,y,15,,
Halle,21.07.2023,202,Centranthus ruber,no,y,y,30,y,no,,,
Halle,21.07.2023,202,Tussilago farfara,no,no,no,,no,y,5,,
Halle,21.07.2023,202,Campanula rotundifolia,no,y,y,55,no,no,,,
Halle,21.07.2023,202,Plantago lanceolata,no,y,y,15,y,y,10,,
Halle,21.07.2023,202,Leucanthemum vulgare,no,y,y,5,y,y,20,,
Halle,21.07.2023,202,Prunella grandiflora,no,y,no,,y,y,5,,
Halle,21.07.2023,202,Leonurus cardiaca,no,y,no,,y,y,15,,
Halle,21.07.2023,202,Atropa belladonna,no,y,no,,y,y,15,,
Halle,21.07.2023,202,Scopolia carniolica,no,no,no,,m,y,95,,
Halle,21.07.2023,202,Vinca minor,no,no,no,,no,no,,,
Halle,21.07.2023,202,Conium maculatum,no,no,no,,y,y,95,,
Halle,21.07.2023,202,Humulus lupulus,no,y,no,,no,y,10,,
Halle,21.07.2023,202,Chelidonium majus,no,y,no,,no,y,45,,
Halle,21.07.2023,202,Aconitum lycoctonum,no,y,no,,y,y,30,,
Halle,21.07.2023,202,Viola odorata,no,y,no,,no,y,5,,
Halle,21.07.2023,202,Hypericum perforatum,no,y,no,,y,y,5,,
Halle,21.07.2023,202,Polygonum bistorta,no,no,no,,y,y,15,,
Halle,21.07.2023,202,Puschkinia scilloides,no,no,no,,no,no,,,
Halle,21.07.2023,202,Camassia cusickii,no,no,no,,no,no,,,
Halle,21.07.2023,202,Tulipa sylvestris,no,no,no,,no,no,,,
Halle,21.07.2023,202,Narcissus pseudonarcissus,no,no,no,,no,no,,,
Halle,21.07.2023,202,Dactylis glomerata,no,no,no,,no,y,35,,
Halle,21.07.2023,202,Arrhenatherum elatius,no,no,no,,y,y,65,,
Halle,21.07.2023,202,Bromus erectus,no,no,no,,no,y,40,,
Halle,21.07.2023,202,Allium schoenoprasum,no,y,no,,y,y,50,,
Halle,21.07.2023,202,Hemerocallis fulva,no,no,y,5,no,y,35,,
Halle,21.07.2023,202,Achillea millefolium,no,y,y,95,no,y,5,,
Halle,21.07.2023,202,Artemisia absinthium,no,y,no,,no,y,10,,
Halle,21.07.2023,202,Tanacetum vulgare,no,y,y,80,no,y,15,,
Halle,21.07.2023,202,Veratrum nigrum,no,no,y,10,no,y,20,,
Halle,21.07.2023,202,Salvia officinalis,no,y,no,,y,y,10,,
Halle,21.07.2023,202,Fuchsia magellanica,no,y,y,75,no,no,,,
Halle,21.07.2023,202,Lamium album,no,y,y,5,y,y,20,,
Halle,21.07.2023,202,Althaea officinalis,no,y,y,25,no,y,5,,
Halle,21.07.2023,202,Anemone sylvestris,no,y,no,,y,y,65,,
Halle,21.07.2023,202,Pulsatilla vulgaris,no,y,no,,no,y,90,,
Halle,21.07.2023,202,Armoracia rusticana,no,no,no,,no,y,10,,
Halle,21.07.2023,202,Bunias orientalis,no,no,no,,u,y,45,,
Halle,21.07.2023,202,Geum rivale,no,y,no,,y,y,10,,
Halle,21.07.2023,202,Alchemilla vulgaris,no,y,no,,y,y,20,,
Halle,21.07.2023,202,Securigera varia,no,y,y,15,y,y,5,,
Halle,21.07.2023,202,Amorpha canescens,no,y,no,,no,y,10,,
Halle,26.07.2023,207,Hypericum perforatum,no,y,no,,y,y,5,,
Halle,26.07.2023,207,Polygonum bistorta,no,no,no,,y,y,15,,
Halle,26.07.2023,207,Puschkinia scilloides,no,no,no,,no,no,,,
Halle,26.07.2023,207,Camassia cusickii,no,no,no,,no,no,,,
Halle,26.07.2023,207,Tulipa sylvestris,no,no,no,,no,no,,,
Halle,26.07.2023,207,Narcissus pseudonarcissus,no,no,no,,no,no,,,
Halle,26.07.2023,207,Artemisia absinthium,no,y,y,100,no,y,10,,
Halle,26.07.2023,207,Tanacetum vulgare,no,y,y,100,no,y,20,,
Halle,26.07.2023,207,Veratrum nigrum,no,no,y,20,no,y,25,,
Halle,26.07.2023,207,Salvia officinalis,no,y,no,,y,y,15,,
Halle,26.07.2023,207,Fuchsia magellanica,no,y,y,80,no,y,5,,
Halle,26.07.2023,207,Lamium album,no,y,no,,y,y,25,,
Halle,26.07.2023,207,Althaea officinalis,no,y,y,55,no,y,5,,
Halle,26.07.2023,207,Ranunculus acris,no,y,no,,y,y,10,,
Halle,26.07.2023,207,Epilobium angustifolium,no,no,no,,no,y,90,,
Halle,26.07.2023,207,Angelica archangelica,no,no,no,,no,no,,,
Halle,26.07.2023,207,Geum urbanum,no,y,no,,y,y,65,,
Halle,26.07.2023,207,Glycyrrhiza glabra,no,y,no,,no,y,10,,
Halle,26.07.2023,207,Helleborus orientalis,no,no,no,,no,y,10,,
Halle,26.07.2023,207,Dictamnus albus,no,no,no,,y,y,5,,
Halle,26.07.2023,207,Eryngium maritimum,no,no,y,75,no,no,,,
Halle,26.07.2023,207,Eryngium campestre,no,y,y,95,no,y,10,,
Halle,26.07.2023,207,Silene vulgaris,no,y,y,10,y,y,40,,
Halle,26.07.2023,207,Securigera varia,no,y,y,5,y,y,5,,
Halle,26.07.2023,207,Amorpha canescens,no,no,no,,y,y,10,,
Halle,26.07.2023,207,Lotus corniculatus,no,y,y,35,y,y,5,,
Halle,26.07.2023,207,Galega officinalis,no,y,no,,y,y,5,,
Halle,26.07.2023,207,Saxifraga paniculata,no,y,no,,no,y,5,,
Halle,26.07.2023,207,Medicago falcata,no,y,y,10,y,y,5,,
Halle,26.07.2023,207,Genista tinctoria,no,y,no,,no,no,,,
Halle,26.07.2023,207,Sedum spurium,no,y,y,5,no,y,5,,
Halle,26.07.2023,207,Paeonia officinalis,no,no,no,,y,y,55,,
Halle,26.07.2023,207,Paeonia daurica subsp. tomentosa,no,no,no,,y,y,45,,
Halle,26.07.2023,207,Prunella grandiflora,no,y,y,5,y,y,10,,
Halle,26.07.2023,207,Leonurus cardiaca,no,y,no,,y,y,20,,
Halle,26.07.2023,207,Atropa belladonna,no,y,no,,y,y,15,,
Halle,26.07.2023,207,Scopolia carniolica,no,no,no,,m,y,100,,
Halle,26.07.2023,207,Vinca minor,no,no,no,,no,no,,,
Halle,26.07.2023,207,Conium maculatum,no,no,no,,y,y,100,,
Halle,26.07.2023,207,Humulus lupulus,no,y,no,,no,y,10,,
Halle,26.07.2023,207,Chelidonium majus,no,y,y,5,no,y,45,,
Halle,26.07.2023,207,Aconitum lycoctonum,no,y,no,,y,y,35,,
Halle,26.07.2023,207,Viola odorata,no,y,no,,no,y,10,,
Halle,26.07.2023,207,Bromus erectus,no,no,no,,no,y,40,,
Halle,26.07.2023,207,Allium schoenoprasum,no,y,no,,y,y,45,,
Halle,26.07.2023,207,Hemerocallis fulva,no,no,no,,no,y,40,,
Halle,26.07.2023,207,Achillea millefolium,no,y,y,90,no,y,10,,
Halle,26.07.2023,207,Armoracia rusticana,no,no,no,,no,y,10,,
Halle,26.07.2023,207,Bunias orientalis,no,no,no,,y,y,50,,
Halle,26.07.2023,207,Geum rivale,no,y,no,,y,y,10,,
Halle,26.07.2023,207,Alchemilla vulgaris,no,y,no,,y,y,25,,
Halle,26.07.2023,207,Paeonia delavayi,no,y,no,,no,y,5,,
Halle,26.07.2023,207,Veratrum album,no,y,y,60,no,y,80,,
Halle,26.07.2023,207,Primula veris,no,y,no,,no,y,65,,
Halle,26.07.2023,207,Mentha longifolia,no,y,y,70,no,y,10,,
Halle,26.07.2023,207,Solanum dulcamara,no,y,y,5,y,y,5,,
Halle,26.07.2023,207,Gratiola officinalis,no,y,y,5,y,y,15,,
Halle,26.07.2023,207,Centranthus ruber,no,y,y,35,y,no,,,
Halle,26.07.2023,207,Tussilago farfara,no,no,no,,no,y,5,,
Halle,26.07.2023,207,Campanula rotundifolia,no,y,y,50,no,no,,,
Halle,26.07.2023,207,Plantago lanceolata,no,y,y,15,y,y,10,,
Halle,26.07.2023,207,Leucanthemum vulgare,no,y,no,,y,y,5,,
Halle,26.07.2023,207,Saponaria officinalis,no,y,y,65,no,y,10,,
Halle,26.07.2023,207,Dianthus carthusianorum,no,y,y,40,y,y,15,,
Halle,26.07.2023,207,Dactylis glomerata,no,no,no,,no,y,35,,
Halle,26.07.2023,207,Arrhenatherum elatius,no,no,no,,no,y,65,,
Halle,26.07.2023,207,Lychnis flos-cucule,no,y,y,5,y,y,10,,
Halle,26.07.2023,207,Silene viscaria,no,y,no,,y,y,60,,
Halle,26.07.2023,207,Dianthus deltoides,no,y,no,,no,no,,,
Halle,26.07.2023,207,Clematis integrifolia,no,no,y,55,no,y,5,,
Halle,26.07.2023,207,Clematis recta,no,no,y,20,no,no,,,
Halle,26.07.2023,207,Anemone sylvestris,no,no,no,,no,y,70,,
Halle,26.07.2023,207,Pulsatilla vulgaris,no,y,no,,no,y,90,,
Halle,04.08.2023,216,Lotus corniculatus,no,y,y,25,y,y,15,,
Halle,04.08.2023,216,Galega officinalis,no,y,no,,y,y,10,,
Halle,04.08.2023,216,Saxifraga paniculata,no,y,no,,no,y,5,,
Halle,04.08.2023,216,Medicago falcata,no,y,y,10,y,y,5,,
Halle,04.08.2023,216,Genista tinctoria,no,y,no,,no,no,,,
Halle,04.08.2023,216,Sedum spurium,no,y,y,5,y,y,5,,
Halle,04.08.2023,216,Paeonia officinalis,no,no,no,,y,y,60,,
Halle,04.08.2023,216,Paeonia daurica subsp. tomentosa,no,no,no,,y,y,50,,
Halle,04.08.2023,216,Paeonia delavayi,no,y,no,,no,y,5,,
Halle,04.08.2023,216,Hypericum perforatum,no,y,no,,y,y,5,,
Halle,04.08.2023,216,Polygonum bistorta,no,y,no,,y,y,15,,
Halle,04.08.2023,216,Puschkinia scilloides,no,no,no,,no,no,,,
Halle,04.08.2023,216,Camassia cusickii,no,no,no,,no,no,,,
Halle,04.08.2023,216,Tulipa sylvestris,no,no,no,,no,no,,,
Halle,04.08.2023,216,Narcissus pseudonarcissus,no,no,no,,no,no,,,
Halle,04.08.2023,216,Dactylis glomerata,no,no,no,,no,y,35,,
Halle,04.08.2023,216,Arrhenatherum elatius,no,no,no,,no,y,65,,
Halle,04.08.2023,216,Bromus erectus,no,no,no,,no,y,40,,
Halle,04.08.2023,216,Allium schoenoprasum,no,y,no,,y,y,45,,
Halle,04.08.2023,216,Hemerocallis fulva,no,no,no,,no,y,45,,
Halle,04.08.2023,216,Achillea millefolium,no,y,y,75,no,y,10,,
Halle,04.08.2023,216,Artemisia absinthium,no,y,y,100,no,y,10,,
Halle,04.08.2023,216,Tanacetum vulgare,no,y,y,25,no,y,25,,
Halle,04.08.2023,216,Veratrum nigrum,no,no,y,100,no,y,25,,
Halle,04.08.2023,216,Salvia officinalis,no,y,no,,y,y,15,,
Halle,04.08.2023,216,Fuchsia magellanica,no,y,y,70,no,y,5,,
Halle,04.08.2023,216,Lamium album,no,y,no,,y,y,25,,
Halle,04.08.2023,216,Althaea officinalis,no,y,y,55,no,y,5,,
Halle,04.08.2023,216,Ranunculus acris,no,y,no,,y,y,10,,
Halle,04.08.2023,216,Epilobium angustifolium,no,no,no,,no,y,90,,
Halle,04.08.2023,216,Angelica archangelica,no,no,no,,no,no,,,
Halle,04.08.2023,216,Geum urbanum,no,y,no,,y,y,70,,
Halle,04.08.2023,216,Glycyrrhiza glabra,no,y,no,,no,y,10,,
Halle,04.08.2023,216,Helleborus orientalis,no,no,no,,no,y,10,,
Halle,04.08.2023,216,Dictamnus albus,no,no,no,,y,y,5,,
Halle,04.08.2023,216,Eryngium maritimum,no,no,y,60,no,no,,,
Halle,04.08.2023,216,Eryngium campestre,no,y,y,85,no,y,10,,
Halle,04.08.2023,216,Silene vulgaris,no,y,y,10,y,y,45,,
Halle,04.08.2023,216,Lychnis flos-cucule,no,y,y,50,y,y,10,,only two flower stems
Halle,04.08.2023,216,Silene viscaria,no,y,no,,y,y,60,,
Halle,04.08.2023,216,Dianthus deltoides,no,y,no,,no,no,,,
Halle,04.08.2023,216,Saponaria officinalis,no,y,y,15,no,y,10,,
Halle,04.08.2023,216,Dianthus carthusianorum,no,y,y,35,y,y,15,,
Halle,04.08.2023,216,Clematis integrifolia,no,no,y,45,no,y,5,,
Halle,04.08.2023,216,Clematis recta,no,no,y,20,no,no,,,
Halle,04.08.2023,216,Anemone sylvestris,no,no,no,,no,y,70,,
Halle,04.08.2023,216,Pulsatilla vulgaris,no,y,no,,no,y,95,,
Halle,04.08.2023,216,Armoracia rusticana,no,no,no,,m,y,10,,
Halle,04.08.2023,216,Bunias orientalis,no,no,no,,y,y,55,,
Halle,04.08.2023,216,Geum rivale,no,y,no,,y,y,15,,
Halle,04.08.2023,216,Alchemilla vulgaris,no,y,no,,y,y,25,,
Halle,04.08.2023,216,Securigera varia,no,y,no,,y,y,5,,
Halle,04.08.2023,216,Amorpha canescens,no,no,no,,y,y,10,,
Halle,04.08.2023,216,Veratrum album,no,y,y,55,no,y,80,,
Halle,04.08.2023,216,Primula veris,no,y,no,,no,y,60,,
Halle,04.08.2023,216,Mentha longifolia,no,y,y,60,no,y,10,,
Halle,04.08.2023,216,Solanum dulcamara,no,y,y,5,y,y,5,,
Halle,04.08.2023,216,Gratiola officinalis,no,y,y,5,y,y,15,,
Halle,04.08.2023,216,Centranthus ruber,no,y,y,35,y,y,5,,
Halle,04.08.2023,216,Tussilago farfara,no,no,no,,no,y,5,,
Halle,04.08.2023,216,Campanula rotundifolia,no,y,y,40,no,no,,,
Halle,04.08.2023,216,Plantago lanceolata,no,y,y,10,y,y,10,,
Halle,04.08.2023,216,Leucanthemum vulgare,no,y,no,,y,y,15,,
Halle,04.08.2023,216,Prunella grandiflora,no,y,y,5,y,y,10,,
Halle,04.08.2023,216,Leonurus cardiaca,no,y,no,,y,y,30,,
Halle,04.08.2023,216,Atropa belladonna,no,y,no,,y,y,15,,
Halle,04.08.2023,216,Scopolia carniolica,no,no,no,,no,no,,,
Halle,04.08.2023,216,Vinca minor,no,no,no,,no,no,,,
Halle,04.08.2023,216,Conium maculatum,no,no,no,,y,y,100,,
Halle,04.08.2023,216,Humulus lupulus,no,y,no,,no,y,10,,
Halle,04.08.2023,216,Chelidonium majus,no,y,y,5,no,y,40,,
Halle,04.08.2023,216,Aconitum lycoctonum,no,y,no,,y,y,35,,
Halle,04.08.2023,216,Viola odorata,no,y,no,,no,y,10,,
Halle,09.08.2023,221,Hypericum perforatum,no,y,no,,y,y,10,,
Halle,09.08.2023,221,Polygonum bistorta,no,y,no,,no,y,15,,
Halle,09.08.2023,221,Puschkinia scilloides,no,no,no,,no,no,,,
Halle,09.08.2023,221,Camassia cusickii,no,no,no,,no,no,,,
Halle,09.08.2023,221,Tulipa sylvestris,no,no,no,,no,no,,,
Halle,09.08.2023,221,Narcissus pseudonarcissus,no,no,no,,no,no,,,
Halle,09.08.2023,221,Dactylis glomerata,no,no,no,,no,y,35,,
Halle,09.08.2023,221,Arrhenatherum elatius,no,no,no,,no,y,70,,
Halle,09.08.2023,221,Bromus erectus,no,no,no,,no,y,40,,
Halle,09.08.2023,221,Allium schoenoprasum,no,y,y,5,y,y,45,,
Halle,09.08.2023,221,Hemerocallis fulva,no,no,no,,no,y,50,,
Halle,09.08.2023,221,Achillea millefolium,no,y,y,10,no,y,20,,
Halle,09.08.2023,221,Artemisia absinthium,no,y,y,100,no,y,15,,
Halle,09.08.2023,221,Tanacetum vulgare,no,y,y,15,no,y,30,,
Halle,09.08.2023,221,Veratrum nigrum,no,no,y,100,no,y,25,,
Halle,09.08.2023,221,Salvia officinalis,no,y,no,,y,y,15,,
Halle,09.08.2023,221,Fuchsia magellanica,no,y,y,55,no,y,5,,
Halle,09.08.2023,221,Lamium album,no,y,no,,y,y,25,,
Halle,09.08.2023,221,Althaea officinalis,no,y,y,60,y,y,10,,
Halle,09.08.2023,221,Ranunculus acris,no,y,no,,y,y,10,,
Halle,09.08.2023,221,Epilobium angustifolium,no,no,no,,no,y,90,,
Halle,09.08.2023,221,Angelica archangelica,no,no,no,,no,no,,,
Halle,09.08.2023,221,Geum urbanum,no,y,no,,y,y,70,,
Halle,09.08.2023,221,Glycyrrhiza glabra,no,y,no,,y,y,15,,
Halle,09.08.2023,221,Helleborus orientalis,no,no,no,,no,y,15,,
Halle,09.08.2023,221,Dictamnus albus,no,no,no,,y,y,10,,
Halle,09.08.2023,221,Eryngium maritimum,no,no,y,50,u,no,,,
Halle,09.08.2023,221,Eryngium campestre,no,no,y,55,no,y,10,,
Halle,09.08.2023,221,Silene vulgaris,no,y,y,15,y,y,50,,
Halle,09.08.2023,221,Lychnis flos-cucule,no,y,y,50,y,y,40,,"only two flower stemps, senescence of the outer rosette leaves"
Halle,09.08.2023,221,Silene viscaria,no,y,no,,no,y,50,,
Halle,09.08.2023,221,Dianthus deltoides,no,y,no,,no,no,,,
Halle,09.08.2023,221,Saponaria officinalis,no,y,y,10,y,y,15,,
Halle,09.08.2023,221,Dianthus carthusianorum,no,y,y,5,y,y,20,,
Halle,09.08.2023,221,Clematis integrifolia,no,no,y,30,no,y,5,,
Halle,09.08.2023,221,Clematis recta,no,no,y,15,no,y,5,,
Halle,09.08.2023,221,Anemone sylvestris,no,no,no,,no,y,70,,
Halle,09.08.2023,221,Pulsatilla vulgaris,no,no,no,,no,y,100,,
Halle,09.08.2023,221,Armoracia rusticana,no,no,no,,m,y,15,,
Halle,09.08.2023,221,Bunias orientalis,no,no,no,,y,y,60,,
Halle,09.08.2023,221,Geum rivale,no,y,no,,no,y,15,,
Halle,09.08.2023,221,Alchemilla vulgaris,no,y,no,,y,y,20,,
Halle,09.08.2023,221,Securigera varia,no,y,no,,y,y,5,,
Halle,09.08.2023,221,Amorpha canescens,no,no,no,,y,y,15,,
Halle,09.08.2023,221,Lotus corniculatus,no,y,y,5,y,y,15,,
Halle,09.08.2023,221,Galega officinalis,no,y,no,,y,y,15,,
Halle,09.08.2023,221,Saxifraga paniculata,no,y,no,,no,y,10,,
Halle,09.08.2023,221,Medicago falcata,no,y,y,15,y,y,5,,
Halle,09.08.2023,221,Genista tinctoria,no,y,no,,no,y,5,,
Halle,09.08.2023,221,Sedum spurium,no,y,y,5,y,y,10,,
Halle,09.08.2023,221,Paeonia officinalis,no,no,no,,y,y,65,,
Halle,09.08.2023,221,Paeonia daurica subsp. tomentosa,no,no,no,,y,y,55,,
Halle,09.08.2023,221,Paeonia delavayi,no,y,no,,no,y,5,,
Halle,09.08.2023,221,Veratrum album,no,y,y,10,no,y,80,,
Halle,09.08.2023,221,Primula veris,no,y,no,,no,y,55,,
Halle,09.08.2023,221,Mentha longifolia,no,y,y,60,no,y,10,,
Halle,09.08.2023,221,Solanum dulcamara,no,y,y,5,y,y,5,,
Halle,09.08.2023,221,Gratiola officinalis,no,y,y,5,y,y,15,,
Halle,09.08.2023,221,Centranthus ruber,no,y,y,40,y,y,5,,
Halle,09.08.2023,221,Campanula rotundifolia,no,y,y,40,y,no,,,
Halle,09.08.2023,221,Plantago lanceolata,no,y,y,5,y,y,10,,
Halle,09.08.2023,221,Leucanthemum vulgare,no,y,no,,y,y,20,,
Halle,09.08.2023,221,Prunella grandiflora,no,y,no,,y,y,15,,
Halle,09.08.2023,221,Leonurus cardiaca,no,y,no,,y,y,30,,
Halle,09.08.2023,221,Atropa belladonna,no,y,no,,y,y,20,,
Halle,09.08.2023,221,Scopolia carniolica,no,no,no,,no,no,,,
Halle,09.08.2023,221,Vinca minor,no,y,no,,no,no,,,
Halle,09.08.2023,221,Conium maculatum,no,no,no,,no,no,,,
Halle,09.08.2023,221,Humulus lupulus,no,no,no,,no,y,15,,
Halle,09.08.2023,221,Chelidonium majus,no,y,y,5,no,y,40,,
Halle,09.08.2023,221,Aconitum lycoctonum,no,y,no,,y,y,40,,
Halle,09.08.2023,221,Viola odorata,no,y,no,,no,y,10,,
Halle,09.08.2023,221,Tussilago farfara,no,no,no,,no,y,10,,
Halle,16.08.2023,228,Hypericum perforatum,no,y,no,,y,y,10,,
Halle,16.08.2023,228,Polygonum bistorta,no,y,no,,no,y,10,,
Halle,16.08.2023,228,Puschkinia scilloides,no,no,no,,no,no,,,
Halle,16.08.2023,228,Camassia cusickii,no,no,no,,no,no,,,
Halle,16.08.2023,228,Tulipa sylvestris,no,no,no,,no,no,,,
Halle,16.08.2023,228,Narcissus pseudonarcissus,no,no,no,,no,no,,,
Halle,16.08.2023,228,Dactylis glomerata,no,no,no,,no,y,35,,
Halle,16.08.2023,228,Arrhenatherum elatius,no,no,no,,no,y,80,,
Halle,16.08.2023,228,Bromus erectus,no,no,no,,no,y,35,,
Halle,16.08.2023,228,Allium schoenoprasum,no,y,no,,y,y,35,,
Halle,16.08.2023,228,Hemerocallis fulva,no,no,no,,no,y,55,,
Halle,16.08.2023,228,Achillea millefolium,no,no,no,,y,y,30,,
Halle,16.08.2023,228,Artemisia absinthium,no,y,y,70,no,y,20,,
Halle,16.08.2023,228,Tanacetum vulgare,no,y,no,,no,y,35,,
Halle,16.08.2023,228,Veratrum nigrum,no,no,y,35,no,y,30,,
Halle,16.08.2023,228,Salvia officinalis,no,y,no,,no,y,15,,
Halle,16.08.2023,228,Fuchsia magellanica,no,y,y,35,no,y,5,,
Halle,16.08.2023,228,Paeonia officinalis,no,no,no,,no,y,80,,
Halle,16.08.2023,228,Paeonia daurica subsp. tomentosa,no,no,no,,y,y,60,,
Halle,16.08.2023,228,Paeonia delavayi,no,y,no,,no,y,5,,
Halle,16.08.2023,228,Veratrum album,no,no,no,,no,y,80,,
Halle,16.08.2023,228,Primula veris,no,y,no,,no,y,5,cut partly,
Halle,16.08.2023,228,Mentha longifolia,no,y,y,25,no,y,15,,
Halle,16.08.2023,228,Solanum dulcamara,no,y,y,5,y,y,10,,
Halle,16.08.2023,228,Aconitum lycoctonum,no,y,no,,y,y,40,,
Halle,16.08.2023,228,Viola odorata,no,y,no,,no,y,10,,
Halle,16.08.2023,228,Lamium album,no,y,no,,y,y,25,,
Halle,16.08.2023,228,Althaea officinalis,no,y,y,60,y,y,10,,
Halle,16.08.2023,228,Ranunculus acris,no,y,no,,y,y,10,,
Halle,16.08.2023,228,Epilobium angustifolium,no,no,no,,no,y,90,,
Halle,16.08.2023,228,Angelica archangelica,no,no,no,,no,no,,,
Halle,16.08.2023,228,Geum urbanum,no,y,no,,y,y,60,,
Halle,16.08.2023,228,Glycyrrhiza glabra,no,y,no,,y,y,15,,
Halle,16.08.2023,228,Helleborus orientalis,no,no,no,,no,y,15,,
Halle,16.08.2023,228,Dictamnus albus,no,no,no,,y,y,10,,
Halle,16.08.2023,228,Eryngium maritimum,no,no,y,50,u,y,5,,
Halle,16.08.2023,228,Eryngium campestre,no,no,y,35,y,y,10,,
Halle,16.08.2023,228,Silene vulgaris,no,y,y,5,y,y,50,,
Halle,16.08.2023,228,Lychnis flos-cucule,no,y,no,,y,y,45,,
Halle,16.08.2023,228,Silene viscaria,no,y,no,,no,y,15,cut partly,
Halle,16.08.2023,228,Dianthus deltoides,no,y,no,,no,no,,,
Halle,16.08.2023,228,Saponaria officinalis,no,y,y,10,y,y,15,,
Halle,16.08.2023,228,Dianthus carthusianorum,no,y,y,5,y,y,35,,
Halle,16.08.2023,228,Clematis integrifolia,no,no,y,5,no,y,10,,
Halle,16.08.2023,228,Clematis recta,no,no,y,5,no,y,5,,
Halle,16.08.2023,228,Anemone sylvestris,no,no,no,,no,y,70,,
Halle,16.08.2023,228,Pulsatilla vulgaris,no,no,no,,no,no,,,
Halle,16.08.2023,228,Armoracia rusticana,no,no,no,,m,y,20,,
Halle,16.08.2023,228,Bunias orientalis,no,no,no,,y,y,60,,
Halle,16.08.2023,228,Geum rivale,no,y,no,,no,y,15,,
Halle,16.08.2023,228,Alchemilla vulgaris,no,y,no,,y,y,15,,
Halle,16.08.2023,228,Securigera varia,no,y,no,,y,y,5,,
Halle,16.08.2023,228,Amorpha canescens,no,no,no,,y,y,15,,
Halle,16.08.2023,228,Lotus corniculatus,no,y,y,5,y,y,20,,
Halle,16.08.2023,228,Galega officinalis,no,y,no,,y,y,20,,
Halle,16.08.2023,228,Saxifraga paniculata,no,y,no,,no,y,10,,
Halle,16.08.2023,228,Medicago falcata,no,y,y,10,y,y,5,,
Halle,16.08.2023,228,Genista tinctoria,no,y,no,,no,y,5,,
Halle,16.08.2023,228,Sedum spurium,no,y,y,5,y,y,10,,
Halle,16.08.2023,228,Gratiola officinalis,no,y,y,5,y,y,15,,
Halle,16.08.2023,228,Centranthus ruber,no,y,y,60,y,y,5,,
Halle,16.08.2023,228,Tussilago farfara,no,no,no,,no,y,10,,
Halle,16.08.2023,228,Campanula rotundifolia,no,y,y,30,y,y,5,,
Halle,16.08.2023,228,Plantago lanceolata,no,y,y,5,y,y,10,,
Halle,16.08.2023,228,Leucanthemum vulgare,no,y,no,,y,y,40,,
Halle,16.08.2023,228,Prunella grandiflora,no,y,no,,y,y,15,,
Halle,16.08.2023,228,Leonurus cardiaca,no,y,no,,y,y,30,,
Halle,16.08.2023,228,Atropa belladonna,no,y,no,,y,y,30,,
Halle,16.08.2023,228,Scopolia carniolica,no,no,no,,no,no,,,
Halle,16.08.2023,228,Vinca minor,no,y,no,,no,no,,,
Halle,16.08.2023,228,Conium maculatum,no,no,no,,no,no,,,
Halle,16.08.2023,228,Humulus lupulus,no,no,no,,no,y,20,,
Halle,16.08.2023,228,Chelidonium majus,no,y,y,5,no,y,30,,
Halle,25.08.2023,237,Sedum spurium,no,y,no,,y,y,10,,
Halle,25.08.2023,237,Paeonia officinalis,no,no,no,,no,y,95,,
Halle,25.08.2023,237,Paeonia daurica subsp. tomentosa,no,no,no,,y,y,75,,
Halle,25.08.2023,237,Paeonia delavayi,no,no,no,,no,y,5,,
Halle,25.08.2023,237,Veratrum album,no,no,no,,no,y,85,,
Halle,25.08.2023,237,Silene vulgaris,no,y,y,5,y,y,60,,
Halle,25.08.2023,237,Hypericum perforatum,no,y,no,,y,y,15,,
Halle,25.08.2023,237,Polygonum bistorta,no,y,y,10,no,y,10,,
Halle,25.08.2023,237,Puschkinia scilloides,no,no,no,,no,no,,,
Halle,25.08.2023,237,Camassia cusickii,no,no,no,,no,no,,,
Halle,25.08.2023,237,Tulipa sylvestris,no,no,no,,no,no,,,
Halle,25.08.2023,237,Narcissus pseudonarcissus,no,no,no,,no,no,,,
Halle,25.08.2023,237,Dactylis glomerata,no,no,no,,no,y,35,,
Halle,25.08.2023,237,Arrhenatherum elatius,no,y,no,,no,y,80,,
Halle,25.08.2023,237,Bromus erectus,no,no,no,,no,y,35,,
Halle,25.08.2023,237,Allium schoenoprasum,no,y,y,5,y,y,20,,
Halle,25.08.2023,237,Hemerocallis fulva,no,no,no,,no,y,55,,
Halle,25.08.2023,237,Achillea millefolium,no,no,no,,y,y,40,,
Halle,25.08.2023,237,Artemisia absinthium,no,no,no,,no,y,25,,
Halle,25.08.2023,237,Tanacetum vulgare,no,y,no,,y,y,40,,
Halle,25.08.2023,237,Veratrum nigrum,no,no,no,,no,y,30,,
Halle,25.08.2023,237,Salvia officinalis,no,y,no,,no,y,15,,
Halle,25.08.2023,237,Fuchsia magellanica,no,y,y,10,no,y,10,,
Halle,25.08.2023,237,Lamium album,no,y,y,10,y,y,25,,
Halle,25.08.2023,237,Althaea officinalis,no,y,y,5,y,y,15,,
Halle,25.08.2023,237,Ranunculus acris,no,y,no,,y,y,10,,
Halle,25.08.2023,237,Epilobium angustifolium,no,no,no,,no,y,90,,
Halle,25.08.2023,237,Angelica archangelica,no,no,no,,no,no,,,
Halle,25.08.2023,237,Geum urbanum,no,y,no,,y,y,60,,
Halle,25.08.2023,237,Glycyrrhiza glabra,no,y,no,,y,y,15,,
Halle,25.08.2023,237,Helleborus orientalis,no,no,no,,no,y,20,,
Halle,25.08.2023,237,Dictamnus albus,no,no,no,,y,y,10,,
Halle,25.08.2023,237,Eryngium maritimum,no,no,y,20,y,y,5,,
Halle,25.08.2023,237,Eryngium campestre,no,no,no,,y,y,65,,
Halle,25.08.2023,237,Lychnis flos-cucule,no,y,no,,y,y,45,,
Halle,25.08.2023,237,Silene viscaria,no,y,no,,no,y,15,,
Halle,25.08.2023,237,Dianthus deltoides,no,y,no,,no,y,5,,
Halle,25.08.2023,237,Saponaria officinalis,no,y,y,10,y,y,20,,
Halle,25.08.2023,237,Dianthus carthusianorum,no,y,y,5,y,y,35,,
Halle,25.08.2023,237,Clematis integrifolia,no,no,y,5,no,y,10,,
Halle,25.08.2023,237,Clematis recta,no,no,y,5,no,y,5,,
Halle,25.08.2023,237,Anemone sylvestris,no,no,no,,no,y,70,,
Halle,25.08.2023,237,Pulsatilla vulgaris,no,no,no,,no,no,,,
Halle,25.08.2023,237,Armoracia rusticana,no,no,no,,no,y,25,,
Halle,25.08.2023,237,Bunias orientalis,no,y,no,,no,y,60,,
Halle,25.08.2023,237,Geum rivale,no,y,no,,no,y,15,,
Halle,25.08.2023,237,Alchemilla vulgaris,no,y,no,,y,y,15,,
Halle,25.08.2023,237,Securigera varia,no,y,no,,y,y,5,,
Halle,25.08.2023,237,Amorpha canescens,no,no,no,,y,y,15,,
Halle,25.08.2023,237,Lotus corniculatus,no,y,y,5,y,y,20,,
Halle,25.08.2023,237,Galega officinalis,no,y,no,,y,y,25,,
Halle,25.08.2023,237,Saxifraga paniculata,no,y,no,,no,y,10,,
Halle,25.08.2023,237,Medicago falcata,no,y,y,5,y,y,5,,
Halle,25.08.2023,237,Genista tinctoria,no,y,no,,no,y,5,,
Halle,25.08.2023,237,Primula veris,no,y,no,,no,y,5,,
Halle,25.08.2023,237,Mentha longifolia,no,y,y,10,y,y,15,,
Halle,25.08.2023,237,Solanum dulcamara,no,y,no,,y,y,15,,
Halle,25.08.2023,237,Gratiola officinalis,no,y,no,,y,y,15,,
Halle,25.08.2023,237,Centranthus ruber,no,y,y,60,y,y,5,,
Halle,25.08.2023,237,Tussilago farfara,no,no,no,,no,y,20,,
Halle,25.08.2023,237,Campanula rotundifolia,no,y,y,10,y,y,5,,
Halle,25.08.2023,237,Plantago lanceolata,no,y,y,5,y,y,15,,
Halle,25.08.2023,237,Leucanthemum vulgare,no,y,no,,y,y,40,,
Halle,25.08.2023,237,Prunella grandiflora,no,y,no,,y,y,15,,
Halle,25.08.2023,237,Leonurus cardiaca,no,y,no,,y,y,40,,
Halle,25.08.2023,237,Atropa belladonna,no,y,no,,y,y,45,,
Halle,25.08.2023,237,Scopolia carniolica,no,no,no,,no,no,,,
Halle,25.08.2023,237,Vinca minor,no,y,no,,no,no,,,
Halle,25.08.2023,237,Conium maculatum,no,no,no,,no,no,,,
Halle,25.08.2023,237,Humulus lupulus,no,no,no,,no,y,20,,
Halle,25.08.2023,237,Chelidonium majus,no,y,no,,no,y,30,,
Halle,25.08.2023,237,Aconitum lycoctonum,no,y,no,,y,y,45,,
Halle,25.08.2023,237,Viola odorata,no,y,no,,no,y,20,,
Halle,30.08.2023,242,Armoracia rusticana,no,no,no,,no,y,25,,
Halle,30.08.2023,242,Hypericum perforatum,no,y,y,5,y,y,20,,
Halle,30.08.2023,242,Polygonum bistorta,no,y,y,10,no,y,10,,
Halle,30.08.2023,242,Puschkinia scilloides,no,no,no,,no,no,,,
Halle,30.08.2023,242,Camassia cusickii,no,no,no,,no,no,,,
Halle,30.08.2023,242,Tulipa sylvestris,no,no,no,,no,no,,,
Halle,30.08.2023,242,Narcissus pseudonarcissus,no,no,no,,no,no,,,
Halle,30.08.2023,242,Dactylis glomerata,no,no,no,,no,y,35,,
Halle,30.08.2023,242,Arrhenatherum elatius,no,y,no,,no,y,80,,
Halle,30.08.2023,242,Bromus erectus,no,y,no,,no,y,35,,
Halle,30.08.2023,242,Allium schoenoprasum,no,y,y,5,y,y,15,,
Halle,30.08.2023,242,Hemerocallis fulva,no,no,no,,no,y,55,,
Halle,30.08.2023,242,Achillea millefolium,no,y,no,,y,y,45,,
Halle,30.08.2023,242,Artemisia absinthium,no,no,no,,no,y,25,,
Halle,30.08.2023,242,Tanacetum vulgare,no,y,no,,y,y,45,,
Halle,30.08.2023,242,Veratrum nigrum,no,no,no,,no,y,35,,
Halle,30.08.2023,242,Salvia officinalis,no,y,no,,no,y,15,,
Halle,30.08.2023,242,Fuchsia magellanica,no,y,y,10,no,y,10,,
Halle,30.08.2023,242,Lamium album,no,y,y,5,y,y,20,,
Halle,30.08.2023,242,Althaea officinalis,no,y,y,5,y,y,15,,
Halle,30.08.2023,242,Ranunculus acris,no,y,no,,y,y,10,,
Halle,30.08.2023,242,Epilobium angustifolium,no,no,no,,no,y,90,,
Halle,30.08.2023,242,Angelica archangelica,no,no,no,,no,no,,,
Halle,30.08.2023,242,Geum urbanum,no,y,no,,y,y,60,,
Halle,30.08.2023,242,Glycyrrhiza glabra,no,y,no,,y,y,15,,
Halle,30.08.2023,242,Helleborus orientalis,no,no,no,,no,y,20,,
Halle,30.08.2023,242,Dictamnus albus,no,no,no,,y,y,10,,
Halle,30.08.2023,242,Eryngium maritimum,no,no,y,10,y,y,10,,
Halle,30.08.2023,242,Eryngium campestre,no,no,no,,y,y,85,,
Halle,30.08.2023,242,Silene vulgaris,no,y,y,5,y,y,60,,
Halle,30.08.2023,242,Lychnis flos-cucule,no,y,y,35,y,y,50,,
Halle,30.08.2023,242,Silene viscaria,no,y,no,,no,y,15,,
Halle,30.08.2023,242,Dianthus deltoides,no,y,no,,no,y,10,,
Halle,30.08.2023,242,Saponaria officinalis,no,y,y,5,y,y,20,,
Halle,30.08.2023,242,Dianthus carthusianorum,no,y,y,5,y,y,50,,
Halle,30.08.2023,242,Clematis integrifolia,no,no,no,,no,y,10,,
Halle,30.08.2023,242,Clematis recta,no,no,y,5,y,y,10,,
Halle,30.08.2023,242,Anemone sylvestris,no,no,no,,no,y,70,,
Halle,30.08.2023,242,Pulsatilla vulgaris,no,no,no,,no,no,,,
Halle,30.08.2023,242,Bunias orientalis,no,y,no,,no,y,60,,
Halle,30.08.2023,242,Geum rivale,no,y,no,,no,y,15,,
Halle,30.08.2023,242,Alchemilla vulgaris,no,y,no,,y,y,15,,
Halle,30.08.2023,242,Securigera varia,no,y,no,,y,y,5,,
Halle,30.08.2023,242,Amorpha canescens,no,no,no,,y,y,20,,
Halle,30.08.2023,242,Lotus corniculatus,no,y,y,5,y,y,20,,
Halle,30.08.2023,242,Galega officinalis,no,y,no,,y,y,30,,
Halle,30.08.2023,242,Saxifraga paniculata,no,y,no,,no,y,15,,
Halle,30.08.2023,242,Medicago falcata,no,y,y,5,y,y,5,,
Halle,30.08.2023,242,Genista tinctoria,no,y,no,,no,y,10,,
Halle,30.08.2023,242,Sedum spurium,no,y,no,,y,y,15,,
Halle,30.08.2023,242,Paeonia officinalis,no,no,no,,no,y,100,,
Halle,30.08.2023,242,Paeonia daurica subsp. tomentosa,no,no,no,,y,y,75,,
Halle,30.08.2023,242,Paeonia delavayi,no,no,no,,no,y,10,,
Halle,30.08.2023,242,Veratrum album,no,no,no,,m,y,90,,
Halle,30.08.2023,242,Primula veris,no,y,no,,no,y,5,,
Halle,30.08.2023,242,Mentha longifolia,no,y,no,,y,y,20,,
Halle,30.08.2023,242,Solanum dulcamara,no,y,no,,y,y,15,,
Halle,30.08.2023,242,Gratiola officinalis,no,y,no,,no,y,20,,
Halle,30.08.2023,242,Centranthus ruber,no,y,y,60,y,y,5,,
Halle,30.08.2023,242,Tussilago farfara,no,no,no,,no,y,25,,
Halle,30.08.2023,242,Campanula rotundifolia,no,y,y,5,y,y,10,,
Halle,30.08.2023,242,Plantago lanceolata,no,y,y,5,y,y,20,,
Halle,30.08.2023,242,Leucanthemum vulgare,no,y,no,,y,y,50,,
Halle,30.08.2023,242,Prunella grandiflora,no,y,no,,y,y,15,,
Halle,30.08.2023,242,Leonurus cardiaca,no,y,no,,y,y,45,,
Halle,30.08.2023,242,Atropa belladonna,no,y,no,,y,y,55,,
Halle,30.08.2023,242,Scopolia carniolica,no,no,no,,no,no,,,
Halle,30.08.2023,242,Vinca minor,no,y,no,,no,no,,,
Halle,30.08.2023,242,Conium maculatum,no,no,no,,no,no,,,
Halle,30.08.2023,242,Humulus lupulus,no,no,no,,no,y,15,,
Halle,30.08.2023,242,Chelidonium majus,no,y,no,,no,y,30,,
Halle,30.08.2023,242,Aconitum lycoctonum,no,y,no,,y,y,50,,
Halle,30.08.2023,242,Viola odorata,no,y,no,,no,y,30,,
Halle,07.09.2023,250,Paeonia delavayi,no,no,no,,no,y,20,,
Halle,07.09.2023,250,Hypericum perforatum,no,y,y,5,y,y,35,,
Halle,07.09.2023,250,Polygonum bistorta,no,y,no,,no,y,10,,
Halle,07.09.2023,250,Puschkinia scilloides,no,no,no,,no,no,,,
Halle,07.09.2023,250,Camassia cusickii,no,no,no,,no,no,,,
Halle,07.09.2023,250,Tulipa sylvestris,no,no,no,,no,no,,,
Halle,07.09.2023,250,Narcissus pseudonarcissus,no,no,no,,no,no,,,
Halle,07.09.2023,250,Dactylis glomerata,no,y,no,,no,y,35,,
Halle,07.09.2023,250,Arrhenatherum elatius,no,y,no,,no,y,80,,
Halle,07.09.2023,250,Bromus erectus,no,y,no,,no,y,25,,
Halle,07.09.2023,250,Allium schoenoprasum,no,y,y,5,y,y,15,,
Halle,07.09.2023,250,Hemerocallis fulva,no,no,no,,no,y,55,,
Halle,07.09.2023,250,Achillea millefolium,no,y,no,,y,y,55,,
Halle,07.09.2023,250,Artemisia absinthium,no,no,no,,no,y,30,,
Halle,07.09.2023,250,Tanacetum vulgare,no,y,no,,y,y,55,,
Halle,07.09.2023,250,Veratrum nigrum,no,no,no,,no,y,40,,
Halle,07.09.2023,250,Salvia officinalis,no,y,no,,no,y,15,,
Halle,07.09.2023,250,Fuchsia magellanica,no,y,y,30,no,y,10,,
Halle,07.09.2023,250,Lamium album,no,y,y,10,y,y,20,,
Halle,07.09.2023,250,Althaea officinalis,no,y,y,5,y,y,25,,
Halle,07.09.2023,250,Ranunculus acris,no,y,no,,y,y,10,,
Halle,07.09.2023,250,Epilobium angustifolium,no,no,no,,no,y,90,,
Halle,07.09.2023,250,Campanula rotundifolia,no,y,y,5,y,y,10,,
Halle,07.09.2023,250,Plantago lanceolata,no,y,y,5,y,y,20,,
Halle,07.09.2023,250,Leucanthemum vulgare,no,y,no,,y,y,50,,
Halle,07.09.2023,250,Prunella grandiflora,no,y,no,,y,y,15,,
Halle,07.09.2023,250,Leonurus cardiaca,no,y,no,,y,y,40,,
Halle,07.09.2023,250,Atropa belladonna,no,y,no,,y,y,65,,
Halle,07.09.2023,250,Scopolia carniolica,no,no,no,,no,no,,,
Halle,07.09.2023,250,Vinca minor,no,y,no,,no,no,,,
Halle,07.09.2023,250,Conium maculatum,no,no,no,,no,no,,,
Halle,07.09.2023,250,Humulus lupulus,no,no,no,,no,y,20,,
Halle,07.09.2023,250,Chelidonium majus,no,y,y,5,no,y,30,,
Halle,07.09.2023,250,Aconitum lycoctonum,no,y,no,,y,y,50,,
Halle,07.09.2023,250,Viola odorata,no,y,no,,no,y,35,,
Halle,07.09.2023,250,Angelica archangelica,no,no,no,,no,no,,,
Halle,07.09.2023,250,Geum urbanum,no,y,no,,y,y,60,,
Halle,07.09.2023,250,Glycyrrhiza glabra,no,y,no,,y,y,20,,
Halle,07.09.2023,250,Helleborus orientalis,no,no,no,,no,y,25,,
Halle,07.09.2023,250,Dictamnus albus,no,no,no,,y,y,10,,
Halle,07.09.2023,250,Eryngium maritimum,no,no,no,,y,y,15,,
Halle,07.09.2023,250,Eryngium campestre,no,no,no,,y,y,90,,
Halle,07.09.2023,250,Silene vulgaris,no,y,y,5,y,y,55,,
Halle,07.09.2023,250,Lychnis flos-cucule,no,y,y,45,y,y,55,,
Halle,07.09.2023,250,Silene viscaria,no,y,no,,no,y,15,,
Halle,07.09.2023,250,Dianthus deltoides,no,y,no,,no,y,15,,
Halle,07.09.2023,250,Saponaria officinalis,no,y,y,5,y,y,20,,
Halle,07.09.2023,250,Dianthus carthusianorum,no,y,no,,y,y,65,,
Halle,07.09.2023,250,Clematis integrifolia,no,no,no,,y,y,10,,
Halle,07.09.2023,250,Clematis recta,no,no,y,5,y,y,10,,
Halle,07.09.2023,250,Anemone sylvestris,no,no,no,,no,y,70,,
Halle,07.09.2023,250,Pulsatilla vulgaris,no,no,no,,no,no,,,
Halle,07.09.2023,250,Armoracia rusticana,no,no,no,,no,y,35,,
Halle,07.09.2023,250,Bunias orientalis,no,y,no,,no,y,60,,
Halle,07.09.2023,250,Geum rivale,no,y,no,,no,y,15,,
Halle,07.09.2023,250,Alchemilla vulgaris,no,y,no,,y,y,10,,
Halle,07.09.2023,250,Securigera varia,no,y,no,,y,y,10,,
Halle,07.09.2023,250,Amorpha canescens,no,no,no,,y,y,30,,
Halle,07.09.2023,250,Lotus corniculatus,no,y,y,5,y,y,20,,
Halle,07.09.2023,250,Galega officinalis,no,y,no,,y,y,35,,
Halle,07.09.2023,250,Saxifraga paniculata,no,y,no,,no,y,15,,
Halle,07.09.2023,250,Medicago falcata,no,y,y,5,y,y,5,,
Halle,07.09.2023,250,Genista tinctoria,no,y,no,,no,y,15,,
Halle,07.09.2023,250,Sedum spurium,no,y,no,,y,y,15,,
Halle,07.09.2023,250,Paeonia officinalis,no,no,no,,no,no,,,
Halle,07.09.2023,250,Paeonia daurica subsp. tomentosa,no,no,no,,y,y,85,,
Halle,07.09.2023,250,Veratrum album,no,no,no,,m,y,95,,
Halle,07.09.2023,250,Primula veris,no,y,no,,no,y,10,,
Halle,07.09.2023,250,Mentha longifolia,no,y,no,,y,y,30,,
Halle,07.09.2023,250,Solanum dulcamara,no,y,no,,y,y,25,,
Halle,07.09.2023,250,Gratiola officinalis,no,y,y,5,no,y,20,,
Halle,07.09.2023,250,Centranthus ruber,no,y,y,35,y,y,5,,
Halle,07.09.2023,250,Tussilago farfara,no,no,no,,no,y,30,,
Halle,13.09.2023,256,Lamium album,no,y,y,5,y,y,20,,
Halle,13.09.2023,256,Hypericum perforatum,no,y,no,,y,y,40,,
Halle,13.09.2023,256,Polygonum bistorta,no,y,no,,y,y,10,,
Halle,13.09.2023,256,Puschkinia scilloides,no,no,no,,no,no,,,
Halle,13.09.2023,256,Camassia cusickii,no,no,no,,no,no,,,
Halle,13.09.2023,256,Tulipa sylvestris,no,no,no,,no,no,,,
Halle,13.09.2023,256,Centranthus ruber,no,y,y,25,y,y,5,,
Halle,13.09.2023,256,Tussilago farfara,no,no,no,,no,y,35,,
Halle,13.09.2023,256,Campanula rotundifolia,no,y,y,5,y,y,15,,
Halle,13.09.2023,256,Plantago lanceolata,no,y,no,,y,y,20,,
Halle,13.09.2023,256,Leucanthemum vulgare,no,y,no,,y,y,55,,
Halle,13.09.2023,256,Prunella grandiflora,no,y,y,5,y,y,15,,
Halle,13.09.2023,256,Leonurus cardiaca,no,y,no,,y,y,40,,
Halle,13.09.2023,256,Atropa belladonna,no,y,no,,y,y,70,,
Halle,13.09.2023,256,Scopolia carniolica,no,no,no,,no,no,,,
Halle,13.09.2023,256,Narcissus pseudonarcissus,no,no,no,,no,no,,,
Halle,13.09.2023,256,Dactylis glomerata,no,y,no,,no,y,35,,
Halle,13.09.2023,256,Arrhenatherum elatius,no,y,no,,no,y,75,,
Halle,13.09.2023,256,Bromus erectus,no,y,no,,no,y,25,,
Halle,13.09.2023,256,Allium schoenoprasum,no,y,no,,y,y,15,,
Halle,13.09.2023,256,Hemerocallis fulva,no,no,no,,no,y,55,,
Halle,13.09.2023,256,Achillea millefolium,no,y,no,,y,y,60,,
Halle,13.09.2023,256,Artemisia absinthium,no,no,no,,y,y,45,,
Halle,13.09.2023,256,Tanacetum vulgare,no,y,no,,y,y,70,,
Halle,13.09.2023,256,Veratrum nigrum,no,no,no,,no,y,45,,
Halle,13.09.2023,256,Salvia officinalis,no,y,no,,no,y,15,,
Halle,13.09.2023,256,Fuchsia magellanica,no,y,y,60,no,y,15,,
Halle,13.09.2023,256,Althaea officinalis,no,y,y,5,y,y,35,,
Halle,13.09.2023,256,Ranunculus acris,no,y,no,,y,y,10,,
Halle,13.09.2023,256,Epilobium angustifolium,no,no,no,,no,y,90,,
Halle,13.09.2023,256,Angelica archangelica,no,no,no,,no,no,,,
Halle,13.09.2023,256,Geum urbanum,no,y,no,,y,y,60,,
Halle,13.09.2023,256,Glycyrrhiza glabra,no,y,no,,y,y,20,,
Halle,13.09.2023,256,Helleborus orientalis,no,no,no,,no,y,25,,
Halle,13.09.2023,256,Dictamnus albus,no,no,no,,no,y,15,,
Halle,13.09.2023,256,Eryngium maritimum,no,no,no,,y,y,25,,
Halle,13.09.2023,256,Eryngium campestre,no,no,no,,y,y,100,,
Halle,13.09.2023,256,Silene vulgaris,no,y,y,5,y,y,50,,
Halle,13.09.2023,256,Lychnis flos-cucule,no,y,y,45,y,y,55,,
Halle,13.09.2023,256,Silene viscaria,no,y,no,,no,y,10,,
Halle,13.09.2023,256,Dianthus deltoides,no,y,no,,no,y,20,,
Halle,13.09.2023,256,Saponaria officinalis,no,y,y,5,y,y,20,,
Halle,13.09.2023,256,Dianthus carthusianorum,no,y,no,,y,y,65,,
Halle,13.09.2023,256,Clematis integrifolia,no,no,no,,y,y,10,,
Halle,13.09.2023,256,Clematis recta,no,no,no,,y,y,10,,
Halle,13.09.2023,256,Anemone sylvestris,no,no,no,,no,y,80,,
Halle,13.09.2023,256,Pulsatilla vulgaris,no,no,no,,no,no,,,
Halle,13.09.2023,256,Armoracia rusticana,no,no,no,,no,y,45,,
Halle,13.09.2023,256,Bunias orientalis,no,y,no,,no,y,60,,
Halle,13.09.2023,256,Geum rivale,no,y,no,,no,y,15,,
Halle,13.09.2023,256,Alchemilla vulgaris,no,y,y,20,y,y,10,,
Halle,13.09.2023,256,Securigera varia,no,y,no,,y,y,10,,
Halle,13.09.2023,256,Amorpha canescens,no,no,no,,y,y,30,,
Halle,13.09.2023,256,Lotus corniculatus,no,y,y,5,y,y,20,,
Halle,13.09.2023,256,Galega officinalis,no,y,no,,y,y,35,,
Halle,13.09.2023,256,Saxifraga paniculata,no,y,no,,no,y,15,,
Halle,13.09.2023,256,Medicago falcata,no,y,y,5,y,y,5,,
Halle,13.09.2023,256,Genista tinctoria,no,y,no,,no,y,20,,
Halle,13.09.2023,256,Sedum spurium,no,y,no,,y,y,15,,
Halle,13.09.2023,256,Paeonia officinalis,no,no,no,,no,no,,,
Halle,13.09.2023,256,Paeonia daurica subsp. tomentosa,no,no,no,,y,y,95,,
Halle,13.09.2023,256,Paeonia delavayi,no,no,no,,no,y,25,,
Halle,13.09.2023,256,Veratrum album,no,no,no,,m,y,95,,
Halle,13.09.2023,256,Primula veris,no,y,no,,no,y,25,,
Halle,13.09.2023,256,Mentha longifolia,no,y,no,,y,y,35,,
Halle,13.09.2023,256,Solanum dulcamara,no,y,no,,y,y,25,,
Halle,13.09.2023,256,Gratiola officinalis,no,y,no,,no,y,20,,
Halle,13.09.2023,256,Vinca minor,no,y,no,,no,y,5,,
Halle,13.09.2023,256,Conium maculatum,no,no,no,,no,no,,,
Halle,13.09.2023,256,Humulus lupulus,no,no,no,,no,y,25,,
Halle,13.09.2023,256,Chelidonium majus,no,y,y,5,no,y,30,,
Halle,13.09.2023,256,Aconitum lycoctonum,no,y,no,,y,y,50,,
Halle,13.09.2023,256,Viola odorata,no,y,no,,no,y,35,,
Halle,21.09.2023,264,Hypericum perforatum,no,y,no,,y,y,45,,
Halle,21.09.2023,264,Polygonum bistorta,no,y,no,,y,y,10,,
Halle,21.09.2023,264,Puschkinia scilloides,no,no,no,,no,no,,,
Halle,21.09.2023,264,Camassia cusickii,no,no,no,,no,no,,,
Halle,21.09.2023,264,Tulipa sylvestris,no,no,no,,no,no,,,
Halle,21.09.2023,264,Narcissus pseudonarcissus,no,no,no,,no,no,,,
Halle,21.09.2023,264,Dactylis glomerata,no,y,no,,no,y,35,,
Halle,21.09.2023,264,Arrhenatherum elatius,no,y,no,,no,y,75,,
Halle,21.09.2023,264,Bromus erectus,no,y,no,,no,y,25,,
Halle,21.09.2023,264,Allium schoenoprasum,no,y,no,,y,y,15,,
Halle,21.09.2023,264,Hemerocallis fulva,no,no,no,,no,y,55,,
Halle,21.09.2023,264,Achillea millefolium,no,y,no,,y,y,60,,
Halle,21.09.2023,264,Artemisia absinthium,no,no,no,,y,y,45,,
Halle,21.09.2023,264,Tanacetum vulgare,no,y,no,,y,y,70,,
Halle,21.09.2023,264,Veratrum nigrum,no,no,no,,no,y,45,,
Halle,21.09.2023,264,Salvia officinalis,no,y,no,,no,y,15,,
Halle,21.09.2023,264,Fuchsia magellanica,no,y,y,80,no,y,20,,
Halle,21.09.2023,264,Lamium album,no,y,y,5,y,y,20,,
Halle,21.09.2023,264,Althaea officinalis,no,y,y,5,y,y,60,,
Halle,21.09.2023,264,Ranunculus acris,no,y,no,,y,y,10,,
Halle,21.09.2023,264,Epilobium angustifolium,no,no,no,,no,y,90,,
Halle,21.09.2023,264,Angelica archangelica,no,no,no,,no,no,,,
Halle,21.09.2023,264,Geum urbanum,no,y,no,,y,y,60,,
Halle,21.09.2023,264,Glycyrrhiza glabra,no,y,no,,y,y,20,,
Halle,21.09.2023,264,Helleborus orientalis,no,no,no,,no,y,25,,
Halle,21.09.2023,264,Dictamnus albus,no,no,no,,no,y,15,,
Halle,21.09.2023,264,Eryngium maritimum,no,no,no,,y,y,30,,
Halle,21.09.2023,264,Eryngium campestre,no,no,no,,no,no,,,
Halle,21.09.2023,264,Silene vulgaris,no,y,y,5,y,y,50,,
Halle,21.09.2023,264,Lychnis flos-cucule,no,y,y,25,y,y,60,,
Halle,21.09.2023,264,Silene viscaria,no,y,no,,no,y,5,,
Halle,21.09.2023,264,Dianthus deltoides,no,y,no,,no,y,50,,
Halle,21.09.2023,264,Saponaria officinalis,no,y,y,5,y,y,20,,
Halle,21.09.2023,264,Dianthus carthusianorum,no,y,no,,y,y,65,,
Halle,21.09.2023,264,Clematis integrifolia,no,no,no,,y,y,10,,
Halle,21.09.2023,264,Clematis recta,no,no,no,,y,y,10,,
Halle,21.09.2023,264,Anemone sylvestris,no,no,no,,no,y,80,,
Halle,21.09.2023,264,Pulsatilla vulgaris,no,no,no,,no,no,,,
Halle,21.09.2023,264,Armoracia rusticana,no,no,no,,no,y,45,,
Halle,21.09.2023,264,Bunias orientalis,no,y,no,,no,y,60,,
Halle,21.09.2023,264,Geum rivale,no,y,no,,no,y,15,,
Halle,21.09.2023,264,Alchemilla vulgaris,no,y,y,40,y,y,10,,
Halle,21.09.2023,264,Securigera varia,no,y,no,,y,y,10,,
Halle,21.09.2023,264,Amorpha canescens,no,no,no,,y,y,35,,
Halle,21.09.2023,264,Lotus corniculatus,no,y,no,,y,y,20,,
Halle,21.09.2023,264,Galega officinalis,no,y,no,,y,y,35,,
Halle,21.09.2023,264,Saxifraga paniculata,no,y,no,,no,y,15,,
Halle,21.09.2023,264,Medicago falcata,no,y,y,5,y,y,15,,
Halle,21.09.2023,264,Genista tinctoria,no,y,no,,no,y,20,,
Halle,21.09.2023,264,Sedum spurium,no,y,no,,y,y,15,,
Halle,21.09.2023,264,Paeonia officinalis,no,no,no,,no,no,,,
Halle,21.09.2023,264,Paeonia daurica subsp. tomentosa,no,no,no,,y,y,100,,
Halle,21.09.2023,264,Paeonia delavayi,no,no,no,,no,y,40,,
Halle,21.09.2023,264,Veratrum album,no,no,no,,m,y,100,,
Halle,21.09.2023,264,Primula veris,no,y,no,,no,y,25,,
Halle,21.09.2023,264,Mentha longifolia,no,y,no,,y,y,40,,
Halle,21.09.2023,264,Solanum dulcamara,no,y,no,,y,y,25,,
Halle,21.09.2023,264,Gratiola officinalis,no,y,no,,no,y,20,,
Halle,21.09.2023,264,Centranthus ruber,no,y,y,15,y,y,5,,
Halle,21.09.2023,264,Tussilago farfara,no,no,no,,no,y,45,,
Halle,21.09.2023,264,Campanula rotundifolia,no,y,no,,y,y,25,,
Halle,21.09.2023,264,Plantago lanceolata,no,y,no,,y,y,20,,
Halle,21.09.2023,264,Leucanthemum vulgare,no,y,no,,y,y,55,,
Halle,21.09.2023,264,Prunella grandiflora,no,y,y,10,y,y,15,,
Halle,21.09.2023,264,Leonurus cardiaca,no,y,no,,y,y,45,,
Halle,21.09.2023,264,Atropa belladonna,no,y,no,,y,y,75,,
Halle,21.09.2023,264,Scopolia carniolica,no,no,no,,no,no,,,
Halle,21.09.2023,264,Vinca minor,no,no,no,,no,y,5,,
Halle,21.09.2023,264,Conium maculatum,no,no,no,,no,no,,,
Halle,21.09.2023,264,Humulus lupulus,no,no,no,,no,y,30,,
Halle,21.09.2023,264,Chelidonium majus,no,y,y,5,no,y,30,,
Halle,21.09.2023,264,Aconitum lycoctonum,no,y,no,,y,y,50,,
Halle,21.09.2023,264,Viola odorata,no,y,no,,no,y,40,,
Halle,29.09.2023,272,Tanacetum vulgare,no,y,no,,y,y,80,,
Halle,29.09.2023,272,Veratrum nigrum,no,no,no,,y,y,45,,
Halle,29.09.2023,272,Salvia officinalis,no,y,no,,no,y,15,,
Halle,29.09.2023,272,Fuchsia magellanica,no,y,y,100,no,y,20,,
Halle,29.09.2023,272,Lamium album,no,y,no,,y,y,35,,
Halle,29.09.2023,272,Althaea officinalis,no,y,no,,y,y,60,,
Halle,29.09.2023,272,Ranunculus acris,no,y,no,,y,y,10,,
Halle,29.09.2023,272,Epilobium angustifolium,no,no,no,,no,y,90,,
Halle,29.09.2023,272,Angelica archangelica,no,no,no,,no,no,,,
Halle,29.09.2023,272,Geum urbanum,no,y,no,,y,y,60,,
Halle,29.09.2023,272,Glycyrrhiza glabra,no,y,no,,y,y,25,,
Halle,29.09.2023,272,Helleborus orientalis,no,no,no,,no,y,25,,
Halle,29.09.2023,272,Artemisia absinthium,no,no,no,,y,y,65,,
Halle,29.09.2023,272,Hypericum perforatum,no,y,no,,y,y,50,,
Halle,29.09.2023,272,Polygonum bistorta,no,y,no,,y,y,15,,
Halle,29.09.2023,272,Puschkinia scilloides,no,no,no,,no,no,,,
Halle,29.09.2023,272,Camassia cusickii,no,no,no,,no,no,,,
Halle,29.09.2023,272,Tulipa sylvestris,no,no,no,,no,no,,,
Halle,29.09.2023,272,Narcissus pseudonarcissus,no,no,no,,no,no,,,
Halle,29.09.2023,272,Dactylis glomerata,no,y,no,,no,y,35,,
Halle,29.09.2023,272,Allium schoenoprasum,no,y,no,,y,y,20,,
Halle,29.09.2023,272,Hemerocallis fulva,no,no,no,,no,y,55,,
Halle,29.09.2023,272,Achillea millefolium,no,y,no,,y,y,65,,
Halle,29.09.2023,272,Dictamnus albus,no,no,no,,no,y,15,,
Halle,29.09.2023,272,Eryngium maritimum,no,no,no,,y,y,75,,
Halle,29.09.2023,272,Eryngium campestre,no,no,no,,no,no,,,
Halle,29.09.2023,272,Silene vulgaris,no,y,y,5,y,y,50,,
Halle,29.09.2023,272,Lychnis flos-cucule,no,y,no,,y,y,60,,
Halle,29.09.2023,272,Silene viscaria,no,y,no,,no,y,5,,
Halle,29.09.2023,272,Dianthus deltoides,no,y,no,,no,y,45,,
Halle,29.09.2023,272,Saponaria officinalis,no,y,y,5,y,y,20,,
Halle,29.09.2023,272,Dianthus carthusianorum,no,y,no,,y,y,70,,
Halle,29.09.2023,272,Clematis integrifolia,no,no,no,,y,y,15,,
Halle,29.09.2023,272,Clematis recta,no,no,no,,y,y,15,,
Halle,29.09.2023,272,Anemone sylvestris,no,no,no,,no,y,80,,
Halle,29.09.2023,272,Pulsatilla vulgaris,no,no,no,,no,no,,,
Halle,29.09.2023,272,Armoracia rusticana,no,no,no,,no,y,45,,
Halle,29.09.2023,272,Atropa belladonna,no,y,no,,y,y,80,,
Halle,29.09.2023,272,Scopolia carniolica,no,no,no,,no,no,,,
Halle,29.09.2023,272,Vinca minor,no,no,no,,no,y,5,,
Halle,29.09.2023,272,Conium maculatum,no,no,no,,no,no,,,
Halle,29.09.2023,272,Humulus lupulus,no,no,no,,no,y,40,,
Halle,29.09.2023,272,Chelidonium majus,no,y,y,5,no,y,30,,
Halle,29.09.2023,272,Aconitum lycoctonum,no,y,no,,y,y,50,,
Halle,29.09.2023,272,Viola odorata,no,y,no,,no,y,40,,
Halle,29.09.2023,272,Arrhenatherum elatius,no,y,no,,no,y,75,,
Halle,29.09.2023,272,Bromus erectus,no,y,no,,no,y,25,,
Halle,29.09.2023,272,Bunias orientalis,no,y,no,,no,y,60,,
Halle,29.09.2023,272,Geum rivale,no,y,no,,no,y,15,,
Halle,29.09.2023,272,Alchemilla vulgaris,no,y,y,40,y,y,10,,
Halle,29.09.2023,272,Securigera varia,no,y,no,,y,y,10,,
Halle,29.09.2023,272,Amorpha canescens,no,no,no,,y,y,50,,
Halle,29.09.2023,272,Lotus corniculatus,no,y,no,,y,y,20,,
Halle,29.09.2023,272,Galega officinalis,no,y,no,,y,y,35,,
Halle,29.09.2023,272,Saxifraga paniculata,no,y,no,,no,y,15,,
Halle,29.09.2023,272,Medicago falcata,no,y,no,,y,y,35,,
Halle,29.09.2023,272,Genista tinctoria,no,y,no,,no,y,20,,
Halle,29.09.2023,272,Sedum spurium,no,y,no,,y,y,15,,
Halle,29.09.2023,272,Paeonia officinalis,no,no,no,,no,no,,,
Halle,29.09.2023,272,Paeonia daurica subsp. tomentosa,no,no,no,,no,no,,,
Halle,29.09.2023,272,Paeonia delavayi,no,no,no,,no,y,60,,
Halle,29.09.2023,272,Veratrum album,no,no,no,,no,no,,,
Halle,29.09.2023,272,Primula veris,no,y,no,,no,y,25,,
Halle,29.09.2023,272,Mentha longifolia,no,y,no,,y,y,45,,
Halle,29.09.2023,272,Solanum dulcamara,no,y,no,,y,y,25,,
Halle,29.09.2023,272,Gratiola officinalis,no,y,no,,no,y,35,,
Halle,29.09.2023,272,Centranthus ruber,no,y,y,15,y,y,5,,
Halle,29.09.2023,272,Tussilago farfara,no,no,no,,no,y,50,,
Halle,29.09.2023,272,Campanula rotundifolia,no,y,no,,y,y,35,,
Halle,29.09.2023,272,Plantago lanceolata,no,y,no,,y,y,20,,
Halle,29.09.2023,272,Leucanthemum vulgare,no,y,no,,y,y,60,,
Halle,29.09.2023,272,Prunella grandiflora,no,y,y,15,y,y,15,,
Halle,29.09.2023,272,Leonurus cardiaca,no,y,no,,y,y,45,,
Halle,10.10.2023,283,Fuchsia magellanica,no,y,y,100,no,y,20,,
Halle,10.10.2023,283,Lamium album,no,y,no,,y,y,5,cut partly,
Halle,10.10.2023,283,Hypericum perforatum,no,y,no,,y,y,50,,
Halle,10.10.2023,283,Polygonum bistorta,no,y,no,,y,y,15,,
Halle,10.10.2023,283,Puschkinia scilloides,no,no,no,,no,no,,,
Halle,10.10.2023,283,Camassia cusickii,no,no,no,,no,no,,,
Halle,10.10.2023,283,Tulipa sylvestris,no,no,no,,no,no,,,
Halle,10.10.2023,283,Narcissus pseudonarcissus,no,no,no,,no,no,,,
Halle,10.10.2023,283,Dactylis glomerata,no,y,no,,no,y,35,,
Halle,10.10.2023,283,Arrhenatherum elatius,no,y,no,,no,y,75,,
Halle,10.10.2023,283,Bromus erectus,no,y,no,,no,y,25,,
Halle,10.10.2023,283,Althaea officinalis,no,y,no,,y,y,60,,
Halle,10.10.2023,283,Ranunculus acris,no,y,no,,y,y,10,,
Halle,10.10.2023,283,Epilobium angustifolium,no,no,no,,no,y,90,,
Halle,10.10.2023,283,Angelica archangelica,no,no,no,,no,no,,,
Halle,10.10.2023,283,Geum urbanum,no,y,no,,y,y,60,,
Halle,10.10.2023,283,Glycyrrhiza glabra,no,y,no,,y,y,25,,
Halle,10.10.2023,283,Helleborus orientalis,no,no,no,,no,y,25,,
Halle,10.10.2023,283,Dictamnus albus,no,no,no,,no,y,15,,
Halle,10.10.2023,283,Eryngium maritimum,no,no,no,,y,y,85,,
Halle,10.10.2023,283,Eryngium campestre,no,no,no,,no,no,,,
Halle,10.10.2023,283,Silene vulgaris,no,y,y,5,y,y,55,,
Halle,10.10.2023,283,Lychnis flos-cucule,no,y,no,,y,y,60,,
Halle,10.10.2023,283,Silene viscaria,no,y,no,,no,y,5,,
Halle,10.10.2023,283,Dianthus deltoides,no,y,no,,no,y,45,,
Halle,10.10.2023,283,Saponaria officinalis,no,y,no,,y,y,35,,
Halle,10.10.2023,283,Dianthus carthusianorum,no,y,no,,no,y,50,cut partly,
Halle,10.10.2023,283,Clematis integrifolia,no,no,no,,y,y,15,,
Halle,10.10.2023,283,Clematis recta,no,no,no,,y,y,15,,
Halle,10.10.2023,283,Anemone sylvestris,no,no,no,,no,y,80,,
Halle,10.10.2023,283,Pulsatilla vulgaris,no,no,no,,no,no,,,
Halle,10.10.2023,283,Armoracia rusticana,no,no,no,,no,y,45,,
Halle,10.10.2023,283,Bunias orientalis,no,y,no,,no,y,60,,
Halle,10.10.2023,283,Geum rivale,no,y,no,,no,y,15,,
Halle,10.10.2023,283,Allium schoenoprasum,no,y,y,5,y,y,20,,
Halle,10.10.2023,283,Hemerocallis fulva,no,no,no,,no,y,55,,
Halle,10.10.2023,283,Achillea millefolium,no,y,no,,y,y,65,,
Halle,10.10.2023,283,Artemisia absinthium,no,no,no,,y,y,80,,
Halle,10.10.2023,283,Tanacetum vulgare,no,y,no,,y,y,80,,
Halle,10.10.2023,283,Veratrum nigrum,no,no,no,,y,y,45,,
Halle,10.10.2023,283,Salvia officinalis,no,y,no,,no,y,15,,
Halle,10.10.2023,283,Alchemilla vulgaris,no,y,y,40,y,y,10,,
Halle,10.10.2023,283,Securigera varia,no,y,no,,y,y,20,,
Halle,10.10.2023,283,Amorpha canescens,no,no,no,,y,y,90,,
Halle,10.10.2023,283,Lotus corniculatus,no,y,no,,y,y,20,,
Halle,10.10.2023,283,Galega officinalis,no,y,no,,y,y,35,,
Halle,10.10.2023,283,Saxifraga paniculata,no,y,no,,no,y,30,,
Halle,10.10.2023,283,Medicago falcata,no,y,no,,y,y,75,,
Halle,10.10.2023,283,Genista tinctoria,no,y,no,,no,y,25,,
Halle,10.10.2023,283,Sedum spurium,no,y,no,,y,y,20,,
Halle,10.10.2023,283,Paeonia officinalis,no,no,no,,no,no,,,
Halle,10.10.2023,283,Paeonia daurica subsp. tomentosa,no,no,no,,no,no,,,
Halle,10.10.2023,283,Paeonia delavayi,no,no,no,,no,y,65,,
Halle,10.10.2023,283,Veratrum album,no,no,no,,no,no,,,
Halle,10.10.2023,283,Primula veris,no,y,no,,no,y,25,,
Halle,10.10.2023,283,Mentha longifolia,no,y,no,,y,y,45,,
Halle,10.10.2023,283,Solanum dulcamara,no,no,no,,y,y,30,,
Halle,10.10.2023,283,Gratiola officinalis,no,no,no,,no,y,85,,
Halle,10.10.2023,283,Centranthus ruber,no,y,y,5,y,y,5,,
Halle,10.10.2023,283,Tussilago farfara,no,no,no,,no,y,60,,
Halle,10.10.2023,283,Campanula rotundifolia,no,y,no,,y,y,35,,
Halle,10.10.2023,283,Plantago lanceolata,no,y,no,,y,y,30,,
Halle,10.10.2023,283,Leucanthemum vulgare,no,y,no,,y,y,60,,
Halle,10.10.2023,283,Prunella grandiflora,no,y,no,,y,y,15,,
Halle,10.10.2023,283,Leonurus cardiaca,no,y,no,,y,y,45,,
Halle,10.10.2023,283,Atropa belladonna,no,y,no,,y,y,90,,
Halle,10.10.2023,283,Scopolia carniolica,no,no,no,,no,no,,,
Halle,10.10.2023,283,Vinca minor,no,no,no,,no,y,5,,
Halle,10.10.2023,283,Conium maculatum,no,no,no,,no,no,,,
Halle,10.10.2023,283,Humulus lupulus,no,no,no,,no,y,55,,
Halle,10.10.2023,283,Chelidonium majus,no,y,no,,no,y,30,,
Halle,10.10.2023,283,Aconitum lycoctonum,no,y,no,,y,y,60,,
Halle,10.10.2023,283,Viola odorata,no,y,no,,no,y,40,,
Halle,18.10.2023,291,Eryngium campestre,no,no,no,,no,no,,,
Halle,18.10.2023,291,Hypericum perforatum,no,y,no,,y,y,65,,
Halle,18.10.2023,291,Polygonum bistorta,no,y,no,,y,y,20,,
Halle,18.10.2023,291,Puschkinia scilloides,no,no,no,,no,no,,,
Halle,18.10.2023,291,Camassia cusickii,no,no,no,,no,no,,,
Halle,18.10.2023,291,Tulipa sylvestris,no,no,no,,no,no,,,
Halle,18.10.2023,291,Narcissus pseudonarcissus,no,no,no,,no,no,,,
Halle,18.10.2023,291,Dactylis glomerata,no,y,no,,no,y,35,,
Halle,18.10.2023,291,Arrhenatherum elatius,no,y,no,,no,y,75,,
Halle,18.10.2023,291,Bromus erectus,no,y,no,,no,y,25,,
Halle,18.10.2023,291,Allium schoenoprasum,no,y,y,5,y,y,20,,
Halle,18.10.2023,291,Hemerocallis fulva,no,no,no,,no,y,55,,
Halle,18.10.2023,291,Achillea millefolium,no,y,no,,y,y,65,,
Halle,18.10.2023,291,Artemisia absinthium,no,y,no,,y,y,80,,
Halle,18.10.2023,291,Tanacetum vulgare,no,y,no,,y,y,80,,
Halle,18.10.2023,291,Silene vulgaris,no,y,y,5,y,y,60,,
Halle,18.10.2023,291,Lychnis flos-cucule,no,y,no,,y,y,60,,
Halle,18.10.2023,291,Silene viscaria,no,y,no,,no,y,5,,
Halle,18.10.2023,291,Dianthus deltoides,no,y,no,,no,y,45,,
Halle,18.10.2023,291,Saponaria officinalis,no,y,no,,y,y,40,,
Halle,18.10.2023,291,Dianthus carthusianorum,no,y,no,,no,y,50,,
Halle,18.10.2023,291,Clematis integrifolia,no,no,no,,y,y,20,,
Halle,18.10.2023,291,Clematis recta,no,no,no,,y,y,15,,
Halle,18.10.2023,291,Anemone sylvestris,no,no,no,,no,y,80,,
Halle,18.10.2023,291,Pulsatilla vulgaris,no,no,no,,no,no,,,
Halle,18.10.2023,291,Armoracia rusticana,no,no,no,,no,y,55,,
Halle,18.10.2023,291,Veratrum nigrum,no,no,no,,y,y,60,,
Halle,18.10.2023,291,Salvia officinalis,no,y,no,,no,y,15,,
Halle,18.10.2023,291,Fuchsia magellanica,no,y,y,100,no,y,20,,
Halle,18.10.2023,291,Lamium album,no,y,no,,y,y,5,,
Halle,18.10.2023,291,Althaea officinalis,no,y,no,,y,y,60,,
Halle,18.10.2023,291,Ranunculus acris,no,y,no,,y,y,10,,
Halle,18.10.2023,291,Epilobium angustifolium,no,no,no,,no,y,90,,
Halle,18.10.2023,291,Angelica archangelica,no,no,no,,no,no,,,
Halle,18.10.2023,291,Geum urbanum,no,y,no,,y,y,60,,
Halle,18.10.2023,291,Glycyrrhiza glabra,no,y,no,,y,y,35,,
Halle,18.10.2023,291,Helleborus orientalis,no,y,no,,no,y,25,,
Halle,18.10.2023,291,Dictamnus albus,no,no,no,,no,y,15,,
Halle,18.10.2023,291,Eryngium maritimum,no,no,no,,y,y,90,,
Halle,18.10.2023,291,Paeonia daurica subsp. tomentosa,no,no,no,,no,no,,,
Halle,18.10.2023,291,Paeonia delavayi,no,no,no,,no,y,85,,
Halle,18.10.2023,291,Veratrum album,no,no,no,,no,no,,,
Halle,18.10.2023,291,Primula veris,no,y,no,,no,y,25,,
Halle,18.10.2023,291,Mentha longifolia,no,y,no,,y,y,45,,
Halle,18.10.2023,291,Solanum dulcamara,no,no,no,,y,y,40,,
Halle,18.10.2023,291,Gratiola officinalis,no,no,no,,no,y,95,,
Halle,18.10.2023,291,Centranthus ruber,no,y,no,,y,y,15,,
Halle,18.10.2023,291,Tussilago farfara,no,no,no,,no,y,65,,
Halle,18.10.2023,291,Campanula rotundifolia,no,y,no,,y,y,50,,
Halle,18.10.2023,291,Plantago lanceolata,no,y,no,,y,y,50,,
Halle,18.10.2023,291,Bunias orientalis,no,y,no,,no,y,60,,
Halle,18.10.2023,291,Geum rivale,no,y,no,,no,y,15,,
Halle,18.10.2023,291,Alchemilla vulgaris,no,y,y,40,y,y,10,,
Halle,18.10.2023,291,Securigera varia,no,y,no,,y,y,30,,
Halle,18.10.2023,291,Amorpha canescens,no,no,no,,y,y,95,,
Halle,18.10.2023,291,Lotus corniculatus,no,y,no,,y,y,20,,
Halle,18.10.2023,291,Galega officinalis,no,y,no,,y,y,40,,
Halle,18.10.2023,291,Saxifraga paniculata,no,y,no,,no,y,70,,
Halle,18.10.2023,291,Medicago falcata,no,y,no,,y,y,75,,
Halle,18.10.2023,291,Genista tinctoria,no,y,no,,no,y,25,,
Halle,18.10.2023,291,Sedum spurium,no,y,no,,y,y,30,,
Halle,18.10.2023,291,Paeonia officinalis,no,no,no,,no,no,,,
Halle,18.10.2023,291,Leucanthemum vulgare,no,y,no,,y,y,60,,
Halle,18.10.2023,291,Prunella grandiflora,no,y,y,5,y,y,15,,
Halle,18.10.2023,291,Leonurus cardiaca,no,y,no,,y,y,45,,
Halle,18.10.2023,291,Atropa belladonna,no,no,no,,y,y,90,,
Halle,18.10.2023,291,Scopolia carniolica,no,no,no,,no,no,,,
Halle,18.10.2023,291,Vinca minor,no,no,no,,no,y,5,,
Halle,18.10.2023,291,Conium maculatum,no,no,no,,no,no,,,
Halle,18.10.2023,291,Humulus lupulus,no,no,no,,no,y,60,,
Halle,18.10.2023,291,Chelidonium majus,no,y,no,,no,y,30,,
Halle,18.10.2023,291,Aconitum lycoctonum,no,y,no,,y,y,70,,
Halle,18.10.2023,291,Viola odorata,no,y,no,,no,y,40,,
Halle,25.10.2023,298,Hypericum perforatum,no,y,no,,y,y,80,,
Halle,25.10.2023,298,Polygonum bistorta,no,y,no,,y,y,20,,
Halle,25.10.2023,298,Puschkinia scilloides,no,no,no,,no,no,,,
Halle,25.10.2023,298,Camassia cusickii,no,no,no,,no,no,,,
Halle,25.10.2023,298,Tulipa sylvestris,no,no,no,,no,no,,,
Halle,25.10.2023,298,Narcissus pseudonarcissus,no,no,no,,no,no,,,
Halle,25.10.2023,298,Dactylis glomerata,no,y,no,,no,y,35,,
Halle,25.10.2023,298,Arrhenatherum elatius,no,y,no,,no,y,75,,
Halle,25.10.2023,298,Bromus erectus,no,y,no,,no,y,25,,
Halle,25.10.2023,298,Allium schoenoprasum,no,y,no,,y,y,20,,
Halle,25.10.2023,298,Hemerocallis fulva,no,no,no,,no,y,55,,
Halle,25.10.2023,298,Achillea millefolium,no,y,no,,y,y,65,,
Halle,25.10.2023,298,Artemisia absinthium,no,y,no,,y,y,80,,
Halle,25.10.2023,298,Tanacetum vulgare,no,y,no,,y,y,80,,
Halle,25.10.2023,298,Veratrum nigrum,no,no,no,,y,y,80,,
Halle,25.10.2023,298,Salvia officinalis,no,y,no,,no,y,15,,
Halle,25.10.2023,298,Fuchsia magellanica,no,y,y,90,no,y,20,,
Halle,25.10.2023,298,Lamium album,no,y,no,,y,y,5,,
Halle,25.10.2023,298,Althaea officinalis,no,no,no,,no,y,100,cut total,
Halle,25.10.2023,298,Ranunculus acris,no,y,no,,y,y,5,,
Halle,25.10.2023,298,Epilobium angustifolium,no,no,no,,no,y,95,,
Halle,25.10.2023,298,Angelica archangelica,no,no,no,,no,no,,,
Halle,25.10.2023,298,Geum urbanum,no,y,no,,y,y,50,,
Halle,25.10.2023,298,Glycyrrhiza glabra,no,no,no,,no,y,100,cut total,
Halle,25.10.2023,298,Helleborus orientalis,no,y,no,,no,y,25,,
Halle,25.10.2023,298,Dictamnus albus,no,no,no,,no,y,15,,
Halle,25.10.2023,298,Eryngium maritimum,no,no,no,,y,y,90,,
Halle,25.10.2023,298,Eryngium campestre,no,no,no,,no,no,,,
Halle,25.10.2023,298,Silene vulgaris,no,y,y,5,y,y,65,,
Halle,25.10.2023,298,Lychnis flos-cucule,no,y,no,,y,y,60,,
Halle,25.10.2023,298,Silene viscaria,no,y,no,,no,y,5,,
Halle,25.10.2023,298,Dianthus deltoides,no,y,no,,no,y,45,,
Halle,25.10.2023,298,Saponaria officinalis,no,y,no,,y,y,50,,
Halle,25.10.2023,298,Dianthus carthusianorum,no,y,no,,no,y,50,,
Halle,25.10.2023,298,Clematis integrifolia,no,no,no,,y,y,40,,
Halle,25.10.2023,298,Clematis recta,no,no,no,,y,y,25,,
Halle,25.10.2023,298,Anemone sylvestris,no,no,no,,no,y,80,,
Halle,25.10.2023,298,Pulsatilla vulgaris,no,no,no,,no,no,,,
Halle,25.10.2023,298,Armoracia rusticana,no,no,no,,no,y,65,,
Halle,25.10.2023,298,Bunias orientalis,no,y,no,,no,y,60,,
Halle,25.10.2023,298,Geum rivale,no,y,no,,no,y,15,,
Halle,25.10.2023,298,Alchemilla vulgaris,no,y,y,40,y,y,10,,
Halle,25.10.2023,298,Securigera varia,no,y,no,,y,y,45,,
Halle,25.10.2023,298,Amorpha canescens,no,no,no,,y,y,100,,
Halle,25.10.2023,298,Lotus corniculatus,no,y,no,,y,y,35,,
Halle,25.10.2023,298,Galega officinalis,no,y,no,,y,y,45,,
Halle,25.10.2023,298,Saxifraga paniculata,no,y,no,,no,y,70,,
Halle,25.10.2023,298,Medicago falcata,no,no,no,,y,y,90,,
Halle,25.10.2023,298,Genista tinctoria,no,y,no,,no,y,40,,
Halle,25.10.2023,298,Sedum spurium,no,y,no,,y,y,40,,
Halle,25.10.2023,298,Paeonia officinalis,no,no,no,,no,no,,,
Halle,25.10.2023,298,Paeonia daurica subsp. tomentosa,no,no,no,,no,no,,,
Halle,25.10.2023,298,Paeonia delavayi,no,no,no,,y,y,85,,
Halle,25.10.2023,298,Veratrum album,no,no,no,,no,no,,,
Halle,25.10.2023,298,Primula veris,no,y,no,,no,y,25,,
Halle,25.10.2023,298,Mentha longifolia,no,y,no,,y,y,60,,
Halle,25.10.2023,298,Solanum dulcamara,no,no,no,,y,y,60,,
Halle,25.10.2023,298,Gratiola officinalis,no,no,no,,no,y,100,,
Halle,25.10.2023,298,Centranthus ruber,no,y,no,,y,y,30,cut partly,
Halle,25.10.2023,298,Tussilago farfara,no,no,no,,no,y,75,,
Halle,25.10.2023,298,Campanula rotundifolia,no,no,no,,y,y,65,,
Halle,25.10.2023,298,Plantago lanceolata,no,y,no,,y,y,50,,
Halle,25.10.2023,298,Leucanthemum vulgare,no,y,no,,y,y,70,,
Halle,25.10.2023,298,Prunella grandiflora,no,y,no,,y,y,20,,
Halle,25.10.2023,298,Leonurus cardiaca,no,y,no,,y,y,15,cut partly,
Halle,25.10.2023,298,Atropa belladonna,no,no,no,,no,y,90,,
Halle,25.10.2023,298,Scopolia carniolica,no,no,no,,no,no,,,
Halle,25.10.2023,298,Vinca minor,no,no,no,,no,y,5,,
Halle,25.10.2023,298,Conium maculatum,no,no,no,,no,no,,,
Halle,25.10.2023,298,Humulus lupulus,no,no,no,,no,y,60,,
Halle,25.10.2023,298,Chelidonium majus,no,y,no,,no,y,25,,
Halle,25.10.2023,298,Aconitum lycoctonum,no,no,no,,y,y,85,,
Halle,25.10.2023,298,Viola odorata,no,y,no,,no,y,45,,
Halle,02.11.2022,306,Hypericum olympicum,no,no,no,,no,y,95,,
Halle,02.11.2022,306,Silene coronaria,no,y,no,,no,y,10,,
Halle,02.11.2022,306,Allium ursinum,no,no,no,,no,no,,,
Halle,02.11.2022,306,Brunnera macrophylla,no,no,no,,no,y,20,,
Halle,02.11.2022,306,Doronicum pardalianches,no,no,no,,no,y,60,,
Halle,02.11.2022,306,Senecio nemorensis,no,no,no,,y,y,30,,
Halle,02.11.2022,306,Vincetoxicum hirundinaria,no,no,no,,no,no,,,
Halle,02.11.2022,306,Galium odoratum,no,no,no,,no,y,10,,
Halle,02.11.2022,306,Asphodelus albus,no,no,no,,no,no,,,
Halle,08.11.2022,312,Hypericum olympicum,no,no,no,,no,y,100,,
Halle,08.11.2022,312,Silene coronaria,no,y,no,,no,y,10,,
Halle,08.11.2022,312,Allium ursinum,no,no,no,,no,no,,,
Halle,08.11.2022,312,Brunnera macrophylla,no,no,no,,no,y,30,,
Halle,08.11.2022,312,Doronicum pardalianches,no,no,no,,no,y,60,,
Halle,08.11.2022,312,Senecio nemorensis,no,no,no,,y,y,50,,
Halle,08.11.2022,312,Vincetoxicum hirundinaria,no,no,no,,no,no,,,
Halle,08.11.2022,312,Galium odoratum,no,no,no,,no,y,10,,
Halle,08.11.2022,312,Asphodelus albus,no,no,no,,no,no,,,
Halle,15.11.2022,319,Hypericum olympicum,no,no,no,,no,no,,,
Halle,15.11.2022,319,Silene coronaria,no,y,no,,no,y,10,,
Halle,15.11.2022,319,Allium ursinum,no,no,no,,no,no,,,
Halle,15.11.2022,319,Brunnera macrophylla,no,no,no,,no,y,45,,
Halle,15.11.2022,319,Doronicum pardalianches,no,no,no,,no,y,60,,
Halle,15.11.2022,319,Senecio nemorensis,no,no,no,,y,y,55,,
Halle,15.11.2022,319,Vincetoxicum hirundinaria,no,no,no,,no,no,,,
Halle,15.11.2022,319,Galium odoratum,no,no,no,,no,y,20,,
Halle,15.11.2022,319,Asphodelus albus,no,no,no,,no,no,,,
Halle,22.11.2022,326,Hypericum olympicum,no,no,no,,no,no,,,
Halle,22.11.2022,326,Silene coronaria,no,y,no,,no,y,10,,
Halle,22.11.2022,326,Allium ursinum,no,no,no,,no,no,,,
Halle,22.11.2022,326,Brunnera macrophylla,no,no,no,,no,y,45,,
Halle,22.11.2022,326,Doronicum pardalianches,no,no,no,,no,y,5,cut total,
Halle,22.11.2022,326,Senecio nemorensis,no,no,no,,y,y,100,cut total,
Halle,22.11.2022,326,Vincetoxicum hirundinaria,no,no,no,,no,no,,,
Halle,22.11.2022,326,Galium odoratum,no,no,no,,no,y,25,,
Halle,22.11.2022,326,Asphodelus albus,no,no,no,,no,no,,,
Halle,21.12.2022,355,Hypericum olympicum,no,no,no,,no,no,,,
Halle,21.12.2022,355,Silene coronaria,no,y,no,,no,y,15,,
Halle,21.12.2022,355,Allium ursinum,no,no,no,,no,no,,,
Halle,21.12.2022,355,Brunnera macrophylla,no,no,no,,no,y,100,covered natural,
Halle,21.12.2022,355,Doronicum pardalianches,no,no,no,,no,y,5,covered natural,
Halle,21.12.2022,355,Senecio nemorensis,no,no,no,,y,y,100,,
Halle,21.12.2022,355,Vincetoxicum hirundinaria,no,no,no,,no,no,,,
Halle,21.12.2022,355,Galium odoratum,no,no,no,,no,y,95,covered natural,
Halle,21.12.2022,355,Asphodelus albus,no,no,no,,no,no,,,
Halle,06.01.2023,6,Hypericum olympicum,y,y,no,,no,no,,,
Halle,06.01.2023,6,Silene coronaria,no,y,no,,no,y,30,,
Halle,06.01.2023,6,Allium ursinum,no,no,no,,no,no,,,
Halle,06.01.2023,6,Brunnera macrophylla,no,no,no,,no,no,,,
Halle,06.01.2023,6,Doronicum pardalianches,no,no,no,,no,y,5,,
Halle,06.01.2023,6,Senecio nemorensis,no,no,no,,no,no,,,
Halle,06.01.2023,6,Vincetoxicum hirundinaria,no,no,no,,no,no,,,
Halle,06.01.2023,6,Galium odoratum,no,no,no,,no,y,100,covered natural,
Halle,06.01.2023,6,Asphodelus albus,no,no,no,,no,no,,,
Halle,10.01.2023,10,Allium ursinum,no,no,no,,no,no,,,
Halle,10.01.2023,10,Brunnera macrophylla,no,no,no,,no,no,,,
Halle,10.01.2023,10,Doronicum pardalianches,no,no,no,,no,y,5,,
Halle,10.01.2023,10,Senecio nemorensis,no,no,no,,no,no,,,
Halle,10.01.2023,10,Vincetoxicum hirundinaria,no,no,no,,no,no,,,
Halle,10.01.2023,10,Galium odoratum,no,no,no,,no,no,,covered natural,
Halle,10.01.2023,10,Asphodelus albus,no,no,no,,no,no,,,
Halle,10.01.2023,10,Hypericum olympicum,y,y,no,,no,no,,,
Halle,10.01.2023,10,Silene coronaria,no,y,no,,no,y,30,,
Halle,18.01.2023,18,Hypericum olympicum,no,y,no,,no,no,,,
Halle,18.01.2023,18,Silene coronaria,no,y,no,,no,y,30,,
Halle,18.01.2023,18,Allium ursinum,no,no,no,,no,no,,,
Halle,18.01.2023,18,Brunnera macrophylla,no,no,no,,no,no,,,
Halle,18.01.2023,18,Doronicum pardalianches,no,no,no,,no,y,5,,
Halle,18.01.2023,18,Senecio nemorensis,no,no,no,,no,no,,,
Halle,18.01.2023,18,Vincetoxicum hirundinaria,no,no,no,,no,no,,,
Halle,18.01.2023,18,Galium odoratum,no,no,no,,no,no,,,
Halle,18.01.2023,18,Asphodelus albus,no,no,no,,no,no,,,
Halle,25.01.2023,25,Hypericum olympicum,no,y,no,,no,no,,,
Halle,25.01.2023,25,Silene coronaria,no,y,no,,no,y,30,,
Halle,25.01.2023,25,Allium ursinum,no,no,no,,no,no,,,
Halle,25.01.2023,25,Brunnera macrophylla,no,no,no,,no,no,,,
Halle,25.01.2023,25,Doronicum pardalianches,y,y,no,,no,no,,,
Halle,25.01.2023,25,Senecio nemorensis,no,no,no,,no,no,,,
Halle,25.01.2023,25,Vincetoxicum hirundinaria,no,no,no,,no,no,,,
Halle,25.01.2023,25,Galium odoratum,no,no,no,,no,no,,,
Halle,25.01.2023,25,Asphodelus albus,no,no,no,,no,no,,,
Halle,07.02.2023,38,Hypericum olympicum,no,y,no,,no,no,,,
Halle,07.02.2023,38,Silene coronaria,no,y,no,,no,y,30,,
Halle,07.02.2023,38,Allium ursinum,no,no,no,,no,no,,,
Halle,07.02.2023,38,Brunnera macrophylla,no,no,no,,no,no,,,
Halle,07.02.2023,38,Doronicum pardalianches,no,y,no,,no,no,,,
Halle,07.02.2023,38,Senecio nemorensis,no,no,no,,no,no,,,
Halle,07.02.2023,38,Vincetoxicum hirundinaria,no,no,no,,no,no,,,
Halle,07.02.2023,38,Galium odoratum,no,no,no,,no,no,,,
Halle,07.02.2023,38,Asphodelus albus,no,no,no,,no,no,,,
Halle,16.02.2023,47,Hypericum olympicum,no,y,no,,no,no,,,
Halle,16.02.2023,47,Silene coronaria,no,y,no,,no,y,30,,
Halle,16.02.2023,47,Allium ursinum,y,y,no,,no,no,,,
Halle,16.02.2023,47,Brunnera macrophylla,no,no,no,,no,no,,,
Halle,16.02.2023,47,Doronicum pardalianches,no,y,no,,no,no,,,
Halle,16.02.2023,47,Senecio nemorensis,no,no,no,,no,no,,,
Halle,16.02.2023,47,Vincetoxicum hirundinaria,no,no,no,,no,no,,,
Halle,16.02.2023,47,Galium odoratum,no,no,no,,no,no,,,
Halle,16.02.2023,47,Asphodelus albus,no,no,no,,no,no,,,
Halle,28.02.2023,59,Hypericum olympicum,no,y,no,,no,no,,,
Halle,28.02.2023,59,Silene coronaria,no,y,no,,no,y,30,,
Halle,28.02.2023,59,Allium ursinum,no,y,no,,no,no,,,
Halle,28.02.2023,59,Brunnera macrophylla,no,no,no,,no,no,,,
Halle,28.02.2023,59,Doronicum pardalianches,no,y,no,,no,no,,,
Halle,28.02.2023,59,Senecio nemorensis,no,no,no,,no,no,,,
Halle,28.02.2023,59,Vincetoxicum hirundinaria,no,no,no,,no,no,,,
Halle,28.02.2023,59,Galium odoratum,y,y,no,,no,no,,,
Halle,28.02.2023,59,Asphodelus albus,y,y,no,,no,no,,,
Halle,10.03.2023,69,Hypericum olympicum,no,y,no,,no,no,,,
Halle,10.03.2023,69,Silene coronaria,no,y,no,,no,no,,cut partly,
Halle,10.03.2023,69,Allium ursinum,no,y,no,,no,no,,,
Halle,10.03.2023,69,Brunnera macrophylla,no,no,no,,no,no,,,
Halle,10.03.2023,69,Doronicum pardalianches,no,y,no,,no,no,,,
Halle,10.03.2023,69,Senecio nemorensis,no,no,no,,no,no,,,
Halle,10.03.2023,69,Vincetoxicum hirundinaria,no,no,no,,no,no,,,
Halle,10.03.2023,69,Galium odoratum,no,y,no,,no,no,,,
Halle,10.03.2023,69,Asphodelus albus,no,y,no,,no,no,,,
Halle,16.03.2023,75,Hypericum olympicum,no,y,no,,no,no,,,
Halle,16.03.2023,75,Silene coronaria,no,y,no,,no,no,,,
Halle,16.03.2023,75,Allium ursinum,no,y,no,,no,no,,,
Halle,16.03.2023,75,Brunnera macrophylla,no,no,no,,no,no,,,
Halle,16.03.2023,75,Doronicum pardalianches,no,y,no,,no,no,,,
Halle,16.03.2023,75,Senecio nemorensis,no,no,no,,no,no,,,
Halle,16.03.2023,75,Vincetoxicum hirundinaria,no,no,no,,no,no,,,
Halle,16.03.2023,75,Galium odoratum,no,y,no,,no,no,,,
Halle,16.03.2023,75,Asphodelus albus,no,y,no,,no,no,,,
Halle,24.03.2023,83,Hypericum olympicum,no,y,no,,no,no,,,
Halle,24.03.2023,83,Silene coronaria,no,y,no,,no,no,,,
Halle,24.03.2023,83,Allium ursinum,no,y,no,,no,no,,,
Halle,24.03.2023,83,Brunnera macrophylla,no,no,no,,no,no,,,
Halle,24.03.2023,83,Doronicum pardalianches,no,y,no,,no,no,,,
Halle,24.03.2023,83,Senecio nemorensis,y,y,no,,no,no,,,
Halle,24.03.2023,83,Vincetoxicum hirundinaria,no,no,no,,no,no,,,
Halle,24.03.2023,83,Galium odoratum,no,y,no,,no,no,,,
Halle,24.03.2023,83,Asphodelus albus,no,y,no,,no,no,,,
Halle,28.03.2023,87,Hypericum olympicum,no,y,no,,no,no,,,
Halle,28.03.2023,87,Silene coronaria,no,y,no,,no,no,,,
Halle,28.03.2023,87,Allium ursinum,no,y,no,,no,no,,,
Halle,28.03.2023,87,Brunnera macrophylla,no,no,no,,no,no,,,
Halle,28.03.2023,87,Doronicum pardalianches,no,y,no,,no,no,,,
Halle,28.03.2023,87,Senecio nemorensis,no,y,no,,no,no,,,
Halle,28.03.2023,87,Vincetoxicum hirundinaria,no,no,no,,no,no,,,
Halle,28.03.2023,87,Galium odoratum,no,y,no,,no,no,,,
Halle,28.03.2023,87,Asphodelus albus,no,y,no,,no,no,,,
Halle,03.04.2023,93,Hypericum olympicum,no,y,no,,no,no,,,
Halle,03.04.2023,93,Silene coronaria,no,y,no,,no,no,,,
Halle,03.04.2023,93,Allium ursinum,no,y,no,,no,no,,,
Halle,03.04.2023,93,Brunnera macrophylla,no,y,y,10,no,no,,,Plant not previously identified as Brunnera
Halle,03.04.2023,93,Doronicum pardalianches,no,y,no,,no,no,,,
Halle,03.04.2023,93,Senecio nemorensis,no,y,no,,no,no,,,
Halle,03.04.2023,93,Vincetoxicum hirundinaria,no,no,no,,no,no,,,
Halle,03.04.2023,93,Galium odoratum,no,y,no,,no,no,,,
Halle,03.04.2023,93,Asphodelus albus,no,y,no,,no,no,,,
Halle,14.04.2023,104,Hypericum olympicum,no,y,no,,no,no,,,
Halle,14.04.2023,104,Silene coronaria,no,y,no,,no,no,,,
Halle,14.04.2023,104,Allium ursinum,no,y,no,,no,no,,,flower buds
Halle,14.04.2023,104,Brunnera macrophylla,no,y,y,95,no,no,,,
Halle,14.04.2023,104,Doronicum pardalianches,no,y,no,,no,no,,,
Halle,14.04.2023,104,Senecio nemorensis,no,y,no,,no,no,,,
Halle,14.04.2023,104,Vincetoxicum hirundinaria,y,y,no,,no,no,,,
Halle,14.04.2023,104,Galium odoratum,no,y,no,,no,no,,,
Halle,14.04.2023,104,Asphodelus albus,no,y,no,,no,no,,,
Halle,24.04.2023,114,Hypericum olympicum,no,y,no,,no,no,,,
Halle,24.04.2023,114,Silene coronaria,no,y,no,,no,no,,,
Halle,24.04.2023,114,Allium ursinum,no,no,y,5,no,y,5,,
Halle,24.04.2023,114,Brunnera macrophylla,no,y,y,95,no,no,,,
Halle,24.04.2023,114,Doronicum pardalianches,no,y,no,,no,no,,,
Halle,24.04.2023,114,Senecio nemorensis,no,y,no,,no,no,,,
Halle,24.04.2023,114,Vincetoxicum hirundinaria,no,y,no,,no,no,,,
Halle,24.04.2023,114,Galium odoratum,no,y,y,5,no,no,,,
Halle,24.04.2023,114,Asphodelus albus,no,y,no,,no,no,,,flower buds
Halle,04.05.2023,124,Hypericum olympicum,no,y,no,,no,no,,,
Halle,04.05.2023,124,Silene coronaria,no,y,no,,no,no,,,
Halle,04.05.2023,124,Allium ursinum,no,no,y,95,no,y,10,,
Halle,04.05.2023,124,Brunnera macrophylla,no,y,y,95,no,no,,,
Halle,04.05.2023,124,Doronicum pardalianches,no,y,y,5,no,no,,,
Halle,04.05.2023,124,Senecio nemorensis,no,y,no,,no,no,,,
Halle,04.05.2023,124,Vincetoxicum hirundinaria,no,y,no,,no,no,,,
Halle,04.05.2023,124,Galium odoratum,no,no,y,15,no,no,,,
Halle,04.05.2023,124,Asphodelus albus,no,no,no,,no,no,,,flower buds
Halle,12.05.2023,132,Hypericum olympicum,no,y,no,,no,no,,,
Halle,12.05.2023,132,Silene coronaria,no,y,no,,no,no,,,
Halle,12.05.2023,132,Allium ursinum,no,no,y,90,no,y,20,,
Halle,12.05.2023,132,Brunnera macrophylla,no,no,y,65,no,no,,,
Halle,12.05.2023,132,Doronicum pardalianches,no,y,y,80,no,no,,,
Halle,12.05.2023,132,Senecio nemorensis,no,y,no,,no,no,,,
Halle,12.05.2023,132,Vincetoxicum hirundinaria,no,y,no,,no,no,,,
Halle,12.05.2023,132,Galium odoratum,no,no,y,95,no,no,,,
Halle,12.05.2023,132,Asphodelus albus,no,no,y,60,no,no,,,
Halle,16.05.2023,136,Doronicum pardalianches,no,y,y,95,no,no,,,
Halle,16.05.2023,136,Senecio nemorensis,no,y,no,,no,no,,,
Halle,16.05.2023,136,Hypericum olympicum,no,y,no,,no,no,,,
Halle,16.05.2023,136,Silene coronaria,no,y,no,,no,no,,,
Halle,16.05.2023,136,Allium ursinum,no,no,y,100,no,y,20,,
Halle,16.05.2023,136,Brunnera macrophylla,no,no,y,65,no,no,,,
Halle,16.05.2023,136,Vincetoxicum hirundinaria,no,y,no,,no,no,,,
Halle,16.05.2023,136,Galium odoratum,no,no,y,100,no,no,,,
Halle,16.05.2023,136,Asphodelus albus,no,no,y,60,no,no,,,
Halle,26.05.2023,146,Hypericum olympicum,no,y,no,,no,no,,,
Halle,26.05.2023,146,Silene coronaria,no,y,no,,no,no,,,
Halle,26.05.2023,146,Allium ursinum,no,no,no,,no,y,30,,
Halle,26.05.2023,146,Brunnera macrophylla,no,no,no,,no,no,,,
Halle,26.05.2023,146,Doronicum pardalianches,no,y,y,85,no,no,,,
Halle,26.05.2023,146,Senecio nemorensis,no,y,no,,no,no,,,
Halle,26.05.2023,146,Vincetoxicum hirundinaria,no,y,y,20,no,no,,,
Halle,26.05.2023,146,Galium odoratum,no,no,y,30,no,no,,,
Halle,26.05.2023,146,Asphodelus albus,no,no,no,,no,no,,,
Halle,31.05.2023,151,Hypericum olympicum,no,y,no,,no,no,,,
Halle,31.05.2023,151,Silene coronaria,no,y,no,,no,no,,,
Halle,31.05.2023,151,Allium ursinum,no,no,no,,no,y,45,,
Halle,31.05.2023,151,Brunnera macrophylla,no,no,no,,no,no,,,
Halle,31.05.2023,151,Doronicum pardalianches,no,y,y,70,no,no,,,
Halle,31.05.2023,151,Senecio nemorensis,no,y,no,,no,no,,,
Halle,31.05.2023,151,Vincetoxicum hirundinaria,no,y,y,15,no,no,,,
Halle,31.05.2023,151,Galium odoratum,no,no,y,10,no,no,,,
Halle,31.05.2023,151,Asphodelus albus,no,no,no,,no,no,,,
Halle,05.06.2023,156,Hypericum olympicum,no,y,y,15,no,no,,,
Halle,05.06.2023,156,Silene coronaria,no,y,no,,no,y,30,,dry damage
Halle,05.06.2023,156,Allium ursinum,no,no,no,,no,y,45,,
Halle,05.06.2023,156,Brunnera macrophylla,no,no,no,,u,no,,,
Halle,05.06.2023,156,Doronicum pardalianches,no,y,y,60,no,no,,,
Halle,05.06.2023,156,Senecio nemorensis,no,y,no,,no,y,5,,
Halle,05.06.2023,156,Vincetoxicum hirundinaria,no,y,y,70,no,no,,,
Halle,05.06.2023,156,Galium odoratum,no,no,y,5,no,no,,,
Halle,05.06.2023,156,Asphodelus albus,no,no,no,,no,no,,,
Halle,14.06.2023,165,Hypericum olympicum,no,y,y,55,no,no,,,
Halle,14.06.2023,165,Silene coronaria,no,y,y,100,no,y,30,,dry damage
Halle,14.06.2023,165,Allium ursinum,no,no,no,,y,y,90,,
Halle,14.06.2023,165,Brunnera macrophylla,no,y,no,,u,no,,,
Halle,14.06.2023,165,Doronicum pardalianches,no,no,y,5,no,no,,,
Halle,14.06.2023,165,Senecio nemorensis,no,y,no,,no,y,5,,
Halle,14.06.2023,165,Vincetoxicum hirundinaria,no,y,y,65,no,no,,,
Halle,14.06.2023,165,Galium odoratum,no,no,y,5,y,no,,,
Halle,14.06.2023,165,Asphodelus albus,no,no,no,,no,y,30,,
Halle,26.06.2023,177,Hypericum olympicum,no,y,y,10,no,no,,,
Halle,26.06.2023,177,Silene coronaria,no,y,y,100,no,y,30,,dry damage
Halle,26.06.2023,177,Allium ursinum,no,no,no,,no,y,100,,
Halle,26.06.2023,177,Brunnera macrophylla,no,no,no,,no,no,,,
Halle,26.06.2023,177,Doronicum pardalianches,no,no,no,,no,no,,,
Halle,26.06.2023,177,Senecio nemorensis,no,y,no,,no,y,5,,
Halle,26.06.2023,177,Vincetoxicum hirundinaria,no,y,y,90,no,no,,,
Halle,26.06.2023,177,Galium odoratum,no,no,no,,y,y,5,,
Halle,26.06.2023,177,Asphodelus albus,no,no,no,,no,y,45,,
Halle,07.07.2023,188,Hypericum olympicum,no,y,y,80,no,no,,,
Halle,07.07.2023,188,Silene coronaria,no,y,y,20,no,y,35,,
Halle,07.07.2023,188,Allium ursinum,no,no,no,,no,no,,,
Halle,07.07.2023,188,Brunnera macrophylla,no,no,no,,no,no,,,
Halle,07.07.2023,188,Doronicum pardalianches,no,no,no,,no,no,,,
Halle,07.07.2023,188,Senecio nemorensis,no,y,no,,no,y,5,,
Halle,07.07.2023,188,Vincetoxicum hirundinaria,no,y,y,95,no,no,,,
Halle,07.07.2023,188,Galium odoratum,no,no,no,,y,y,10,,
Halle,07.07.2023,188,Asphodelus albus,no,no,no,,y,y,55,,
Halle,12.07.2023,193,Hypericum olympicum,no,y,y,50,no,no,,,
Halle,12.07.2023,193,Silene coronaria,no,y,no,,no,y,40,,
Halle,12.07.2023,193,Allium ursinum,no,no,no,,no,no,,,
Halle,12.07.2023,193,Brunnera macrophylla,no,no,no,,no,no,,,
Halle,12.07.2023,193,Doronicum pardalianches,no,no,no,,no,y,5,,
Halle,12.07.2023,193,Senecio nemorensis,no,y,no,,no,y,5,,
Halle,12.07.2023,193,Vincetoxicum hirundinaria,no,y,y,95,no,no,,,
Halle,12.07.2023,193,Galium odoratum,no,no,no,,y,y,10,,
Halle,12.07.2023,193,Asphodelus albus,no,no,no,,y,y,65,,
Halle,21.07.2023,202,Silene coronaria,no,y,no,,y,y,45,,
Halle,21.07.2023,202,Allium ursinum,no,no,no,,no,no,,,
Halle,21.07.2023,202,Brunnera macrophylla,no,no,no,,no,no,,,
Halle,21.07.2023,202,Doronicum pardalianches,no,no,no,,u,y,5,,
Halle,21.07.2023,202,Senecio nemorensis,no,y,no,,no,y,5,,
Halle,21.07.2023,202,Vincetoxicum hirundinaria,no,y,y,90,no,no,,,
Halle,21.07.2023,202,Galium odoratum,no,no,no,,y,y,10,,
Halle,21.07.2023,202,Asphodelus albus,no,no,no,,y,y,65,,
Halle,21.07.2023,202,Hypericum olympicum,no,y,y,15,no,y,5,,
Halle,26.07.2023,207,Hypericum olympicum,no,y,y,5,y,y,5,,
Halle,26.07.2023,207,Silene coronaria,no,y,no,,y,y,50,,
Halle,26.07.2023,207,Allium ursinum,no,no,no,,no,no,,,
Halle,26.07.2023,207,Brunnera macrophylla,no,no,no,,no,no,,,
Halle,26.07.2023,207,Doronicum pardalianches,no,no,no,,u,y,5,,
Halle,26.07.2023,207,Senecio nemorensis,no,y,no,,no,y,5,,
Halle,26.07.2023,207,Vincetoxicum hirundinaria,no,y,y,90,no,no,,,
Halle,26.07.2023,207,Galium odoratum,no,no,no,,y,y,10,,
Halle,26.07.2023,207,Asphodelus albus,no,no,no,,y,y,65,,
Halle,04.08.2023,216,Hypericum olympicum,no,y,no,,y,y,5,,
Halle,04.08.2023,216,Silene coronaria,no,y,no,,y,y,50,,
Halle,04.08.2023,216,Allium ursinum,no,no,no,,no,no,,,
Halle,04.08.2023,216,Brunnera macrophylla,no,y,no,,no,no,,,
Halle,04.08.2023,216,Doronicum pardalianches,no,no,no,,u,y,10,,
Halle,04.08.2023,216,Senecio nemorensis,no,y,y,65,no,y,5,,
Halle,04.08.2023,216,Vincetoxicum hirundinaria,no,y,y,75,no,no,,,
Halle,04.08.2023,216,Galium odoratum,no,y,no,,y,y,10,,
Halle,04.08.2023,216,Asphodelus albus,no,no,no,,y,y,75,,
Halle,09.08.2023,221,Hypericum olympicum,no,y,no,,y,y,10,,
Halle,09.08.2023,221,Silene coronaria,no,y,no,,y,y,50,,
Halle,09.08.2023,221,Allium ursinum,no,no,no,,no,no,,,
Halle,09.08.2023,221,Brunnera macrophylla,no,y,no,,no,no,,,
Halle,09.08.2023,221,Doronicum pardalianches,no,no,no,,no,y,15,,
Halle,09.08.2023,221,Senecio nemorensis,no,no,y,100,no,y,5,,
Halle,09.08.2023,221,Vincetoxicum hirundinaria,no,y,y,70,no,y,5,,
Halle,09.08.2023,221,Galium odoratum,no,y,no,,y,y,10,,
Halle,09.08.2023,221,Asphodelus albus,no,no,no,,y,y,80,,
Halle,16.08.2023,228,Hypericum olympicum,no,y,no,,y,y,10,,
Halle,16.08.2023,228,Silene coronaria,no,y,no,,y,y,50,,
Halle,16.08.2023,228,Allium ursinum,no,no,no,,no,no,,,
Halle,16.08.2023,228,Brunnera macrophylla,no,y,no,,no,no,,,
Halle,16.08.2023,228,Doronicum pardalianches,no,no,no,,no,y,15,,
Halle,16.08.2023,228,Senecio nemorensis,no,no,y,95,no,y,5,,
Halle,16.08.2023,228,Vincetoxicum hirundinaria,no,no,y,50,no,y,5,,
Halle,16.08.2023,228,Galium odoratum,no,y,no,,y,y,5,,
Halle,16.08.2023,228,Asphodelus albus,no,no,no,,y,y,90,,
Halle,25.08.2023,237,Hypericum olympicum,no,y,y,5,y,y,10,,
Halle,25.08.2023,237,Silene coronaria,no,y,no,,y,y,50,,
Halle,25.08.2023,237,Allium ursinum,no,no,no,,no,no,,,
Halle,25.08.2023,237,Brunnera macrophylla,no,y,no,,no,no,,,
Halle,25.08.2023,237,Doronicum pardalianches,no,no,no,,no,y,35,,
Halle,25.08.2023,237,Senecio nemorensis,no,no,y,30,no,y,5,,
Halle,25.08.2023,237,Vincetoxicum hirundinaria,no,no,y,15,no,y,5,,
Halle,25.08.2023,237,Galium odoratum,no,y,no,,y,y,5,,
Halle,25.08.2023,237,Asphodelus albus,no,no,no,,y,y,100,,
Halle,30.08.2023,242,Brunnera macrophylla,no,y,no,,no,no,,,
Halle,30.08.2023,242,Doronicum pardalianches,no,no,no,,no,y,40,,
Halle,30.08.2023,242,Hypericum olympicum,no,y,y,5,y,y,10,,
Halle,30.08.2023,242,Silene coronaria,no,y,y,5,y,y,50,,
Halle,30.08.2023,242,Allium ursinum,no,no,no,,no,no,,,
Halle,30.08.2023,242,Senecio nemorensis,no,no,y,10,y,y,10,,
Halle,30.08.2023,242,Vincetoxicum hirundinaria,no,no,y,10,no,y,5,,
Halle,30.08.2023,242,Galium odoratum,no,y,no,,y,y,5,,
Halle,30.08.2023,242,Asphodelus albus,no,no,no,,no,no,,,
Halle,07.09.2023,250,Hypericum olympicum,no,y,y,5,y,y,15,,
Halle,07.09.2023,250,Silene coronaria,no,y,y,5,y,y,50,,
Halle,07.09.2023,250,Allium ursinum,no,no,no,,no,no,,,
Halle,07.09.2023,250,Brunnera macrophylla,no,y,no,,no,no,,,
Halle,07.09.2023,250,Doronicum pardalianches,no,no,no,,no,y,40,,
Halle,07.09.2023,250,Senecio nemorensis,no,no,no,,y,y,10,,
Halle,07.09.2023,250,Vincetoxicum hirundinaria,no,no,y,5,no,y,10,,
Halle,07.09.2023,250,Galium odoratum,no,y,no,,y,y,5,,
Halle,07.09.2023,250,Asphodelus albus,no,no,no,,no,no,,,
Halle,13.09.2023,256,Hypericum olympicum,no,y,y,5,y,y,15,,
Halle,13.09.2023,256,Silene coronaria,no,y,no,,y,y,50,,
Halle,13.09.2023,256,Allium ursinum,no,no,no,,no,no,,,
Halle,13.09.2023,256,Brunnera macrophylla,no,no,no,,no,no,,,
Halle,13.09.2023,256,Doronicum pardalianches,no,no,no,,no,y,45,,
Halle,13.09.2023,256,Senecio nemorensis,no,no,no,,y,y,10,,
Halle,13.09.2023,256,Vincetoxicum hirundinaria,no,no,y,5,no,y,10,,
Halle,13.09.2023,256,Galium odoratum,no,y,no,,y,y,5,,
Halle,13.09.2023,256,Asphodelus albus,no,no,no,,no,no,,,
Halle,21.09.2023,264,Hypericum olympicum,no,y,y,5,y,y,15,,
Halle,21.09.2023,264,Silene coronaria,no,y,no,,y,y,50,,
Halle,21.09.2023,264,Allium ursinum,no,no,no,,no,no,,,
Halle,21.09.2023,264,Brunnera macrophylla,no,no,no,,no,no,,,
Halle,21.09.2023,264,Doronicum pardalianches,no,no,no,,no,y,45,,
Halle,21.09.2023,264,Senecio nemorensis,no,no,no,,y,y,15,,
Halle,21.09.2023,264,Vincetoxicum hirundinaria,no,no,no,,no,y,15,,
Halle,21.09.2023,264,Galium odoratum,no,y,no,,y,y,10,,
Halle,21.09.2023,264,Asphodelus albus,no,no,no,,no,no,,,
Halle,29.09.2023,272,Hypericum olympicum,no,y,no,,y,y,15,,
Halle,29.09.2023,272,Silene coronaria,no,y,no,,y,y,50,,
Halle,29.09.2023,272,Allium ursinum,no,no,no,,no,no,,,
Halle,29.09.2023,272,Brunnera macrophylla,no,no,no,,no,y,5,,
Halle,29.09.2023,272,Doronicum pardalianches,no,no,no,,no,y,45,,
Halle,29.09.2023,272,Senecio nemorensis,no,no,no,,y,y,15,,
Halle,29.09.2023,272,Vincetoxicum hirundinaria,no,no,no,,y,y,15,,
Halle,29.09.2023,272,Galium odoratum,no,y,no,,y,y,10,,
Halle,29.09.2023,272,Asphodelus albus,no,no,no,,no,no,,,
Halle,10.10.2023,283,Hypericum olympicum,no,y,y,5,y,y,15,,
Halle,10.10.2023,283,Silene coronaria,no,y,no,,y,y,50,,
Halle,10.10.2023,283,Allium ursinum,no,no,no,,no,no,,,
Halle,10.10.2023,283,Brunnera macrophylla,no,no,no,,no,y,5,,
Halle,10.10.2023,283,Doronicum pardalianches,no,no,no,,no,y,45,,
Halle,10.10.2023,283,Senecio nemorensis,no,no,no,,y,y,20,,
Halle,10.10.2023,283,Vincetoxicum hirundinaria,no,no,no,,y,y,20,,
Halle,10.10.2023,283,Galium odoratum,no,y,no,,y,y,10,,
Halle,10.10.2023,283,Asphodelus albus,no,no,no,,no,no,,,
Halle,18.10.2023,291,Hypericum olympicum,no,y,no,,y,y,15,,
Halle,18.10.2023,291,Silene coronaria,no,y,no,,y,y,50,,
Halle,18.10.2023,291,Allium ursinum,no,no,no,,no,no,,,
Halle,18.10.2023,291,Brunnera macrophylla,no,no,no,,no,y,5,,
Halle,18.10.2023,291,Doronicum pardalianches,no,no,no,,no,y,50,,
Halle,18.10.2023,291,Senecio nemorensis,no,no,no,,y,y,30,,
Halle,18.10.2023,291,Vincetoxicum hirundinaria,no,no,no,,y,y,25,,
Halle,18.10.2023,291,Galium odoratum,no,y,no,,y,y,15,,
Halle,18.10.2023,291,Asphodelus albus,no,no,no,,no,no,,,
Halle,25.10.2023,298,Hypericum olympicum,no,y,y,5,y,y,20,,
Halle,25.10.2023,298,Silene coronaria,no,y,no,,no,y,10,cut partly,
Halle,25.10.2023,298,Allium ursinum,no,no,no,,no,no,,,
Halle,25.10.2023,298,Brunnera macrophylla,no,no,no,,no,y,5,,
Halle,25.10.2023,298,Doronicum pardalianches,no,no,no,,no,y,10,cut partly,
Halle,25.10.2023,298,Senecio nemorensis,no,no,no,,no,y,50,,
Halle,25.10.2023,298,Vincetoxicum hirundinaria,no,no,no,,y,y,45,,
Halle,25.10.2023,298,Galium odoratum,no,no,no,,y,y,20,,
Halle,25.10.2023,298,Asphodelus albus,no,no,no,,no,no,,,
