Garden,Date,Doy,Species,Initial vegetative growth,Young leaves unfolding,Flowers opening,Flowering intensity,Ripe fruits,Senescence,Senescence intensity,Maintenance,Remarks
Leipzig,18.01.2023,18,Bergenia purpurascens,no,no,no,,no,no,,covered natural,
Leipzig,18.01.2023,18,Roscoea auriculata,no,no,no,,no,no,,covered natural,
Leipzig,18.01.2023,18,Primula denticulata,no,no,no,,no,no,,covered natural,
Leipzig,18.01.2023,18,Globularia cordifolia,no,no,no,,no,no,,covered natural,
Leipzig,18.01.2023,18,Gentiana lutea,no,no,no,,no,no,,covered natural,
Leipzig,18.01.2023,18,Hypericum olympicum,no,no,no,,no,no,,covered natural,
Leipzig,18.01.2023,18,Anemone pulsatilla,no,no,no,,no,no,,covered natural,
Leipzig,18.01.2023,18,Phedimus stoloniferus,no,no,no,,no,no,,covered natural,
Leipzig,18.01.2023,18,Clematis stans,no,no,no,,no,no,,covered natural,
Leipzig,18.01.2023,18,Galanthus nivalis,no,no,no,,no,no,,covered natural,
Leipzig,18.01.2023,18,Aegopodium podagraria,no,no,no,,no,no,,covered artificial,
Leipzig,18.01.2023,18,Leucojum vernum,no,no,no,,no,no,,covered natural,
Leipzig,18.01.2023,18,Lathyrus vernus,no,no,no,,no,no,,covered natural,
Leipzig,18.01.2023,18,Allium ursinum,no,no,no,,no,no,,covered natural,
Leipzig,18.01.2023,18,Anemone nemorosa,no,no,no,,no,no,,covered natural,
Leipzig,18.01.2023,18,Anemone sylvestris,no,no,no,,no,no,,covered natural,
Leipzig,18.01.2023,18,Geranium sanguineum,no,no,no,,no,no,,covered natural,
Leipzig,18.01.2023,18,Asarum europaeum,no,no,no,,no,no,,covered natural,
Leipzig,18.01.2023,18,Arum maculatum,no,no,no,,no,no,,covered natural,
Leipzig,18.01.2023,18,Hibiscus palustris,no,no,no,,no,no,,covered natural,
Leipzig,18.01.2023,18,Trillium sessile,no,no,no,,no,no,,covered natural,
Leipzig,18.01.2023,18,Asarum canadense,no,no,no,,no,no,,covered natural,
Leipzig,18.01.2023,18,Lysichiton americanus,no,no,no,,no,no,,covered natural,
Leipzig,18.01.2023,18,Filipendula vulgaris,no,no,no,,no,no,,covered natural,
Leipzig,18.01.2023,18,Anemone hupehensis,no,no,no,,no,no,,covered natural,
Leipzig,18.01.2023,18,Thalictrum minus,no,no,no,,no,no,,covered natural,
Leipzig,18.01.2023,18,Silene pusilla,no,no,no,,no,no,,covered natural,
Leipzig,18.01.2023,18,Psephellus dealbata,no,no,no,,no,no,,covered natural,
Leipzig,18.01.2023,18,Prunella grandiflora,no,no,no,,no,no,,covered natural,
Leipzig,18.01.2023,18,Leonurus cardiaca,no,no,no,,no,no,,covered natural,
Leipzig,18.01.2023,18,Silene vulgaris,no,no,no,,no,no,,covered natural,
Leipzig,18.01.2023,18,Saponaria officinalis,no,no,no,,no,no,,covered natural,
Leipzig,18.01.2023,18,Salvia officinalis,no,no,no,,no,no,,covered natural,
Leipzig,18.01.2023,18,Crocus vernus,no,no,no,,no,no,,covered natural,
Leipzig,18.01.2023,18,Lavandula angustifolia,no,no,no,,no,no,,covered natural,
Leipzig,18.01.2023,18,Paeonia officinalis,no,no,no,,no,no,,covered natural,
Leipzig,18.01.2023,18,Paeonia peregrina,no,no,no,,no,no,,covered natural,
Leipzig,18.01.2023,18,Eryngium campestre,no,no,no,,no,no,,covered natural,
Leipzig,18.01.2023,18,Scabiosa ochroleuca,no,no,no,,no,no,,covered natural,
Leipzig,18.01.2023,18,Bunias orientalis,no,no,no,,no,no,,covered natural,
Leipzig,18.01.2023,18,Helianthemum nummularium,no,no,no,,no,no,,covered natural,
Leipzig,18.01.2023,18,Salvia amplexicaule,no,no,no,,no,no,,covered natural,
Leipzig,18.01.2023,18,Tanacetum vulgare,no,no,no,,no,no,,covered natural,
Leipzig,18.01.2023,18,Tussilago farfara,no,no,no,,no,no,,covered artificial,
Leipzig,18.01.2023,18,Arnica  longifolia,no,no,no,,no,no,,covered natural,
Leipzig,18.01.2023,18,Campanula rotundifolia,no,no,no,,no,no,,covered natural,
Leipzig,18.01.2023,18,Menyanthes trifolata,no,no,no,,no,no,,covered natural,
Leipzig,18.01.2023,18,Vinca minor,no,no,no,,no,no,,covered natural,
Leipzig,18.01.2023,18,Vincetoxicum hinrundinaria,no,no,no,,no,no,,covered artificial,
Leipzig,18.01.2023,18,Galium mollugo,no,no,no,,no,no,,covered natural,
Leipzig,18.01.2023,18,Plantago lanceolata,no,no,no,,no,no,,covered natural,
Leipzig,18.01.2023,18,Scopolia carniolia,no,no,no,,no,no,,covered natural,
Leipzig,18.01.2023,18,Cuphea ignea,no,no,no,,no,no,,covered natural,
Leipzig,18.01.2023,18,Hydrocotyle vulgaris,no,no,no,,no,no,,covered natural,
Leipzig,18.01.2023,18,Trapa natans,no,no,no,,no,no,,covered natural,
Leipzig,18.01.2023,18,Alchemilla vulgaris,no,no,no,,no,no,,covered artificial,
Leipzig,18.01.2023,18,Fragaria vesca,no,no,no,,no,no,,covered natural,
Leipzig,18.01.2023,18,Myriophyllum aquaticum,no,no,no,,no,no,,covered natural,
Leipzig,18.01.2023,18,Saxifraga paniculata,no,no,no,,no,no,,covered natural,
Leipzig,18.01.2023,18,Dryas octopetala,no,no,no,,no,no,,,
Leipzig,18.01.2023,18,Cyclamen coum,no,no,y,75,no,no,,covered natural,
Leipzig,18.01.2023,18,Humulus  lupulus,no,no,no,,no,no,,covered natural,
Leipzig,18.01.2023,18,Lupinus polyphyllus,no,no,no,,no,no,,covered natural,
Leipzig,18.01.2023,18,Urtica dioca,no,no,no,,no,no,,covered natural,
Leipzig,18.01.2023,18,Iberis sempervirens,no,no,no,,no,no,,covered natural,
Leipzig,18.01.2023,18,Gaultheria shallon,no,no,no,,no,no,,,
Leipzig,18.01.2023,18,Cyclamen hederifolium,no,no,no,,no,no,,covered natural,
Leipzig,18.01.2023,18,Acorus calamus,no,no,no,,no,no,,covered natural,
Leipzig,18.01.2023,18,Linum usitatissimum,no,no,no,,no,no,,covered natural,
Leipzig,18.01.2023,18,Dianthus superbus,no,no,no,,no,no,,covered natural,
Leipzig,18.01.2023,18,Anthericum ramosum,no,no,no,,no,no,,covered natural,
Leipzig,18.01.2023,18,Convallaria majalis,no,no,no,,no,no,,covered natural,
Leipzig,18.01.2023,18,Colchicum autumnale,no,no,no,,no,no,,covered natural,
Leipzig,18.01.2023,18,Veratrum nigrum,no,no,no,,no,no,,covered natural,
Leipzig,18.01.2023,18,Aquilegia chrysantha,no,no,no,,no,no,,covered natural,
Leipzig,18.01.2023,18,Caltha palustris,no,no,no,,no,no,,covered natural,
Leipzig,18.01.2023,18,Eranthis hyemalis,no,no,no,,no,no,,covered natural,
Leipzig,18.01.2023,18,Helleborus niger,no,no,no,,no,no,,covered natural,
Leipzig,18.01.2023,18,Helleborus viridis,no,no,no,,no,no,,covered natural,
Leipzig,18.01.2023,18,Anemone transsylvanica,no,no,no,,no,no,,covered natural,
Leipzig,18.01.2023,18,Podophyllum peltatum,no,no,no,,no,no,,covered natural,
Leipzig,18.01.2023,18,Trollius europaeus,no,no,no,,no,no,,covered natural,
Leipzig,18.01.2023,18,Adonis amurensis,no,no,y,100,no,no,,covered natural,
Leipzig,18.01.2023,18,Silene nutans,no,no,no,,no,no,,covered natural,
Leipzig,18.01.2023,18,Gentiana thibetica,no,no,no,,no,no,,covered natural,
Leipzig,18.01.2023,18,Penstemon grandiflorus,no,no,no,,no,no,,covered natural,
Leipzig,18.01.2023,18,Dictamnus albus,no,no,no,,no,no,,covered natural,
Leipzig,18.01.2023,18,Hemerocallis dumotieri,no,no,no,,no,no,,covered natural,
Leipzig,18.01.2023,18,Vaccinium myrtillus,no,no,no,,no,no,,covered natural,
Leipzig,18.01.2023,18,Vaccinium oxycoccos,no,no,no,,no,no,,covered natural,
Leipzig,18.01.2023,18,Polygonatum verticillatum,no,no,no,,no,no,,covered natural,
Leipzig,18.01.2023,18,Geum rivale,no,no,no,,no,no,,covered natural,
Leipzig,18.01.2023,18,Genista tinctoria,no,no,no,,no,no,,covered natural,
Leipzig,18.01.2023,18,Iris pseudacorus,no,no,no,,no,no,,covered natural,
Leipzig,18.01.2023,18,Gunnera manicata,no,no,no,,no,no,,,
Leipzig,18.01.2023,18,Eupatorium cannabinum,no,no,no,,no,no,,covered natural,
Leipzig,25.01.2023,25,Bergenia purpurascens,no,no,no,,no,no,,,
Leipzig,25.01.2023,25,Roscoea auriculata,no,no,no,,no,no,,covered artificial,
Leipzig,25.01.2023,25,Primula denticulata,no,no,no,,no,no,,,
Leipzig,25.01.2023,25,Globularia cordifolia,no,no,no,,no,no,,,
Leipzig,25.01.2023,25,Gentiana lutea,no,no,no,,no,no,,covered artificial,
Leipzig,25.01.2023,25,Hypericum olympicum,no,no,no,,no,no,,covered artificial,
Leipzig,25.01.2023,25,Anemone pulsatilla,no,no,no,,no,no,,covered artificial,
Leipzig,25.01.2023,25,Phedimus stoloniferus,no,no,no,,no,no,,covered artificial,
Leipzig,25.01.2023,25,Clematis stans,no,no,no,,no,no,,,
Leipzig,25.01.2023,25,Galanthus nivalis,y,no,no,,no,no,,,
Leipzig,25.01.2023,25,Aegopodium podagraria,no,no,no,,no,no,,,
Leipzig,25.01.2023,25,Leucojum vernum,y,no,no,,no,no,,,
Leipzig,25.01.2023,25,Lathyrus vernus,no,no,no,,no,no,,,
Leipzig,25.01.2023,25,Allium ursinum,no,no,no,,no,no,,,
Leipzig,25.01.2023,25,Anemone nemorosa,no,no,no,,no,no,,,
Leipzig,25.01.2023,25,Anemone sylvestris,no,no,no,,no,no,,,
Leipzig,25.01.2023,25,Geranium sanguineum,no,no,no,,no,no,,,
Leipzig,25.01.2023,25,Asarum europaeum,no,no,no,,no,no,,,
Leipzig,25.01.2023,25,Arum maculatum,no,no,no,,no,no,,,
Leipzig,25.01.2023,25,Hibiscus palustris,no,no,no,,no,no,,,
Leipzig,25.01.2023,25,Trillium sessile,no,no,no,,no,no,,,
Leipzig,25.01.2023,25,Asarum canadense,no,no,no,,no,no,,,
Leipzig,25.01.2023,25,Lysichiton americanus,no,no,no,,no,no,,,
Leipzig,25.01.2023,25,Filipendula vulgaris,no,no,no,,no,no,,,
Leipzig,25.01.2023,25,Anemone hupehensis,y,no,no,,no,no,,,
Leipzig,25.01.2023,25,Thalictrum minus,no,no,no,,no,no,,,
Leipzig,25.01.2023,25,Silene pusilla,no,no,no,,no,no,,,
Leipzig,25.01.2023,25,Psephellus dealbata,no,no,no,,no,no,,,
Leipzig,25.01.2023,25,Prunella grandiflora,no,no,no,,no,no,,,
Leipzig,25.01.2023,25,Leonurus cardiaca,no,no,no,,no,no,,,
Leipzig,25.01.2023,25,Silene vulgaris,no,no,no,,no,no,,,
Leipzig,25.01.2023,25,Saponaria officinalis,no,no,no,,no,no,,,
Leipzig,25.01.2023,25,Salvia officinalis,no,no,no,,no,no,,,
Leipzig,25.01.2023,25,Crocus vernus,no,no,no,,no,no,,,
Leipzig,25.01.2023,25,Lavandula angustifolia,no,no,no,,no,no,,,
Leipzig,25.01.2023,25,Paeonia officinalis,y,no,no,,no,no,,,
Leipzig,25.01.2023,25,Paeonia peregrina,no,no,no,,no,no,,,
Leipzig,25.01.2023,25,Eryngium campestre,no,no,no,,no,no,,,
Leipzig,25.01.2023,25,Scabiosa ochroleuca,no,no,no,,no,no,,,
Leipzig,25.01.2023,25,Bunias orientalis,no,no,no,,no,no,,,
Leipzig,25.01.2023,25,Helianthemum nummularium,y,no,no,,no,no,,,
Leipzig,25.01.2023,25,Salvia amplexicaule,no,no,no,,no,no,,,
Leipzig,25.01.2023,25,Tanacetum vulgare,y,no,no,,no,no,,,
Leipzig,25.01.2023,25,Tussilago farfara,no,no,y,5,no,no,,,
Leipzig,25.01.2023,25,Arnica  longifolia,no,no,no,,no,no,,,
Leipzig,25.01.2023,25,Campanula rotundifolia,no,no,no,,no,no,,removed,
Leipzig,25.01.2023,25,Menyanthes trifolata,no,no,no,,no,no,,,
Leipzig,25.01.2023,25,Vinca minor,y,no,no,,no,no,,,
Leipzig,25.01.2023,25,Vincetoxicum hinrundinaria,no,no,no,,no,no,,,
Leipzig,25.01.2023,25,Galium mollugo,no,no,no,,no,no,,,
Leipzig,25.01.2023,25,Plantago lanceolata,no,no,no,,no,no,,,
Leipzig,25.01.2023,25,Scopolia carniolia,no,no,no,,no,no,,,
Leipzig,25.01.2023,25,Hydrocotyle vulgaris,no,no,no,,no,no,,,
Leipzig,25.01.2023,25,Trapa natans,no,no,no,,no,no,,,
Leipzig,25.01.2023,25,Alchemilla vulgaris,no,no,no,,no,no,,,
Leipzig,25.01.2023,25,Fragaria vesca,no,no,no,,no,no,,,
Leipzig,25.01.2023,25,Myriophyllum aquaticum,no,no,no,,no,no,,,
Leipzig,25.01.2023,25,Saxifraga paniculata,no,no,no,,no,no,,,
Leipzig,25.01.2023,25,Dryas octopetala,no,no,no,,no,no,,,
Leipzig,25.01.2023,25,Cyclamen coum,no,no,y,90,no,no,,,
Leipzig,25.01.2023,25,Humulus  lupulus,no,no,no,,no,no,,,
Leipzig,25.01.2023,25,Lupinus polyphyllus,no,no,no,,no,no,,,
Leipzig,25.01.2023,25,Urtica dioca,no,no,no,,no,no,,,
Leipzig,25.01.2023,25,Iberis sempervirens,y,no,no,,no,no,,,
Leipzig,25.01.2023,25,Gaultheria shallon,y,no,no,,no,no,,,
Leipzig,25.01.2023,25,Cyclamen hederifolium,no,no,no,,no,no,,,
Leipzig,25.01.2023,25,Acorus calamus,no,no,no,,no,no,,,
Leipzig,25.01.2023,25,Linum usitatissimum,no,no,no,,no,no,,,
Leipzig,25.01.2023,25,Dianthus superbus,no,no,no,,no,no,,,
Leipzig,25.01.2023,25,Anthericum ramosum,no,no,no,,no,no,,,
Leipzig,25.01.2023,25,Convallaria majalis,no,no,no,,no,no,,,
Leipzig,25.01.2023,25,Colchicum autumnale,no,no,no,,no,no,,,
Leipzig,25.01.2023,25,Veratrum nigrum,no,no,no,,no,no,,,
Leipzig,25.01.2023,25,Aquilegia chrysantha,y,no,no,,no,no,,,
Leipzig,25.01.2023,25,Caltha palustris,y,no,no,,no,no,,,
Leipzig,25.01.2023,25,Eranthis hyemalis,no,no,no,,no,no,,,
Leipzig,25.01.2023,25,Helleborus niger,no,no,no,,no,no,,,
Leipzig,25.01.2023,25,Helleborus viridis,no,no,no,,no,no,,,
Leipzig,25.01.2023,25,Anemone transsylvanica,no,no,no,,no,no,,,
Leipzig,25.01.2023,25,Podophyllum peltatum,y,no,no,,no,no,,,
Leipzig,25.01.2023,25,Trollius europaeus,no,no,no,,no,no,,,
Leipzig,25.01.2023,25,Adonis amurensis,y,no,no,,no,no,,,
Leipzig,25.01.2023,25,Silene nutans,no,no,no,,no,no,,,
Leipzig,25.01.2023,25,Gentiana thibetica,no,no,no,,no,no,,,
Leipzig,25.01.2023,25,Penstemon grandiflorus,no,no,no,,no,no,,,
Leipzig,25.01.2023,25,Dictamnus albus,no,no,no,,no,no,,,
Leipzig,25.01.2023,25,Hemerocallis dumotieri,no,no,no,,no,no,,,
Leipzig,25.01.2023,25,Vaccinium myrtillus,no,no,no,,no,no,,removed,
Leipzig,25.01.2023,25,Vaccinium oxycoccos,no,no,no,,no,no,,removed,
Leipzig,25.01.2023,25,Polygonatum verticillatum,no,no,no,,no,no,,,
Leipzig,25.01.2023,25,Geum rivale,no,no,no,,no,no,,,
Leipzig,25.01.2023,25,Genista tinctoria,no,no,no,,no,no,,removed,
Leipzig,25.01.2023,25,Iris pseudacorus,no,no,no,,no,no,,removed,
Leipzig,25.01.2023,25,Gunnera manicata,no,no,no,,no,no,,covered artificial,
Leipzig,25.01.2023,25,Eupatorium cannabinum,no,no,no,,no,no,,,
Leipzig,01.02.2023,32,Genista tinctoria,no,no,no,,no,no,,removed,
Leipzig,01.02.2023,32,Iris pseudacorus,no,no,no,,no,no,,removed,
Leipzig,01.02.2023,32,Gunnera manicata,no,no,no,,no,no,,covered artificial,
Leipzig,01.02.2023,32,Eupatorium cannabinum,no,no,no,,no,no,,,
Leipzig,01.02.2023,32,Bergenia purpurascens,no,no,no,,no,no,,,
Leipzig,01.02.2023,32,Roscoea auriculata,no,no,no,,no,no,,covered artificial,
Leipzig,01.02.2023,32,Primula denticulata,no,no,no,,no,no,,,
Leipzig,01.02.2023,32,Globularia cordifolia,no,no,no,,no,no,,covered natural,
Leipzig,01.02.2023,32,Gentiana lutea,no,no,no,,no,no,,covered artificial,
Leipzig,01.02.2023,32,Hypericum olympicum,no,no,no,,no,no,,covered artificial,
Leipzig,01.02.2023,32,Anemone pulsatilla,no,no,no,,no,no,,covered artificial,
Leipzig,01.02.2023,32,Phedimus stoloniferus,no,no,no,,no,no,,covered artificial,
Leipzig,01.02.2023,32,Clematis stans,no,no,no,,no,no,,,
Leipzig,01.02.2023,32,Galanthus nivalis,y,no,no,,no,no,,,
Leipzig,01.02.2023,32,Aegopodium podagraria,no,no,no,,no,no,,,
Leipzig,01.02.2023,32,Leucojum vernum,y,no,no,,no,no,,,
Leipzig,01.02.2023,32,Lathyrus vernus,no,no,no,,no,no,,,
Leipzig,01.02.2023,32,Allium ursinum,no,no,no,,no,no,,,
Leipzig,01.02.2023,32,Anemone nemorosa,no,no,no,,no,no,,,
Leipzig,01.02.2023,32,Anemone sylvestris,no,no,no,,no,no,,,
Leipzig,01.02.2023,32,Geranium sanguineum,no,no,no,,no,no,,,
Leipzig,01.02.2023,32,Asarum europaeum,no,no,no,,no,no,,,
Leipzig,01.02.2023,32,Arum maculatum,no,no,no,,no,no,,,
Leipzig,01.02.2023,32,Hibiscus palustris,no,no,no,,no,no,,,
Leipzig,01.02.2023,32,Trillium sessile,no,no,no,,no,no,,,
Leipzig,01.02.2023,32,Asarum canadense,no,no,no,,no,no,,,
Leipzig,01.02.2023,32,Lysichiton americanus,no,no,no,,no,no,,,
Leipzig,01.02.2023,32,Filipendula vulgaris,no,no,no,,no,no,,,
Leipzig,01.02.2023,32,Anemone hupehensis,y,y,no,,no,no,,,
Leipzig,01.02.2023,32,Thalictrum minus,no,no,no,,no,no,,,
Leipzig,01.02.2023,32,Silene pusilla,no,no,no,,no,no,,,
Leipzig,01.02.2023,32,Psephellus dealbata,no,no,no,,no,no,,,
Leipzig,01.02.2023,32,Prunella grandiflora,no,no,no,,no,no,,,
Leipzig,01.02.2023,32,Leonurus cardiaca,no,no,no,,no,no,,,
Leipzig,01.02.2023,32,Silene vulgaris,no,no,no,,no,no,,,
Leipzig,01.02.2023,32,Saponaria officinalis,no,no,no,,no,no,,removed,
Leipzig,01.02.2023,32,Salvia officinalis,no,no,no,,no,no,,,
Leipzig,01.02.2023,32,Crocus vernus,no,no,no,,no,no,,,
Leipzig,01.02.2023,32,Lavandula angustifolia,no,no,no,,no,no,,,
Leipzig,01.02.2023,32,Paeonia officinalis,no,no,no,,no,no,,,
Leipzig,01.02.2023,32,Paeonia peregrina,no,no,no,,no,no,,,
Leipzig,01.02.2023,32,Eryngium campestre,no,no,no,,no,no,,,
Leipzig,01.02.2023,32,Scabiosa ochroleuca,no,no,no,,no,no,,,
Leipzig,01.02.2023,32,Bunias orientalis,no,no,no,,no,no,,,
Leipzig,01.02.2023,32,Helianthemum nummularium,y,no,no,,no,no,,,
Leipzig,01.02.2023,32,Salvia amplexicaule,y,no,no,,no,no,,,
Leipzig,01.02.2023,32,Tanacetum vulgare,no,no,no,,no,no,,,
Leipzig,01.02.2023,32,Tussilago farfara,no,no,y,5,no,no,,,
Leipzig,01.02.2023,32,Arnica  longifolia,no,no,no,,no,no,,,
Leipzig,01.02.2023,32,Campanula rotundifolia,no,no,no,,no,no,,removed,
Leipzig,01.02.2023,32,Menyanthes trifolata,no,no,no,,no,no,,,
Leipzig,01.02.2023,32,Vinca minor,y,no,no,,no,no,,,
Leipzig,01.02.2023,32,Vincetoxicum hinrundinaria,no,no,no,,no,no,,,
Leipzig,01.02.2023,32,Galium mollugo,y,no,no,,no,no,,,
Leipzig,01.02.2023,32,Plantago lanceolata,no,no,no,,no,no,,,
Leipzig,01.02.2023,32,Scopolia carniolia,no,no,no,,no,no,,,
Leipzig,01.02.2023,32,Hydrocotyle vulgaris,no,no,no,,no,no,,,
Leipzig,01.02.2023,32,Trapa natans,no,no,no,,no,no,,,
Leipzig,01.02.2023,32,Alchemilla vulgaris,no,no,no,,no,no,,,
Leipzig,01.02.2023,32,Fragaria vesca,no,no,no,,no,no,,,
Leipzig,01.02.2023,32,Myriophyllum aquaticum,no,no,no,,no,no,,,
Leipzig,01.02.2023,32,Saxifraga paniculata,y,no,no,,no,no,,,
Leipzig,01.02.2023,32,Dryas octopetala,no,no,no,,no,no,,,
Leipzig,01.02.2023,32,Cyclamen coum,no,no,y,100,no,no,,,
Leipzig,01.02.2023,32,Humulus  lupulus,no,no,no,,no,no,,,
Leipzig,01.02.2023,32,Lupinus polyphyllus,no,no,no,,no,no,,,
Leipzig,01.02.2023,32,Urtica dioca,y,no,no,,no,no,,,
Leipzig,01.02.2023,32,Iberis sempervirens,y,no,no,,no,no,,,
Leipzig,01.02.2023,32,Gaultheria shallon,y,no,no,,no,no,,,
Leipzig,01.02.2023,32,Cyclamen hederifolium,no,no,no,,no,no,,,
Leipzig,01.02.2023,32,Acorus calamus,no,no,no,,no,no,,,
Leipzig,01.02.2023,32,Linum usitatissimum,no,no,no,,no,no,,,
Leipzig,01.02.2023,32,Dianthus superbus,no,no,no,,no,no,,,
Leipzig,01.02.2023,32,Anthericum ramosum,no,no,no,,no,no,,,
Leipzig,01.02.2023,32,Convallaria majalis,no,no,no,,no,no,,,
Leipzig,01.02.2023,32,Colchicum autumnale,no,no,no,,no,no,,,
Leipzig,01.02.2023,32,Veratrum nigrum,no,no,no,,no,no,,,
Leipzig,01.02.2023,32,Aquilegia chrysantha,y,no,no,,no,no,,,
Leipzig,01.02.2023,32,Caltha palustris,no,no,no,,no,no,,,
Leipzig,01.02.2023,32,Eranthis hyemalis,y,no,no,,no,no,,,
Leipzig,01.02.2023,32,Helleborus niger,no,no,no,,no,no,,,
Leipzig,01.02.2023,32,Helleborus viridis,no,no,no,,no,no,,,
Leipzig,01.02.2023,32,Anemone transsylvanica,no,no,no,,no,no,,,
Leipzig,01.02.2023,32,Podophyllum peltatum,no,no,no,,no,no,,,
Leipzig,01.02.2023,32,Trollius europaeus,no,no,no,,no,no,,,
Leipzig,01.02.2023,32,Adonis amurensis,y,no,no,,no,no,,,
Leipzig,01.02.2023,32,Silene nutans,no,no,no,,no,no,,,
Leipzig,01.02.2023,32,Gentiana thibetica,y,no,no,,no,no,,,
Leipzig,01.02.2023,32,Penstemon grandiflorus,no,no,no,,no,no,,,
Leipzig,01.02.2023,32,Dictamnus albus,no,no,no,,no,no,,,
Leipzig,01.02.2023,32,Hemerocallis dumotieri,no,no,no,,no,no,,,
Leipzig,01.02.2023,32,Vaccinium myrtillus,no,no,no,,no,no,,removed,
Leipzig,01.02.2023,32,Vaccinium oxycoccos,no,no,no,,no,no,,removed,
Leipzig,01.02.2023,32,Polygonatum verticillatum,no,no,no,,no,no,,,
Leipzig,01.02.2023,32,Geum rivale,no,no,no,,no,no,,covered artificial,
Leipzig,08.02.2023,39,Arum maculatum,no,no,no,,no,no,,,
Leipzig,08.02.2023,39,Hibiscus palustris,no,no,no,,no,no,,,
Leipzig,08.02.2023,39,Fragaria vesca,no,no,no,,no,no,,,
Leipzig,08.02.2023,39,Myriophyllum aquaticum,no,no,no,,no,no,,,
Leipzig,08.02.2023,39,Saxifraga paniculata,y,no,no,,no,no,,,
Leipzig,08.02.2023,39,Dryas octopetala,y,no,no,,no,no,,,
Leipzig,08.02.2023,39,Cyclamen coum,no,no,y,100,no,no,,,
Leipzig,08.02.2023,39,Humulus  lupulus,no,no,no,,no,no,,,
Leipzig,08.02.2023,39,Bergenia purpurascens,no,no,no,,no,no,,,
Leipzig,08.02.2023,39,Roscoea auriculata,no,no,no,,no,no,,covered artificial,
Leipzig,08.02.2023,39,Primula denticulata,no,no,no,,no,no,,,
Leipzig,08.02.2023,39,Globularia cordifolia,no,no,no,,no,no,,,
Leipzig,08.02.2023,39,Gentiana lutea,no,no,no,,no,no,,covered artificial,
Leipzig,08.02.2023,39,Hypericum olympicum,no,no,no,,no,no,,covered artificial,
Leipzig,08.02.2023,39,Anemone pulsatilla,no,no,no,,no,no,,covered artificial,
Leipzig,08.02.2023,39,Phedimus stoloniferus,no,no,no,,no,no,,covered artificial,
Leipzig,08.02.2023,39,Clematis stans,no,no,no,,no,no,,,
Leipzig,08.02.2023,39,Galanthus nivalis,y,no,no,,no,no,,,
Leipzig,08.02.2023,39,Aegopodium podagraria,no,no,no,,no,no,,,
Leipzig,08.02.2023,39,Leucojum vernum,y,no,no,,no,no,,,
Leipzig,08.02.2023,39,Lathyrus vernus,no,no,no,,no,no,,,
Leipzig,08.02.2023,39,Allium ursinum,no,no,no,,no,no,,,
Leipzig,08.02.2023,39,Anemone nemorosa,no,no,no,,no,no,,,
Leipzig,08.02.2023,39,Anemone sylvestris,no,no,no,,no,no,,,
Leipzig,08.02.2023,39,Geranium sanguineum,no,no,no,,no,no,,,
Leipzig,08.02.2023,39,Asarum europaeum,no,no,no,,no,no,,,
Leipzig,08.02.2023,39,Trillium sessile,no,no,no,,no,no,,,
Leipzig,08.02.2023,39,Asarum canadense,no,no,no,,no,no,,,
Leipzig,08.02.2023,39,Lysichiton americanus,no,no,no,,no,no,,,
Leipzig,08.02.2023,39,Filipendula vulgaris,no,no,no,,no,no,,,
Leipzig,08.02.2023,39,Anemone hupehensis,y,y,no,,no,no,,,
Leipzig,08.02.2023,39,Thalictrum minus,no,no,no,,no,no,,,
Leipzig,08.02.2023,39,Silene pusilla,no,no,no,,no,no,,,
Leipzig,08.02.2023,39,Psephellus dealbata,no,no,no,,no,no,,covered artificial,
Leipzig,08.02.2023,39,Prunella grandiflora,no,no,no,,no,no,,,
Leipzig,08.02.2023,39,Leonurus cardiaca,no,no,no,,no,no,,,
Leipzig,08.02.2023,39,Silene vulgaris,no,no,no,,no,no,,,
Leipzig,08.02.2023,39,Saponaria officinalis,no,no,no,,no,no,,,
Leipzig,08.02.2023,39,Salvia officinalis,no,no,no,,no,no,,,
Leipzig,08.02.2023,39,Crocus vernus,no,no,no,,no,no,,,
Leipzig,08.02.2023,39,Lavandula angustifolia,no,no,no,,no,no,,,
Leipzig,08.02.2023,39,Paeonia officinalis,no,no,no,,no,no,,,
Leipzig,08.02.2023,39,Paeonia peregrina,no,no,no,,no,no,,,
Leipzig,08.02.2023,39,Eryngium campestre,no,no,no,,no,no,,,
Leipzig,08.02.2023,39,Scabiosa ochroleuca,no,no,no,,no,no,,,
Leipzig,08.02.2023,39,Bunias orientalis,no,no,no,,no,no,,,
Leipzig,08.02.2023,39,Helianthemum nummularium,y,no,no,,no,no,,,
Leipzig,08.02.2023,39,Salvia amplexicaule,y,no,no,,no,no,,,
Leipzig,08.02.2023,39,Tanacetum vulgare,no,no,no,,no,no,,,
Leipzig,08.02.2023,39,Tussilago farfara,no,no,y,5,no,no,,,
Leipzig,08.02.2023,39,Arnica  longifolia,no,no,no,,no,no,,,
Leipzig,08.02.2023,39,Campanula rotundifolia,no,no,no,,no,no,,removed,
Leipzig,08.02.2023,39,Menyanthes trifolata,no,no,no,,no,no,,,
Leipzig,08.02.2023,39,Vinca minor,y,no,no,,no,no,,,
Leipzig,08.02.2023,39,Vincetoxicum hinrundinaria,no,no,no,,no,no,,,
Leipzig,08.02.2023,39,Galium mollugo,y,no,no,,no,no,,,
Leipzig,08.02.2023,39,Plantago lanceolata,no,no,no,,no,no,,,
Leipzig,08.02.2023,39,Scopolia carniolia,no,no,no,,no,no,,,
Leipzig,08.02.2023,39,Hydrocotyle vulgaris,no,no,no,,no,no,,,
Leipzig,08.02.2023,39,Trapa natans,no,no,no,,no,no,,,
Leipzig,08.02.2023,39,Alchemilla vulgaris,no,no,no,,no,no,,,
Leipzig,08.02.2023,39,Lupinus polyphyllus,no,no,no,,no,no,,,
Leipzig,08.02.2023,39,Urtica dioca,y,no,no,,no,no,,,
Leipzig,08.02.2023,39,Iberis sempervirens,y,no,no,,no,no,,,
Leipzig,08.02.2023,39,Gaultheria shallon,y,no,no,,no,no,,,
Leipzig,08.02.2023,39,Cyclamen hederifolium,no,no,no,,no,no,,,
Leipzig,08.02.2023,39,Acorus calamus,no,no,no,,no,no,,,
Leipzig,08.02.2023,39,Linum usitatissimum,no,no,no,,no,no,,,
Leipzig,08.02.2023,39,Dianthus superbus,no,no,no,,no,no,,,
Leipzig,08.02.2023,39,Anthericum ramosum,no,no,no,,no,no,,,
Leipzig,08.02.2023,39,Convallaria majalis,no,no,no,,no,no,,,
Leipzig,08.02.2023,39,Colchicum autumnale,no,no,no,,no,no,,,
Leipzig,08.02.2023,39,Veratrum nigrum,no,no,no,,no,no,,,
Leipzig,08.02.2023,39,Aquilegia chrysantha,y,no,no,,no,no,,,
Leipzig,08.02.2023,39,Caltha palustris,y,no,no,,no,no,,,
Leipzig,08.02.2023,39,Eranthis hyemalis,y,no,no,,no,no,,,
Leipzig,08.02.2023,39,Helleborus niger,no,no,no,,no,no,,,
Leipzig,08.02.2023,39,Helleborus viridis,no,no,no,,no,no,,,
Leipzig,08.02.2023,39,Anemone transsylvanica,no,no,no,,no,no,,,
Leipzig,08.02.2023,39,Podophyllum peltatum,no,no,no,,no,no,,,
Leipzig,08.02.2023,39,Trollius europaeus,no,no,no,,no,no,,,
Leipzig,08.02.2023,39,Adonis amurensis,y,no,no,,no,no,,,
Leipzig,08.02.2023,39,Silene nutans,no,no,no,,no,no,,,
Leipzig,08.02.2023,39,Gentiana thibetica,y,no,no,,no,no,,,
Leipzig,08.02.2023,39,Penstemon grandiflorus,no,no,no,,no,no,,,
Leipzig,08.02.2023,39,Dictamnus albus,no,no,no,,no,no,,,
Leipzig,08.02.2023,39,Hemerocallis dumotieri,no,no,no,,no,no,,,
Leipzig,08.02.2023,39,Vaccinium myrtillus,no,no,no,,no,no,,removed,
Leipzig,08.02.2023,39,Vaccinium oxycoccos,no,no,no,,no,no,,removed,
Leipzig,08.02.2023,39,Polygonatum verticillatum,no,no,no,,no,no,,,
Leipzig,08.02.2023,39,Geum rivale,no,no,no,,no,no,,covered artificial,
Leipzig,08.02.2023,39,Genista tinctoria,no,no,no,,no,no,,removed,
Leipzig,08.02.2023,39,Iris pseudacorus,no,no,no,,no,no,,,
Leipzig,08.02.2023,39,Gunnera manicata,no,no,no,,no,no,,covered artificial,
Leipzig,08.02.2023,39,Eupatorium cannabinum,no,no,no,,no,no,,,
Leipzig,15.02.2023,46,Bergenia purpurascens,no,no,no,,no,no,,,
Leipzig,15.02.2023,46,Roscoea auriculata,no,no,no,,no,no,,,
Leipzig,15.02.2023,46,Primula denticulata,no,no,no,,no,no,,,
Leipzig,15.02.2023,46,Globularia cordifolia,no,no,no,,no,no,,removed,
Leipzig,15.02.2023,46,Gentiana lutea,no,no,no,,no,no,,,
Leipzig,15.02.2023,46,Hypericum olympicum,no,no,no,,no,no,,,
Leipzig,15.02.2023,46,Anemone pulsatilla,no,no,no,,no,no,,covered artificial,
Leipzig,15.02.2023,46,Phedimus stoloniferus,no,no,no,,no,no,,,
Leipzig,15.02.2023,46,Clematis stans,no,no,no,,no,no,,,
Leipzig,15.02.2023,46,Galanthus nivalis,no,no,no,,no,no,,,
Leipzig,15.02.2023,46,Aegopodium podagraria,no,no,no,,no,no,,,
Leipzig,15.02.2023,46,Leucojum vernum,no,no,no,,no,no,,,
Leipzig,15.02.2023,46,Lathyrus vernus,no,no,no,,no,no,,,
Leipzig,15.02.2023,46,Allium ursinum,no,no,no,,no,no,,,
Leipzig,15.02.2023,46,Anemone nemorosa,no,no,no,,no,no,,,
Leipzig,15.02.2023,46,Anemone sylvestris,no,no,no,,no,no,,,
Leipzig,15.02.2023,46,Geranium sanguineum,no,no,no,,no,no,,,
Leipzig,15.02.2023,46,Asarum europaeum,no,no,no,,no,no,,,
Leipzig,15.02.2023,46,Arum maculatum,no,no,no,,no,no,,,
Leipzig,15.02.2023,46,Hibiscus palustris,no,no,no,,no,no,,,
Leipzig,15.02.2023,46,Trillium sessile,no,no,no,,no,no,,,
Leipzig,15.02.2023,46,Asarum canadense,no,no,no,,no,no,,,
Leipzig,15.02.2023,46,Lysichiton americanus,no,no,no,,no,no,,,
Leipzig,15.02.2023,46,Filipendula vulgaris,no,no,no,,no,no,,,
Leipzig,15.02.2023,46,Anemone hupehensis,no,no,no,,no,no,,,
Leipzig,15.02.2023,46,Thalictrum minus,no,no,no,,no,no,,,
Leipzig,15.02.2023,46,Silene pusilla,no,no,no,,no,no,,,
Leipzig,15.02.2023,46,Psephellus dealbata,no,no,no,,no,no,,covered artificial,
Leipzig,15.02.2023,46,Prunella grandiflora,no,no,no,,no,no,,,
Leipzig,15.02.2023,46,Leonurus cardiaca,no,no,no,,no,no,,,
Leipzig,15.02.2023,46,Silene vulgaris,no,no,no,,no,no,,,
Leipzig,15.02.2023,46,Saponaria officinalis,no,no,no,,no,no,,,
Leipzig,15.02.2023,46,Salvia officinalis,no,no,no,,no,no,,,
Leipzig,15.02.2023,46,Crocus vernus,no,no,no,,no,no,,,
Leipzig,15.02.2023,46,Lavandula angustifolia,no,no,no,,no,no,,,
Leipzig,15.02.2023,46,Paeonia officinalis,no,no,no,,no,no,,,
Leipzig,15.02.2023,46,Paeonia peregrina,no,no,no,,no,no,,,
Leipzig,15.02.2023,46,Eryngium campestre,no,no,no,,no,no,,,
Leipzig,15.02.2023,46,Scabiosa ochroleuca,no,no,no,,no,no,,,
Leipzig,15.02.2023,46,Bunias orientalis,no,no,no,,no,no,,,
Leipzig,15.02.2023,46,Helianthemum nummularium,no,no,no,,no,no,,,
Leipzig,15.02.2023,46,Salvia amplexicaule,no,no,no,,no,no,,,
Leipzig,15.02.2023,46,Tanacetum vulgare,no,no,no,,no,no,,,
Leipzig,15.02.2023,46,Tussilago farfara,no,no,no,,no,no,,,
Leipzig,15.02.2023,46,Arnica  longifolia,no,no,no,,no,no,,,
Leipzig,15.02.2023,46,Campanula rotundifolia,no,no,no,,no,no,,,
Leipzig,15.02.2023,46,Menyanthes trifolata,no,no,no,,no,no,,,
Leipzig,15.02.2023,46,Vinca minor,no,no,no,,no,no,,,
Leipzig,15.02.2023,46,Vincetoxicum hinrundinaria,no,no,no,,no,no,,,
Leipzig,15.02.2023,46,Galium mollugo,no,no,no,,no,no,,,
Leipzig,15.02.2023,46,Plantago lanceolata,no,no,no,,no,no,,,
Leipzig,15.02.2023,46,Scopolia carniolia,no,no,no,,no,no,,,
Leipzig,15.02.2023,46,Hydrocotyle vulgaris,no,no,no,,no,no,,,
Leipzig,15.02.2023,46,Trapa natans,no,no,no,,no,no,,,
Leipzig,15.02.2023,46,Alchemilla vulgaris,no,no,no,,no,no,,,
Leipzig,15.02.2023,46,Fragaria vesca,no,no,no,,no,no,,,
Leipzig,15.02.2023,46,Myriophyllum aquaticum,no,no,no,,no,no,,,
Leipzig,15.02.2023,46,Saxifraga paniculata,no,no,no,,no,no,,,
Leipzig,15.02.2023,46,Dryas octopetala,no,no,no,,no,no,,,
Leipzig,15.02.2023,46,Cyclamen coum,no,no,no,,no,no,,,
Leipzig,15.02.2023,46,Humulus  lupulus,no,no,no,,no,no,,,
Leipzig,15.02.2023,46,Lupinus polyphyllus,no,no,no,,no,no,,,
Leipzig,15.02.2023,46,Urtica dioca,no,no,no,,no,no,,,
Leipzig,15.02.2023,46,Iberis sempervirens,no,no,no,,no,no,,,
Leipzig,15.02.2023,46,Gaultheria shallon,no,no,no,,no,no,,,
Leipzig,15.02.2023,46,Cyclamen hederifolium,no,no,no,,no,no,,,
Leipzig,15.02.2023,46,Acorus calamus,no,no,no,,no,no,,,
Leipzig,15.02.2023,46,Linum usitatissimum,no,no,no,,no,no,,,
Leipzig,15.02.2023,46,Dianthus superbus,no,no,no,,no,no,,,
Leipzig,15.02.2023,46,Anthericum ramosum,no,no,no,,no,no,,,
Leipzig,15.02.2023,46,Convallaria majalis,no,no,no,,no,no,,,
Leipzig,15.02.2023,46,Colchicum autumnale,no,no,no,,no,no,,,
Leipzig,15.02.2023,46,Veratrum nigrum,no,no,no,,no,no,,,
Leipzig,15.02.2023,46,Aquilegia chrysantha,no,no,no,,no,no,,,
Leipzig,15.02.2023,46,Caltha palustris,no,no,no,,no,no,,,
Leipzig,15.02.2023,46,Eranthis hyemalis,no,no,no,,no,no,,,
Leipzig,15.02.2023,46,Helleborus niger,no,no,no,,no,no,,,
Leipzig,15.02.2023,46,Helleborus viridis,no,no,no,,no,no,,,
Leipzig,15.02.2023,46,Anemone transsylvanica,no,no,no,,no,no,,,
Leipzig,15.02.2023,46,Podophyllum peltatum,no,no,no,,no,no,,,
Leipzig,15.02.2023,46,Trollius europaeus,no,no,no,,no,no,,,
Leipzig,15.02.2023,46,Adonis amurensis,no,no,no,,no,no,,,
Leipzig,15.02.2023,46,Silene nutans,no,no,no,,no,no,,,
Leipzig,15.02.2023,46,Gentiana thibetica,no,no,no,,no,no,,,
Leipzig,15.02.2023,46,Penstemon grandiflorus,no,no,no,,no,no,,,
Leipzig,15.02.2023,46,Dictamnus albus,no,no,no,,no,no,,,
Leipzig,15.02.2023,46,Hemerocallis dumotieri,no,no,no,,no,no,,,
Leipzig,15.02.2023,46,Vaccinium myrtillus,no,no,no,,no,no,,,
Leipzig,15.02.2023,46,Vaccinium oxycoccos,no,no,no,,no,no,,,
Leipzig,15.02.2023,46,Polygonatum verticillatum,no,no,no,,no,no,,,
Leipzig,15.02.2023,46,Geum rivale,no,no,no,,no,no,,,
Leipzig,15.02.2023,46,Genista tinctoria,no,no,no,,no,no,,removed,
Leipzig,15.02.2023,46,Iris pseudacorus,no,no,no,,no,no,,,
Leipzig,15.02.2023,46,Gunnera manicata,no,no,no,,no,no,,,
Leipzig,15.02.2023,46,Eupatorium cannabinum,no,no,no,,no,no,,,
Leipzig,15.02.2023,46,Bergenia purpurascens,no,no,no,,no,no,,,
Leipzig,15.02.2023,46,Roscoea auriculata,no,no,no,,no,no,,covered artificial,
Leipzig,15.02.2023,46,Primula denticulata,no,no,no,,no,no,,,
Leipzig,15.02.2023,46,Globularia cordifolia,no,no,no,,no,no,,covered artificial,
Leipzig,15.02.2023,46,Gentiana lutea,no,no,no,,no,no,,covered artificial,
Leipzig,15.02.2023,46,Hypericum olympicum,no,no,no,,no,no,,covered artificial,
Leipzig,15.02.2023,46,Anemone pulsatilla,no,no,no,,no,no,,covered artificial,
Leipzig,15.02.2023,46,Phedimus stoloniferus,no,no,no,,no,no,,covered artificial,
Leipzig,15.02.2023,46,Clematis stans,no,no,no,,no,no,,,
Leipzig,15.02.2023,46,Galanthus nivalis,y,y,y,50,no,no,,,
Leipzig,15.02.2023,46,Aegopodium podagraria,no,no,no,,no,no,,,
Leipzig,15.02.2023,46,Leucojum vernum,y,y,no,,no,no,,,
Leipzig,15.02.2023,46,Lathyrus vernus,no,no,no,,no,no,,,
Leipzig,15.02.2023,46,Allium ursinum,no,no,no,,no,no,,,
Leipzig,15.02.2023,46,Anemone nemorosa,no,no,no,,no,no,,,
Leipzig,15.02.2023,46,Anemone sylvestris,no,no,no,,no,no,,,
Leipzig,15.02.2023,46,Geranium sanguineum,no,no,no,,no,no,,,
Leipzig,15.02.2023,46,Asarum europaeum,no,no,no,,no,no,,,
Leipzig,15.02.2023,46,Arum maculatum,no,no,no,,no,no,,,
Leipzig,15.02.2023,46,Hibiscus palustris,no,no,no,,no,no,,,
Leipzig,15.02.2023,46,Trillium sessile,y,no,no,,no,no,,,
Leipzig,15.02.2023,46,Asarum canadense,no,no,no,,no,no,,,
Leipzig,15.02.2023,46,Lysichiton americanus,no,no,no,,no,no,,,
Leipzig,15.02.2023,46,Filipendula vulgaris,y,no,no,,no,no,,,
Leipzig,15.02.2023,46,Anemone hupehensis,y,y,no,,no,no,,,
Leipzig,15.02.2023,46,Thalictrum minus,no,no,no,,no,no,,,
Leipzig,15.02.2023,46,Silene pusilla,no,no,no,,no,no,,,
Leipzig,15.02.2023,46,Psephellus dealbata,y,no,no,,no,no,,,
Leipzig,15.02.2023,46,Prunella grandiflora,no,no,no,,no,no,,,
Leipzig,15.02.2023,46,Leonurus cardiaca,y,no,no,,no,no,,,
Leipzig,15.02.2023,46,Silene vulgaris,no,no,no,,no,no,,,
Leipzig,15.02.2023,46,Saponaria officinalis,no,no,no,,no,no,,,
Leipzig,15.02.2023,46,Salvia officinalis,y,no,no,,no,no,,,
Leipzig,15.02.2023,46,Crocus vernus,no,no,no,,no,no,,,
Leipzig,15.02.2023,46,Lavandula angustifolia,y,no,no,,no,no,,,
Leipzig,15.02.2023,46,Paeonia officinalis,no,no,no,,no,no,,,
Leipzig,15.02.2023,46,Paeonia peregrina,no,no,no,,no,no,,,
Leipzig,15.02.2023,46,Eryngium campestre,no,no,no,,no,no,,,
Leipzig,15.02.2023,46,Scabiosa ochroleuca,y,no,no,,no,no,,,
Leipzig,15.02.2023,46,Bunias orientalis,y,no,no,,no,no,,,
Leipzig,15.02.2023,46,Helianthemum nummularium,y,no,no,,no,no,,,
Leipzig,15.02.2023,46,Salvia amplexicaule,y,no,no,,no,no,,,
Leipzig,15.02.2023,46,Tanacetum vulgare,no,no,no,,no,no,,,
Leipzig,15.02.2023,46,Tussilago farfara,no,no,y,10,no,no,,,
Leipzig,15.02.2023,46,Arnica  longifolia,no,no,no,,no,no,,,
Leipzig,15.02.2023,46,Campanula rotundifolia,no,no,no,,no,no,,removed,
Leipzig,15.02.2023,46,Menyanthes trifolata,y,no,no,,no,no,,,
Leipzig,15.02.2023,46,Vinca minor,y,no,no,,no,no,,,
Leipzig,15.02.2023,46,Vincetoxicum hinrundinaria,no,no,no,,no,no,,,
Leipzig,15.02.2023,46,Galium mollugo,y,no,no,,no,no,,,
Leipzig,15.02.2023,46,Plantago lanceolata,y,no,no,,no,no,,,
Leipzig,15.02.2023,46,Scopolia carniolia,no,no,no,,no,no,,,
Leipzig,15.02.2023,46,Hydrocotyle vulgaris,no,no,no,,no,no,,,
Leipzig,15.02.2023,46,Trapa natans,no,no,no,,no,no,,,
Leipzig,15.02.2023,46,Alchemilla vulgaris,no,no,no,,no,no,,,
Leipzig,15.02.2023,46,Fragaria vesca,no,no,no,,no,no,,,
Leipzig,15.02.2023,46,Myriophyllum aquaticum,no,no,no,,no,no,,,
Leipzig,15.02.2023,46,Saxifraga paniculata,y,no,no,,no,no,,,
Leipzig,15.02.2023,46,Dryas octopetala,y,no,no,,no,no,,,
Leipzig,15.02.2023,46,Cyclamen coum,no,no,y,100,no,no,,,
Leipzig,15.02.2023,46,Humulus  lupulus,y,no,no,,no,no,,,
Leipzig,15.02.2023,46,Lupinus polyphyllus,no,no,no,,no,no,,,
Leipzig,15.02.2023,46,Urtica dioca,y,no,no,,no,no,,,
Leipzig,15.02.2023,46,Iberis sempervirens,y,no,no,,no,no,,,
Leipzig,15.02.2023,46,Gaultheria shallon,y,no,no,,no,no,,,
Leipzig,15.02.2023,46,Cyclamen hederifolium,no,no,no,,no,no,,,
Leipzig,15.02.2023,46,Acorus calamus,no,no,no,,no,no,,,
Leipzig,15.02.2023,46,Linum usitatissimum,no,no,no,,no,no,,,
Leipzig,15.02.2023,46,Dianthus superbus,no,no,no,,no,no,,,
Leipzig,15.02.2023,46,Anthericum ramosum,no,no,no,,no,no,,,
Leipzig,15.02.2023,46,Convallaria majalis,no,no,no,,no,no,,,
Leipzig,15.02.2023,46,Colchicum autumnale,y,no,no,,no,no,,,
Leipzig,15.02.2023,46,Veratrum nigrum,no,no,no,,no,no,,,
Leipzig,15.02.2023,46,Aquilegia chrysantha,y,y,no,,no,no,,,
Leipzig,15.02.2023,46,Caltha palustris,no,y,no,,no,no,,,
Leipzig,15.02.2023,46,Eranthis hyemalis,no,no,y,100,no,no,,,
Leipzig,15.02.2023,46,Helleborus niger,no,no,no,,no,no,,,
Leipzig,15.02.2023,46,Helleborus viridis,no,no,no,,no,no,,,
Leipzig,15.02.2023,46,Anemone transsylvanica,no,no,no,,no,no,,,
Leipzig,15.02.2023,46,Podophyllum peltatum,no,no,no,,no,no,,,
Leipzig,15.02.2023,46,Trollius europaeus,no,no,no,,no,no,,,
Leipzig,15.02.2023,46,Adonis amurensis,no,no,y,40,no,no,,,
Leipzig,15.02.2023,46,Silene nutans,no,no,no,,no,no,,,
Leipzig,15.02.2023,46,Gentiana thibetica,y,no,no,,no,no,,,
Leipzig,15.02.2023,46,Penstemon grandiflorus,no,no,no,,no,no,,,
Leipzig,15.02.2023,46,Dictamnus albus,no,no,no,,no,no,,,
Leipzig,15.02.2023,46,Hemerocallis dumotieri,no,no,no,,no,no,,,
Leipzig,15.02.2023,46,Vaccinium myrtillus,no,no,no,,no,no,,removed,
Leipzig,15.02.2023,46,Vaccinium oxycoccos,no,no,no,,no,no,,removed,
Leipzig,15.02.2023,46,Polygonatum verticillatum,no,no,no,,no,no,,,
Leipzig,15.02.2023,46,Geum rivale,no,no,no,,no,no,,covered artificial,
Leipzig,15.02.2023,46,Genista tinctoria,no,no,no,,no,no,,removed,
Leipzig,15.02.2023,46,Iris pseudacorus,no,no,no,,no,no,,removed,
Leipzig,15.02.2023,46,Gunnera manicata,no,no,no,,no,no,,covered artificial,
Leipzig,15.02.2023,46,Eupatorium cannabinum,no,no,no,,no,no,,,
Leipzig,22.02.2023,53,Bunias orientalis,y,y,no,,no,no,,,
Leipzig,22.02.2023,53,Bergenia purpurascens,no,no,no,,no,no,,,
Leipzig,22.02.2023,53,Roscoea auriculata,no,no,no,,no,no,,covered artificial,
Leipzig,22.02.2023,53,Primula denticulata,y,no,no,,no,no,,,
Leipzig,22.02.2023,53,Globularia cordifolia,no,no,no,,no,no,,covered artificial,
Leipzig,22.02.2023,53,Gentiana lutea,no,no,no,,no,no,,covered artificial,
Leipzig,22.02.2023,53,Helianthemum nummularium,y,y,no,,no,no,,,
Leipzig,22.02.2023,53,Salvia amplexicaule,y,y,no,,no,no,,,
Leipzig,22.02.2023,53,Tanacetum vulgare,y,y,no,,no,no,,,
Leipzig,22.02.2023,53,Tussilago farfara,no,no,y,40,no,no,,,
Leipzig,22.02.2023,53,Arnica  longifolia,no,no,no,,no,no,,,
Leipzig,22.02.2023,53,Menyanthes trifolata,y,no,no,,no,no,,,
Leipzig,22.02.2023,53,Hypericum olympicum,no,no,no,,no,no,,covered artificial,
Leipzig,22.02.2023,53,Anemone pulsatilla,no,no,no,,no,no,,covered artificial,
Leipzig,22.02.2023,53,Phedimus stoloniferus,no,no,no,,no,no,,covered artificial,
Leipzig,22.02.2023,53,Clematis stans,no,no,no,,no,no,,,
Leipzig,22.02.2023,53,Galanthus nivalis,y,y,y,80,no,no,,,
Leipzig,22.02.2023,53,Aegopodium podagraria,no,no,no,,no,no,,,
Leipzig,22.02.2023,53,Leucojum vernum,no,no,y,50,no,no,,,
Leipzig,22.02.2023,53,Lathyrus vernus,no,no,no,,no,no,,,
Leipzig,22.02.2023,53,Allium ursinum,no,no,no,,no,no,,,
Leipzig,22.02.2023,53,Anemone nemorosa,y,no,no,,no,no,,,
Leipzig,22.02.2023,53,Anemone sylvestris,no,no,no,,no,no,,,
Leipzig,22.02.2023,53,Geranium sanguineum,no,no,no,,no,no,,,
Leipzig,22.02.2023,53,Asarum europaeum,no,no,no,,no,no,,,
Leipzig,22.02.2023,53,Arum maculatum,no,no,no,,no,no,,,
Leipzig,22.02.2023,53,Hibiscus palustris,no,no,no,,no,no,,,
Leipzig,22.02.2023,53,Trillium sessile,y,no,no,,no,no,,,
Leipzig,22.02.2023,53,Asarum canadense,no,no,no,,no,no,,,
Leipzig,22.02.2023,53,Lysichiton americanus,no,no,no,,no,no,,,
Leipzig,22.02.2023,53,Filipendula vulgaris,y,y,no,,no,no,,,
Leipzig,22.02.2023,53,Anemone hupehensis,y,no,no,,no,no,,,
Leipzig,22.02.2023,53,Thalictrum minus,no,no,no,,no,no,,,
Leipzig,22.02.2023,53,Silene pusilla,y,no,no,,no,no,,,
Leipzig,22.02.2023,53,Psephellus dealbata,y,y,no,,no,no,,,
Leipzig,22.02.2023,53,Prunella grandiflora,y,no,no,,no,no,,,
Leipzig,22.02.2023,53,Leonurus cardiaca,y,y,no,,no,no,,,
Leipzig,22.02.2023,53,Silene vulgaris,no,no,no,,no,no,,,
Leipzig,22.02.2023,53,Saponaria officinalis,no,no,no,,no,no,,removed,
Leipzig,22.02.2023,53,Salvia officinalis,y,y,no,,no,no,,,
Leipzig,22.02.2023,53,Crocus vernus,no,no,no,,no,no,,,
Leipzig,22.02.2023,53,Lavandula angustifolia,y,y,no,,no,no,,,
Leipzig,22.02.2023,53,Paeonia officinalis,y,no,no,,no,no,,,
Leipzig,22.02.2023,53,Paeonia peregrina,y,no,no,,no,no,,,
Leipzig,22.02.2023,53,Eryngium campestre,no,no,no,,no,no,,,
Leipzig,22.02.2023,53,Scabiosa ochroleuca,y,y,no,,no,no,,,
Leipzig,22.02.2023,53,Campanula rotundifolia,no,no,no,,no,no,,removed,
Leipzig,22.02.2023,53,Vinca minor,y,y,no,,no,no,,,
Leipzig,22.02.2023,53,Vincetoxicum hinrundinaria,no,no,no,,no,no,,,
Leipzig,22.02.2023,53,Galium mollugo,y,y,no,,no,no,,,
Leipzig,22.02.2023,53,Plantago lanceolata,y,no,no,,no,no,,,
Leipzig,22.02.2023,53,Scopolia carniolia,no,no,no,,no,no,,,
Leipzig,22.02.2023,53,Hydrocotyle vulgaris,no,no,no,,no,no,,,
Leipzig,22.02.2023,53,Trapa natans,no,no,no,,no,no,,,
Leipzig,22.02.2023,53,Alchemilla vulgaris,no,no,no,,no,no,,,
Leipzig,22.02.2023,53,Fragaria vesca,y,no,no,,no,no,,,
Leipzig,22.02.2023,53,Myriophyllum aquaticum,no,no,no,,no,no,,,
Leipzig,22.02.2023,53,Saxifraga paniculata,y,no,no,,no,no,,,
Leipzig,22.02.2023,53,Dryas octopetala,y,y,no,,no,no,,,
Leipzig,22.02.2023,53,Cyclamen coum,no,no,y,90,no,no,,,
Leipzig,22.02.2023,53,Humulus  lupulus,y,no,no,,no,no,,,
Leipzig,22.02.2023,53,Lupinus polyphyllus,no,no,no,,no,no,,,
Leipzig,22.02.2023,53,Urtica dioca,y,y,no,,no,no,,,
Leipzig,22.02.2023,53,Iberis sempervirens,y,y,no,,no,no,,,
Leipzig,22.02.2023,53,Gaultheria shallon,y,no,no,,no,no,,,
Leipzig,22.02.2023,53,Cyclamen hederifolium,no,no,no,,no,no,,,
Leipzig,22.02.2023,53,Acorus calamus,no,no,no,,no,no,,,
Leipzig,22.02.2023,53,Linum usitatissimum,no,no,no,,no,no,,,
Leipzig,22.02.2023,53,Dianthus superbus,no,no,no,,no,no,,,
Leipzig,22.02.2023,53,Anthericum ramosum,no,no,no,,no,no,,,
Leipzig,22.02.2023,53,Convallaria majalis,no,no,no,,no,no,,,
Leipzig,22.02.2023,53,Colchicum autumnale,y,no,no,,no,no,,,
Leipzig,22.02.2023,53,Veratrum nigrum,no,no,no,,no,no,,,
Leipzig,22.02.2023,53,Aquilegia chrysantha,y,y,no,,no,no,,,
Leipzig,22.02.2023,53,Caltha palustris,no,no,no,,no,no,,,
Leipzig,22.02.2023,53,Eranthis hyemalis,y,y,y,80,no,no,,,
Leipzig,22.02.2023,53,Helleborus niger,no,no,no,,no,no,,,
Leipzig,22.02.2023,53,Helleborus viridis,no,no,no,,no,no,,,
Leipzig,22.02.2023,53,Anemone transsylvanica,no,no,no,,no,no,,,
Leipzig,22.02.2023,53,Podophyllum peltatum,y,no,no,,no,no,,,
Leipzig,22.02.2023,53,Trollius europaeus,no,no,no,,no,no,,,
Leipzig,22.02.2023,53,Adonis amurensis,y,no,y,100,no,no,,,
Leipzig,22.02.2023,53,Silene nutans,y,no,no,,no,no,,,
Leipzig,22.02.2023,53,Gentiana thibetica,y,no,no,,no,no,,,
Leipzig,22.02.2023,53,Penstemon grandiflorus,y,no,no,,no,no,,,
Leipzig,22.02.2023,53,Dictamnus albus,no,no,no,,no,no,,,
Leipzig,22.02.2023,53,Hemerocallis dumotieri,y,no,no,,no,no,,,
Leipzig,22.02.2023,53,Vaccinium myrtillus,no,no,no,,no,no,,removed,
Leipzig,22.02.2023,53,Vaccinium oxycoccos,no,no,no,,no,no,,removed,
Leipzig,22.02.2023,53,Polygonatum verticillatum,no,no,no,,no,no,,,
Leipzig,22.02.2023,53,Geum rivale,no,no,no,,no,no,,removed,
Leipzig,22.02.2023,53,Genista tinctoria,no,no,no,,no,no,,removed,
Leipzig,22.02.2023,53,Iris pseudacorus,no,no,no,,no,no,,removed,
Leipzig,22.02.2023,53,Gunnera manicata,no,no,no,,no,no,,covered artificial,
Leipzig,22.02.2023,53,Eupatorium cannabinum,no,no,no,,no,no,,,
Leipzig,01.03.2023,60,Bergenia purpurascens,no,no,no,,no,no,,,
Leipzig,01.03.2023,60,Roscoea auriculata,no,no,no,,no,no,,covered artificial,
Leipzig,01.03.2023,60,Primula denticulata,y,no,no,,no,no,,,
Leipzig,01.03.2023,60,Globularia cordifolia,no,no,no,,no,no,,covered artificial,
Leipzig,01.03.2023,60,Gentiana lutea,no,no,no,,no,no,,covered artificial,
Leipzig,01.03.2023,60,Hypericum olympicum,no,no,no,,no,no,,covered artificial,
Leipzig,01.03.2023,60,Anemone pulsatilla,no,no,no,,no,no,,covered artificial,
Leipzig,01.03.2023,60,Phedimus stoloniferus,no,no,no,,no,no,,covered artificial,
Leipzig,01.03.2023,60,Clematis stans,no,no,no,,no,no,,,
Leipzig,01.03.2023,60,Galanthus nivalis,y,y,y,100,no,no,,,
Leipzig,01.03.2023,60,Aegopodium podagraria,no,no,no,,no,no,,,
Leipzig,01.03.2023,60,Leucojum vernum,y,y,y,100,no,no,,,
Leipzig,01.03.2023,60,Lathyrus vernus,no,no,no,,no,no,,,
Leipzig,01.03.2023,60,Allium ursinum,no,no,no,,no,no,,,
Leipzig,01.03.2023,60,Anemone nemorosa,y,y,no,,no,no,,,
Leipzig,01.03.2023,60,Anemone sylvestris,no,no,no,,no,no,,,
Leipzig,01.03.2023,60,Geranium sanguineum,no,no,no,,no,no,,removed,
Leipzig,01.03.2023,60,Asarum europaeum,no,no,no,,no,no,,,
Leipzig,01.03.2023,60,Arum maculatum,no,no,no,,no,no,,,
Leipzig,01.03.2023,60,Hibiscus palustris,no,no,no,,no,no,,,
Leipzig,01.03.2023,60,Trillium sessile,y,no,no,,no,no,,,
Leipzig,01.03.2023,60,Asarum canadense,no,no,no,,no,no,,,
Leipzig,01.03.2023,60,Lysichiton americanus,no,no,no,,no,no,,,
Leipzig,01.03.2023,60,Filipendula vulgaris,y,y,no,,no,no,,,
Leipzig,01.03.2023,60,Anemone hupehensis,y,y,no,,no,no,,,
Leipzig,01.03.2023,60,Thalictrum minus,no,no,no,,no,no,,,
Leipzig,01.03.2023,60,Silene pusilla,y,y,no,,no,no,,,
Leipzig,01.03.2023,60,Psephellus dealbata,y,y,no,,no,no,,,
Leipzig,01.03.2023,60,Prunella grandiflora,y,y,no,,no,no,,,
Leipzig,01.03.2023,60,Leonurus cardiaca,y,y,no,,no,no,,,
Leipzig,01.03.2023,60,Silene vulgaris,no,no,no,,no,no,,,
Leipzig,01.03.2023,60,Saponaria officinalis,no,no,no,,no,no,,removed,
Leipzig,01.03.2023,60,Salvia officinalis,y,y,no,,no,no,,,
Leipzig,01.03.2023,60,Crocus vernus,no,no,y,50,no,no,,,
Leipzig,01.03.2023,60,Lavandula angustifolia,y,y,no,,no,no,,,
Leipzig,01.03.2023,60,Paeonia officinalis,y,no,no,,no,no,,,
Leipzig,01.03.2023,60,Paeonia peregrina,y,no,no,,no,no,,,
Leipzig,01.03.2023,60,Eryngium campestre,no,no,no,,no,no,,,
Leipzig,01.03.2023,60,Scabiosa ochroleuca,y,y,no,,no,no,,,
Leipzig,01.03.2023,60,Bunias orientalis,y,y,no,,no,no,,,
Leipzig,01.03.2023,60,Helianthemum nummularium,y,y,no,,no,no,,,
Leipzig,01.03.2023,60,Salvia amplexicaule,y,y,no,,no,no,,,
Leipzig,01.03.2023,60,Tanacetum vulgare,y,y,no,,no,no,,,
Leipzig,01.03.2023,60,Tussilago farfara,no,no,y,60,no,no,,,
Leipzig,01.03.2023,60,Arnica  longifolia,no,no,no,,no,no,,,
Leipzig,01.03.2023,60,Campanula rotundifolia,no,no,no,,no,no,,removed,
Leipzig,01.03.2023,60,Menyanthes trifolata,y,no,no,,no,no,,,
Leipzig,01.03.2023,60,Vinca minor,y,y,no,,no,no,,,
Leipzig,01.03.2023,60,Vincetoxicum hinrundinaria,no,no,no,,no,no,,,
Leipzig,01.03.2023,60,Galium mollugo,y,y,no,,no,no,,,
Leipzig,01.03.2023,60,Plantago lanceolata,y,no,no,,no,no,,,
Leipzig,01.03.2023,60,Scopolia carniolia,y,no,no,,no,no,,,
Leipzig,01.03.2023,60,Hydrocotyle vulgaris,no,no,no,,no,no,,,
Leipzig,01.03.2023,60,Trapa natans,no,no,no,,no,no,,,
Leipzig,01.03.2023,60,Alchemilla vulgaris,no,no,no,,no,no,,,
Leipzig,01.03.2023,60,Fragaria vesca,y,no,no,,no,no,,,
Leipzig,01.03.2023,60,Myriophyllum aquaticum,no,no,no,,no,no,,,
Leipzig,01.03.2023,60,Saxifraga paniculata,y,no,no,,no,no,,,
Leipzig,01.03.2023,60,Dryas octopetala,y,y,no,,no,no,,,
Leipzig,01.03.2023,60,Cyclamen coum,no,no,y,80,no,no,,,
Leipzig,01.03.2023,60,Humulus  lupulus,y,no,no,,no,no,,,
Leipzig,01.03.2023,60,Lupinus polyphyllus,no,no,no,,no,no,,,
Leipzig,01.03.2023,60,Urtica dioca,y,y,no,,no,no,,,
Leipzig,01.03.2023,60,Iberis sempervirens,y,y,no,,no,no,,,
Leipzig,01.03.2023,60,Gaultheria shallon,y,no,no,,no,no,,,
Leipzig,01.03.2023,60,Cyclamen hederifolium,no,no,no,,no,no,,,
Leipzig,01.03.2023,60,Acorus calamus,no,no,no,,no,no,,,
Leipzig,01.03.2023,60,Linum usitatissimum,no,no,no,,no,no,,,
Leipzig,01.03.2023,60,Dianthus superbus,no,no,no,,no,no,,,
Leipzig,01.03.2023,60,Anthericum ramosum,no,no,no,,no,no,,,
Leipzig,01.03.2023,60,Convallaria majalis,no,no,no,,no,no,,,
Leipzig,01.03.2023,60,Colchicum autumnale,y,no,no,,no,no,,,
Leipzig,01.03.2023,60,Veratrum nigrum,no,no,no,,no,no,,,
Leipzig,01.03.2023,60,Aquilegia chrysantha,y,y,no,,no,no,,,
Leipzig,01.03.2023,60,Caltha palustris,y,y,no,,no,no,,,
Leipzig,01.03.2023,60,Eranthis hyemalis,y,y,y,60,no,no,,,
Leipzig,01.03.2023,60,Helleborus niger,no,no,no,,no,no,,,
Leipzig,01.03.2023,60,Helleborus viridis,no,no,no,,no,no,,,
Leipzig,01.03.2023,60,Anemone transsylvanica,no,no,no,,no,no,,,
Leipzig,01.03.2023,60,Podophyllum peltatum,y,no,no,,no,no,,,
Leipzig,01.03.2023,60,Trollius europaeus,no,no,no,,no,no,,,
Leipzig,01.03.2023,60,Adonis amurensis,y,y,y,70,no,no,,,
Leipzig,01.03.2023,60,Silene nutans,y,y,no,,no,no,,,
Leipzig,01.03.2023,60,Gentiana thibetica,y,no,no,,no,no,,,
Leipzig,01.03.2023,60,Penstemon grandiflorus,y,no,no,,no,no,,,
Leipzig,01.03.2023,60,Dictamnus albus,no,no,no,,no,no,,,
Leipzig,01.03.2023,60,Hemerocallis dumotieri,y,no,no,,no,no,,,
Leipzig,01.03.2023,60,Vaccinium myrtillus,no,no,no,,no,no,,removed,
Leipzig,01.03.2023,60,Vaccinium oxycoccos,no,no,no,,no,no,,removed,
Leipzig,01.03.2023,60,Polygonatum verticillatum,no,no,no,,no,no,,,
Leipzig,01.03.2023,60,Geum rivale,no,no,no,,no,no,,removed,
Leipzig,01.03.2023,60,Genista tinctoria,no,no,no,,no,no,,removed,
Leipzig,01.03.2023,60,Iris pseudacorus,no,no,no,,no,no,,removed,
Leipzig,01.03.2023,60,Gunnera manicata,no,no,no,,no,no,,covered artificial,
Leipzig,01.03.2023,60,Eupatorium cannabinum,no,no,no,,no,no,,,
Leipzig,08.03.2023,67,Roscoea auriculata,no,no,no,,no,no,,covered natural,
Leipzig,08.03.2023,67,Primula denticulata,no,no,no,,no,no,,covered natural,
Leipzig,08.03.2023,67,Globularia cordifolia,no,no,no,,no,no,,covered natural,
Leipzig,08.03.2023,67,Gentiana lutea,no,no,no,,no,no,,covered natural,
Leipzig,08.03.2023,67,Hypericum olympicum,no,no,no,,no,no,,covered natural,
Leipzig,08.03.2023,67,Anemone pulsatilla,no,no,no,,no,no,,covered natural,
Leipzig,08.03.2023,67,Bergenia purpurascens,no,no,no,,no,no,,covered natural,
Leipzig,08.03.2023,67,Phedimus stoloniferus,no,no,no,,no,no,,covered natural,
Leipzig,08.03.2023,67,Clematis stans,no,no,no,,no,no,,covered natural,
Leipzig,08.03.2023,67,Galanthus nivalis,no,no,no,,no,no,,covered natural,
Leipzig,08.03.2023,67,Aegopodium podagraria,no,no,no,,no,no,,covered natural,
Leipzig,08.03.2023,67,Leucojum vernum,no,no,no,,no,no,,covered natural,
Leipzig,08.03.2023,67,Lathyrus vernus,no,no,no,,no,no,,covered natural,
Leipzig,08.03.2023,67,Allium ursinum,no,no,no,,no,no,,covered natural,
Leipzig,08.03.2023,67,Anemone nemorosa,no,no,no,,no,no,,covered natural,
Leipzig,08.03.2023,67,Anemone sylvestris,no,no,no,,no,no,,covered natural,
Leipzig,08.03.2023,67,Geranium sanguineum,no,no,no,,no,no,,covered natural,
Leipzig,08.03.2023,67,Asarum europaeum,no,no,no,,no,no,,covered natural,
Leipzig,08.03.2023,67,Arum maculatum,no,no,no,,no,no,,covered natural,
Leipzig,08.03.2023,67,Hibiscus palustris,no,no,no,,no,no,,covered natural,
Leipzig,08.03.2023,67,Trillium sessile,no,no,no,,no,no,,covered natural,
Leipzig,08.03.2023,67,Asarum canadense,no,no,no,,no,no,,covered natural,
Leipzig,08.03.2023,67,Lysichiton americanus,no,no,no,,no,no,,covered natural,
Leipzig,08.03.2023,67,Filipendula vulgaris,no,no,no,,no,no,,covered natural,
Leipzig,08.03.2023,67,Anemone hupehensis,no,no,no,,no,no,,covered natural,
Leipzig,08.03.2023,67,Thalictrum minus,no,no,no,,no,no,,covered natural,
Leipzig,08.03.2023,67,Silene pusilla,no,no,no,,no,no,,covered natural,
Leipzig,08.03.2023,67,Psephellus dealbata,no,no,no,,no,no,,covered natural,
Leipzig,08.03.2023,67,Prunella grandiflora,no,no,no,,no,no,,covered natural,
Leipzig,08.03.2023,67,Leonurus cardiaca,no,no,no,,no,no,,covered natural,
Leipzig,08.03.2023,67,Silene vulgaris,no,no,no,,no,no,,covered natural,
Leipzig,08.03.2023,67,Saponaria officinalis,no,no,no,,no,no,,covered natural,
Leipzig,08.03.2023,67,Salvia officinalis,no,no,no,,no,no,,covered natural,
Leipzig,08.03.2023,67,Crocus vernus,no,no,no,,no,no,,covered natural,
Leipzig,08.03.2023,67,Lavandula angustifolia,no,no,no,,no,no,,covered natural,
Leipzig,08.03.2023,67,Paeonia officinalis,no,no,no,,no,no,,covered natural,
Leipzig,08.03.2023,67,Paeonia peregrina,no,no,no,,no,no,,covered natural,
Leipzig,08.03.2023,67,Eryngium campestre,no,no,no,,no,no,,covered natural,
Leipzig,08.03.2023,67,Scabiosa ochroleuca,no,no,no,,no,no,,covered natural,
Leipzig,08.03.2023,67,Bunias orientalis,no,no,no,,no,no,,covered natural,
Leipzig,08.03.2023,67,Helianthemum nummularium,no,no,no,,no,no,,covered natural,
Leipzig,08.03.2023,67,Salvia amplexicaule,no,no,no,,no,no,,covered natural,
Leipzig,08.03.2023,67,Tanacetum vulgare,no,no,no,,no,no,,covered natural,
Leipzig,08.03.2023,67,Tussilago farfara,no,no,no,,no,no,,covered natural,
Leipzig,08.03.2023,67,Arnica  longifolia,no,no,no,,no,no,,covered natural,
Leipzig,08.03.2023,67,Campanula rotundifolia,no,no,no,,no,no,,removed,
Leipzig,08.03.2023,67,Menyanthes trifolata,no,no,no,,no,no,,covered natural,
Leipzig,08.03.2023,67,Vinca minor,no,no,no,,no,no,,covered natural,
Leipzig,08.03.2023,67,Vincetoxicum hinrundinaria,no,no,no,,no,no,,covered natural,
Leipzig,08.03.2023,67,Galium mollugo,no,no,no,,no,no,,covered natural,
Leipzig,08.03.2023,67,Plantago lanceolata,no,no,no,,no,no,,covered natural,
Leipzig,08.03.2023,67,Scopolia carniolia,no,no,no,,no,no,,covered natural,
Leipzig,08.03.2023,67,Hydrocotyle vulgaris,no,no,no,,no,no,,covered natural,
Leipzig,08.03.2023,67,Trapa natans,no,no,no,,no,no,,,
Leipzig,08.03.2023,67,Alchemilla vulgaris,no,no,no,,no,no,,covered natural,
Leipzig,08.03.2023,67,Fragaria vesca,no,no,no,,no,no,,covered natural,
Leipzig,08.03.2023,67,Myriophyllum aquaticum,no,no,no,,no,no,,covered natural,
Leipzig,08.03.2023,67,Saxifraga paniculata,no,no,no,,no,no,,covered natural,
Leipzig,08.03.2023,67,Dryas octopetala,no,no,no,,no,no,,covered natural,
Leipzig,08.03.2023,67,Cyclamen coum,no,no,no,,no,no,,covered natural,
Leipzig,08.03.2023,67,Humulus  lupulus,no,no,no,,no,no,,covered natural,
Leipzig,08.03.2023,67,Lupinus polyphyllus,no,no,no,,no,no,,covered natural,
Leipzig,08.03.2023,67,Urtica dioca,no,no,no,,no,no,,covered natural,
Leipzig,08.03.2023,67,Iberis sempervirens,no,no,no,,no,no,,covered natural,
Leipzig,08.03.2023,67,Gaultheria shallon,no,no,no,,no,no,,covered natural,
Leipzig,08.03.2023,67,Cyclamen hederifolium,no,no,no,,no,no,,covered natural,
Leipzig,08.03.2023,67,Acorus calamus,no,no,no,,no,no,,,
Leipzig,08.03.2023,67,Linum usitatissimum,no,no,no,,no,no,,,
Leipzig,08.03.2023,67,Dianthus superbus,no,no,no,,no,no,,covered natural,
Leipzig,08.03.2023,67,Anthericum ramosum,no,no,no,,no,no,,covered natural,
Leipzig,08.03.2023,67,Convallaria majalis,no,no,no,,no,no,,covered natural,
Leipzig,08.03.2023,67,Colchicum autumnale,no,no,no,,no,no,,covered natural,
Leipzig,08.03.2023,67,Veratrum nigrum,no,no,no,,no,no,,covered natural,
Leipzig,08.03.2023,67,Aquilegia chrysantha,no,no,no,,no,no,,covered natural,
Leipzig,08.03.2023,67,Caltha palustris,no,no,no,,no,no,,covered natural,
Leipzig,08.03.2023,67,Eranthis hyemalis,no,no,no,,no,no,,covered natural,
Leipzig,08.03.2023,67,Helleborus niger,no,no,no,,no,no,,covered natural,
Leipzig,08.03.2023,67,Helleborus viridis,no,no,no,,no,no,,covered natural,
Leipzig,08.03.2023,67,Anemone transsylvanica,no,no,no,,no,no,,covered natural,
Leipzig,08.03.2023,67,Podophyllum peltatum,no,no,no,,no,no,,covered natural,
Leipzig,08.03.2023,67,Trollius europaeus,no,no,no,,no,no,,covered natural,
Leipzig,08.03.2023,67,Adonis amurensis,no,no,no,,no,no,,covered natural,
Leipzig,08.03.2023,67,Silene nutans,no,no,no,,no,no,,covered natural,
Leipzig,08.03.2023,67,Gentiana thibetica,no,no,no,,no,no,,covered natural,
Leipzig,08.03.2023,67,Penstemon grandiflorus,no,no,no,,no,no,,covered natural,
Leipzig,08.03.2023,67,Dictamnus albus,no,no,no,,no,no,,covered natural,
Leipzig,08.03.2023,67,Hemerocallis dumotieri,no,no,no,,no,no,,covered natural,
Leipzig,08.03.2023,67,Vaccinium myrtillus,no,no,no,,no,no,,covered natural,
Leipzig,08.03.2023,67,Vaccinium oxycoccos,no,no,no,,no,no,,covered natural,
Leipzig,08.03.2023,67,Polygonatum verticillatum,no,no,no,,no,no,,covered natural,
Leipzig,08.03.2023,67,Geum rivale,no,no,no,,no,no,,covered natural,
Leipzig,08.03.2023,67,Genista tinctoria,no,no,no,,no,no,,covered natural,
Leipzig,08.03.2023,67,Iris pseudacorus,no,no,no,,no,no,,removed,
Leipzig,08.03.2023,67,Gunnera manicata,no,no,no,,no,no,,covered natural,
Leipzig,08.03.2023,67,Eupatorium cannabinum,no,no,no,,no,no,,covered natural,
Leipzig,15.03.2023,74,Bergenia purpurascens,y,no,no,,no,no,,,
Leipzig,15.03.2023,74,Roscoea auriculata,no,no,no,,no,no,,covered artificial,
Leipzig,15.03.2023,74,Primula denticulata,y,no,no,,no,no,,,
Leipzig,15.03.2023,74,Globularia cordifolia,no,no,no,,no,no,,covered artificial,
Leipzig,15.03.2023,74,Gentiana lutea,no,no,no,,no,no,,covered artificial,
Leipzig,15.03.2023,74,Hypericum olympicum,no,no,no,,no,no,,covered artificial,
Leipzig,15.03.2023,74,Anemone pulsatilla,no,no,no,,no,no,,covered artificial,
Leipzig,15.03.2023,74,Phedimus stoloniferus,no,no,no,,no,no,,covered artificial,
Leipzig,15.03.2023,74,Clematis stans,y,no,no,,no,no,,,
Leipzig,15.03.2023,74,Galanthus nivalis,no,no,y,90,no,no,,,
Leipzig,15.03.2023,74,Aegopodium podagraria,no,no,no,,no,no,,,
Leipzig,15.03.2023,74,Leucojum vernum,no,no,y,90,no,no,,,
Leipzig,15.03.2023,74,Lathyrus vernus,no,no,no,,no,no,,,
Leipzig,15.03.2023,74,Allium ursinum,no,no,no,,no,no,,,
Leipzig,15.03.2023,74,Anemone nemorosa,no,y,no,,no,no,,,
Leipzig,15.03.2023,74,Anemone sylvestris,no,y,no,,no,no,,,
Leipzig,15.03.2023,74,Geranium sanguineum,no,no,no,,no,no,,removed,
Leipzig,15.03.2023,74,Asarum europaeum,no,no,no,,no,no,,,
Leipzig,15.03.2023,74,Arum maculatum,no,no,no,,no,no,,,
Leipzig,15.03.2023,74,Hibiscus palustris,no,no,no,,no,no,,,
Leipzig,15.03.2023,74,Trillium sessile,no,y,no,,no,no,,,
Leipzig,15.03.2023,74,Asarum canadense,no,no,no,,no,no,,,
Leipzig,15.03.2023,74,Lysichiton americanus,no,no,no,,no,no,,,
Leipzig,15.03.2023,74,Filipendula vulgaris,no,y,no,,no,no,,,
Leipzig,15.03.2023,74,Anemone hupehensis,no,y,no,,no,no,,,
Leipzig,15.03.2023,74,Thalictrum minus,no,no,no,,no,no,,,
Leipzig,15.03.2023,74,Silene pusilla,no,y,no,,no,no,,,
Leipzig,15.03.2023,74,Psephellus dealbata,no,y,no,,no,no,,,
Leipzig,15.03.2023,74,Prunella grandiflora,no,y,no,,no,no,,,
Leipzig,15.03.2023,74,Leonurus cardiaca,no,y,no,,no,no,,,
Leipzig,15.03.2023,74,Silene vulgaris,no,no,no,,no,no,,,
Leipzig,15.03.2023,74,Saponaria officinalis,no,no,no,,no,no,,removed,
Leipzig,15.03.2023,74,Salvia officinalis,no,y,no,,no,no,,,
Leipzig,15.03.2023,74,Crocus vernus,no,no,y,70,no,no,,,
Leipzig,15.03.2023,74,Lavandula angustifolia,no,y,no,,no,no,,,
Leipzig,15.03.2023,74,Paeonia officinalis,y,no,no,,no,no,,,
Leipzig,15.03.2023,74,Paeonia peregrina,y,no,no,,no,no,,,
Leipzig,15.03.2023,74,Eryngium campestre,no,no,no,,no,no,,,
Leipzig,15.03.2023,74,Scabiosa ochroleuca,no,y,no,,no,no,,,
Leipzig,15.03.2023,74,Bunias orientalis,y,y,no,,no,no,,,
Leipzig,15.03.2023,74,Helianthemum nummularium,no,y,no,,no,no,,,
Leipzig,15.03.2023,74,Salvia amplexicaule,no,y,no,,no,no,,,
Leipzig,15.03.2023,74,Tanacetum vulgare,no,y,no,,no,no,,,
Leipzig,15.03.2023,74,Tussilago farfara,no,no,y,80,no,no,,,
Leipzig,15.03.2023,74,Arnica  longifolia,no,no,no,,no,no,,,
Leipzig,15.03.2023,74,Campanula rotundifolia,no,no,no,,no,no,,removed,
Leipzig,15.03.2023,74,Menyanthes trifolata,y,no,no,,no,no,,,
Leipzig,15.03.2023,74,Vinca minor,no,y,no,,no,no,,,
Leipzig,15.03.2023,74,Vincetoxicum hinrundinaria,no,no,no,,no,no,,,
Leipzig,15.03.2023,74,Galium mollugo,no,y,no,,no,no,,,
Leipzig,15.03.2023,74,Plantago lanceolata,y,no,no,,no,no,,,
Leipzig,15.03.2023,74,Scopolia carniolia,y,no,no,,no,no,,,
Leipzig,15.03.2023,74,Hydrocotyle vulgaris,no,no,no,,no,no,,,
Leipzig,15.03.2023,74,Trapa natans,no,no,no,,no,no,,,
Leipzig,15.03.2023,74,Alchemilla vulgaris,no,no,no,,no,no,,,
Leipzig,15.03.2023,74,Fragaria vesca,no,y,no,,no,no,,,
Leipzig,15.03.2023,74,Myriophyllum aquaticum,no,no,no,,no,no,,,
Leipzig,15.03.2023,74,Saxifraga paniculata,y,no,no,,no,no,,,
Leipzig,15.03.2023,74,Dryas octopetala,no,y,no,,no,no,,,
Leipzig,15.03.2023,74,Cyclamen coum,no,no,y,80,no,no,,,
Leipzig,15.03.2023,74,Humulus  lupulus,y,no,no,,no,no,,,
Leipzig,15.03.2023,74,Lupinus polyphyllus,no,no,no,,no,no,,,
Leipzig,15.03.2023,74,Urtica dioca,no,y,no,,no,no,,,
Leipzig,15.03.2023,74,Iberis sempervirens,no,y,no,,no,no,,,
Leipzig,15.03.2023,74,Gaultheria shallon,y,no,no,,no,no,,,
Leipzig,15.03.2023,74,Cyclamen hederifolium,no,no,no,,no,no,,,
Leipzig,15.03.2023,74,Acorus calamus,no,no,no,,no,no,,,
Leipzig,15.03.2023,74,Linum usitatissimum,no,no,no,,no,no,,,
Leipzig,15.03.2023,74,Dianthus superbus,no,no,no,,no,no,,,
Leipzig,15.03.2023,74,Anthericum ramosum,no,no,no,,no,no,,,
Leipzig,15.03.2023,74,Convallaria majalis,no,no,no,,no,no,,,
Leipzig,15.03.2023,74,Colchicum autumnale,no,y,no,,no,no,,,
Leipzig,15.03.2023,74,Veratrum nigrum,no,no,no,,no,no,,,
Leipzig,15.03.2023,74,Aquilegia chrysantha,no,y,no,,no,no,,,
Leipzig,15.03.2023,74,Caltha palustris,no,y,no,,no,no,,,
Leipzig,15.03.2023,74,Eranthis hyemalis,no,no,y,30,no,no,,,
Leipzig,15.03.2023,74,Helleborus niger,no,no,no,,no,no,,,
Leipzig,15.03.2023,74,Helleborus viridis,no,no,no,,no,no,,,
Leipzig,15.03.2023,74,Anemone transsylvanica,no,no,no,,no,no,,,
Leipzig,15.03.2023,74,Podophyllum peltatum,y,no,no,,no,no,,,
Leipzig,15.03.2023,74,Trollius europaeus,no,no,no,,no,no,,,
Leipzig,15.03.2023,74,Adonis amurensis,no,no,y,50,no,no,,,
Leipzig,15.03.2023,74,Silene nutans,no,y,no,,no,no,,,
Leipzig,15.03.2023,74,Gentiana thibetica,y,no,no,,no,no,,,
Leipzig,15.03.2023,74,Penstemon grandiflorus,y,no,no,,no,no,,,
Leipzig,15.03.2023,74,Dictamnus albus,no,no,no,,no,no,,,
Leipzig,15.03.2023,74,Hemerocallis dumotieri,y,no,no,,no,no,,,
Leipzig,15.03.2023,74,Vaccinium myrtillus,no,no,no,,no,no,,removed,
Leipzig,15.03.2023,74,Vaccinium oxycoccos,no,no,no,,no,no,,removed,
Leipzig,15.03.2023,74,Polygonatum verticillatum,no,no,no,,no,no,,,
Leipzig,15.03.2023,74,Geum rivale,no,no,no,,no,no,,removed,
Leipzig,15.03.2023,74,Genista tinctoria,no,no,no,,no,no,,removed,
Leipzig,15.03.2023,74,Iris pseudacorus,no,no,no,,no,no,,removed,
Leipzig,15.03.2023,74,Gunnera manicata,no,no,no,,no,no,,covered artificial,
Leipzig,15.03.2023,74,Eupatorium cannabinum,no,no,no,,no,no,,,
Leipzig,15.03.2023,74,Calla palustris,no,no,no,,no,no,,,
Leipzig,15.03.2023,74,Silene coronaria,no,y,no,,no,no,,,
Leipzig,22.03.2023,81,Leonurus cardiaca,y,y,no,,no,no,,,
Leipzig,22.03.2023,81,Bergenia purpurascens,y,no,no,,no,no,,,
Leipzig,22.03.2023,81,Roscoea auriculata,no,no,no,,no,no,,,
Leipzig,22.03.2023,81,Primula denticulata,y,y,no,,no,no,,,
Leipzig,22.03.2023,81,Globularia cordifolia,y,no,no,,no,no,,,
Leipzig,22.03.2023,81,Gentiana lutea,no,no,no,,no,no,,,
Leipzig,22.03.2023,81,Hypericum olympicum,y,y,no,,no,no,,,
Leipzig,22.03.2023,81,Anemone pulsatilla,y,y,no,,no,no,,,
Leipzig,22.03.2023,81,Phedimus stoloniferus,no,no,no,,no,no,,removed,
Leipzig,22.03.2023,81,Clematis stans,y,no,no,,no,no,,,
Leipzig,22.03.2023,81,Galanthus nivalis,y,y,y,30,no,no,,,
Leipzig,22.03.2023,81,Aegopodium podagraria,y,y,no,,no,no,,,
Leipzig,22.03.2023,81,Leucojum vernum,y,y,y,70,no,no,,,
Leipzig,22.03.2023,81,Lathyrus vernus,y,no,no,,no,no,,,
Leipzig,22.03.2023,81,Allium ursinum,y,y,no,,no,no,,,
Leipzig,22.03.2023,81,Anemone nemorosa,y,y,no,,no,no,,,
Leipzig,22.03.2023,81,Anemone sylvestris,y,y,no,,no,no,,,
Leipzig,22.03.2023,81,Geranium sanguineum,no,no,no,,no,no,,removed,
Leipzig,22.03.2023,81,Asarum europaeum,no,no,no,,no,no,,,
Leipzig,22.03.2023,81,Arum maculatum,no,no,no,,no,no,,,
Leipzig,22.03.2023,81,Hibiscus palustris,no,no,no,,no,no,,,
Leipzig,22.03.2023,81,Trillium sessile,y,y,no,,no,no,,,
Leipzig,22.03.2023,81,Asarum canadense,no,no,no,,no,no,,,
Leipzig,22.03.2023,81,Lysichiton americanus,no,no,no,,no,no,,,
Leipzig,22.03.2023,81,Filipendula vulgaris,y,y,no,,no,no,,,
Leipzig,22.03.2023,81,Anemone hupehensis,no,no,no,,no,no,,,
Leipzig,22.03.2023,81,Thalictrum minus,no,no,no,,no,no,,,
Leipzig,22.03.2023,81,Silene pusilla,y,y,no,,no,no,,,
Leipzig,22.03.2023,81,Psephellus dealbata,y,y,no,,no,no,,,
Leipzig,22.03.2023,81,Prunella grandiflora,y,y,no,,no,no,,,
Leipzig,22.03.2023,81,Silene vulgaris,no,no,no,,no,no,,,
Leipzig,22.03.2023,81,Saponaria officinalis,no,no,no,,no,no,,removed,
Leipzig,22.03.2023,81,Salvia officinalis,y,y,no,,no,no,,,
Leipzig,22.03.2023,81,Crocus vernus,no,no,y,100,no,no,,,
Leipzig,22.03.2023,81,Lavandula angustifolia,y,y,no,,no,no,,,
Leipzig,22.03.2023,81,Paeonia officinalis,y,no,no,,no,no,,,
Leipzig,22.03.2023,81,Paeonia peregrina,y,no,no,,no,no,,,
Leipzig,22.03.2023,81,Eryngium campestre,no,no,no,,no,no,,,
Leipzig,22.03.2023,81,Scabiosa ochroleuca,y,y,no,,no,no,,,
Leipzig,22.03.2023,81,Bunias orientalis,no,no,no,,no,no,,,
Leipzig,22.03.2023,81,Helianthemum nummularium,y,y,no,,no,no,,,
Leipzig,22.03.2023,81,Salvia amplexicaule,y,y,no,,no,no,,,
Leipzig,22.03.2023,81,Tanacetum vulgare,y,y,no,,no,no,,,
Leipzig,22.03.2023,81,Tussilago farfara,no,no,y,100,no,no,,,
Leipzig,22.03.2023,81,Arnica  longifolia,no,no,no,,no,no,,,
Leipzig,22.03.2023,81,Campanula rotundifolia,no,no,no,,no,no,,removed,
Leipzig,22.03.2023,81,Menyanthes trifolata,y,no,no,,no,no,,,
Leipzig,22.03.2023,81,Vinca minor,y,y,no,,no,no,,,
Leipzig,22.03.2023,81,Vincetoxicum hinrundinaria,no,no,no,,no,no,,,
Leipzig,22.03.2023,81,Galium mollugo,y,y,no,,no,no,,,
Leipzig,22.03.2023,81,Plantago lanceolata,y,y,no,,no,no,,,
Leipzig,22.03.2023,81,Scopolia carniolia,y,y,y,10,no,no,,,
Leipzig,22.03.2023,81,Hydrocotyle vulgaris,no,no,no,,no,no,,,
Leipzig,22.03.2023,81,Trapa natans,no,no,no,,no,no,,,
Leipzig,22.03.2023,81,Alchemilla vulgaris,no,no,no,,no,no,,,
Leipzig,22.03.2023,81,Fragaria vesca,y,y,no,,no,no,,,
Leipzig,22.03.2023,81,Myriophyllum aquaticum,no,no,no,,no,no,,,
Leipzig,22.03.2023,81,Saxifraga paniculata,y,y,no,,no,no,,,
Leipzig,22.03.2023,81,Dryas octopetala,y,y,no,,no,no,,,
Leipzig,22.03.2023,81,Cyclamen coum,no,no,y,60,no,no,,,
Leipzig,22.03.2023,81,Humulus  lupulus,y,y,no,,no,no,,,
Leipzig,22.03.2023,81,Lupinus polyphyllus,no,no,no,,no,no,,,
Leipzig,22.03.2023,81,Urtica dioca,y,y,no,,no,no,,,
Leipzig,22.03.2023,81,Iberis sempervirens,y,y,no,,no,no,,,
Leipzig,22.03.2023,81,Gaultheria shallon,y,no,no,,no,no,,,
Leipzig,22.03.2023,81,Cyclamen hederifolium,no,no,no,,no,no,,,
Leipzig,22.03.2023,81,Acorus calamus,y,no,no,,no,no,,,
Leipzig,22.03.2023,81,Linum usitatissimum,no,no,no,,no,no,,,
Leipzig,22.03.2023,81,Dianthus superbus,y,y,no,,no,no,,,
Leipzig,22.03.2023,81,Anthericum ramosum,no,no,no,,no,no,,,
Leipzig,22.03.2023,81,Convallaria majalis,no,no,no,,no,no,,,
Leipzig,22.03.2023,81,Colchicum autumnale,y,y,no,,no,no,,,
Leipzig,22.03.2023,81,Veratrum nigrum,y,no,no,,no,no,,,
Leipzig,22.03.2023,81,Aquilegia chrysantha,y,y,no,,no,no,,,
Leipzig,22.03.2023,81,Caltha palustris,y,y,no,,no,no,,,
Leipzig,22.03.2023,81,Eranthis hyemalis,y,y,no,,no,no,,,
Leipzig,22.03.2023,81,Helleborus niger,no,no,no,,no,no,,,
Leipzig,22.03.2023,81,Helleborus viridis,y,y,no,,no,no,,,
Leipzig,22.03.2023,81,Anemone transsylvanica,no,no,no,,no,no,,,
Leipzig,22.03.2023,81,Podophyllum peltatum,y,no,no,,no,no,,,
Leipzig,22.03.2023,81,Trollius europaeus,no,no,no,,no,no,,,
Leipzig,22.03.2023,81,Adonis amurensis,y,y,y,40,no,no,,,
Leipzig,22.03.2023,81,Silene nutans,y,y,no,,no,no,,,
Leipzig,22.03.2023,81,Gentiana thibetica,y,no,no,,no,no,,,
Leipzig,22.03.2023,81,Penstemon grandiflorus,y,y,no,,no,no,,,
Leipzig,22.03.2023,81,Dictamnus albus,no,no,no,,no,no,,,
Leipzig,22.03.2023,81,Hemerocallis dumotieri,y,y,no,,no,no,,,
Leipzig,22.03.2023,81,Vaccinium myrtillus,no,no,no,,no,no,,removed,
Leipzig,22.03.2023,81,Vaccinium oxycoccos,no,no,no,,no,no,,removed,
Leipzig,22.03.2023,81,Polygonatum verticillatum,no,no,no,,no,no,,,
Leipzig,22.03.2023,81,Geum rivale,no,no,no,,no,no,,removed,
Leipzig,22.03.2023,81,Genista tinctoria,no,no,no,,no,no,,removed,
Leipzig,22.03.2023,81,Iris pseudacorus,no,no,no,,no,no,,removed,
Leipzig,22.03.2023,81,Gunnera manicata,no,no,no,,no,no,,covered artificial,
Leipzig,22.03.2023,81,Eupatorium cannabinum,no,no,no,,no,no,,,
Leipzig,22.03.2023,81,Calla palustris,no,no,no,,no,no,,,
Leipzig,22.03.2023,81,Silene coronaria,y,y,no,,no,no,,,
Leipzig,29.03.2023,88,Bergenia purpurascens,y,y,y,5,no,no,,,
Leipzig,29.03.2023,88,Roscoea auriculata,no,no,no,,no,no,,,
Leipzig,29.03.2023,88,Primula denticulata,y,y,y,10,no,no,,,
Leipzig,29.03.2023,88,Globularia cordifolia,y,y,no,,no,no,,,
Leipzig,29.03.2023,88,Gentiana lutea,no,no,no,,no,no,,,
Leipzig,29.03.2023,88,Hypericum olympicum,y,y,no,,no,no,,,
Leipzig,29.03.2023,88,Anemone pulsatilla,y,y,no,,no,no,,,
Leipzig,29.03.2023,88,Phedimus stoloniferus,no,no,no,,no,no,,removed,
Leipzig,29.03.2023,88,Clematis stans,y,no,no,,no,no,,,
Leipzig,29.03.2023,88,Galanthus nivalis,y,y,no,,no,no,,,
Leipzig,29.03.2023,88,Aegopodium podagraria,y,y,no,,no,no,,,
Leipzig,29.03.2023,88,Leucojum vernum,y,y,y,5,no,no,,,
Leipzig,29.03.2023,88,Lathyrus vernus,y,y,no,,no,no,,,
Leipzig,29.03.2023,88,Allium ursinum,y,y,no,,no,no,,,
Leipzig,29.03.2023,88,Anemone nemorosa,y,y,no,,no,no,,,
Leipzig,29.03.2023,88,Anemone sylvestris,y,y,no,,no,no,,,
Leipzig,29.03.2023,88,Geranium sanguineum,no,no,no,,no,no,,removed,
Leipzig,29.03.2023,88,Asarum europaeum,no,no,no,,no,no,,,
Leipzig,29.03.2023,88,Arum maculatum,no,no,no,,no,no,,,
Leipzig,29.03.2023,88,Hibiscus palustris,no,no,no,,no,no,,,
Leipzig,29.03.2023,88,Trillium sessile,y,y,no,,no,no,,,
Leipzig,29.03.2023,88,Asarum canadense,no,no,no,,no,no,,,
Leipzig,29.03.2023,88,Lysichiton americanus,no,no,no,,no,no,,,
Leipzig,29.03.2023,88,Filipendula vulgaris,y,y,no,,no,no,,,
Leipzig,29.03.2023,88,Anemone hupehensis,y,y,no,,no,no,,,
Leipzig,29.03.2023,88,Thalictrum minus,no,no,no,,no,no,,,
Leipzig,29.03.2023,88,Silene pusilla,y,y,no,,no,no,,,
Leipzig,29.03.2023,88,Psephellus dealbata,y,y,no,,no,no,,,
Leipzig,29.03.2023,88,Prunella grandiflora,y,y,no,,no,no,,,
Leipzig,29.03.2023,88,Leonurus cardiaca,y,y,no,,no,no,,,
Leipzig,29.03.2023,88,Silene vulgaris,no,no,no,,no,no,,,
Leipzig,29.03.2023,88,Saponaria officinalis,no,no,no,,no,no,,removed,
Leipzig,29.03.2023,88,Salvia officinalis,y,y,no,,no,no,,,
Leipzig,29.03.2023,88,Crocus vernus,y,y,y,10,no,no,,,
Leipzig,29.03.2023,88,Lavandula angustifolia,y,y,no,,no,no,,,
Leipzig,29.03.2023,88,Paeonia officinalis,y,no,no,,no,no,,,
Leipzig,29.03.2023,88,Paeonia peregrina,y,no,no,,no,no,,,
Leipzig,29.03.2023,88,Eryngium campestre,no,no,no,,no,no,,,
Leipzig,29.03.2023,88,Scabiosa ochroleuca,y,y,no,,no,no,,,
Leipzig,29.03.2023,88,Bunias orientalis,y,y,no,,no,no,,,
Leipzig,29.03.2023,88,Helianthemum nummularium,y,y,no,,no,no,,,
Leipzig,29.03.2023,88,Salvia amplexicaule,y,y,no,,no,no,,,
Leipzig,29.03.2023,88,Tanacetum vulgare,y,y,no,,no,no,,,
Leipzig,29.03.2023,88,Tussilago farfara,no,no,y,80,no,no,,,
Leipzig,29.03.2023,88,Arnica  longifolia,no,no,no,,no,no,,,
Leipzig,29.03.2023,88,Campanula rotundifolia,no,no,no,,no,no,,removed,
Leipzig,29.03.2023,88,Menyanthes trifolata,y,no,no,,no,no,,,
Leipzig,29.03.2023,88,Vinca minor,y,y,y,5,no,no,,,
Leipzig,29.03.2023,88,Vincetoxicum hinrundinaria,no,no,no,,no,no,,,
Leipzig,29.03.2023,88,Galium mollugo,y,y,no,,no,no,,,
Leipzig,29.03.2023,88,Plantago lanceolata,y,y,no,,no,no,,,
Leipzig,29.03.2023,88,Scopolia carniolia,y,y,y,40,no,no,,,
Leipzig,29.03.2023,88,Hydrocotyle vulgaris,no,no,no,,no,no,,,
Leipzig,29.03.2023,88,Trapa natans,no,no,no,,no,no,,,
Leipzig,29.03.2023,88,Alchemilla vulgaris,no,no,no,,no,no,,,
Leipzig,29.03.2023,88,Fragaria vesca,y,y,no,,no,no,,,
Leipzig,29.03.2023,88,Myriophyllum aquaticum,no,no,no,,no,no,,,
Leipzig,29.03.2023,88,Saxifraga paniculata,y,y,no,,no,no,,,
Leipzig,29.03.2023,88,Dryas octopetala,y,y,no,,no,no,,,
Leipzig,29.03.2023,88,Cyclamen coum,no,no,y,20,no,no,,,
Leipzig,29.03.2023,88,Humulus  lupulus,y,y,no,,no,no,,,
Leipzig,29.03.2023,88,Lupinus polyphyllus,y,y,no,,no,no,,,
Leipzig,29.03.2023,88,Urtica dioca,y,y,no,,no,no,,,
Leipzig,29.03.2023,88,Iberis sempervirens,y,y,y,5,no,no,,,
Leipzig,29.03.2023,88,Gaultheria shallon,y,no,no,,no,no,,,
Leipzig,29.03.2023,88,Cyclamen hederifolium,no,no,no,,no,no,,,
Leipzig,29.03.2023,88,Acorus calamus,y,no,no,,no,no,,,
Leipzig,29.03.2023,88,Linum usitatissimum,no,no,no,,no,no,,,
Leipzig,29.03.2023,88,Dianthus superbus,y,y,no,,no,no,,,
Leipzig,29.03.2023,88,Anthericum ramosum,no,no,no,,no,no,,,
Leipzig,29.03.2023,88,Convallaria majalis,no,no,no,,no,no,,,
Leipzig,29.03.2023,88,Colchicum autumnale,y,y,no,,no,no,,,
Leipzig,29.03.2023,88,Veratrum nigrum,y,no,no,,no,no,,,
Leipzig,29.03.2023,88,Aquilegia chrysantha,y,y,no,,no,no,,,
Leipzig,29.03.2023,88,Caltha palustris,y,y,no,,no,no,,,
Leipzig,29.03.2023,88,Eranthis hyemalis,y,y,no,,no,no,,,
Leipzig,29.03.2023,88,Helleborus niger,no,no,no,,no,no,,,
Leipzig,29.03.2023,88,Helleborus viridis,no,no,y,100,no,no,,,
Leipzig,29.03.2023,88,Anemone transsylvanica,no,no,no,,no,no,,,
Leipzig,29.03.2023,88,Podophyllum peltatum,y,no,no,,no,no,,,
Leipzig,29.03.2023,88,Trollius europaeus,no,no,no,,no,no,,,
Leipzig,29.03.2023,88,Adonis amurensis,y,y,y,20,no,no,,,
Leipzig,29.03.2023,88,Silene nutans,y,y,no,,no,no,,,
Leipzig,29.03.2023,88,Gentiana thibetica,y,no,no,,no,no,,,
Leipzig,29.03.2023,88,Penstemon grandiflorus,y,y,no,,no,no,,,
Leipzig,29.03.2023,88,Dictamnus albus,no,no,no,,no,no,,,
Leipzig,29.03.2023,88,Hemerocallis dumotieri,y,y,no,,no,no,,,
Leipzig,29.03.2023,88,Vaccinium myrtillus,no,no,no,,no,no,,removed,
Leipzig,29.03.2023,88,Vaccinium oxycoccos,no,no,no,,no,no,,removed,
Leipzig,29.03.2023,88,Polygonatum verticillatum,no,no,no,,no,no,,,
Leipzig,29.03.2023,88,Geum rivale,no,no,no,,no,no,,removed,
Leipzig,29.03.2023,88,Genista tinctoria,no,no,no,,no,no,,removed,
Leipzig,29.03.2023,88,Iris pseudacorus,no,no,no,,no,no,,removed,
Leipzig,29.03.2023,88,Gunnera manicata,no,no,no,,no,no,,covered artificial,
Leipzig,29.03.2023,88,Eupatorium cannabinum,no,no,no,,no,no,,,
Leipzig,29.03.2023,88,Calla palustris,no,no,no,,no,no,,,
Leipzig,29.03.2023,88,Silene coronaria,y,y,no,,no,no,,,
Leipzig,05.04.2023,95,Bergenia purpurascens,y,y,y,40,no,no,,,
Leipzig,05.04.2023,95,Roscoea auriculata,no,no,no,,no,no,,,
Leipzig,05.04.2023,95,Primula denticulata,y,y,y,60,no,no,,,
Leipzig,05.04.2023,95,Globularia cordifolia,y,y,no,,no,no,,,
Leipzig,05.04.2023,95,Gentiana lutea,no,no,no,,no,no,,,
Leipzig,05.04.2023,95,Hypericum olympicum,y,y,no,,no,no,,,
Leipzig,05.04.2023,95,Anemone pulsatilla,y,y,no,,no,no,,,
Leipzig,05.04.2023,95,Phedimus stoloniferus,no,no,no,,no,no,,removed,
Leipzig,05.04.2023,95,Clematis stans,y,no,no,,no,no,,,
Leipzig,05.04.2023,95,Galanthus nivalis,y,y,no,,no,no,,,
Leipzig,05.04.2023,95,Aegopodium podagraria,y,y,no,,no,no,,,
Leipzig,05.04.2023,95,Leucojum vernum,y,y,no,,no,no,,,
Leipzig,05.04.2023,95,Lathyrus vernus,y,y,no,,no,no,,,
Leipzig,05.04.2023,95,Allium ursinum,y,y,no,,no,no,,,
Leipzig,05.04.2023,95,Anemone nemorosa,y,y,no,,no,no,,,
Leipzig,05.04.2023,95,Anemone sylvestris,y,y,no,,no,no,,,
Leipzig,05.04.2023,95,Geranium sanguineum,no,no,no,,no,no,,removed,
Leipzig,05.04.2023,95,Asarum europaeum,y,no,no,,no,no,,,
Leipzig,05.04.2023,95,Arum maculatum,y,y,no,,no,no,,,
Leipzig,05.04.2023,95,Hibiscus palustris,no,no,no,,no,no,,,
Leipzig,05.04.2023,95,Trillium sessile,y,y,y,40,no,no,,,
Leipzig,05.04.2023,95,Asarum canadense,y,no,no,,no,no,,,
Leipzig,05.04.2023,95,Lysichiton americanus,no,no,no,,no,no,,,
Leipzig,05.04.2023,95,Filipendula vulgaris,y,y,no,,no,no,,,
Leipzig,05.04.2023,95,Anemone hupehensis,y,y,no,,no,no,,,
Leipzig,05.04.2023,95,Thalictrum minus,no,no,no,,no,no,,,
Leipzig,05.04.2023,95,Silene pusilla,y,y,no,,no,no,,,
Leipzig,05.04.2023,95,Psephellus dealbata,y,y,no,,no,no,,,
Leipzig,05.04.2023,95,Prunella grandiflora,y,y,no,,no,no,,,
Leipzig,05.04.2023,95,Leonurus cardiaca,y,y,no,,no,no,,,
Leipzig,05.04.2023,95,Silene vulgaris,y,y,no,,no,no,,,
Leipzig,05.04.2023,95,Saponaria officinalis,no,no,no,,no,no,,removed,
Leipzig,05.04.2023,95,Salvia officinalis,y,y,no,,no,no,,,
Leipzig,05.04.2023,95,Crocus vernus,y,y,no,,no,no,,,
Leipzig,05.04.2023,95,Lavandula angustifolia,y,y,no,,no,no,,,
Leipzig,05.04.2023,95,Paeonia officinalis,y,y,no,,no,no,,,
Leipzig,05.04.2023,95,Paeonia peregrina,y,y,no,,no,no,,,
Leipzig,05.04.2023,95,Eryngium campestre,no,no,no,,no,no,,,
Leipzig,05.04.2023,95,Scabiosa ochroleuca,y,y,no,,no,no,,,
Leipzig,05.04.2023,95,Bunias orientalis,y,y,no,,no,no,,,
Leipzig,05.04.2023,95,Helianthemum nummularium,y,y,no,,no,no,,,
Leipzig,05.04.2023,95,Salvia amplexicaule,y,y,no,,no,no,,,
Leipzig,05.04.2023,95,Tanacetum vulgare,y,y,no,,no,no,,,
Leipzig,05.04.2023,95,Tussilago farfara,no,no,y,70,no,no,,,
Leipzig,05.04.2023,95,Arnica  longifolia,y,y,no,,no,no,,,
Leipzig,05.04.2023,95,Campanula rotundifolia,no,no,no,,no,no,,removed,
Leipzig,05.04.2023,95,Menyanthes trifolata,y,no,no,,no,no,,,
Leipzig,05.04.2023,95,Vinca minor,y,y,y,30,no,no,,,
Leipzig,05.04.2023,95,Vincetoxicum hinrundinaria,no,no,no,,no,no,,,
Leipzig,05.04.2023,95,Galium mollugo,y,y,no,,no,no,,,
Leipzig,05.04.2023,95,Plantago lanceolata,y,y,no,,no,no,,,
Leipzig,05.04.2023,95,Scopolia carniolia,y,y,y,60,no,no,,,
Leipzig,05.04.2023,95,Hydrocotyle vulgaris,no,no,no,,no,no,,,
Leipzig,05.04.2023,95,Trapa natans,no,no,no,,no,no,,,
Leipzig,05.04.2023,95,Alchemilla vulgaris,y,y,no,,no,no,,,
Leipzig,05.04.2023,95,Fragaria vesca,y,y,no,,no,no,,,
Leipzig,05.04.2023,95,Myriophyllum aquaticum,no,no,no,,no,no,,,
Leipzig,05.04.2023,95,Saxifraga paniculata,y,y,no,,no,no,,,
Leipzig,05.04.2023,95,Dryas octopetala,y,y,no,,no,no,,,
Leipzig,05.04.2023,95,Cyclamen coum,y,y,no,,no,no,,,
Leipzig,05.04.2023,95,Humulus  lupulus,y,y,no,,no,no,,,
Leipzig,05.04.2023,95,Lupinus polyphyllus,y,y,no,,no,no,,,
Leipzig,05.04.2023,95,Urtica dioca,y,y,no,,no,no,,,
Leipzig,05.04.2023,95,Iberis sempervirens,y,y,y,10,no,no,,,
Leipzig,05.04.2023,95,Gaultheria shallon,y,no,no,,no,no,,,
Leipzig,05.04.2023,95,Cyclamen hederifolium,y,y,no,,no,no,,,
Leipzig,05.04.2023,95,Acorus calamus,y,y,no,,no,no,,,
Leipzig,05.04.2023,95,Linum usitatissimum,no,no,no,,no,no,,,
Leipzig,05.04.2023,95,Dianthus superbus,y,y,no,,no,no,,,
Leipzig,05.04.2023,95,Anthericum ramosum,y,no,no,,no,no,,,
Leipzig,05.04.2023,95,Convallaria majalis,y,no,no,,no,no,,,
Leipzig,05.04.2023,95,Colchicum autumnale,y,y,no,,no,no,,,
Leipzig,05.04.2023,95,Veratrum nigrum,y,y,no,,no,no,,,
Leipzig,05.04.2023,95,Aquilegia chrysantha,y,y,no,,no,no,,,
Leipzig,05.04.2023,95,Caltha palustris,y,y,no,,no,no,,,
Leipzig,05.04.2023,95,Eranthis hyemalis,y,y,no,,no,no,,,
Leipzig,05.04.2023,95,Helleborus niger,y,y,no,,no,no,,,
Leipzig,05.04.2023,95,Helleborus viridis,no,no,y,100,no,no,,,
Leipzig,05.04.2023,95,Anemone transsylvanica,y,y,no,,no,no,,,
Leipzig,05.04.2023,95,Podophyllum peltatum,y,y,no,,no,no,,,
Leipzig,05.04.2023,95,Trollius europaeus,no,no,no,,no,no,,,
Leipzig,05.04.2023,95,Adonis amurensis,y,y,y,5,no,no,,,
Leipzig,05.04.2023,95,Silene nutans,y,y,no,,no,no,,,
Leipzig,05.04.2023,95,Gentiana thibetica,y,y,no,,no,no,,,
Leipzig,05.04.2023,95,Penstemon grandiflorus,y,y,no,,no,no,,,
Leipzig,05.04.2023,95,Dictamnus albus,no,no,no,,no,no,,,
Leipzig,05.04.2023,95,Hemerocallis dumotieri,y,y,no,,no,no,,,
Leipzig,05.04.2023,95,Vaccinium myrtillus,no,no,no,,no,no,,removed,
Leipzig,05.04.2023,95,Vaccinium oxycoccos,no,no,no,,no,no,,removed,
Leipzig,05.04.2023,95,Polygonatum verticillatum,y,no,no,,no,no,,,
Leipzig,05.04.2023,95,Geum rivale,no,no,no,,no,no,,removed,
Leipzig,05.04.2023,95,Genista tinctoria,no,no,no,,no,no,,removed,
Leipzig,05.04.2023,95,Iris pseudacorus,no,no,no,,no,no,,removed,
Leipzig,05.04.2023,95,Gunnera manicata,no,no,no,,no,no,,covered artificial,
Leipzig,05.04.2023,95,Eupatorium cannabinum,no,no,no,,no,no,,,
Leipzig,05.04.2023,95,Calla palustris,no,no,no,,no,no,,,
Leipzig,05.04.2023,95,Silene coronaria,y,y,no,,no,no,,,
Leipzig,12.04.2023,102,Bergenia purpurascens,y,y,y,60,no,no,,,
Leipzig,12.04.2023,102,Roscoea auriculata,no,no,no,,no,no,,,
Leipzig,12.04.2023,102,Primula denticulata,y,y,y,90,no,no,,,
Leipzig,12.04.2023,102,Globularia cordifolia,y,y,no,,no,no,,,
Leipzig,12.04.2023,102,Gentiana lutea,no,no,no,,no,no,,,
Leipzig,12.04.2023,102,Hypericum olympicum,y,y,no,,no,no,,,
Leipzig,12.04.2023,102,Anemone pulsatilla,y,y,no,,no,no,,,
Leipzig,12.04.2023,102,Phedimus stoloniferus,no,no,no,,no,no,,removed,
Leipzig,12.04.2023,102,Clematis stans,y,y,no,,no,no,,,
Leipzig,12.04.2023,102,Galanthus nivalis,y,y,no,,no,no,,,
Leipzig,12.04.2023,102,Aegopodium podagraria,y,y,no,,no,no,,,
Leipzig,12.04.2023,102,Leucojum vernum,y,y,no,,no,no,,,
Leipzig,12.04.2023,102,Lathyrus vernus,y,y,no,,no,no,,,
Leipzig,12.04.2023,102,Allium ursinum,y,y,no,,no,no,,,
Leipzig,12.04.2023,102,Anemone nemorosa,y,y,y,50,no,no,,,
Leipzig,12.04.2023,102,Anemone sylvestris,y,y,no,,no,no,,,
Leipzig,12.04.2023,102,Geranium sanguineum,no,no,no,,no,no,,removed,
Leipzig,12.04.2023,102,Asarum europaeum,y,no,no,,no,no,,,
Leipzig,12.04.2023,102,Arum maculatum,y,y,no,,no,no,,,
Leipzig,12.04.2023,102,Hibiscus palustris,no,no,no,,no,no,,,
Leipzig,12.04.2023,102,Trillium sessile,y,y,y,100,no,no,,,
Leipzig,12.04.2023,102,Asarum canadense,y,no,no,,no,no,,,
Leipzig,12.04.2023,102,Lysichiton americanus,no,no,no,,no,no,,,
Leipzig,12.04.2023,102,Filipendula vulgaris,y,y,no,,no,no,,,
Leipzig,12.04.2023,102,Anemone hupehensis,y,y,no,,no,no,,,
Leipzig,12.04.2023,102,Thalictrum minus,y,no,no,,no,no,,,
Leipzig,12.04.2023,102,Silene pusilla,y,y,no,,no,no,,,
Leipzig,12.04.2023,102,Psephellus dealbata,y,y,no,,no,no,,,
Leipzig,12.04.2023,102,Prunella grandiflora,y,y,no,,no,no,,,
Leipzig,12.04.2023,102,Leonurus cardiaca,y,y,no,,no,no,,,
Leipzig,12.04.2023,102,Silene vulgaris,y,y,no,,no,no,,,
Leipzig,12.04.2023,102,Saponaria officinalis,no,no,no,,no,no,,removed,
Leipzig,12.04.2023,102,Salvia officinalis,y,y,no,,no,no,,,
Leipzig,12.04.2023,102,Crocus vernus,y,y,no,,no,no,,,
Leipzig,12.04.2023,102,Lavandula angustifolia,y,y,no,,no,no,,,
Leipzig,12.04.2023,102,Paeonia officinalis,y,y,no,,no,no,,,
Leipzig,12.04.2023,102,Paeonia peregrina,y,y,no,,no,no,,,
Leipzig,12.04.2023,102,Eryngium campestre,y,no,no,,no,no,,,
Leipzig,12.04.2023,102,Scabiosa ochroleuca,y,y,no,,no,no,,,
Leipzig,12.04.2023,102,Bunias orientalis,y,y,no,,no,no,,,
Leipzig,12.04.2023,102,Helianthemum nummularium,y,y,no,,no,no,,,
Leipzig,12.04.2023,102,Salvia amplexicaule,y,y,no,,no,no,,,
Leipzig,12.04.2023,102,Tanacetum vulgare,y,y,no,,no,no,,,
Leipzig,12.04.2023,102,Tussilago farfara,no,no,y,70,y,no,,,
Leipzig,12.04.2023,102,Arnica  longifolia,y,y,no,,no,no,,,
Leipzig,12.04.2023,102,Campanula rotundifolia,no,no,no,,no,no,,removed,
Leipzig,12.04.2023,102,Menyanthes trifolata,y,no,no,,no,no,,,
Leipzig,12.04.2023,102,Vinca minor,y,y,y,60,no,no,,,
Leipzig,12.04.2023,102,Vincetoxicum hinrundinaria,no,no,no,,no,no,,,
Leipzig,12.04.2023,102,Galium mollugo,y,y,no,,no,no,,,
Leipzig,12.04.2023,102,Plantago lanceolata,y,y,no,,no,no,,,
Leipzig,12.04.2023,102,Scopolia carniolia,y,y,y,80,no,no,,,
Leipzig,12.04.2023,102,Hydrocotyle vulgaris,no,no,no,,no,no,,,
Leipzig,12.04.2023,102,Trapa natans,no,no,no,,no,no,,,
Leipzig,12.04.2023,102,Alchemilla vulgaris,y,y,no,,no,no,,,
Leipzig,12.04.2023,102,Fragaria vesca,y,y,no,,no,no,,,
Leipzig,12.04.2023,102,Myriophyllum aquaticum,no,no,no,,no,no,,,
Leipzig,12.04.2023,102,Saxifraga paniculata,y,y,no,,no,no,,,
Leipzig,12.04.2023,102,Dryas octopetala,y,y,no,,no,no,,,
Leipzig,12.04.2023,102,Cyclamen coum,y,y,no,,no,no,,,
Leipzig,12.04.2023,102,Humulus  lupulus,y,y,no,,no,no,,,
Leipzig,12.04.2023,102,Lupinus polyphyllus,y,y,no,,no,no,,,
Leipzig,12.04.2023,102,Urtica dioca,y,y,no,,no,no,,,
Leipzig,12.04.2023,102,Iberis sempervirens,y,y,y,40,no,no,,,
Leipzig,12.04.2023,102,Gaultheria shallon,y,no,no,,no,no,,,
Leipzig,12.04.2023,102,Cyclamen hederifolium,y,y,no,,no,no,,,
Leipzig,12.04.2023,102,Acorus calamus,y,y,no,,no,no,,,
Leipzig,12.04.2023,102,Linum usitatissimum,no,no,no,,no,no,,,
Leipzig,12.04.2023,102,Dianthus superbus,y,y,no,,no,no,,,
Leipzig,12.04.2023,102,Anthericum ramosum,y,y,no,,no,no,,,
Leipzig,12.04.2023,102,Convallaria majalis,y,y,no,,no,no,,,
Leipzig,12.04.2023,102,Colchicum autumnale,y,y,no,,no,no,,,
Leipzig,12.04.2023,102,Veratrum nigrum,y,y,no,,no,no,,,
Leipzig,12.04.2023,102,Aquilegia chrysantha,y,y,no,,no,no,,,
Leipzig,12.04.2023,102,Caltha palustris,y,y,y,30,no,no,,,
Leipzig,12.04.2023,102,Eranthis hyemalis,y,y,no,,no,no,,,
Leipzig,12.04.2023,102,Helleborus niger,y,y,no,,no,no,,,
Leipzig,12.04.2023,102,Helleborus viridis,no,no,y,30,no,no,,,
Leipzig,12.04.2023,102,Anemone transsylvanica,y,y,no,,no,no,,,
Leipzig,12.04.2023,102,Podophyllum peltatum,y,y,no,,no,no,,,
Leipzig,12.04.2023,102,Trollius europaeus,y,no,no,,no,no,,,
Leipzig,12.04.2023,102,Adonis amurensis,y,y,no,,no,no,,,
Leipzig,12.04.2023,102,Silene nutans,y,y,no,,no,no,,,
Leipzig,12.04.2023,102,Gentiana thibetica,y,y,no,,no,no,,,
Leipzig,12.04.2023,102,Penstemon grandiflorus,y,y,no,,no,no,,,
Leipzig,12.04.2023,102,Dictamnus albus,no,no,no,,no,no,,,
Leipzig,12.04.2023,102,Hemerocallis dumotieri,y,y,no,,no,no,,,
Leipzig,12.04.2023,102,Vaccinium myrtillus,no,no,no,,no,no,,removed,
Leipzig,12.04.2023,102,Vaccinium oxycoccos,no,no,no,,no,no,,removed,
Leipzig,12.04.2023,102,Polygonatum verticillatum,y,y,no,,no,no,,,
Leipzig,12.04.2023,102,Geum rivale,no,no,no,,no,no,,removed,
Leipzig,12.04.2023,102,Genista tinctoria,no,no,no,,no,no,,removed,
Leipzig,12.04.2023,102,Iris pseudacorus,no,no,no,,no,no,,removed,
Leipzig,12.04.2023,102,Gunnera manicata,no,no,no,,no,no,,covered artificial,
Leipzig,12.04.2023,102,Eupatorium cannabinum,no,no,no,,no,no,,,
Leipzig,12.04.2023,102,Calla palustris,no,no,no,,no,no,,,
Leipzig,12.04.2023,102,Silene coronaria,y,y,no,,no,no,,,
Leipzig,19.04.2023,109,Bergenia purpurascens,y,y,y,100,no,no,,,
Leipzig,19.04.2023,109,Roscoea auriculata,no,no,no,,no,no,,,
Leipzig,19.04.2023,109,Primula denticulata,y,y,y,100,no,no,,,
Leipzig,19.04.2023,109,Globularia cordifolia,y,y,no,,no,no,,,
Leipzig,19.04.2023,109,Gentiana lutea,y,no,no,,no,no,,,
Leipzig,19.04.2023,109,Hypericum olympicum,y,y,no,,no,no,,,
Leipzig,19.04.2023,109,Anemone pulsatilla,y,y,y,10,no,no,,,
Leipzig,19.04.2023,109,Phedimus stoloniferus,no,no,no,,no,no,,removed,
Leipzig,19.04.2023,109,Clematis stans,y,y,no,,no,no,,,
Leipzig,19.04.2023,109,Galanthus nivalis,y,y,no,,no,no,,,
Leipzig,19.04.2023,109,Aegopodium podagraria,y,y,no,,no,no,,,
Leipzig,19.04.2023,109,Leucojum vernum,y,y,no,,no,no,,,
Leipzig,19.04.2023,109,Lathyrus vernus,y,y,y,30,no,no,,,
Leipzig,19.04.2023,109,Allium ursinum,y,y,no,,no,no,,,
Leipzig,19.04.2023,109,Anemone nemorosa,y,y,y,100,no,no,,,
Leipzig,19.04.2023,109,Anemone sylvestris,y,y,no,,no,no,,,
Leipzig,19.04.2023,109,Geranium sanguineum,no,no,no,,no,no,,removed,
Leipzig,19.04.2023,109,Asarum europaeum,y,no,no,,no,no,,,
Leipzig,19.04.2023,109,Arum maculatum,y,y,no,,no,no,,,
Leipzig,19.04.2023,109,Hibiscus palustris,no,no,no,,no,no,,,
Leipzig,19.04.2023,109,Trillium sessile,y,y,y,30,no,no,,,
Leipzig,19.04.2023,109,Asarum canadense,y,no,no,,no,no,,,
Leipzig,19.04.2023,109,Lysichiton americanus,no,no,no,,no,no,,,
Leipzig,19.04.2023,109,Filipendula vulgaris,y,y,no,,no,no,,,
Leipzig,19.04.2023,109,Anemone hupehensis,y,y,no,,no,no,,,
Leipzig,19.04.2023,109,Thalictrum minus,y,no,no,,no,no,,,
Leipzig,19.04.2023,109,Silene pusilla,y,y,no,,no,no,,,
Leipzig,19.04.2023,109,Psephellus dealbata,y,y,no,,no,no,,,
Leipzig,19.04.2023,109,Prunella grandiflora,y,y,no,,no,no,,,
Leipzig,19.04.2023,109,Leonurus cardiaca,y,y,no,,no,no,,,
Leipzig,19.04.2023,109,Silene vulgaris,y,y,no,,no,no,,,
Leipzig,19.04.2023,109,Saponaria officinalis,no,no,no,,no,no,,removed,
Leipzig,19.04.2023,109,Salvia officinalis,y,y,no,,no,no,,,
Leipzig,19.04.2023,109,Crocus vernus,y,y,no,,no,no,,,
Leipzig,19.04.2023,109,Lavandula angustifolia,y,y,no,,no,no,,,
Leipzig,19.04.2023,109,Paeonia officinalis,y,y,no,,no,no,,,
Leipzig,19.04.2023,109,Paeonia peregrina,y,y,no,,no,no,,,
Leipzig,19.04.2023,109,Eryngium campestre,y,y,no,,no,no,,,
Leipzig,19.04.2023,109,Scabiosa ochroleuca,y,y,no,,no,no,,,
Leipzig,19.04.2023,109,Bunias orientalis,y,y,no,,no,no,,,
Leipzig,19.04.2023,109,Helianthemum nummularium,y,y,no,,no,no,,,
Leipzig,19.04.2023,109,Salvia amplexicaule,y,y,no,,no,no,,,
Leipzig,19.04.2023,109,Tanacetum vulgare,y,y,no,,no,no,,,
Leipzig,19.04.2023,109,Tussilago farfara,no,no,y,100,y,no,,,
Leipzig,19.04.2023,109,Arnica  longifolia,y,y,no,,no,no,,,
Leipzig,19.04.2023,109,Campanula rotundifolia,no,no,no,,no,no,,removed,
Leipzig,19.04.2023,109,Menyanthes trifolata,y,no,no,,no,no,,,
Leipzig,19.04.2023,109,Vinca minor,y,y,y,80,no,no,,,
Leipzig,19.04.2023,109,Vincetoxicum hinrundinaria,no,no,no,,no,no,,,
Leipzig,19.04.2023,109,Galium mollugo,y,y,no,,no,no,,,
Leipzig,19.04.2023,109,Plantago lanceolata,y,y,no,,no,no,,,
Leipzig,19.04.2023,109,Scopolia carniolia,y,y,y,100,no,no,,,
Leipzig,19.04.2023,109,Hydrocotyle vulgaris,no,no,no,,no,no,,,
Leipzig,19.04.2023,109,Trapa natans,no,no,no,,no,no,,,
Leipzig,19.04.2023,109,Alchemilla vulgaris,y,y,no,,no,no,,,
Leipzig,19.04.2023,109,Fragaria vesca,y,y,no,,no,no,,,
Leipzig,19.04.2023,109,Myriophyllum aquaticum,no,no,no,,no,no,,,
Leipzig,19.04.2023,109,Saxifraga paniculata,y,y,no,,no,no,,,
Leipzig,19.04.2023,109,Dryas octopetala,y,y,no,,no,no,,,
Leipzig,19.04.2023,109,Cyclamen coum,y,y,no,,no,no,,,
Leipzig,19.04.2023,109,Humulus  lupulus,y,y,no,,no,no,,,
Leipzig,19.04.2023,109,Lupinus polyphyllus,y,y,no,,no,no,,,
Leipzig,19.04.2023,109,Urtica dioca,y,y,no,,no,no,,,
Leipzig,19.04.2023,109,Iberis sempervirens,y,y,y,80,no,no,,,
Leipzig,19.04.2023,109,Gaultheria shallon,y,no,no,,no,no,,,
Leipzig,19.04.2023,109,Cyclamen hederifolium,y,y,no,,no,no,,,
Leipzig,19.04.2023,109,Acorus calamus,y,y,no,,no,no,,,
Leipzig,19.04.2023,109,Linum usitatissimum,no,no,no,,no,no,,,
Leipzig,19.04.2023,109,Dianthus superbus,y,y,no,,no,no,,,
Leipzig,19.04.2023,109,Anthericum ramosum,y,y,no,,no,no,,,
Leipzig,19.04.2023,109,Convallaria majalis,y,no,no,,no,no,,,
Leipzig,19.04.2023,109,Colchicum autumnale,y,y,no,,no,no,,,
Leipzig,19.04.2023,109,Veratrum nigrum,y,y,no,,no,no,,,
Leipzig,19.04.2023,109,Aquilegia chrysantha,y,y,no,,no,no,,,
Leipzig,19.04.2023,109,Caltha palustris,y,y,y,60,no,no,,,
Leipzig,19.04.2023,109,Eranthis hyemalis,y,y,no,,no,no,,,
Leipzig,19.04.2023,109,Helleborus niger,y,y,no,,no,no,,,
Leipzig,19.04.2023,109,Helleborus viridis,no,no,no,,no,no,,,
Leipzig,19.04.2023,109,Anemone transsylvanica,y,y,no,,no,no,,,
Leipzig,19.04.2023,109,Podophyllum peltatum,y,y,no,,no,no,,,
Leipzig,19.04.2023,109,Trollius europaeus,y,y,no,,no,no,,,
Leipzig,19.04.2023,109,Adonis amurensis,y,y,no,,no,no,,,
Leipzig,19.04.2023,109,Silene nutans,y,y,no,,no,no,,,
Leipzig,19.04.2023,109,Gentiana thibetica,y,y,no,,no,no,,,
Leipzig,19.04.2023,109,Penstemon grandiflorus,y,y,no,,no,no,,,
Leipzig,19.04.2023,109,Dictamnus albus,y,no,no,,no,no,,,
Leipzig,19.04.2023,109,Hemerocallis dumotieri,y,y,no,,no,no,,,
Leipzig,19.04.2023,109,Vaccinium myrtillus,no,no,no,,no,no,,removed,
Leipzig,19.04.2023,109,Vaccinium oxycoccos,no,no,no,,no,no,,removed,
Leipzig,19.04.2023,109,Polygonatum verticillatum,y,y,no,,no,no,,,
Leipzig,19.04.2023,109,Geum rivale,no,no,no,,no,no,,removed,
Leipzig,19.04.2023,109,Genista tinctoria,no,no,no,,no,no,,removed,
Leipzig,19.04.2023,109,Iris pseudacorus,no,no,no,,no,no,,removed,
Leipzig,19.04.2023,109,Gunnera manicata,y,y,no,,no,no,,,
Leipzig,19.04.2023,109,Eupatorium cannabinum,no,no,no,,no,no,,,
Leipzig,19.04.2023,109,Calla palustris,y,y,no,,no,no,,,
Leipzig,19.04.2023,109,Silene coronaria,y,y,no,,no,no,,,
Leipzig,26.04.2023,116,Bergenia purpurascens,y,y,y,90,no,no,,,
Leipzig,26.04.2023,116,Roscoea auriculata,no,no,no,,no,no,,,
Leipzig,26.04.2023,116,Primula denticulata,y,y,y,90,no,no,,,
Leipzig,26.04.2023,116,Globularia cordifolia,y,y,no,,no,no,,,
Leipzig,26.04.2023,116,Gentiana lutea,y,y,no,,no,no,,,
Leipzig,26.04.2023,116,Hypericum olympicum,y,y,no,,no,no,,,
Leipzig,26.04.2023,116,Anemone pulsatilla,y,y,y,40,no,no,,,
Leipzig,26.04.2023,116,Phedimus stoloniferus,no,no,no,,no,no,,removed,
Leipzig,26.04.2023,116,Clematis stans,y,y,no,,no,no,,,
Leipzig,26.04.2023,116,Galanthus nivalis,no,no,no,,no,y,20,,
Leipzig,26.04.2023,116,Aegopodium podagraria,y,y,no,,no,no,,,
Leipzig,26.04.2023,116,Leucojum vernum,no,no,no,,no,y,5,,
Leipzig,26.04.2023,116,Lathyrus vernus,y,y,y,90,no,no,,,
Leipzig,26.04.2023,116,Allium ursinum,y,y,no,,no,no,,,
Leipzig,26.04.2023,116,Anemone nemorosa,y,y,y,100,no,no,,,
Leipzig,26.04.2023,116,Anemone sylvestris,y,y,no,,no,no,,,
Leipzig,26.04.2023,116,Geranium sanguineum,no,no,no,,no,no,,removed,
Leipzig,26.04.2023,116,Asarum europaeum,y,y,no,,no,no,,,
Leipzig,26.04.2023,116,Arum maculatum,y,y,no,,no,no,,,
Leipzig,26.04.2023,116,Hibiscus palustris,no,no,no,,no,no,,,
Leipzig,26.04.2023,116,Trillium sessile,y,y,y,10,no,no,,,
Leipzig,26.04.2023,116,Asarum canadense,y,y,y,30,no,no,,,
Leipzig,26.04.2023,116,Lysichiton americanus,y,no,no,,no,no,,,
Leipzig,26.04.2023,116,Filipendula vulgaris,y,y,no,,no,no,,,
Leipzig,26.04.2023,116,Anemone hupehensis,y,y,no,,no,no,,,
Leipzig,26.04.2023,116,Thalictrum minus,y,y,no,,no,no,,,
Leipzig,26.04.2023,116,Silene pusilla,y,y,no,,no,no,,,
Leipzig,26.04.2023,116,Psephellus dealbata,y,y,no,,no,no,,,
Leipzig,26.04.2023,116,Prunella grandiflora,y,y,no,,no,no,,,
Leipzig,26.04.2023,116,Leonurus cardiaca,y,y,no,,no,no,,,
Leipzig,26.04.2023,116,Silene vulgaris,y,y,no,,no,no,,,
Leipzig,26.04.2023,116,Saponaria officinalis,no,no,no,,no,no,,removed,
Leipzig,26.04.2023,116,Salvia officinalis,y,y,no,,no,no,,,
Leipzig,26.04.2023,116,Crocus vernus,y,y,no,,no,no,,,
Leipzig,26.04.2023,116,Lavandula angustifolia,y,y,no,,no,no,,,
Leipzig,26.04.2023,116,Paeonia officinalis,y,y,no,,no,no,,,
Leipzig,26.04.2023,116,Paeonia peregrina,y,y,no,,no,no,,,
Leipzig,26.04.2023,116,Eryngium campestre,y,y,no,,no,no,,,
Leipzig,26.04.2023,116,Scabiosa ochroleuca,y,y,no,,no,no,,,
Leipzig,26.04.2023,116,Bunias orientalis,y,y,no,,no,no,,,
Leipzig,26.04.2023,116,Helianthemum nummularium,y,y,no,,no,no,,,
Leipzig,26.04.2023,116,Salvia amplexicaule,y,y,no,,no,no,,,
Leipzig,26.04.2023,116,Tanacetum vulgare,y,y,no,,no,no,,,
Leipzig,26.04.2023,116,Tussilago farfara,no,no,y,40,y,no,,,
Leipzig,26.04.2023,116,Arnica  longifolia,y,y,no,,no,no,,,
Leipzig,26.04.2023,116,Campanula rotundifolia,no,no,no,,no,no,,removed,
Leipzig,26.04.2023,116,Menyanthes trifolata,y,y,y,5,no,no,,,
Leipzig,26.04.2023,116,Vinca minor,y,y,y,90,no,no,,,
Leipzig,26.04.2023,116,Vincetoxicum hinrundinaria,y,y,no,,no,no,,,
Leipzig,26.04.2023,116,Galium mollugo,y,y,no,,no,no,,,
Leipzig,26.04.2023,116,Plantago lanceolata,y,y,no,,no,no,,,
Leipzig,26.04.2023,116,Scopolia carniolia,y,y,y,90,no,no,,,
Leipzig,26.04.2023,116,Hydrocotyle vulgaris,y,y,no,,no,no,,,
Leipzig,26.04.2023,116,Trapa natans,no,no,no,,no,no,,,
Leipzig,26.04.2023,116,Alchemilla vulgaris,y,y,no,,no,no,,,
Leipzig,26.04.2023,116,Fragaria vesca,y,y,no,,no,no,,,
Leipzig,26.04.2023,116,Myriophyllum aquaticum,no,no,no,,no,no,,,
Leipzig,26.04.2023,116,Saxifraga paniculata,y,y,no,,no,no,,,
Leipzig,26.04.2023,116,Dryas octopetala,y,y,y,10,no,no,,,
Leipzig,26.04.2023,116,Cyclamen coum,no,no,no,,no,y,5,,
Leipzig,26.04.2023,116,Humulus  lupulus,y,y,no,,no,no,,,
Leipzig,26.04.2023,116,Lupinus polyphyllus,y,y,no,,no,no,,,
Leipzig,26.04.2023,116,Urtica dioca,y,y,no,,no,no,,,
Leipzig,26.04.2023,116,Iberis sempervirens,y,y,y,90,no,no,,,
Leipzig,26.04.2023,116,Gaultheria shallon,y,no,no,,no,no,,,
Leipzig,26.04.2023,116,Cyclamen hederifolium,y,y,no,,no,no,,,
Leipzig,26.04.2023,116,Acorus calamus,y,y,no,,no,no,,,
Leipzig,26.04.2023,116,Linum usitatissimum,no,no,no,,no,no,,,
Leipzig,26.04.2023,116,Dianthus superbus,y,y,no,,no,no,,,
Leipzig,26.04.2023,116,Anthericum ramosum,y,y,no,,no,no,,,
Leipzig,26.04.2023,116,Convallaria majalis,y,no,no,,no,no,,,
Leipzig,26.04.2023,116,Colchicum autumnale,y,y,no,,no,no,,,
Leipzig,26.04.2023,116,Veratrum nigrum,y,y,no,,no,no,,,
Leipzig,26.04.2023,116,Aquilegia chrysantha,y,y,no,,no,no,,,
Leipzig,26.04.2023,116,Caltha palustris,y,y,y,80,no,no,,,
Leipzig,26.04.2023,116,Eranthis hyemalis,y,y,no,,no,no,,,
Leipzig,26.04.2023,116,Helleborus niger,y,y,no,,no,no,,,
Leipzig,26.04.2023,116,Helleborus viridis,y,y,no,,no,no,,,
Leipzig,26.04.2023,116,Anemone transsylvanica,no,no,no,,no,no,,,
Leipzig,26.04.2023,116,Podophyllum peltatum,y,y,no,,no,no,,,
Leipzig,26.04.2023,116,Trollius europaeus,y,y,no,,no,no,,,
Leipzig,26.04.2023,116,Adonis amurensis,y,y,no,,no,no,,,
Leipzig,26.04.2023,116,Silene nutans,y,y,no,,no,no,,,
Leipzig,26.04.2023,116,Gentiana thibetica,y,y,no,,no,no,,,
Leipzig,26.04.2023,116,Penstemon grandiflorus,y,y,no,,no,no,,,
Leipzig,26.04.2023,116,Dictamnus albus,y,no,no,,no,no,,,
Leipzig,26.04.2023,116,Hemerocallis dumotieri,y,y,no,,no,no,,,
Leipzig,26.04.2023,116,Vaccinium myrtillus,no,no,no,,no,no,,removed,
Leipzig,26.04.2023,116,Vaccinium oxycoccos,no,no,no,,no,no,,removed,
Leipzig,26.04.2023,116,Polygonatum verticillatum,y,y,no,,no,no,,,
Leipzig,26.04.2023,116,Geum rivale,no,no,no,,no,no,,removed,
Leipzig,26.04.2023,116,Genista tinctoria,no,no,no,,no,no,,removed,
Leipzig,26.04.2023,116,Iris pseudacorus,no,no,no,,no,no,,removed,
Leipzig,26.04.2023,116,Gunnera manicata,y,y,no,,no,no,,,
Leipzig,26.04.2023,116,Eupatorium cannabinum,no,no,no,,no,no,,,
Leipzig,26.04.2023,116,Calla palustris,y,y,no,,no,no,,,
Leipzig,26.04.2023,116,Silene coronaria,y,y,no,,no,no,,,
Leipzig,03.05.2023,123,Silene nutans,y,y,no,,no,no,,,
Leipzig,03.05.2023,123,Gentiana thibetica,y,y,no,,no,no,,,
Leipzig,03.05.2023,123,Penstemon grandiflorus,y,y,no,,no,no,,,
Leipzig,03.05.2023,123,Dictamnus albus,y,no,no,,no,no,,,
Leipzig,03.05.2023,123,Hemerocallis dumotieri,y,y,no,,no,no,,,
Leipzig,03.05.2023,123,Vaccinium myrtillus,no,no,no,,no,no,,removed,
Leipzig,03.05.2023,123,Vaccinium oxycoccos,no,no,no,,no,no,,removed,
Leipzig,03.05.2023,123,Polygonatum verticillatum,y,y,no,,no,no,,,
Leipzig,03.05.2023,123,Geum rivale,no,no,no,,no,no,,removed,
Leipzig,03.05.2023,123,Genista tinctoria,no,no,no,,no,no,,removed,
Leipzig,03.05.2023,123,Iris pseudacorus,no,no,no,,no,no,,removed,
Leipzig,03.05.2023,123,Gunnera manicata,y,y,no,,no,no,,,
Leipzig,03.05.2023,123,Eupatorium cannabinum,no,no,no,,no,no,,,
Leipzig,03.05.2023,123,Calla palustris,y,y,no,,no,no,,,
Leipzig,03.05.2023,123,Silene coronaria,y,y,no,,no,no,,,
Leipzig,03.05.2023,123,Bergenia purpurascens,y,y,y,100,no,no,,,
Leipzig,03.05.2023,123,Roscoea auriculata,no,no,no,,no,no,,,
Leipzig,03.05.2023,123,Primula denticulata,y,y,y,75,no,no,,,
Leipzig,03.05.2023,123,Globularia cordifolia,y,y,no,,no,no,,,
Leipzig,03.05.2023,123,Gentiana lutea,y,y,no,,no,no,,,
Leipzig,03.05.2023,123,Hypericum olympicum,y,y,no,,no,no,,,
Leipzig,03.05.2023,123,Anemone pulsatilla,y,y,y,70,no,no,,,
Leipzig,03.05.2023,123,Phedimus stoloniferus,no,no,no,,no,no,,removed,
Leipzig,03.05.2023,123,Clematis stans,y,y,no,,no,no,,,
Leipzig,03.05.2023,123,Galanthus nivalis,no,no,no,,no,y,60,,
Leipzig,03.05.2023,123,Aegopodium podagraria,y,y,no,,no,no,,,
Leipzig,03.05.2023,123,Leucojum vernum,no,no,no,,no,y,30,,
Leipzig,03.05.2023,123,Lathyrus vernus,y,y,y,100,no,no,,,
Leipzig,03.05.2023,123,Allium ursinum,y,y,y,10,no,no,,,
Leipzig,03.05.2023,123,Anemone nemorosa,y,y,y,90,no,no,,,
Leipzig,03.05.2023,123,Anemone sylvestris,y,y,no,,no,no,,,
Leipzig,03.05.2023,123,Geranium sanguineum,y,y,no,,no,no,,,
Leipzig,03.05.2023,123,Asarum europaeum,y,y,no,,no,no,,,
Leipzig,03.05.2023,123,Arum maculatum,y,y,no,,no,no,,,
Leipzig,03.05.2023,123,Hibiscus palustris,no,no,no,,no,no,,,
Leipzig,03.05.2023,123,Trillium sessile,y,y,y,5,no,no,,,
Leipzig,03.05.2023,123,Asarum canadense,y,y,y,60,no,no,,,
Leipzig,03.05.2023,123,Lysichiton americanus,y,y,no,,no,no,,,
Leipzig,03.05.2023,123,Filipendula vulgaris,y,y,no,,no,no,,,
Leipzig,03.05.2023,123,Anemone hupehensis,y,y,no,,no,no,,,
Leipzig,03.05.2023,123,Thalictrum minus,y,y,no,,no,no,,,
Leipzig,03.05.2023,123,Silene pusilla,y,y,no,,no,no,,,
Leipzig,03.05.2023,123,Psephellus dealbata,y,y,no,,no,no,,,
Leipzig,03.05.2023,123,Prunella grandiflora,y,y,no,,no,no,,,
Leipzig,03.05.2023,123,Leonurus cardiaca,y,y,no,,no,no,,,
Leipzig,03.05.2023,123,Silene vulgaris,y,y,no,,no,no,,,
Leipzig,03.05.2023,123,Saponaria officinalis,no,no,no,,no,no,,removed,
Leipzig,03.05.2023,123,Salvia officinalis,y,y,no,,no,no,,,
Leipzig,03.05.2023,123,Crocus vernus,y,y,no,,no,y,50,,
Leipzig,03.05.2023,123,Lavandula angustifolia,y,y,no,,no,no,,,
Leipzig,03.05.2023,123,Paeonia officinalis,y,y,no,,no,no,,,
Leipzig,03.05.2023,123,Paeonia peregrina,y,y,no,,no,no,,,
Leipzig,03.05.2023,123,Eryngium campestre,y,y,no,,no,no,,,
Leipzig,03.05.2023,123,Scabiosa ochroleuca,y,y,no,,no,no,,,
Leipzig,03.05.2023,123,Bunias orientalis,y,y,no,,no,no,,,
Leipzig,03.05.2023,123,Helianthemum nummularium,y,y,no,,no,no,,,
Leipzig,03.05.2023,123,Salvia amplexicaule,y,y,no,,no,no,,,
Leipzig,03.05.2023,123,Tanacetum vulgare,y,y,no,,no,no,,,
Leipzig,03.05.2023,123,Tussilago farfara,y,y,no,,y,no,,,
Leipzig,03.05.2023,123,Arnica  longifolia,y,y,no,,no,no,,,
Leipzig,03.05.2023,123,Campanula rotundifolia,no,no,no,,no,no,,removed,
Leipzig,03.05.2023,123,Menyanthes trifolata,y,y,y,20,no,no,,,
Leipzig,03.05.2023,123,Vinca minor,y,y,y,100,no,no,,,
Leipzig,03.05.2023,123,Vincetoxicum hinrundinaria,y,y,no,,no,no,,,
Leipzig,03.05.2023,123,Galium mollugo,y,y,no,,no,no,,,
Leipzig,03.05.2023,123,Plantago lanceolata,y,y,no,,no,no,,,
Leipzig,03.05.2023,123,Scopolia carniolia,y,y,y,40,no,no,,,
Leipzig,03.05.2023,123,Hydrocotyle vulgaris,y,y,no,,no,no,,,
Leipzig,03.05.2023,123,Trapa natans,no,no,no,,no,no,,,
Leipzig,03.05.2023,123,Alchemilla vulgaris,y,y,no,,no,no,,,
Leipzig,03.05.2023,123,Fragaria vesca,y,y,no,,no,no,,,
Leipzig,03.05.2023,123,Myriophyllum aquaticum,y,y,no,,no,no,,,
Leipzig,03.05.2023,123,Saxifraga paniculata,y,y,no,,no,no,,,
Leipzig,03.05.2023,123,Dryas octopetala,y,y,y,50,no,no,,,
Leipzig,03.05.2023,123,Cyclamen coum,y,y,no,,no,y,30,,
Leipzig,03.05.2023,123,Humulus  lupulus,y,y,no,,no,no,,,
Leipzig,03.05.2023,123,Lupinus polyphyllus,y,y,no,,no,no,,,
Leipzig,03.05.2023,123,Urtica dioca,y,y,no,,no,no,,,
Leipzig,03.05.2023,123,Iberis sempervirens,y,y,y,100,no,no,,,
Leipzig,03.05.2023,123,Gaultheria shallon,y,no,no,,no,no,,,
Leipzig,03.05.2023,123,Cyclamen hederifolium,y,y,no,,no,no,,,
Leipzig,03.05.2023,123,Acorus calamus,y,y,no,,no,no,,,
Leipzig,03.05.2023,123,Linum usitatissimum,no,no,no,,no,no,,,
Leipzig,03.05.2023,123,Dianthus superbus,y,y,no,,no,no,,,
Leipzig,03.05.2023,123,Anthericum ramosum,y,y,no,,no,no,,,
Leipzig,03.05.2023,123,Convallaria majalis,y,y,no,,no,no,,,
Leipzig,03.05.2023,123,Colchicum autumnale,y,y,no,,no,no,,,
Leipzig,03.05.2023,123,Veratrum nigrum,y,y,no,,no,no,,,
Leipzig,03.05.2023,123,Aquilegia chrysantha,y,y,y,10,no,no,,,
Leipzig,03.05.2023,123,Caltha palustris,y,y,y,100,no,no,,,
Leipzig,03.05.2023,123,Eranthis hyemalis,y,y,no,,y,no,,,
Leipzig,03.05.2023,123,Helleborus niger,y,y,no,,no,no,,,
Leipzig,03.05.2023,123,Helleborus viridis,y,y,no,,no,no,,,
Leipzig,03.05.2023,123,Anemone transsylvanica,y,y,no,,no,no,,,
Leipzig,03.05.2023,123,Podophyllum peltatum,y,y,no,,no,no,,,
Leipzig,03.05.2023,123,Trollius europaeus,y,y,no,,no,no,,,
Leipzig,03.05.2023,123,Adonis amurensis,y,y,no,,no,y,5,,
Leipzig,10.05.2023,130,Polygonatum verticillatum,y,y,y,15,no,no,,,
Leipzig,10.05.2023,130,Geum rivale,no,no,no,,no,no,,removed,
Leipzig,10.05.2023,130,Genista tinctoria,no,no,no,,no,no,,removed,
Leipzig,10.05.2023,130,Iris pseudacorus,no,no,no,,no,no,,removed,
Leipzig,10.05.2023,130,Gunnera manicata,y,y,y,10,no,no,,,
Leipzig,10.05.2023,130,Eupatorium cannabinum,y,y,no,,no,no,,,
Leipzig,10.05.2023,130,Calla palustris,y,y,no,,no,no,,,
Leipzig,10.05.2023,130,Silene coronaria,y,y,no,,no,no,,,
Leipzig,10.05.2023,130,Bergenia purpurascens,y,y,y,70,no,no,,,
Leipzig,10.05.2023,130,Roscoea auriculata,no,no,no,,no,no,,,
Leipzig,10.05.2023,130,Primula denticulata,y,y,y,45,no,no,,,
Leipzig,10.05.2023,130,Globularia cordifolia,y,y,no,,no,no,,,
Leipzig,10.05.2023,130,Gentiana lutea,y,y,no,,no,no,,,
Leipzig,10.05.2023,130,Hypericum olympicum,y,y,no,,no,no,,,
Leipzig,10.05.2023,130,Anemone pulsatilla,y,y,y,40,no,no,,,
Leipzig,10.05.2023,130,Phedimus stoloniferus,no,no,no,,no,no,,removed,
Leipzig,10.05.2023,130,Clematis stans,y,y,no,,no,no,,,
Leipzig,10.05.2023,130,Galanthus nivalis,no,no,no,,no,y,90,,
Leipzig,10.05.2023,130,Aegopodium podagraria,y,y,no,,no,no,,,
Leipzig,10.05.2023,130,Leucojum vernum,no,no,no,,no,y,90,,
Leipzig,10.05.2023,130,Lathyrus vernus,y,y,y,60,no,no,,,
Leipzig,10.05.2023,130,Allium ursinum,y,y,y,90,no,no,,,
Leipzig,10.05.2023,130,Anemone nemorosa,y,y,y,50,no,no,,,
Leipzig,10.05.2023,130,Anemone sylvestris,y,y,y,25,no,no,,,
Leipzig,10.05.2023,130,Geranium sanguineum,y,y,no,,no,no,,,
Leipzig,10.05.2023,130,Asarum europaeum,y,y,no,,no,no,,,
Leipzig,10.05.2023,130,Arum maculatum,y,y,no,,no,no,,,
Leipzig,10.05.2023,130,Hibiscus palustris,y,no,no,,no,no,,,
Leipzig,10.05.2023,130,Trillium sessile,y,y,no,,no,no,,,
Leipzig,10.05.2023,130,Asarum canadense,y,y,y,85,no,no,,,
Leipzig,10.05.2023,130,Lysichiton americanus,y,y,no,,no,no,,,
Leipzig,10.05.2023,130,Filipendula vulgaris,y,y,no,,no,no,,,
Leipzig,10.05.2023,130,Anemone hupehensis,y,y,no,,no,no,,,
Leipzig,10.05.2023,130,Thalictrum minus,y,y,no,,no,no,,,
Leipzig,10.05.2023,130,Silene pusilla,y,y,no,,no,no,,,
Leipzig,10.05.2023,130,Psephellus dealbata,y,y,no,,no,no,,,
Leipzig,10.05.2023,130,Prunella grandiflora,y,y,no,,no,no,,,
Leipzig,10.05.2023,130,Leonurus cardiaca,y,y,no,,no,no,,,
Leipzig,10.05.2023,130,Silene vulgaris,y,y,no,,no,no,,,
Leipzig,10.05.2023,130,Saponaria officinalis,no,no,no,,no,no,,removed,
Leipzig,10.05.2023,130,Salvia officinalis,y,y,no,,no,no,,,
Leipzig,10.05.2023,130,Crocus vernus,no,no,no,,no,y,90,,
Leipzig,10.05.2023,130,Lavandula angustifolia,y,y,no,,no,no,,,
Leipzig,10.05.2023,130,Paeonia officinalis,y,y,y,85,no,no,,,
Leipzig,10.05.2023,130,Paeonia peregrina,y,y,no,,no,no,,,
Leipzig,10.05.2023,130,Eryngium campestre,y,y,no,,no,no,,,
Leipzig,10.05.2023,130,Scabiosa ochroleuca,y,y,no,,no,no,,,
Leipzig,10.05.2023,130,Bunias orientalis,y,y,no,,no,no,,,
Leipzig,10.05.2023,130,Helianthemum nummularium,y,y,y,5,no,no,,,
Leipzig,10.05.2023,130,Salvia amplexicaule,y,y,no,,no,no,,,
Leipzig,10.05.2023,130,Tanacetum vulgare,y,y,no,,no,no,,,
Leipzig,10.05.2023,130,Tussilago farfara,y,y,no,,no,no,,,
Leipzig,10.05.2023,130,Arnica  longifolia,y,y,no,,no,no,,,
Leipzig,10.05.2023,130,Campanula rotundifolia,no,no,no,,no,no,,removed,
Leipzig,10.05.2023,130,Menyanthes trifolata,y,y,y,90,no,no,,,
Leipzig,10.05.2023,130,Vinca minor,y,y,y,100,no,no,,,
Leipzig,10.05.2023,130,Vincetoxicum hinrundinaria,y,y,no,,no,no,,,
Leipzig,10.05.2023,130,Galium mollugo,y,y,no,,no,no,,,
Leipzig,10.05.2023,130,Plantago lanceolata,y,y,no,,no,no,,,
Leipzig,10.05.2023,130,Scopolia carniolia,y,y,y,5,no,no,,,
Leipzig,10.05.2023,130,Hydrocotyle vulgaris,y,y,no,,no,no,,,
Leipzig,10.05.2023,130,Trapa natans,no,no,no,,no,no,,,
Leipzig,10.05.2023,130,Alchemilla vulgaris,y,y,no,,no,no,,,
Leipzig,10.05.2023,130,Fragaria vesca,y,y,y,25,no,no,,,
Leipzig,10.05.2023,130,Myriophyllum aquaticum,y,y,no,,no,no,,,
Leipzig,10.05.2023,130,Saxifraga paniculata,y,y,no,,no,no,,,
Leipzig,10.05.2023,130,Dryas octopetala,y,y,y,80,no,no,,,
Leipzig,10.05.2023,130,Cyclamen coum,no,no,no,,no,y,90,,
Leipzig,10.05.2023,130,Humulus  lupulus,y,y,no,,no,no,,,
Leipzig,10.05.2023,130,Lupinus polyphyllus,y,y,no,,no,no,,,
Leipzig,10.05.2023,130,Urtica dioca,y,y,no,,no,no,,,
Leipzig,10.05.2023,130,Iberis sempervirens,y,y,y,100,no,no,,,
Leipzig,10.05.2023,130,Gaultheria shallon,y,no,no,,no,no,,,
Leipzig,10.05.2023,130,Cyclamen hederifolium,no,no,no,,no,y,5,,
Leipzig,10.05.2023,130,Acorus calamus,y,y,y,20,no,no,,,
Leipzig,10.05.2023,130,Linum usitatissimum,no,no,no,,no,no,,,
Leipzig,10.05.2023,130,Dianthus superbus,y,y,no,,no,no,,,
Leipzig,10.05.2023,130,Anthericum ramosum,y,y,no,,no,no,,,
Leipzig,10.05.2023,130,Convallaria majalis,y,y,y,10,no,no,,,
Leipzig,10.05.2023,130,Colchicum autumnale,y,y,no,,no,no,,,
Leipzig,10.05.2023,130,Veratrum nigrum,y,y,no,,no,no,,,
Leipzig,10.05.2023,130,Aquilegia chrysantha,y,y,y,40,no,no,,,
Leipzig,10.05.2023,130,Caltha palustris,y,y,y,80,no,no,,,
Leipzig,10.05.2023,130,Eranthis hyemalis,no,no,no,,y,y,70,,
Leipzig,10.05.2023,130,Helleborus niger,y,y,no,,no,no,,,
Leipzig,10.05.2023,130,Helleborus viridis,y,y,no,,no,no,,,
Leipzig,10.05.2023,130,Anemone transsylvanica,y,y,no,,no,no,,,
Leipzig,10.05.2023,130,Podophyllum peltatum,y,y,no,,no,no,,,
Leipzig,10.05.2023,130,Trollius europaeus,y,y,no,,no,no,,,
Leipzig,10.05.2023,130,Adonis amurensis,y,y,no,,no,y,20,,
Leipzig,10.05.2023,130,Silene nutans,y,y,no,,no,no,,,
Leipzig,10.05.2023,130,Gentiana thibetica,y,y,no,,no,no,,,
Leipzig,10.05.2023,130,Penstemon grandiflorus,y,y,no,,no,no,,,
Leipzig,10.05.2023,130,Dictamnus albus,y,y,no,,no,no,,,
Leipzig,10.05.2023,130,Hemerocallis dumotieri,y,y,no,,no,no,,,
Leipzig,10.05.2023,130,Vaccinium myrtillus,no,no,no,,no,no,,removed,
Leipzig,10.05.2023,130,Vaccinium oxycoccos,no,no,no,,no,no,,removed,
Leipzig,17.05.2023,137,Anthericum ramosum,y,y,no,,no,no,,,
Leipzig,17.05.2023,137,Convallaria majalis,y,y,y,90,no,no,,,
Leipzig,17.05.2023,137,Colchicum autumnale,y,y,no,,no,no,,,
Leipzig,17.05.2023,137,Veratrum nigrum,y,y,no,,no,no,,,
Leipzig,17.05.2023,137,Aquilegia chrysantha,y,y,y,80,no,no,,,
Leipzig,17.05.2023,137,Caltha palustris,y,y,y,50,no,no,,,
Leipzig,17.05.2023,137,Eranthis hyemalis,no,no,no,,y,y,70,,
Leipzig,17.05.2023,137,Helleborus niger,y,y,no,,no,no,,,
Leipzig,17.05.2023,137,Helleborus viridis,y,y,no,,no,no,,,
Leipzig,17.05.2023,137,Anemone transsylvanica,y,y,no,,no,no,,,
Leipzig,17.05.2023,137,Podophyllum peltatum,y,y,y,80,no,no,,,
Leipzig,17.05.2023,137,Trollius europaeus,y,y,y,10,no,no,,,
Leipzig,17.05.2023,137,Adonis amurensis,y,y,no,,no,y,50,,
Leipzig,17.05.2023,137,Silene nutans,y,y,no,,no,no,,,
Leipzig,17.05.2023,137,Gentiana thibetica,y,y,no,,no,no,,,
Leipzig,17.05.2023,137,Penstemon grandiflorus,y,y,no,,no,no,,,
Leipzig,17.05.2023,137,Dictamnus albus,y,y,no,,no,no,,,
Leipzig,17.05.2023,137,Hemerocallis dumotieri,y,y,no,,no,no,,,
Leipzig,17.05.2023,137,Vaccinium myrtillus,no,no,no,,no,no,,,
Leipzig,17.05.2023,137,Vaccinium oxycoccos,no,no,no,,no,no,,,
Leipzig,17.05.2023,137,Polygonatum verticillatum,y,y,y,30,no,no,,,
Leipzig,17.05.2023,137,Geum rivale,no,no,no,,no,no,,,
Leipzig,17.05.2023,137,Genista tinctoria,no,no,no,,no,no,,,
Leipzig,17.05.2023,137,Bergenia purpurascens,y,y,y,40,no,no,,,
Leipzig,17.05.2023,137,Roscoea auriculata,no,no,no,,no,no,,,
Leipzig,17.05.2023,137,Primula denticulata,y,y,y,5,no,no,,,
Leipzig,17.05.2023,137,Globularia cordifolia,y,y,y,70,no,no,,,
Leipzig,17.05.2023,137,Gentiana lutea,y,y,no,,no,no,,,
Leipzig,17.05.2023,137,Hypericum olympicum,y,y,no,,no,no,,,
Leipzig,17.05.2023,137,Anemone pulsatilla,y,y,no,,no,no,,,
Leipzig,17.05.2023,137,Phedimus stoloniferus,no,no,no,,no,no,,,
Leipzig,17.05.2023,137,Allium ursinum,y,y,y,100,no,no,,,
Leipzig,17.05.2023,137,Anemone nemorosa,y,y,no,,no,y,40,,Keine blüten
Leipzig,17.05.2023,137,Anemone sylvestris,y,y,y,5,no,no,,,
Leipzig,17.05.2023,137,Geranium sanguineum,y,y,y,20,no,no,,,
Leipzig,17.05.2023,137,Asarum europaeum,y,y,y,10,no,no,,,
Leipzig,17.05.2023,137,Arum maculatum,y,y,no,,no,no,,,
Leipzig,17.05.2023,137,Hibiscus palustris,y,y,no,,no,no,,,
Leipzig,17.05.2023,137,Trillium sessile,y,y,y,20,no,no,,,
Leipzig,17.05.2023,137,Asarum canadense,y,y,y,80,no,no,,,
Leipzig,17.05.2023,137,Lysichiton americanus,y,y,no,,no,no,,,
Leipzig,17.05.2023,137,Filipendula vulgaris,y,y,no,,no,no,,,
Leipzig,17.05.2023,137,Anemone hupehensis,y,y,no,,no,no,,,
Leipzig,17.05.2023,137,Thalictrum minus,y,y,no,,no,no,,,
Leipzig,17.05.2023,137,Psephellus dealbata,y,y,y,5,no,no,,,
Leipzig,17.05.2023,137,Prunella grandiflora,y,y,no,,no,no,,,
Leipzig,17.05.2023,137,Leonurus cardiaca,y,y,no,,no,no,,,
Leipzig,17.05.2023,137,Dryas octopetala,y,y,y,15,no,no,,,
Leipzig,17.05.2023,137,Cyclamen coum,no,no,no,,no,y,90,,
Leipzig,17.05.2023,137,Humulus  lupulus,y,y,no,,no,no,,,
Leipzig,17.05.2023,137,Lupinus polyphyllus,y,y,no,,no,no,,,
Leipzig,17.05.2023,137,Urtica dioca,y,y,no,,no,no,,,
Leipzig,17.05.2023,137,Clematis stans,y,y,no,,no,no,,,
Leipzig,17.05.2023,137,Galanthus nivalis,no,no,no,,no,y,100,,
Leipzig,17.05.2023,137,Aegopodium podagraria,y,y,no,,no,no,,,
Leipzig,17.05.2023,137,Leucojum vernum,no,no,no,,no,y,100,,
Leipzig,17.05.2023,137,Lathyrus vernus,y,y,y,20,no,no,,,
Leipzig,17.05.2023,137,Silene pusilla,y,y,no,,no,no,,,
Leipzig,17.05.2023,137,Silene vulgaris,y,y,no,,no,no,,,
Leipzig,17.05.2023,137,Saponaria officinalis,no,no,no,,no,no,,,
Leipzig,17.05.2023,137,Salvia officinalis,y,y,no,,no,no,,,
Leipzig,17.05.2023,137,Crocus vernus,no,no,no,,no,y,100,,
Leipzig,17.05.2023,137,Lavandula angustifolia,y,y,no,,no,no,,,
Leipzig,17.05.2023,137,Paeonia officinalis,y,y,y,60,no,no,,,
Leipzig,17.05.2023,137,Paeonia peregrina,y,y,no,,no,no,,,
Leipzig,17.05.2023,137,Eryngium campestre,y,y,no,,no,no,,,
Leipzig,17.05.2023,137,Scabiosa ochroleuca,y,y,no,,no,no,,,
Leipzig,17.05.2023,137,Bunias orientalis,y,y,no,,no,no,,,
Leipzig,17.05.2023,137,Helianthemum nummularium,y,y,y,30,no,no,,,
Leipzig,17.05.2023,137,Salvia amplexicaule,y,y,no,,no,no,,,
Leipzig,17.05.2023,137,Tanacetum vulgare,y,y,no,,no,no,,,
Leipzig,17.05.2023,137,Tussilago farfara,y,y,no,,no,no,,,
Leipzig,17.05.2023,137,Arnica  longifolia,no,y,no,,no,no,,,
Leipzig,17.05.2023,137,Campanula rotundifolia,no,no,no,,no,no,,,
Leipzig,17.05.2023,137,Menyanthes trifolata,no,no,no,,no,no,,,
Leipzig,17.05.2023,137,Vinca minor,no,no,y,40,no,no,,,
Leipzig,17.05.2023,137,Vincetoxicum hinrundinaria,no,no,y,20,no,no,,,
Leipzig,17.05.2023,137,Galium mollugo,no,y,no,,no,no,,,
Leipzig,17.05.2023,137,Plantago lanceolata,no,no,y,20,no,no,,,
Leipzig,17.05.2023,137,Scopolia carniolia,y,y,y,10,no,no,,,
Leipzig,17.05.2023,137,Hydrocotyle vulgaris,y,y,no,,no,no,,,
Leipzig,17.05.2023,137,Trapa natans,no,y,no,,no,no,,,
Leipzig,17.05.2023,137,Alchemilla vulgaris,y,y,y,5,no,no,,,
Leipzig,17.05.2023,137,Fragaria vesca,no,no,y,10,no,no,,,
Leipzig,17.05.2023,137,Myriophyllum aquaticum,y,y,no,,no,no,,,
Leipzig,17.05.2023,137,Saxifraga paniculata,y,y,y,5,no,no,,,
Leipzig,17.05.2023,137,Iberis sempervirens,y,y,y,100,no,no,,,
Leipzig,17.05.2023,137,Gaultheria shallon,y,no,y,5,no,no,,,
Leipzig,17.05.2023,137,Cyclamen hederifolium,no,no,no,,no,y,5,,
Leipzig,17.05.2023,137,Acorus calamus,y,y,y,60,no,no,,,
Leipzig,17.05.2023,137,Linum usitatissimum,no,no,no,,no,no,,,
Leipzig,17.05.2023,137,Dianthus superbus,y,y,no,,no,no,,,
Leipzig,17.05.2023,137,Iris pseudacorus,no,no,no,,no,no,,,
Leipzig,17.05.2023,137,Gunnera manicata,y,y,y,80,no,no,,,
Leipzig,17.05.2023,137,Eupatorium cannabinum,y,y,no,,no,no,,,
Leipzig,17.05.2023,137,Calla palustris,y,y,no,,no,no,,,
Leipzig,17.05.2023,137,Silene coronaria,y,y,no,,no,no,,,
Leipzig,24.05.2023,144,Bergenia purpurascens,y,y,no,,no,no,,,
Leipzig,24.05.2023,144,Roscoea auriculata,no,no,no,,no,no,,,
Leipzig,24.05.2023,144,Primula denticulata,y,y,no,,no,no,,,
Leipzig,24.05.2023,144,Globularia cordifolia,y,y,y,80,no,no,,,
Leipzig,24.05.2023,144,Gentiana lutea,y,y,no,,no,no,,,
Leipzig,24.05.2023,144,Hypericum olympicum,y,y,no,,no,no,,,
Leipzig,24.05.2023,144,Gaultheria shallon,y,y,y,10,no,no,,,
Leipzig,24.05.2023,144,Geum rivale,no,no,no,,no,no,,removed,
Leipzig,24.05.2023,144,Genista tinctoria,no,no,no,,no,no,,removed,
Leipzig,24.05.2023,144,Iris pseudacorus,no,no,no,,no,no,,removed,
Leipzig,24.05.2023,144,Gunnera manicata,y,y,y,85,no,no,,,
Leipzig,24.05.2023,144,Eupatorium cannabinum,y,y,no,,no,no,,,
Leipzig,24.05.2023,144,Calla palustris,y,y,no,,no,no,,,
Leipzig,24.05.2023,144,Silene coronaria,y,y,no,,no,no,,,
Leipzig,24.05.2023,144,Silene nutans,y,y,no,,no,no,,,
Leipzig,24.05.2023,144,Anemone pulsatilla,y,y,no,,no,no,,,
Leipzig,24.05.2023,144,Phedimus stoloniferus,no,no,no,,no,no,,removed,
Leipzig,24.05.2023,144,Clematis stans,y,y,no,,no,no,,,
Leipzig,24.05.2023,144,Galanthus nivalis,no,no,no,,no,y,100,,
Leipzig,24.05.2023,144,Aegopodium podagraria,y,y,no,,no,no,,,
Leipzig,24.05.2023,144,Leucojum vernum,no,no,no,,no,y,100,,
Leipzig,24.05.2023,144,Lathyrus vernus,y,y,no,,no,no,,,
Leipzig,24.05.2023,144,Allium ursinum,y,y,y,5,no,no,,,
Leipzig,24.05.2023,144,Anemone nemorosa,y,y,no,,no,y,100,,
Leipzig,24.05.2023,144,Anemone sylvestris,y,y,y,40,no,no,,,
Leipzig,24.05.2023,144,Geranium sanguineum,y,y,y,25,no,no,,,
Leipzig,24.05.2023,144,Asarum europaeum,y,y,y,30,no,no,,,
Leipzig,24.05.2023,144,Arum maculatum,y,y,no,,no,no,,,
Leipzig,24.05.2023,144,Hibiscus palustris,y,y,no,,no,no,,,
Leipzig,24.05.2023,144,Trillium sessile,y,y,no,,no,no,,,
Leipzig,24.05.2023,144,Asarum canadense,y,y,y,100,no,no,,,
Leipzig,24.05.2023,144,Lysichiton americanus,y,y,no,,no,no,,,
Leipzig,24.05.2023,144,Filipendula vulgaris,y,y,no,,no,no,,,
Leipzig,24.05.2023,144,Anemone hupehensis,y,y,no,,no,no,,,
Leipzig,24.05.2023,144,Thalictrum minus,y,y,no,,no,no,,,
Leipzig,24.05.2023,144,Silene pusilla,y,y,no,,no,no,,,
Leipzig,24.05.2023,144,Psephellus dealbata,y,y,y,10,no,no,,,
Leipzig,24.05.2023,144,Prunella grandiflora,y,y,no,,no,no,,,
Leipzig,24.05.2023,144,Leonurus cardiaca,y,y,no,,no,no,,,
Leipzig,24.05.2023,144,Silene vulgaris,y,y,no,,no,no,,,
Leipzig,24.05.2023,144,Saponaria officinalis,no,no,no,,no,no,,removed,
Leipzig,24.05.2023,144,Salvia officinalis,y,y,no,,no,no,,,
Leipzig,24.05.2023,144,Crocus vernus,no,no,no,,no,y,100,,
Leipzig,24.05.2023,144,Lavandula angustifolia,y,y,no,,no,no,,,
Leipzig,24.05.2023,144,Paeonia officinalis,y,y,no,,no,no,,,
Leipzig,24.05.2023,144,Paeonia peregrina,y,y,y,5,no,no,,,
Leipzig,24.05.2023,144,Eryngium campestre,y,y,no,,no,no,,,
Leipzig,24.05.2023,144,Scabiosa ochroleuca,y,y,no,,no,no,,,
Leipzig,24.05.2023,144,Bunias orientalis,y,y,no,,no,no,,,
Leipzig,24.05.2023,144,Helianthemum nummularium,y,y,y,80,no,no,,,
Leipzig,24.05.2023,144,Salvia amplexicaule,y,y,no,,no,no,,,
Leipzig,24.05.2023,144,Tanacetum vulgare,y,y,no,,no,no,,,
Leipzig,24.05.2023,144,Tussilago farfara,y,y,no,,no,y,5,,
Leipzig,24.05.2023,144,Arnica  longifolia,y,y,y,5,no,no,,,
Leipzig,24.05.2023,144,Campanula rotundifolia,no,no,no,,no,no,,,
Leipzig,24.05.2023,144,Menyanthes trifolata,y,y,y,5,no,no,,,
Leipzig,24.05.2023,144,Vinca minor,y,y,y,5,no,no,,,
Leipzig,24.05.2023,144,Vincetoxicum hinrundinaria,y,y,y,30,no,no,,,
Leipzig,24.05.2023,144,Galium mollugo,y,y,no,,no,no,,,
Leipzig,24.05.2023,144,Plantago lanceolata,y,y,y,80,no,no,,,
Leipzig,24.05.2023,144,Scopolia carniolia,no,no,no,,no,y,15,,
Leipzig,24.05.2023,144,Hydrocotyle vulgaris,y,y,no,,no,no,,,
Leipzig,24.05.2023,144,Trapa natans,y,y,no,,no,no,,,
Leipzig,24.05.2023,144,Alchemilla vulgaris,y,y,y,20,no,no,,,
Leipzig,24.05.2023,144,Fragaria vesca,y,y,y,50,no,no,,,
Leipzig,24.05.2023,144,Myriophyllum aquaticum,y,y,no,,no,no,,,
Leipzig,24.05.2023,144,Saxifraga paniculata,y,y,y,10,no,no,,,
Leipzig,24.05.2023,144,Dryas octopetala,y,y,no,,y,no,,,
Leipzig,24.05.2023,144,Cyclamen coum,no,no,no,,no,y,100,,
Leipzig,24.05.2023,144,Humulus  lupulus,y,y,no,,no,no,,,
Leipzig,24.05.2023,144,Lupinus polyphyllus,y,y,y,5,no,no,,,
Leipzig,24.05.2023,144,Urtica dioca,y,y,y,30,no,no,,,
Leipzig,24.05.2023,144,Iberis sempervirens,y,y,y,40,no,no,,,
Leipzig,24.05.2023,144,Cyclamen hederifolium,no,no,no,,no,y,100,,
Leipzig,24.05.2023,144,Acorus calamus,y,y,y,100,no,no,,,
Leipzig,24.05.2023,144,Linum usitatissimum,y,y,no,,no,no,,,
Leipzig,24.05.2023,144,Dianthus superbus,y,y,y,40,no,no,,,
Leipzig,24.05.2023,144,Anthericum ramosum,y,y,no,,no,no,,,
Leipzig,24.05.2023,144,Convallaria majalis,y,y,y,100,no,no,,,
Leipzig,24.05.2023,144,Colchicum autumnale,y,y,no,,no,no,,,
Leipzig,24.05.2023,144,Veratrum nigrum,y,y,no,,no,no,,,
Leipzig,24.05.2023,144,Aquilegia chrysantha,y,y,y,95,no,no,,,
Leipzig,24.05.2023,144,Caltha palustris,y,y,y,45,no,no,,,
Leipzig,24.05.2023,144,Eranthis hyemalis,no,no,no,,no,y,100,,
Leipzig,24.05.2023,144,Helleborus niger,y,y,no,,no,no,,,
Leipzig,24.05.2023,144,Helleborus viridis,y,y,no,,no,no,,,
Leipzig,24.05.2023,144,Anemone transsylvanica,y,y,no,,no,no,,,
Leipzig,24.05.2023,144,Podophyllum peltatum,y,y,y,100,no,no,,,
Leipzig,24.05.2023,144,Trollius europaeus,y,y,y,10,no,no,,,
Leipzig,24.05.2023,144,Adonis amurensis,y,y,no,,no,y,100,,
Leipzig,24.05.2023,144,Gentiana thibetica,y,y,no,,no,no,,,
Leipzig,24.05.2023,144,Penstemon grandiflorus,y,y,no,,no,no,,,
Leipzig,24.05.2023,144,Dictamnus albus,y,y,y,20,no,no,,,
Leipzig,24.05.2023,144,Hemerocallis dumotieri,y,y,y,5,no,no,,,
Leipzig,24.05.2023,144,Vaccinium myrtillus,no,no,no,,no,no,,removed,
Leipzig,24.05.2023,144,Vaccinium oxycoccos,no,no,no,,no,no,,removed,
Leipzig,24.05.2023,144,Polygonatum verticillatum,y,y,y,5,no,no,,,
Leipzig,31.05.2023,151,Hydrocotyle vulgaris,y,y,no,,no,no,,,
Leipzig,31.05.2023,151,Trapa natans,y,y,no,,no,no,,,
Leipzig,31.05.2023,151,Alchemilla vulgaris,y,y,y,30,no,no,,,
Leipzig,31.05.2023,151,Fragaria vesca,y,y,y,80,no,no,,,
Leipzig,31.05.2023,151,Helleborus viridis,y,y,no,,no,no,,,
Leipzig,31.05.2023,151,Bergenia purpurascens,y,y,no,,y,no,,,
Leipzig,31.05.2023,151,Roscoea auriculata,no,no,no,,no,no,,,
Leipzig,31.05.2023,151,Primula denticulata,y,y,no,,no,no,,,
Leipzig,31.05.2023,151,Globularia cordifolia,no,no,y,40,no,no,,,
Leipzig,31.05.2023,151,Gentiana lutea,y,y,no,,no,no,,,
Leipzig,31.05.2023,151,Hypericum olympicum,y,y,y,5,no,no,,,
Leipzig,31.05.2023,151,Anemone pulsatilla,y,y,no,,y,no,,,
Leipzig,31.05.2023,151,Phedimus stoloniferus,y,y,no,,no,no,,removed,
Leipzig,31.05.2023,151,Clematis stans,y,y,no,,no,no,,,
Leipzig,31.05.2023,151,Galanthus nivalis,no,no,no,,no,y,100,,
Leipzig,31.05.2023,151,Aegopodium podagraria,y,y,no,,no,no,,,
Leipzig,31.05.2023,151,Leucojum vernum,no,no,no,,no,y,100,,
Leipzig,31.05.2023,151,Lathyrus vernus,y,y,no,,no,no,,,
Leipzig,31.05.2023,151,Allium ursinum,no,no,no,,no,y,5,,
Leipzig,31.05.2023,151,Anemone nemorosa,no,no,no,,no,y,100,,
Leipzig,31.05.2023,151,Anemone sylvestris,y,y,no,,no,no,,,
Leipzig,31.05.2023,151,Geranium sanguineum,y,y,y,100,no,no,,,
Leipzig,31.05.2023,151,Asarum europaeum,y,y,y,100,no,no,,,
Leipzig,31.05.2023,151,Arum maculatum,y,y,no,,no,no,,,
Leipzig,31.05.2023,151,Hibiscus palustris,y,y,no,,no,no,,,
Leipzig,31.05.2023,151,Trillium sessile,y,y,no,,no,no,,,
Leipzig,31.05.2023,151,Asarum canadense,y,y,y,60,no,no,,,
Leipzig,31.05.2023,151,Lysichiton americanus,y,y,no,,no,no,,,
Leipzig,31.05.2023,151,Filipendula vulgaris,y,y,y,65,no,no,,,
Leipzig,31.05.2023,151,Anemone hupehensis,no,no,no,,no,no,,,
Leipzig,31.05.2023,151,Thalictrum minus,y,y,no,,no,no,,,
Leipzig,31.05.2023,151,Silene pusilla,no,no,no,,no,no,,removed,
Leipzig,31.05.2023,151,Psephellus dealbata,y,y,y,60,no,no,,,
Leipzig,31.05.2023,151,Prunella grandiflora,y,y,no,,no,no,,,
Leipzig,31.05.2023,151,Leonurus cardiaca,y,y,no,,no,no,,,
Leipzig,31.05.2023,151,Silene vulgaris,y,y,y,30,no,no,,,
Leipzig,31.05.2023,151,Saponaria officinalis,no,no,no,,no,no,,removed,
Leipzig,31.05.2023,151,Salvia officinalis,y,y,y,90,no,no,,,
Leipzig,31.05.2023,151,Crocus vernus,no,no,no,,no,y,100,,
Leipzig,31.05.2023,151,Lavandula angustifolia,y,y,no,,no,no,,,
Leipzig,31.05.2023,151,Paeonia officinalis,y,y,no,,no,no,,,
Leipzig,31.05.2023,151,Paeonia peregrina,y,y,no,,no,no,,,
Leipzig,31.05.2023,151,Eryngium campestre,y,y,no,,no,no,,,
Leipzig,31.05.2023,151,Scabiosa ochroleuca,y,y,no,,no,no,,,
Leipzig,31.05.2023,151,Bunias orientalis,y,y,no,,no,no,,,
Leipzig,31.05.2023,151,Helianthemum nummularium,y,y,y,100,no,no,,,
Leipzig,31.05.2023,151,Salvia amplexicaule,y,y,no,,no,no,,,
Leipzig,31.05.2023,151,Tanacetum vulgare,y,y,no,,no,no,,,
Leipzig,31.05.2023,151,Tussilago farfara,no,no,no,,no,y,10,,
Leipzig,31.05.2023,151,Arnica  longifolia,y,y,y,20,no,no,,,
Leipzig,31.05.2023,151,Campanula rotundifolia,no,no,no,,no,no,,removed,
Leipzig,31.05.2023,151,Menyanthes trifolata,y,y,no,,y,no,,,
Leipzig,31.05.2023,151,Vinca minor,y,y,no,,no,no,,,
Leipzig,31.05.2023,151,Vincetoxicum hinrundinaria,y,y,y,95,no,no,,,
Leipzig,31.05.2023,151,Galium mollugo,y,y,no,,no,no,,,
Leipzig,31.05.2023,151,Plantago lanceolata,y,y,y,100,no,no,,,
Leipzig,31.05.2023,151,Scopolia carniolia,no,no,no,,no,y,30,,
Leipzig,31.05.2023,151,Myriophyllum aquaticum,no,no,no,,no,no,,,
Leipzig,31.05.2023,151,Saxifraga paniculata,y,y,y,30,no,no,,,
Leipzig,31.05.2023,151,Dryas octopetala,y,y,no,,y,no,,,
Leipzig,31.05.2023,151,Cyclamen coum,no,no,no,,no,y,100,,
Leipzig,31.05.2023,151,Humulus  lupulus,y,y,no,,no,no,,,
Leipzig,31.05.2023,151,Lupinus polyphyllus,y,y,y,80,no,no,,,
Leipzig,31.05.2023,151,Urtica dioca,y,y,y,80,no,no,,,
Leipzig,31.05.2023,151,Iberis sempervirens,y,y,y,20,y,no,,,
Leipzig,31.05.2023,151,Gaultheria shallon,y,y,y,80,no,no,,,
Leipzig,31.05.2023,151,Cyclamen hederifolium,no,no,no,,no,y,100,,
Leipzig,31.05.2023,151,Acorus calamus,y,y,y,40,no,no,,,
Leipzig,31.05.2023,151,Linum usitatissimum,y,y,no,,no,no,,,
Leipzig,31.05.2023,151,Dianthus superbus,y,y,y,100,no,no,,,
Leipzig,31.05.2023,151,Anthericum ramosum,y,y,no,,no,no,,,
Leipzig,31.05.2023,151,Convallaria majalis,y,y,y,5,no,no,,,
Leipzig,31.05.2023,151,Colchicum autumnale,no,no,no,,no,y,10,,
Leipzig,31.05.2023,151,Veratrum nigrum,y,y,no,,no,no,,,
Leipzig,31.05.2023,151,Aquilegia chrysantha,y,y,y,100,no,no,,,
Leipzig,31.05.2023,151,Caltha palustris,y,y,no,,no,no,,,
Leipzig,31.05.2023,151,Eranthis hyemalis,no,no,no,,no,y,100,,
Leipzig,31.05.2023,151,Helleborus niger,y,y,no,,no,no,,,
Leipzig,31.05.2023,151,Anemone transsylvanica,no,no,no,,no,no,,,
Leipzig,31.05.2023,151,Podophyllum peltatum,y,y,y,10,no,no,,,
Leipzig,31.05.2023,151,Trollius europaeus,y,y,no,,no,no,,,
Leipzig,31.05.2023,151,Adonis amurensis,no,no,no,,no,y,100,,
Leipzig,31.05.2023,151,Silene nutans,y,y,y,70,no,no,,,
Leipzig,31.05.2023,151,Gentiana thibetica,y,y,no,,no,no,,,
Leipzig,31.05.2023,151,Penstemon grandiflorus,y,y,no,,no,no,,,
Leipzig,31.05.2023,151,Dictamnus albus,y,y,y,90,no,no,,,
Leipzig,31.05.2023,151,Hemerocallis dumotieri,y,y,y,20,no,no,,,
Leipzig,31.05.2023,151,Vaccinium myrtillus,no,no,no,,no,no,,removed,
Leipzig,31.05.2023,151,Vaccinium oxycoccos,no,no,no,,no,no,,removed,
Leipzig,31.05.2023,151,Polygonatum verticillatum,y,y,no,,no,no,,,
Leipzig,31.05.2023,151,Geum rivale,no,no,no,,no,no,,removed,
Leipzig,31.05.2023,151,Genista tinctoria,no,no,no,,no,no,,removed,
Leipzig,31.05.2023,151,Iris pseudacorus,no,no,no,,no,no,,removed,
Leipzig,31.05.2023,151,Gunnera manicata,no,no,y,100,no,no,,,
Leipzig,31.05.2023,151,Eupatorium cannabinum,y,y,no,,no,no,,,
Leipzig,31.05.2023,151,Calla palustris,y,y,no,,no,no,,,
Leipzig,31.05.2023,151,Silene coronaria,y,y,no,,no,no,,,
Leipzig,07.06.2023,158,Bergenia purpurascens,y,y,no,,y,no,,,
Leipzig,07.06.2023,158,Roscoea auriculata,no,no,no,,no,no,,,
Leipzig,07.06.2023,158,Primula denticulata,y,y,no,,no,no,,,
Leipzig,07.06.2023,158,Globularia cordifolia,y,y,no,,no,no,,,
Leipzig,07.06.2023,158,Gentiana lutea,y,y,no,,no,no,,,
Leipzig,07.06.2023,158,Hypericum olympicum,y,y,y,30,no,no,,,
Leipzig,07.06.2023,158,Anemone pulsatilla,y,y,no,,y,no,,,
Leipzig,07.06.2023,158,Phedimus stoloniferus,no,no,no,,no,no,,removed,
Leipzig,07.06.2023,158,Clematis stans,y,y,no,,no,no,,,
Leipzig,07.06.2023,158,Galanthus nivalis,no,no,no,,no,no,,,
Leipzig,07.06.2023,158,Aegopodium podagraria,y,y,no,,no,no,,,
Leipzig,07.06.2023,158,Leucojum vernum,no,no,no,,no,no,,,
Leipzig,07.06.2023,158,Lathyrus vernus,y,y,no,,no,no,,,
Leipzig,07.06.2023,158,Allium ursinum,no,no,no,,no,y,20,,
Leipzig,07.06.2023,158,Anemone nemorosa,no,no,no,,no,no,,,
Leipzig,07.06.2023,158,Anemone sylvestris,y,y,no,,no,no,,,
Leipzig,07.06.2023,158,Geranium sanguineum,y,y,y,90,no,no,,,
Leipzig,07.06.2023,158,Asarum europaeum,y,y,y,5,no,no,,,
Leipzig,07.06.2023,158,Arum maculatum,no,no,no,,no,no,,,
Leipzig,07.06.2023,158,Hibiscus palustris,y,y,no,,no,no,,,
Leipzig,07.06.2023,158,Trillium sessile,y,y,no,,no,no,,,
Leipzig,07.06.2023,158,Asarum canadense,y,y,y,10,no,no,,,
Leipzig,07.06.2023,158,Lysichiton americanus,y,y,no,,no,no,,,
Leipzig,07.06.2023,158,Filipendula vulgaris,y,y,y,100,no,no,,,
Leipzig,07.06.2023,158,Anemone hupehensis,y,y,no,,no,no,,,
Leipzig,07.06.2023,158,Thalictrum minus,y,y,y,15,no,no,,,
Leipzig,07.06.2023,158,Silene pusilla,no,no,no,,no,no,,removed,
Leipzig,07.06.2023,158,Psephellus dealbata,y,y,y,100,no,no,,,
Leipzig,07.06.2023,158,Prunella grandiflora,y,y,no,,no,no,,,
Leipzig,07.06.2023,158,Leonurus cardiaca,y,y,y,5,no,no,,,
Leipzig,07.06.2023,158,Silene vulgaris,y,y,y,90,no,no,,,
Leipzig,07.06.2023,158,Saponaria officinalis,no,no,no,,no,no,,removed,
Leipzig,07.06.2023,158,Salvia officinalis,y,y,y,100,no,no,,,
Leipzig,07.06.2023,158,Crocus vernus,no,no,no,,no,no,,,
Leipzig,07.06.2023,158,Lavandula angustifolia,y,y,no,,no,no,,,
Leipzig,07.06.2023,158,Paeonia officinalis,y,y,no,,no,no,,,
Leipzig,07.06.2023,158,Paeonia peregrina,y,y,no,,no,no,,,
Leipzig,07.06.2023,158,Eryngium campestre,y,y,no,,no,no,,,
Leipzig,07.06.2023,158,Scabiosa ochroleuca,y,y,no,,no,no,,,
Leipzig,07.06.2023,158,Bunias orientalis,y,y,no,,no,no,,,
Leipzig,07.06.2023,158,Helianthemum nummularium,y,y,y,90,no,no,,,
Leipzig,07.06.2023,158,Salvia amplexicaule,y,y,no,,no,no,,,
Leipzig,07.06.2023,158,Tanacetum vulgare,y,y,no,,no,no,,,
Leipzig,07.06.2023,158,Tussilago farfara,no,no,no,,no,y,20,,
Leipzig,07.06.2023,158,Arnica  longifolia,y,y,y,80,no,no,,,
Leipzig,07.06.2023,158,Campanula rotundifolia,no,no,no,,no,no,,removed,
Leipzig,07.06.2023,158,Menyanthes trifolata,y,y,no,,y,no,,,
Leipzig,07.06.2023,158,Vinca minor,y,y,no,,no,no,,,
Leipzig,07.06.2023,158,Vincetoxicum hinrundinaria,y,y,y,100,no,no,,,
Leipzig,07.06.2023,158,Galium mollugo,y,y,y,10,no,no,,,
Leipzig,07.06.2023,158,Plantago lanceolata,y,y,y,20,no,no,,,
Leipzig,07.06.2023,158,Scopolia carniolia,y,y,no,,no,y,40,,
Leipzig,07.06.2023,158,Hydrocotyle vulgaris,y,y,no,,no,no,,,
Leipzig,07.06.2023,158,Trapa natans,y,y,no,,no,no,,,
Leipzig,07.06.2023,158,Alchemilla vulgaris,y,y,y,90,no,no,,,
Leipzig,07.06.2023,158,Fragaria vesca,y,y,y,100,y,no,,,
Leipzig,07.06.2023,158,Myriophyllum aquaticum,y,y,no,,no,no,,,
Leipzig,07.06.2023,158,Saxifraga paniculata,y,y,y,100,no,no,,,
Leipzig,07.06.2023,158,Dryas octopetala,y,y,no,,y,no,,,
Leipzig,07.06.2023,158,Cyclamen coum,no,no,no,,no,no,,,
Leipzig,07.06.2023,158,Humulus  lupulus,y,y,no,,no,no,,,
Leipzig,07.06.2023,158,Lupinus polyphyllus,y,y,y,100,no,no,,,
Leipzig,07.06.2023,158,Urtica dioca,y,y,y,100,y,no,,,
Leipzig,07.06.2023,158,Iberis sempervirens,y,y,no,,y,no,,,
Leipzig,07.06.2023,158,Gaultheria shallon,y,y,y,100,no,no,,,
Leipzig,07.06.2023,158,Cyclamen hederifolium,no,no,no,,no,no,,,
Leipzig,07.06.2023,158,Acorus calamus,y,y,y,20,no,no,,,
Leipzig,07.06.2023,158,Linum usitatissimum,y,y,no,,no,no,,,
Leipzig,07.06.2023,158,Dianthus superbus,y,y,y,100,no,no,,,
Leipzig,07.06.2023,158,Anthericum ramosum,y,y,no,,no,no,,,
Leipzig,07.06.2023,158,Convallaria majalis,y,y,no,,no,no,,,
Leipzig,07.06.2023,158,Colchicum autumnale,no,no,no,,no,y,30,,
Leipzig,07.06.2023,158,Veratrum nigrum,y,y,no,,no,no,,,
Leipzig,07.06.2023,158,Aquilegia chrysantha,y,y,y,30,y,no,,,
Leipzig,07.06.2023,158,Caltha palustris,y,y,no,,y,no,,,
Leipzig,07.06.2023,158,Eranthis hyemalis,no,no,no,,no,no,,,
Leipzig,07.06.2023,158,Helleborus niger,y,y,no,,no,no,,,
Leipzig,07.06.2023,158,Helleborus viridis,y,y,no,,no,no,,,
Leipzig,07.06.2023,158,Anemone transsylvanica,no,no,no,,no,no,,removed,
Leipzig,07.06.2023,158,Podophyllum peltatum,y,y,no,,no,y,10,,
Leipzig,07.06.2023,158,Trollius europaeus,y,y,y,20,no,no,,,
Leipzig,07.06.2023,158,Adonis amurensis,no,no,no,,no,no,,,
Leipzig,07.06.2023,158,Silene nutans,y,y,y,100,no,no,,,
Leipzig,07.06.2023,158,Gentiana thibetica,y,y,no,,no,no,,,
Leipzig,07.06.2023,158,Penstemon grandiflorus,y,y,y,20,no,no,,,
Leipzig,07.06.2023,158,Dictamnus albus,y,y,y,100,no,no,,,
Leipzig,07.06.2023,158,Hemerocallis dumotieri,y,y,y,100,no,no,,,
Leipzig,07.06.2023,158,Vaccinium myrtillus,no,no,no,,no,no,,removed,
Leipzig,07.06.2023,158,Vaccinium oxycoccos,no,no,no,,no,no,,removed,
Leipzig,07.06.2023,158,Polygonatum verticillatum,y,y,no,,no,no,,,
Leipzig,07.06.2023,158,Geum rivale,no,no,no,,no,no,,removed,
Leipzig,07.06.2023,158,Genista tinctoria,no,no,no,,no,no,,removed,
Leipzig,07.06.2023,158,Iris pseudacorus,no,no,no,,no,no,,removed,
Leipzig,07.06.2023,158,Gunnera manicata,y,y,y,30,no,no,,,
Leipzig,07.06.2023,158,Eupatorium cannabinum,y,y,no,,no,no,,,
Leipzig,07.06.2023,158,Calla palustris,y,y,no,,no,no,,,
Leipzig,07.06.2023,158,Silene coronaria,y,y,no,,no,no,,,
Leipzig,14.06.2023,165,Gunnera manicata,y,y,y,20,no,no,,,
Leipzig,14.06.2023,165,Eupatorium cannabinum,y,y,no,,no,no,,,
Leipzig,14.06.2023,165,Calla palustris,y,y,no,,no,no,,,
Leipzig,14.06.2023,165,Silene coronaria,y,y,y,20,no,no,,,
Leipzig,14.06.2023,165,Bergenia purpurascens,y,y,no,,y,no,,,
Leipzig,14.06.2023,165,Roscoea auriculata,no,no,no,,no,no,,,
Leipzig,14.06.2023,165,Primula denticulata,y,y,no,,no,no,,,
Leipzig,14.06.2023,165,Globularia cordifolia,y,y,no,,no,no,,,
Leipzig,14.06.2023,165,Gentiana lutea,y,y,no,,no,no,,,
Leipzig,14.06.2023,165,Hypericum olympicum,y,y,y,100,no,no,,,
Leipzig,14.06.2023,165,Anemone pulsatilla,y,y,no,,y,no,,,
Leipzig,14.06.2023,165,Phedimus stoloniferus,no,no,no,,no,no,,removed,
Leipzig,14.06.2023,165,Clematis stans,y,y,no,,no,no,,,
Leipzig,14.06.2023,165,Galanthus nivalis,no,no,no,,no,no,,,
Leipzig,14.06.2023,165,Aegopodium podagraria,y,y,no,,no,no,,,
Leipzig,14.06.2023,165,Leucojum vernum,no,no,no,,no,no,,,
Leipzig,14.06.2023,165,Lathyrus vernus,y,y,no,,y,no,,,
Leipzig,14.06.2023,165,Allium ursinum,no,no,no,,y,y,80,,
Leipzig,14.06.2023,165,Anemone nemorosa,no,no,no,,no,no,,,
Leipzig,14.06.2023,165,Anemone sylvestris,y,y,no,,no,no,,,
Leipzig,14.06.2023,165,Geranium sanguineum,y,y,y,50,no,no,,,
Leipzig,14.06.2023,165,Asarum europaeum,y,y,no,,no,no,,,
Leipzig,14.06.2023,165,Arum maculatum,no,no,no,,no,no,,,
Leipzig,14.06.2023,165,Hibiscus palustris,y,y,no,,no,no,,,
Leipzig,14.06.2023,165,Trillium sessile,no,no,no,,no,y,40,,
Leipzig,14.06.2023,165,Asarum canadense,y,y,no,,y,no,,,
Leipzig,14.06.2023,165,Lysichiton americanus,y,y,no,,no,no,,,
Leipzig,14.06.2023,165,Filipendula vulgaris,y,y,y,80,no,no,,,
Leipzig,14.06.2023,165,Anemone hupehensis,y,y,no,,no,no,,,
Leipzig,14.06.2023,165,Thalictrum minus,y,y,y,100,no,no,,,
Leipzig,14.06.2023,165,Silene pusilla,no,no,no,,no,no,,removed,
Leipzig,14.06.2023,165,Psephellus dealbata,y,y,y,30,no,no,,,
Leipzig,14.06.2023,165,Prunella grandiflora,y,y,y,10,no,no,,,
Leipzig,14.06.2023,165,Leonurus cardiaca,y,y,y,80,no,no,,,
Leipzig,14.06.2023,165,Silene vulgaris,y,y,y,100,no,no,,,
Leipzig,14.06.2023,165,Saponaria officinalis,no,no,no,,no,no,,removed,
Leipzig,14.06.2023,165,Salvia officinalis,y,y,y,80,no,no,,,
Leipzig,14.06.2023,165,Crocus vernus,no,no,no,,no,no,,,
Leipzig,14.06.2023,165,Lavandula angustifolia,y,y,no,,no,no,,,
Leipzig,14.06.2023,165,Paeonia officinalis,y,y,no,,no,no,,,
Leipzig,14.06.2023,165,Paeonia peregrina,y,y,no,,no,no,,,
Leipzig,14.06.2023,165,Eryngium campestre,y,y,no,,no,no,,,
Leipzig,14.06.2023,165,Scabiosa ochroleuca,y,y,no,,no,no,,,
Leipzig,14.06.2023,165,Bunias orientalis,y,y,no,,no,no,,,
Leipzig,14.06.2023,165,Helianthemum nummularium,y,y,y,5,y,no,,,
Leipzig,14.06.2023,165,Salvia amplexicaule,y,y,no,,no,no,,,
Leipzig,14.06.2023,165,Tanacetum vulgare,y,y,no,,no,no,,,
Leipzig,14.06.2023,165,Tussilago farfara,no,no,no,,no,y,25,,
Leipzig,14.06.2023,165,Arnica  longifolia,y,y,y,90,no,no,,,
Leipzig,14.06.2023,165,Campanula rotundifolia,no,no,no,,no,no,,removed,
Leipzig,14.06.2023,165,Menyanthes trifolata,y,y,no,,y,no,,,
Leipzig,14.06.2023,165,Vinca minor,y,y,no,,no,no,,,
Leipzig,14.06.2023,165,Vincetoxicum hinrundinaria,y,y,y,80,no,no,,,
Leipzig,14.06.2023,165,Galium mollugo,y,y,y,100,no,no,,,
Leipzig,14.06.2023,165,Plantago lanceolata,y,y,no,,y,no,,,
Leipzig,14.06.2023,165,Scopolia carniolia,no,no,no,,no,y,70,,
Leipzig,14.06.2023,165,Hydrocotyle vulgaris,y,y,no,,no,no,,,
Leipzig,14.06.2023,165,Trapa natans,y,y,no,,no,no,,,
Leipzig,14.06.2023,165,Alchemilla vulgaris,y,y,y,100,no,no,,,
Leipzig,14.06.2023,165,Fragaria vesca,y,y,y,30,y,no,,,
Leipzig,14.06.2023,165,Myriophyllum aquaticum,y,y,no,,no,no,,,
Leipzig,14.06.2023,165,Saxifraga paniculata,y,y,y,80,no,no,,,
Leipzig,14.06.2023,165,Dryas octopetala,y,y,no,,no,no,,,
Leipzig,14.06.2023,165,Cyclamen coum,no,no,no,,no,no,,,
Leipzig,14.06.2023,165,Humulus  lupulus,y,y,no,,no,no,,,
Leipzig,14.06.2023,165,Lupinus polyphyllus,y,y,no,,no,no,,,
Leipzig,14.06.2023,165,Urtica dioca,y,y,y,20,no,no,,,
Leipzig,14.06.2023,165,Iberis sempervirens,y,y,no,,y,no,,,
Leipzig,14.06.2023,165,Gaultheria shallon,y,y,y,20,no,no,,,
Leipzig,14.06.2023,165,Cyclamen hederifolium,no,no,no,,no,no,,,
Leipzig,14.06.2023,165,Acorus calamus,y,y,no,,no,no,,,
Leipzig,14.06.2023,165,Linum usitatissimum,y,y,y,10,no,no,,,
Leipzig,14.06.2023,165,Dianthus superbus,y,y,y,70,no,no,,,
Leipzig,14.06.2023,165,Anthericum ramosum,y,y,no,,no,no,,,
Leipzig,14.06.2023,165,Convallaria majalis,y,y,no,,no,no,,,
Leipzig,14.06.2023,165,Colchicum autumnale,no,no,no,,no,y,90,,
Leipzig,14.06.2023,165,Veratrum nigrum,y,y,no,,no,no,,,
Leipzig,14.06.2023,165,Aquilegia chrysantha,y,y,y,10,no,no,,,
Leipzig,14.06.2023,165,Caltha palustris,y,y,no,,y,no,,,
Leipzig,14.06.2023,165,Eranthis hyemalis,y,y,no,,no,no,,,
Leipzig,14.06.2023,165,Helleborus niger,y,y,no,,no,no,,,
Leipzig,14.06.2023,165,Helleborus viridis,no,no,no,,no,y,50,,
Leipzig,14.06.2023,165,Anemone transsylvanica,no,no,no,,no,no,,removed,
Leipzig,14.06.2023,165,Podophyllum peltatum,no,no,no,,no,y,50,,
Leipzig,14.06.2023,165,Trollius europaeus,y,y,y,10,y,no,,,
Leipzig,14.06.2023,165,Adonis amurensis,no,no,no,,no,no,,,
Leipzig,14.06.2023,165,Silene nutans,y,y,no,,no,no,,,
Leipzig,14.06.2023,165,Gentiana thibetica,y,y,no,,no,no,,,
Leipzig,14.06.2023,165,Penstemon grandiflorus,y,y,y,100,no,no,,,
Leipzig,14.06.2023,165,Dictamnus albus,y,y,y,20,no,no,,,
Leipzig,14.06.2023,165,Hemerocallis dumotieri,y,y,y,80,no,no,,,
Leipzig,14.06.2023,165,Vaccinium myrtillus,no,no,no,,no,no,,removed,
Leipzig,14.06.2023,165,Vaccinium oxycoccos,no,no,no,,no,no,,removed,
Leipzig,14.06.2023,165,Polygonatum verticillatum,y,y,no,,no,no,,,
Leipzig,14.06.2023,165,Geum rivale,no,no,no,,no,no,,removed,
Leipzig,14.06.2023,165,Genista tinctoria,no,no,no,,no,no,,removed,
Leipzig,14.06.2023,165,Iris pseudacorus,no,no,no,,no,no,,removed,
Leipzig,21.06.2023,172,Bergenia purpurascens,y,y,no,,y,no,,,
Leipzig,21.06.2023,172,Roscoea auriculata,no,no,no,,no,no,,,
Leipzig,21.06.2023,172,Primula denticulata,y,y,no,,no,no,,,
Leipzig,21.06.2023,172,Globularia cordifolia,y,y,no,,no,no,,,
Leipzig,21.06.2023,172,Gentiana lutea,y,y,no,,no,no,,,
Leipzig,21.06.2023,172,Hypericum olympicum,y,y,y,80,no,no,,,
Leipzig,21.06.2023,172,Anemone pulsatilla,y,y,no,,y,no,,,
Leipzig,21.06.2023,172,Phedimus stoloniferus,no,no,no,,no,no,,removed,
Leipzig,21.06.2023,172,Clematis stans,y,y,no,,no,no,,,
Leipzig,21.06.2023,172,Galanthus nivalis,no,no,no,,no,no,,,
Leipzig,21.06.2023,172,Aegopodium podagraria,y,y,no,,no,no,,,
Leipzig,21.06.2023,172,Leucojum vernum,no,no,no,,no,no,,,
Leipzig,21.06.2023,172,Lathyrus vernus,y,y,no,,y,no,,,
Leipzig,21.06.2023,172,Anemone sylvestris,y,y,no,,no,no,,,
Leipzig,21.06.2023,172,Allium ursinum,no,no,no,,y,y,100,,
Leipzig,21.06.2023,172,Anemone nemorosa,no,no,no,,no,no,,,
Leipzig,21.06.2023,172,Geranium sanguineum,y,y,y,40,y,no,,,
Leipzig,21.06.2023,172,Asarum europaeum,y,y,no,,no,no,,,
Leipzig,21.06.2023,172,Arum maculatum,no,no,no,,no,no,,,
Leipzig,21.06.2023,172,Hibiscus palustris,y,y,no,,no,no,,,
Leipzig,21.06.2023,172,Trillium sessile,no,no,no,,no,y,60,,
Leipzig,21.06.2023,172,Asarum canadense,y,y,no,,y,no,,,
Leipzig,21.06.2023,172,Lysichiton americanus,y,y,no,,no,no,,,
Leipzig,21.06.2023,172,Filipendula vulgaris,y,y,y,60,no,no,,,
Leipzig,21.06.2023,172,Anemone hupehensis,y,y,no,,no,no,,,
Leipzig,21.06.2023,172,Thalictrum minus,y,y,y,90,no,no,,,
Leipzig,21.06.2023,172,Silene pusilla,no,no,no,,no,no,,removed,
Leipzig,21.06.2023,172,Psephellus dealbata,y,y,y,10,y,no,,,
Leipzig,21.06.2023,172,Prunella grandiflora,y,y,y,30,no,no,,,
Leipzig,21.06.2023,172,Leonurus cardiaca,y,y,y,100,no,no,,,
Leipzig,21.06.2023,172,Silene vulgaris,y,y,y,80,no,no,,,
Leipzig,21.06.2023,172,Saponaria officinalis,no,no,no,,no,no,,removed,
Leipzig,21.06.2023,172,Salvia officinalis,y,y,no,,no,no,,,
Leipzig,21.06.2023,172,Crocus vernus,no,no,no,,no,no,,,
Leipzig,21.06.2023,172,Lavandula angustifolia,y,y,y,100,no,no,,,
Leipzig,21.06.2023,172,Paeonia officinalis,no,no,no,,no,no,,,
Leipzig,21.06.2023,172,Paeonia peregrina,no,no,no,,no,no,,,
Leipzig,21.06.2023,172,Eryngium campestre,y,y,no,,no,no,,,
Leipzig,21.06.2023,172,Scabiosa ochroleuca,y,y,no,,no,no,,,
Leipzig,21.06.2023,172,Bunias orientalis,y,y,no,,no,no,,,
Leipzig,21.06.2023,172,Helianthemum nummularium,y,y,no,,y,no,,,
Leipzig,21.06.2023,172,Salvia amplexicaule,y,y,no,,no,no,,,
Leipzig,21.06.2023,172,Tanacetum vulgare,y,y,no,,no,no,,,
Leipzig,21.06.2023,172,Tussilago farfara,no,no,no,,no,y,30,,
Leipzig,21.06.2023,172,Arnica  longifolia,no,no,y,100,no,no,,,
Leipzig,21.06.2023,172,Campanula rotundifolia,no,no,no,,no,no,,removed,
Leipzig,21.06.2023,172,Menyanthes trifolata,y,y,no,,y,no,,,
Leipzig,21.06.2023,172,Vinca minor,y,y,no,,no,no,,,
Leipzig,21.06.2023,172,Vincetoxicum hinrundinaria,y,y,y,70,no,no,,,
Leipzig,21.06.2023,172,Galium mollugo,y,y,y,80,no,no,,,
Leipzig,21.06.2023,172,Plantago lanceolata,y,y,no,,y,no,,,
Leipzig,21.06.2023,172,Scopolia carniolia,no,no,no,,no,y,80,,
Leipzig,21.06.2023,172,Hydrocotyle vulgaris,y,y,no,,no,no,,,
Leipzig,21.06.2023,172,Trapa natans,no,no,no,,no,y,40,,
Leipzig,21.06.2023,172,Alchemilla vulgaris,y,y,y,70,no,no,,,
Leipzig,21.06.2023,172,Fragaria vesca,y,y,no,,y,no,,,
Leipzig,21.06.2023,172,Myriophyllum aquaticum,y,y,no,,no,no,,,
Leipzig,21.06.2023,172,Saxifraga paniculata,no,no,no,,no,no,,removed,
Leipzig,21.06.2023,172,Dryas octopetala,y,y,no,,no,no,,,
Leipzig,21.06.2023,172,Cyclamen coum,no,no,no,,no,no,,,
Leipzig,21.06.2023,172,Humulus  lupulus,y,y,no,,no,no,,,
Leipzig,21.06.2023,172,Lupinus polyphyllus,y,y,no,,no,no,,,
Leipzig,21.06.2023,172,Urtica dioca,y,y,y,10,y,no,,,
Leipzig,21.06.2023,172,Iberis sempervirens,y,y,no,,no,no,,,
Leipzig,21.06.2023,172,Gaultheria shallon,y,y,no,,no,no,,,
Leipzig,21.06.2023,172,Cyclamen hederifolium,no,no,no,,no,no,,,
Leipzig,21.06.2023,172,Acorus calamus,y,y,no,,no,no,,,
Leipzig,21.06.2023,172,Linum usitatissimum,y,y,y,60,no,no,,,
Leipzig,21.06.2023,172,Dianthus superbus,y,y,y,60,no,no,,,
Leipzig,21.06.2023,172,Anthericum ramosum,y,y,no,,no,no,,,
Leipzig,21.06.2023,172,Convallaria majalis,y,y,no,,no,no,,,
Leipzig,21.06.2023,172,Colchicum autumnale,no,no,no,,no,y,100,,
Leipzig,21.06.2023,172,Veratrum nigrum,y,y,no,,no,no,,,
Leipzig,21.06.2023,172,Aquilegia chrysantha,y,y,y,5,y,no,,,
Leipzig,21.06.2023,172,Caltha palustris,y,y,no,,y,no,,,
Leipzig,21.06.2023,172,Eranthis hyemalis,no,no,no,,no,no,,,
Leipzig,21.06.2023,172,Helleborus niger,no,no,no,,no,no,,,
Leipzig,21.06.2023,172,Helleborus viridis,no,no,no,,no,y,60,,
Leipzig,21.06.2023,172,Anemone transsylvanica,no,no,no,,no,no,,removed,
Leipzig,21.06.2023,172,Podophyllum peltatum,no,no,no,,no,y,60,,
Leipzig,21.06.2023,172,Trollius europaeus,y,y,no,,no,no,,,
Leipzig,21.06.2023,172,Adonis amurensis,no,no,no,,no,no,,,
Leipzig,21.06.2023,172,Silene nutans,y,y,no,,no,no,,,
Leipzig,21.06.2023,172,Gentiana thibetica,y,y,no,,no,no,,,
Leipzig,21.06.2023,172,Penstemon grandiflorus,y,y,y,80,no,no,,,
Leipzig,21.06.2023,172,Dictamnus albus,y,y,no,,no,no,,,
Leipzig,21.06.2023,172,Hemerocallis dumotieri,y,y,y,70,no,no,,,
Leipzig,21.06.2023,172,Vaccinium myrtillus,no,no,no,,no,no,,removed,
Leipzig,21.06.2023,172,Vaccinium oxycoccos,no,no,no,,no,no,,removed,
Leipzig,21.06.2023,172,Polygonatum verticillatum,y,y,no,,no,no,,,
Leipzig,21.06.2023,172,Geum rivale,no,no,no,,no,no,,removed,
Leipzig,21.06.2023,172,Genista tinctoria,no,no,no,,no,no,,removed,
Leipzig,21.06.2023,172,Iris pseudacorus,no,no,no,,no,no,,removed,
Leipzig,21.06.2023,172,Gunnera manicata,y,y,no,,no,no,,,
Leipzig,21.06.2023,172,Eupatorium cannabinum,y,y,no,,no,no,,,
Leipzig,21.06.2023,172,Calla palustris,y,y,no,,no,no,,,
Leipzig,21.06.2023,172,Silene coronaria,y,y,y,50,no,no,,,
Leipzig,28.06.2023,179,Bergenia purpurascens,y,y,no,,y,no,,,
Leipzig,28.06.2023,179,Roscoea auriculata,no,no,no,,no,no,,,
Leipzig,28.06.2023,179,Primula denticulata,y,y,no,,no,no,,,
Leipzig,28.06.2023,179,Globularia cordifolia,y,y,no,,no,no,,,
Leipzig,28.06.2023,179,Gentiana lutea,y,y,no,,no,no,,,
Leipzig,28.06.2023,179,Hypericum olympicum,y,y,y,10,no,no,,,
Leipzig,28.06.2023,179,Anemone pulsatilla,y,y,no,,y,no,,,
Leipzig,28.06.2023,179,Phedimus stoloniferus,no,no,no,,no,no,,removed,
Leipzig,28.06.2023,179,Clematis stans,y,y,no,,no,no,,,
Leipzig,28.06.2023,179,Galanthus nivalis,no,no,no,,no,no,,,
Leipzig,28.06.2023,179,Aegopodium podagraria,y,y,no,,no,no,,,
Leipzig,28.06.2023,179,Leucojum vernum,no,no,no,,no,no,,,
Leipzig,28.06.2023,179,Lathyrus vernus,y,y,no,,no,no,,,
Leipzig,28.06.2023,179,Allium ursinum,no,no,no,,no,no,,,
Leipzig,28.06.2023,179,Anemone nemorosa,no,no,no,,no,no,,,
Leipzig,28.06.2023,179,Anemone sylvestris,y,y,no,,no,no,,,
Leipzig,28.06.2023,179,Geranium sanguineum,y,y,y,5,y,no,,,
Leipzig,28.06.2023,179,Asarum europaeum,y,y,no,,no,no,,,
Leipzig,28.06.2023,179,Arum maculatum,no,no,no,,no,no,,,
Leipzig,28.06.2023,179,Hibiscus palustris,y,y,no,,no,no,,,
Leipzig,28.06.2023,179,Trillium sessile,no,no,no,,no,y,80,,
Leipzig,28.06.2023,179,Asarum canadense,y,y,no,,y,no,,,
Leipzig,28.06.2023,179,Lysichiton americanus,y,y,no,,no,no,,,
Leipzig,28.06.2023,179,Filipendula vulgaris,y,y,no,,y,no,,,
Leipzig,28.06.2023,179,Anemone hupehensis,y,y,y,5,no,no,,,
Leipzig,28.06.2023,179,Thalictrum minus,y,y,y,5,no,no,,,
Leipzig,28.06.2023,179,Silene pusilla,no,no,no,,no,no,,removed,
Leipzig,28.06.2023,179,Psephellus dealbata,y,y,no,,y,no,,,
Leipzig,28.06.2023,179,Prunella grandiflora,y,y,y,10,no,no,,,
Leipzig,28.06.2023,179,Leonurus cardiaca,y,y,y,80,no,no,,,
Leipzig,28.06.2023,179,Silene vulgaris,y,y,y,10,y,no,,,
Leipzig,28.06.2023,179,Saponaria officinalis,no,no,no,,no,no,,removed,
Leipzig,28.06.2023,179,Salvia officinalis,y,y,no,,y,no,,,
Leipzig,28.06.2023,179,Crocus vernus,no,no,no,,no,no,,,
Leipzig,28.06.2023,179,Lavandula angustifolia,no,no,y,70,no,no,,,
Leipzig,28.06.2023,179,Paeonia officinalis,no,no,no,,no,no,,,
Leipzig,28.06.2023,179,Paeonia peregrina,no,no,no,,no,no,,,
Leipzig,28.06.2023,179,Eryngium campestre,y,y,no,,no,no,,,
Leipzig,28.06.2023,179,Scabiosa ochroleuca,y,y,no,,no,no,,,
Leipzig,28.06.2023,179,Bunias orientalis,no,no,no,,no,no,,removed,
Leipzig,28.06.2023,179,Helianthemum nummularium,y,y,no,,y,no,,,
Leipzig,28.06.2023,179,Salvia amplexicaule,y,y,y,25,no,no,,,
Leipzig,28.06.2023,179,Tanacetum vulgare,y,y,no,,no,no,,,
Leipzig,28.06.2023,179,Tussilago farfara,no,no,no,,no,y,30,,
Leipzig,28.06.2023,179,Arnica  longifolia,y,y,y,10,no,no,,,
Leipzig,28.06.2023,179,Campanula rotundifolia,no,no,no,,no,no,,removed,
Leipzig,28.06.2023,179,Menyanthes trifolata,y,y,no,,no,no,,,
Leipzig,28.06.2023,179,Vinca minor,y,y,no,,no,no,,,
Leipzig,28.06.2023,179,Vincetoxicum hinrundinaria,y,y,y,10,no,no,,,
Leipzig,28.06.2023,179,Galium mollugo,y,y,y,20,no,no,,,
Leipzig,28.06.2023,179,Plantago lanceolata,y,y,no,,no,no,,,
Leipzig,28.06.2023,179,Scopolia carniolia,no,no,no,,no,y,90,,
Leipzig,28.06.2023,179,Hydrocotyle vulgaris,y,y,no,,no,no,,,
Leipzig,28.06.2023,179,Trapa natans,no,no,no,,no,y,40,,
Leipzig,28.06.2023,179,Alchemilla vulgaris,y,y,y,30,no,no,,,
Leipzig,28.06.2023,179,Fragaria vesca,y,y,no,,y,no,,,
Leipzig,28.06.2023,179,Myriophyllum aquaticum,y,y,no,,no,no,,,
Leipzig,28.06.2023,179,Saxifraga paniculata,y,y,no,,no,no,,,
Leipzig,28.06.2023,179,Dryas octopetala,y,y,no,,no,no,,,
Leipzig,28.06.2023,179,Cyclamen coum,no,no,no,,no,no,,,
Leipzig,28.06.2023,179,Humulus  lupulus,y,y,no,,no,no,,,
Leipzig,28.06.2023,179,Lupinus polyphyllus,y,y,no,,y,no,,,
Leipzig,28.06.2023,179,Urtica dioca,no,no,no,,y,no,,,
Leipzig,28.06.2023,179,Iberis sempervirens,y,y,no,,no,no,,,
Leipzig,28.06.2023,179,Gaultheria shallon,y,y,no,,y,no,,,
Leipzig,28.06.2023,179,Cyclamen hederifolium,no,no,no,,no,no,,,
Leipzig,28.06.2023,179,Acorus calamus,y,y,no,,no,no,,,
Leipzig,28.06.2023,179,Linum usitatissimum,no,no,y,100,no,no,,,
Leipzig,28.06.2023,179,Dianthus superbus,y,y,y,5,no,no,,,
Leipzig,28.06.2023,179,Anthericum ramosum,y,y,y,30,no,no,,,
Leipzig,28.06.2023,179,Convallaria majalis,y,y,no,,no,no,,,
Leipzig,28.06.2023,179,Colchicum autumnale,no,no,no,,no,y,100,,
Leipzig,28.06.2023,179,Veratrum nigrum,y,y,no,,no,no,,,
Leipzig,28.06.2023,179,Aquilegia chrysantha,y,y,y,5,y,no,,,
Leipzig,28.06.2023,179,Caltha palustris,y,y,no,,y,no,,,
Leipzig,28.06.2023,179,Eranthis hyemalis,no,no,no,,no,no,,,
Leipzig,28.06.2023,179,Helleborus niger,no,no,no,,no,no,,,
Leipzig,28.06.2023,179,Helleborus viridis,no,no,no,,no,no,,,
Leipzig,28.06.2023,179,Anemone transsylvanica,no,no,no,,no,no,,removed,
Leipzig,28.06.2023,179,Podophyllum peltatum,no,no,no,,no,y,70,,
Leipzig,28.06.2023,179,Trollius europaeus,y,y,no,,y,no,,,
Leipzig,28.06.2023,179,Adonis amurensis,no,no,no,,no,no,,,
Leipzig,28.06.2023,179,Silene nutans,y,y,no,,y,no,,,
Leipzig,28.06.2023,179,Gentiana thibetica,y,y,no,,no,no,,,
Leipzig,28.06.2023,179,Penstemon grandiflorus,y,y,y,60,no,no,,,
Leipzig,28.06.2023,179,Dictamnus albus,y,y,no,,no,no,,,
Leipzig,28.06.2023,179,Hemerocallis dumotieri,y,y,y,10,no,no,,,
Leipzig,28.06.2023,179,Vaccinium myrtillus,no,no,no,,no,no,,removed,
Leipzig,28.06.2023,179,Vaccinium oxycoccos,no,no,no,,no,no,,removed,
Leipzig,28.06.2023,179,Polygonatum verticillatum,y,y,no,,no,no,,,
Leipzig,28.06.2023,179,Geum rivale,no,no,no,,no,no,,removed,
Leipzig,28.06.2023,179,Genista tinctoria,no,no,no,,no,no,,removed,
Leipzig,28.06.2023,179,Iris pseudacorus,no,no,no,,no,no,,removed,
Leipzig,28.06.2023,179,Gunnera manicata,y,y,no,,no,no,,,
Leipzig,28.06.2023,179,Eupatorium cannabinum,y,y,no,,no,no,,,
Leipzig,28.06.2023,179,Calla palustris,y,y,no,,no,no,,,
Leipzig,28.06.2023,179,Silene coronaria,y,y,y,100,no,no,,,
Leipzig,05.07.2023,186,Bergenia purpurascens,y,y,no,,no,y,5,,
Leipzig,05.07.2023,186,Roscoea auriculata,no,no,no,,no,no,,,
Leipzig,05.07.2023,186,Primula denticulata,y,y,no,,no,no,,,
Leipzig,05.07.2023,186,Globularia cordifolia,y,y,no,,y,no,,,
Leipzig,05.07.2023,186,Gentiana lutea,y,y,no,,no,no,,,
Leipzig,05.07.2023,186,Hypericum olympicum,y,y,y,5,no,no,,,
Leipzig,05.07.2023,186,Anemone pulsatilla,y,y,no,,no,no,,,
Leipzig,05.07.2023,186,Phedimus stoloniferus,no,no,no,,no,no,,removed,
Leipzig,05.07.2023,186,Paeonia peregrina,no,no,no,,no,no,,,
Leipzig,05.07.2023,186,Eryngium campestre,y,y,no,,no,no,,,
Leipzig,05.07.2023,186,Scabiosa ochroleuca,y,y,no,,no,no,,,
Leipzig,05.07.2023,186,Bunias orientalis,no,no,no,,no,no,,removed,
Leipzig,05.07.2023,186,Helianthemum nummularium,y,y,no,,y,no,,,
Leipzig,05.07.2023,186,Salvia amplexicaule,y,y,y,60,no,no,,,
Leipzig,05.07.2023,186,Tanacetum vulgare,y,y,no,,no,no,,,
Leipzig,05.07.2023,186,Tussilago farfara,no,no,no,,no,y,30,,
Leipzig,05.07.2023,186,Arnica  longifolia,y,y,y,5,y,no,,,
Leipzig,05.07.2023,186,Campanula rotundifolia,no,no,no,,no,no,,removed,
Leipzig,05.07.2023,186,Menyanthes trifolata,y,y,no,,no,no,,,
Leipzig,05.07.2023,186,Vinca minor,y,y,no,,no,no,,,
Leipzig,05.07.2023,186,Vincetoxicum hinrundinaria,y,y,y,5,no,no,,,
Leipzig,05.07.2023,186,Galium mollugo,y,y,no,,no,no,,,
Leipzig,05.07.2023,186,Plantago lanceolata,y,y,no,,y,no,,,
Leipzig,05.07.2023,186,Scopolia carniolia,no,no,no,,no,y,95,,
Leipzig,05.07.2023,186,Hydrocotyle vulgaris,y,y,no,,no,no,,,
Leipzig,05.07.2023,186,Trapa natans,no,no,no,,no,y,50,,
Leipzig,05.07.2023,186,Alchemilla vulgaris,y,y,y,5,no,no,,,
Leipzig,05.07.2023,186,Fragaria vesca,y,y,no,,y,no,,,
Leipzig,05.07.2023,186,Myriophyllum aquaticum,y,y,no,,no,no,,,
Leipzig,05.07.2023,186,Saxifraga paniculata,y,y,no,,no,no,,,
Leipzig,05.07.2023,186,Dryas octopetala,y,y,no,,no,no,,,
Leipzig,05.07.2023,186,Cyclamen coum,no,no,no,,no,no,,,
Leipzig,05.07.2023,186,Humulus  lupulus,y,y,no,,no,no,,,
Leipzig,05.07.2023,186,Clematis stans,y,y,no,,no,no,,,
Leipzig,05.07.2023,186,Galanthus nivalis,no,no,no,,no,no,,,
Leipzig,05.07.2023,186,Aegopodium podagraria,y,y,no,,no,no,,,
Leipzig,05.07.2023,186,Leucojum vernum,no,no,no,,no,no,,,
Leipzig,05.07.2023,186,Lathyrus vernus,y,y,no,,no,no,,,
Leipzig,05.07.2023,186,Allium ursinum,no,no,no,,no,no,,,
Leipzig,05.07.2023,186,Anemone nemorosa,no,no,no,,no,no,,,
Leipzig,05.07.2023,186,Anemone sylvestris,y,y,no,,no,no,,,
Leipzig,05.07.2023,186,Geranium sanguineum,y,y,no,,y,no,,,
Leipzig,05.07.2023,186,Asarum europaeum,y,y,no,,no,no,,,
Leipzig,05.07.2023,186,Arum maculatum,no,no,no,,no,no,,,
Leipzig,05.07.2023,186,Hibiscus palustris,y,y,no,,no,no,,,
Leipzig,05.07.2023,186,Trillium sessile,no,no,no,,no,y,85,,
Leipzig,05.07.2023,186,Asarum canadense,y,y,no,,y,no,,,
Leipzig,05.07.2023,186,Lysichiton americanus,y,y,no,,no,no,,,
Leipzig,05.07.2023,186,Filipendula vulgaris,y,y,no,,y,no,,,
Leipzig,05.07.2023,186,Anemone hupehensis,y,y,y,10,no,no,,,
Leipzig,05.07.2023,186,Thalictrum minus,y,y,no,,y,no,,,
Leipzig,05.07.2023,186,Silene pusilla,no,no,no,,no,no,,removed,
Leipzig,05.07.2023,186,Psephellus dealbata,y,y,no,,y,no,,,
Leipzig,05.07.2023,186,Prunella grandiflora,y,y,no,,no,no,,,
Leipzig,05.07.2023,186,Leonurus cardiaca,y,y,y,60,no,no,,,
Leipzig,05.07.2023,186,Silene vulgaris,y,y,y,5,y,no,,,
Leipzig,05.07.2023,186,Saponaria officinalis,no,no,no,,no,no,,removed,
Leipzig,05.07.2023,186,Salvia officinalis,y,y,no,,y,no,,,
Leipzig,05.07.2023,186,Crocus vernus,no,no,no,,no,no,,,
Leipzig,05.07.2023,186,Lavandula angustifolia,no,no,y,100,no,no,,,
Leipzig,05.07.2023,186,Paeonia officinalis,no,no,no,,no,no,,,
Leipzig,05.07.2023,186,Lupinus polyphyllus,y,y,no,,y,no,,,
Leipzig,05.07.2023,186,Urtica dioca,y,y,no,,y,no,,,
Leipzig,05.07.2023,186,Iberis sempervirens,y,y,no,,no,no,,,
Leipzig,05.07.2023,186,Gaultheria shallon,y,y,no,,y,no,,,
Leipzig,05.07.2023,186,Cyclamen hederifolium,no,no,no,,no,no,,,
Leipzig,05.07.2023,186,Acorus calamus,y,y,no,,no,y,5,,
Leipzig,05.07.2023,186,Linum usitatissimum,no,no,y,80,no,no,,,
Leipzig,05.07.2023,186,Dianthus superbus,no,no,no,,y,no,,,
Leipzig,05.07.2023,186,Anthericum ramosum,y,y,y,90,no,no,,,
Leipzig,05.07.2023,186,Convallaria majalis,y,y,no,,no,no,,,
Leipzig,05.07.2023,186,Colchicum autumnale,no,no,no,,no,no,,,
Leipzig,05.07.2023,186,Veratrum nigrum,y,y,no,,no,no,,,
Leipzig,05.07.2023,186,Aquilegia chrysantha,y,y,no,,y,no,,,
Leipzig,05.07.2023,186,Caltha palustris,y,y,no,,y,no,,,
Leipzig,05.07.2023,186,Eranthis hyemalis,no,no,no,,no,no,,,
Leipzig,05.07.2023,186,Helleborus niger,no,no,no,,no,no,,,
Leipzig,05.07.2023,186,Helleborus viridis,no,no,no,,no,y,60,,
Leipzig,05.07.2023,186,Anemone transsylvanica,no,no,no,,no,no,,removed,
Leipzig,05.07.2023,186,Podophyllum peltatum,no,no,no,,no,y,80,,
Leipzig,05.07.2023,186,Trollius europaeus,y,y,no,,y,no,,,
Leipzig,05.07.2023,186,Adonis amurensis,no,no,no,,no,no,,,
Leipzig,05.07.2023,186,Silene nutans,y,y,no,,y,no,,,
Leipzig,05.07.2023,186,Gentiana thibetica,y,y,no,,no,no,,,
Leipzig,05.07.2023,186,Penstemon grandiflorus,y,y,y,10,no,no,,,
Leipzig,05.07.2023,186,Dictamnus albus,y,y,no,,no,no,,,
Leipzig,05.07.2023,186,Hemerocallis dumotieri,y,y,no,,no,no,,,
Leipzig,05.07.2023,186,Vaccinium myrtillus,no,no,no,,no,no,,removed,
Leipzig,05.07.2023,186,Vaccinium oxycoccos,no,no,no,,no,no,,removed,
Leipzig,05.07.2023,186,Polygonatum verticillatum,y,y,no,,no,no,,,
Leipzig,05.07.2023,186,Geum rivale,no,no,no,,no,no,,removed,
Leipzig,05.07.2023,186,Genista tinctoria,no,no,no,,no,no,,removed,
Leipzig,05.07.2023,186,Iris pseudacorus,no,no,no,,no,no,,removed,
Leipzig,05.07.2023,186,Gunnera manicata,y,y,no,,no,no,,,
Leipzig,05.07.2023,186,Eupatorium cannabinum,y,y,no,,no,no,,,
Leipzig,05.07.2023,186,Calla palustris,y,y,no,,no,no,,,
Leipzig,05.07.2023,186,Silene coronaria,y,y,y,50,no,no,,,
Leipzig,12.07.2023,193,Penstemon grandiflorus,y,y,no,,y,no,,,
Leipzig,12.07.2023,193,Dictamnus albus,y,y,no,,no,no,,,
Leipzig,12.07.2023,193,Hemerocallis dumotieri,y,y,no,,no,no,,,
Leipzig,12.07.2023,193,Vaccinium myrtillus,no,no,no,,no,no,,removed,
Leipzig,12.07.2023,193,Vaccinium oxycoccos,no,no,no,,no,no,,removed,
Leipzig,12.07.2023,193,Polygonatum verticillatum,y,y,no,,no,no,,,
Leipzig,12.07.2023,193,Geum rivale,no,no,no,,no,no,,removed,
Leipzig,12.07.2023,193,Genista tinctoria,no,no,no,,no,no,,removed,
Leipzig,12.07.2023,193,Iris pseudacorus,no,no,no,,no,no,,removed,
Leipzig,12.07.2023,193,Gunnera manicata,y,y,no,,no,no,,,
Leipzig,12.07.2023,193,Eupatorium cannabinum,y,y,y,20,no,no,,,
Leipzig,12.07.2023,193,Calla palustris,y,y,no,,no,no,,,
Leipzig,12.07.2023,193,Silene coronaria,y,y,y,20,no,no,,,
Leipzig,12.07.2023,193,Bergenia purpurascens,y,y,no,,no,no,,,
Leipzig,12.07.2023,193,Roscoea auriculata,no,no,no,,no,no,,removed,
Leipzig,12.07.2023,193,Primula denticulata,y,y,no,,no,no,,,
Leipzig,12.07.2023,193,Globularia cordifolia,y,y,no,,no,no,,,
Leipzig,12.07.2023,193,Gentiana lutea,y,y,no,,no,no,,,
Leipzig,12.07.2023,193,Hypericum olympicum,y,y,y,5,no,no,,,
Leipzig,12.07.2023,193,Anemone pulsatilla,y,y,no,,y,no,,,
Leipzig,12.07.2023,193,Phedimus stoloniferus,no,no,no,,no,no,,removed,
Leipzig,12.07.2023,193,Clematis stans,y,y,no,,no,no,,,
Leipzig,12.07.2023,193,Galanthus nivalis,no,no,no,,no,no,,,
Leipzig,12.07.2023,193,Aegopodium podagraria,y,y,no,,no,no,,,
Leipzig,12.07.2023,193,Leucojum vernum,no,no,no,,no,no,,,
Leipzig,12.07.2023,193,Lathyrus vernus,y,y,no,,no,no,,,
Leipzig,12.07.2023,193,Allium ursinum,no,no,no,,no,no,,,
Leipzig,12.07.2023,193,Anemone nemorosa,no,no,no,,no,no,,,
Leipzig,12.07.2023,193,Anemone sylvestris,y,y,no,,no,no,,,
Leipzig,12.07.2023,193,Geranium sanguineum,y,y,no,,y,no,,,
Leipzig,12.07.2023,193,Asarum europaeum,y,y,no,,no,no,,,
Leipzig,12.07.2023,193,Arum maculatum,no,no,no,,no,no,,,
Leipzig,12.07.2023,193,Hibiscus palustris,y,y,no,,no,no,,,
Leipzig,12.07.2023,193,Trillium sessile,no,no,no,,no,y,95,,
Leipzig,12.07.2023,193,Asarum canadense,y,y,no,,y,no,,,
Leipzig,12.07.2023,193,Lysichiton americanus,y,y,no,,no,no,,,
Leipzig,12.07.2023,193,Filipendula vulgaris,y,y,no,,y,y,10,,
Leipzig,12.07.2023,193,Anemone hupehensis,y,y,y,15,no,no,,,
Leipzig,12.07.2023,193,Thalictrum minus,no,no,no,,y,no,,,
Leipzig,12.07.2023,193,Silene pusilla,no,no,no,,no,no,,removed,
Leipzig,12.07.2023,193,Psephellus dealbata,no,no,no,,y,y,20,,
Leipzig,12.07.2023,193,Prunella grandiflora,y,y,y,70,no,no,,,
Leipzig,12.07.2023,193,Leonurus cardiaca,y,y,y,30,y,no,,,
Leipzig,12.07.2023,193,Silene vulgaris,y,y,no,,y,no,,,
Leipzig,12.07.2023,193,Saponaria officinalis,no,no,no,,no,no,,removed,
Leipzig,12.07.2023,193,Salvia officinalis,y,y,no,,no,no,,,
Leipzig,12.07.2023,193,Crocus vernus,no,no,no,,no,no,,,
Leipzig,12.07.2023,193,Lavandula angustifolia,no,no,y,80,no,no,,,
Leipzig,12.07.2023,193,Paeonia officinalis,no,no,no,,y,no,,,
Leipzig,12.07.2023,193,Paeonia peregrina,no,no,no,,y,no,,,
Leipzig,12.07.2023,193,Eryngium campestre,y,y,no,,no,no,,,
Leipzig,12.07.2023,193,Scabiosa ochroleuca,y,y,no,,no,no,,,
Leipzig,12.07.2023,193,Bunias orientalis,no,no,no,,no,no,,removed,
Leipzig,12.07.2023,193,Helianthemum nummularium,y,y,no,,y,no,,,
Leipzig,12.07.2023,193,Salvia amplexicaule,y,y,y,70,no,no,,,
Leipzig,12.07.2023,193,Tanacetum vulgare,y,y,y,5,no,no,,,
Leipzig,12.07.2023,193,Tussilago farfara,no,no,no,,no,y,50,,
Leipzig,12.07.2023,193,Arnica  longifolia,y,y,no,,no,no,,,
Leipzig,12.07.2023,193,Campanula rotundifolia,no,no,no,,no,no,,removed,
Leipzig,12.07.2023,193,Menyanthes trifolata,y,y,no,,no,no,,,
Leipzig,12.07.2023,193,Vinca minor,y,y,no,,no,no,,,
Leipzig,12.07.2023,193,Vincetoxicum hinrundinaria,y,y,no,,no,no,,,
Leipzig,12.07.2023,193,Galium mollugo,y,y,no,,y,no,,,
Leipzig,12.07.2023,193,Plantago lanceolata,y,y,no,,y,no,,,
Leipzig,12.07.2023,193,Scopolia carniolia,no,no,no,,no,y,100,,
Leipzig,12.07.2023,193,Hydrocotyle vulgaris,y,y,no,,no,no,,,
Leipzig,12.07.2023,193,Trapa natans,no,no,no,,no,y,40,,
Leipzig,12.07.2023,193,Alchemilla vulgaris,y,y,y,5,no,no,,,
Leipzig,12.07.2023,193,Fragaria vesca,y,y,no,,no,no,,,
Leipzig,12.07.2023,193,Myriophyllum aquaticum,y,y,no,,no,no,,,
Leipzig,12.07.2023,193,Saxifraga paniculata,y,y,no,,no,no,,,
Leipzig,12.07.2023,193,Dryas octopetala,y,y,no,,no,no,,,
Leipzig,12.07.2023,193,Cyclamen coum,no,no,no,,no,no,,,
Leipzig,12.07.2023,193,Humulus  lupulus,y,y,no,,no,no,,,
Leipzig,12.07.2023,193,Lupinus polyphyllus,y,y,no,,y,no,,,
Leipzig,12.07.2023,193,Urtica dioca,y,y,no,,y,no,,,
Leipzig,12.07.2023,193,Iberis sempervirens,y,y,no,,no,no,,,
Leipzig,12.07.2023,193,Gaultheria shallon,y,y,no,,y,no,,,
Leipzig,12.07.2023,193,Cyclamen hederifolium,no,no,no,,no,no,,,
Leipzig,12.07.2023,193,Acorus calamus,y,y,no,,no,y,5,,
Leipzig,12.07.2023,193,Linum usitatissimum,no,no,no,,y,no,,,
Leipzig,12.07.2023,193,Dianthus superbus,y,y,no,,y,no,,,
Leipzig,12.07.2023,193,Anthericum ramosum,y,y,y,100,no,no,,,
Leipzig,12.07.2023,193,Convallaria majalis,y,y,no,,no,no,,,
Leipzig,12.07.2023,193,Colchicum autumnale,no,no,no,,no,no,,,
Leipzig,12.07.2023,193,Veratrum nigrum,y,y,no,,no,no,,,
Leipzig,12.07.2023,193,Aquilegia chrysantha,y,y,no,,y,no,,,
Leipzig,12.07.2023,193,Caltha palustris,y,y,no,,no,no,,,
Leipzig,12.07.2023,193,Eranthis hyemalis,no,no,no,,no,no,,,
Leipzig,12.07.2023,193,Helleborus niger,no,no,no,,no,y,20,,
Leipzig,12.07.2023,193,Helleborus viridis,no,no,no,,no,y,80,,
Leipzig,12.07.2023,193,Anemone transsylvanica,no,no,no,,no,no,,removed,
Leipzig,12.07.2023,193,Podophyllum peltatum,no,no,no,,no,y,90,,
Leipzig,12.07.2023,193,Trollius europaeus,y,y,no,,no,y,30,,
Leipzig,12.07.2023,193,Adonis amurensis,no,no,no,,no,no,,,
Leipzig,12.07.2023,193,Silene nutans,y,y,no,,y,no,,,
Leipzig,12.07.2023,193,Gentiana thibetica,y,y,no,,no,no,,,
Leipzig,19.07.2023,200,Bergenia purpurascens,y,y,no,,no,y,10,,
Leipzig,19.07.2023,200,Roscoea auriculata,no,no,no,,no,no,,,
Leipzig,19.07.2023,200,Primula denticulata,y,y,no,,no,no,,,
Leipzig,19.07.2023,200,Globularia cordifolia,y,y,no,,no,no,,,
Leipzig,19.07.2023,200,Gentiana lutea,y,y,no,,no,no,,,
Leipzig,19.07.2023,200,Hypericum olympicum,y,y,no,,no,no,,,
Leipzig,19.07.2023,200,Anemone pulsatilla,y,y,no,,no,no,,,
Leipzig,19.07.2023,200,Phedimus stoloniferus,no,no,no,,no,no,,removed,
Leipzig,19.07.2023,200,Clematis stans,y,y,no,,no,no,,,
Leipzig,19.07.2023,200,Galanthus nivalis,no,no,no,,no,no,,,
Leipzig,19.07.2023,200,Aegopodium podagraria,no,no,no,,no,y,5,,
Leipzig,19.07.2023,200,Leucojum vernum,no,no,no,,no,no,,,
Leipzig,19.07.2023,200,Lathyrus vernus,y,y,no,,no,y,5,,
Leipzig,19.07.2023,200,Allium ursinum,no,no,no,,no,no,,,
Leipzig,19.07.2023,200,Anemone nemorosa,no,no,no,,no,no,,,
Leipzig,19.07.2023,200,Anemone sylvestris,y,y,no,,no,no,,,
Leipzig,19.07.2023,200,Geranium sanguineum,y,y,no,,y,no,,,
Leipzig,19.07.2023,200,Asarum europaeum,y,y,no,,no,no,,,
Leipzig,19.07.2023,200,Arum maculatum,no,no,no,,no,no,,,
Leipzig,19.07.2023,200,Hibiscus palustris,y,y,no,,no,no,,,
Leipzig,19.07.2023,200,Trillium sessile,no,no,no,,no,y,100,,
Leipzig,19.07.2023,200,Asarum canadense,y,y,no,,no,no,,,
Leipzig,19.07.2023,200,Lysichiton americanus,y,y,no,,no,no,,,
Leipzig,19.07.2023,200,Filipendula vulgaris,y,y,no,,y,y,20,,
Leipzig,19.07.2023,200,Anemone hupehensis,y,y,y,35,no,no,,,
Leipzig,19.07.2023,200,Thalictrum minus,y,y,no,,y,no,,,
Leipzig,19.07.2023,200,Silene pusilla,no,no,no,,no,no,,removed,
Leipzig,19.07.2023,200,Psephellus dealbata,no,no,no,,y,y,30,,
Leipzig,19.07.2023,200,Prunella grandiflora,y,y,no,,no,no,,,
Leipzig,19.07.2023,200,Leonurus cardiaca,y,y,no,,y,no,,,
Leipzig,19.07.2023,200,Silene vulgaris,y,y,no,,y,no,,,
Leipzig,19.07.2023,200,Saponaria officinalis,no,no,no,,no,no,,removed,
Leipzig,19.07.2023,200,Salvia officinalis,y,y,no,,no,y,5,,
Leipzig,19.07.2023,200,Crocus vernus,no,no,no,,no,no,,,
Leipzig,19.07.2023,200,Lavandula angustifolia,y,y,y,5,no,no,,,
Leipzig,19.07.2023,200,Paeonia officinalis,no,no,no,,y,y,30,,
Leipzig,19.07.2023,200,Paeonia peregrina,no,no,no,,y,y,30,,
Leipzig,19.07.2023,200,Eryngium campestre,y,y,no,,no,no,,,
Leipzig,19.07.2023,200,Scabiosa ochroleuca,y,y,no,,no,no,,,
Leipzig,19.07.2023,200,Bunias orientalis,no,no,no,,no,no,,,
Leipzig,19.07.2023,200,Helianthemum nummularium,y,y,no,,y,no,,,
Leipzig,19.07.2023,200,Salvia amplexicaule,y,y,y,5,y,no,,,
Leipzig,19.07.2023,200,Tanacetum vulgare,y,y,y,80,no,no,,,
Leipzig,19.07.2023,200,Tussilago farfara,no,no,no,,no,y,55,,
Leipzig,19.07.2023,200,Arnica  longifolia,y,y,no,,no,no,,,
Leipzig,19.07.2023,200,Campanula rotundifolia,no,no,no,,no,no,,removed,
Leipzig,19.07.2023,200,Menyanthes trifolata,y,y,no,,no,no,,,
Leipzig,19.07.2023,200,Vinca minor,y,y,no,,no,no,,,
Leipzig,19.07.2023,200,Vincetoxicum hinrundinaria,y,y,no,,no,no,,,
Leipzig,19.07.2023,200,Galium mollugo,y,y,no,,y,no,,,
Leipzig,19.07.2023,200,Plantago lanceolata,y,y,no,,no,no,,,
Leipzig,19.07.2023,200,Scopolia carniolia,no,no,no,,no,y,100,,
Leipzig,19.07.2023,200,Hydrocotyle vulgaris,y,y,no,,no,no,,,
Leipzig,19.07.2023,200,Trapa natans,no,no,no,,no,y,30,,
Leipzig,19.07.2023,200,Alchemilla vulgaris,y,y,no,,y,no,,,
Leipzig,19.07.2023,200,Fragaria vesca,y,y,no,,no,no,,,
Leipzig,19.07.2023,200,Myriophyllum aquaticum,y,y,no,,no,no,,,
Leipzig,19.07.2023,200,Saxifraga paniculata,y,y,no,,no,no,,,
Leipzig,19.07.2023,200,Dryas octopetala,y,y,no,,no,no,,,
Leipzig,19.07.2023,200,Cyclamen coum,no,no,no,,no,no,,,
Leipzig,19.07.2023,200,Humulus  lupulus,y,y,no,,no,no,,,
Leipzig,19.07.2023,200,Lupinus polyphyllus,y,y,no,,y,no,,,
Leipzig,19.07.2023,200,Urtica dioca,y,y,no,,y,no,,,
Leipzig,19.07.2023,200,Iberis sempervirens,y,y,no,,no,no,,,
Leipzig,19.07.2023,200,Gaultheria shallon,y,y,no,,y,no,,,
Leipzig,19.07.2023,200,Cyclamen hederifolium,no,no,no,,no,no,,,
Leipzig,19.07.2023,200,Acorus calamus,y,y,no,,no,y,5,,
Leipzig,19.07.2023,200,Linum usitatissimum,no,no,no,,y,y,80,,
Leipzig,19.07.2023,200,Dianthus superbus,y,y,no,,y,no,,,
Leipzig,19.07.2023,200,Anthericum ramosum,y,y,y,70,no,no,,,
Leipzig,19.07.2023,200,Convallaria majalis,y,y,no,,no,no,,,
Leipzig,19.07.2023,200,Colchicum autumnale,no,no,no,,no,no,,,
Leipzig,19.07.2023,200,Veratrum nigrum,y,y,y,5,no,no,,,
Leipzig,19.07.2023,200,Aquilegia chrysantha,y,y,no,,y,y,30,,
Leipzig,19.07.2023,200,Caltha palustris,y,y,no,,no,y,5,,
Leipzig,19.07.2023,200,Eranthis hyemalis,no,no,no,,no,no,,,
Leipzig,19.07.2023,200,Helleborus niger,no,no,no,,no,y,40,,
Leipzig,19.07.2023,200,Helleborus viridis,no,no,no,,no,y,90,,
Leipzig,19.07.2023,200,Anemone transsylvanica,no,no,no,,no,no,,removed,
Leipzig,19.07.2023,200,Podophyllum peltatum,no,no,no,,no,y,95,,
Leipzig,19.07.2023,200,Trollius europaeus,y,y,no,,no,y,50,,
Leipzig,19.07.2023,200,Adonis amurensis,no,no,no,,no,no,,,
Leipzig,19.07.2023,200,Silene nutans,y,y,no,,no,y,5,,
Leipzig,19.07.2023,200,Gentiana thibetica,y,y,no,,no,no,,,
Leipzig,19.07.2023,200,Penstemon grandiflorus,y,y,no,,y,no,,,
Leipzig,19.07.2023,200,Dictamnus albus,y,y,no,,y,no,,,
Leipzig,19.07.2023,200,Hemerocallis dumotieri,y,y,no,,no,no,,,
Leipzig,19.07.2023,200,Vaccinium myrtillus,no,no,no,,no,no,,removed,
Leipzig,19.07.2023,200,Vaccinium oxycoccos,no,no,no,,no,no,,removed,
Leipzig,19.07.2023,200,Polygonatum verticillatum,y,y,no,,no,no,,,
Leipzig,19.07.2023,200,Geum rivale,no,no,no,,no,no,,removed,
Leipzig,19.07.2023,200,Genista tinctoria,no,no,no,,no,no,,removed,
Leipzig,19.07.2023,200,Iris pseudacorus,no,no,no,,no,no,,removed,
Leipzig,19.07.2023,200,Gunnera manicata,y,y,no,,no,no,,,
Leipzig,19.07.2023,200,Eupatorium cannabinum,y,y,y,80,no,no,,,
Leipzig,19.07.2023,200,Calla palustris,y,y,no,,no,no,,,
Leipzig,19.07.2023,200,Silene coronaria,y,y,no,,no,no,,,
Leipzig,26.07.2023,207,Bergenia purpurascens,y,y,no,,no,y,10,,
Leipzig,26.07.2023,207,Roscoea auriculata,y,y,y,80,no,no,,,
Leipzig,26.07.2023,207,Primula denticulata,y,y,no,,no,no,,,
Leipzig,26.07.2023,207,Globularia cordifolia,y,y,no,,no,no,,,
Leipzig,26.07.2023,207,Gentiana lutea,no,no,no,,no,y,10,,
Leipzig,26.07.2023,207,Hypericum olympicum,y,y,no,,no,no,,,
Leipzig,26.07.2023,207,Anemone pulsatilla,y,y,no,,no,no,,,
Leipzig,26.07.2023,207,Phedimus stoloniferus,no,no,no,,no,no,,removed,
Leipzig,26.07.2023,207,Fragaria vesca,y,y,no,,no,no,,,
Leipzig,26.07.2023,207,Clematis stans,y,y,no,,no,no,,,
Leipzig,26.07.2023,207,Galanthus nivalis,no,no,no,,no,no,,,
Leipzig,26.07.2023,207,Aegopodium podagraria,no,no,no,,no,y,5,,
Leipzig,26.07.2023,207,Leucojum vernum,no,no,no,,no,no,,,
Leipzig,26.07.2023,207,Lathyrus vernus,y,y,no,,no,y,10,,
Leipzig,26.07.2023,207,Allium ursinum,no,no,no,,no,no,,,
Leipzig,26.07.2023,207,Anemone nemorosa,no,no,no,,no,no,,,
Leipzig,26.07.2023,207,Anemone sylvestris,y,y,no,,no,no,,,
Leipzig,26.07.2023,207,Geranium sanguineum,y,y,no,,y,no,,,
Leipzig,26.07.2023,207,Asarum europaeum,y,y,no,,no,no,,,
Leipzig,26.07.2023,207,Arum maculatum,no,no,no,,no,no,,,
Leipzig,26.07.2023,207,Hibiscus palustris,y,y,no,,no,no,,,
Leipzig,26.07.2023,207,Trillium sessile,no,no,no,,no,no,,,
Leipzig,26.07.2023,207,Asarum canadense,y,y,no,,no,no,,,
Leipzig,26.07.2023,207,Lysichiton americanus,y,y,no,,no,y,5,,
Leipzig,26.07.2023,207,Filipendula vulgaris,y,y,no,,y,y,20,,
Leipzig,26.07.2023,207,Anemone hupehensis,y,y,y,50,no,no,,,
Leipzig,26.07.2023,207,Thalictrum minus,y,y,no,,y,y,20,,
Leipzig,26.07.2023,207,Silene pusilla,no,no,no,,no,no,,removed,
Leipzig,26.07.2023,207,Psephellus dealbata,no,no,no,,y,y,50,,
Leipzig,26.07.2023,207,Prunella grandiflora,y,y,no,,no,no,,,
Leipzig,26.07.2023,207,Leonurus cardiaca,y,y,no,,y,no,,,
Leipzig,26.07.2023,207,Silene vulgaris,y,y,no,,y,no,,,
Leipzig,26.07.2023,207,Saponaria officinalis,no,no,no,,no,no,,removed,
Leipzig,26.07.2023,207,Salvia officinalis,y,y,no,,no,y,5,,
Leipzig,26.07.2023,207,Crocus vernus,no,no,no,,no,no,,,
Leipzig,26.07.2023,207,Lavandula angustifolia,y,y,no,,no,no,,,
Leipzig,26.07.2023,207,Paeonia officinalis,no,no,no,,no,y,40,,
Leipzig,26.07.2023,207,Paeonia peregrina,no,no,no,,no,y,40,,
Leipzig,26.07.2023,207,Eryngium campestre,y,y,no,,no,no,,,
Leipzig,26.07.2023,207,Scabiosa ochroleuca,y,y,y,40,no,no,,,
Leipzig,26.07.2023,207,Bunias orientalis,no,no,no,,no,no,,removed,
Leipzig,26.07.2023,207,Helianthemum nummularium,y,y,no,,y,no,,,
Leipzig,26.07.2023,207,Salvia amplexicaule,y,y,no,,y,no,,,
Leipzig,26.07.2023,207,Tanacetum vulgare,y,y,y,100,no,no,,,
Leipzig,26.07.2023,207,Tussilago farfara,no,no,no,,no,y,60,,
Leipzig,26.07.2023,207,Arnica  longifolia,y,y,no,,no,y,5,,
Leipzig,26.07.2023,207,Campanula rotundifolia,no,no,no,,no,no,,removed,
Leipzig,26.07.2023,207,Menyanthes trifolata,y,y,no,,no,y,10,,
Leipzig,26.07.2023,207,Vinca minor,y,y,no,,no,no,,,
Leipzig,26.07.2023,207,Vincetoxicum hinrundinaria,y,y,no,,no,no,,,
Leipzig,26.07.2023,207,Galium mollugo,y,y,no,,y,no,,,
Leipzig,26.07.2023,207,Plantago lanceolata,y,y,no,,no,no,,,
Leipzig,26.07.2023,207,Scopolia carniolia,no,no,no,,no,no,,,
Leipzig,26.07.2023,207,Hydrocotyle vulgaris,y,y,no,,no,no,,,
Leipzig,26.07.2023,207,Trapa natans,no,no,no,,no,y,30,,
Leipzig,26.07.2023,207,Alchemilla vulgaris,y,y,no,,y,no,,,
Leipzig,26.07.2023,207,Myriophyllum aquaticum,y,y,no,,no,no,,,
Leipzig,26.07.2023,207,Saxifraga paniculata,y,y,no,,no,y,10,,
Leipzig,26.07.2023,207,Dryas octopetala,y,y,no,,no,no,,,
Leipzig,26.07.2023,207,Cyclamen coum,no,no,no,,no,no,,,
Leipzig,26.07.2023,207,Humulus  lupulus,y,y,no,,no,no,,,
Leipzig,26.07.2023,207,Lupinus polyphyllus,y,y,no,,y,y,5,,
Leipzig,26.07.2023,207,Urtica dioca,y,y,no,,y,no,,,
Leipzig,26.07.2023,207,Iberis sempervirens,y,y,no,,no,no,,,
Leipzig,26.07.2023,207,Gaultheria shallon,y,y,no,,y,no,,,
Leipzig,26.07.2023,207,Cyclamen hederifolium,no,no,no,,no,no,,,
Leipzig,26.07.2023,207,Acorus calamus,no,no,no,,no,y,30,,
Leipzig,26.07.2023,207,Linum usitatissimum,no,no,no,,y,y,80,,
Leipzig,26.07.2023,207,Dianthus superbus,y,y,no,,y,no,,,
Leipzig,26.07.2023,207,Anthericum ramosum,y,y,y,40,no,no,,,
Leipzig,26.07.2023,207,Convallaria majalis,y,y,no,,no,no,,,
Leipzig,26.07.2023,207,Colchicum autumnale,no,no,no,,no,no,,,
Leipzig,26.07.2023,207,Veratrum nigrum,no,no,y,60,no,y,5,,
Leipzig,26.07.2023,207,Aquilegia chrysantha,y,y,no,,y,y,40,,
Leipzig,26.07.2023,207,Caltha palustris,y,y,no,,no,y,5,,
Leipzig,26.07.2023,207,Eranthis hyemalis,no,no,no,,no,no,,,
Leipzig,26.07.2023,207,Helleborus niger,no,no,no,,no,y,50,,
Leipzig,26.07.2023,207,Helleborus viridis,no,no,no,,no,y,90,,
Leipzig,26.07.2023,207,Anemone transsylvanica,no,no,no,,no,no,,removed,
Leipzig,26.07.2023,207,Podophyllum peltatum,no,no,no,,no,y,95,,
Leipzig,26.07.2023,207,Trollius europaeus,no,no,no,,no,y,70,,
Leipzig,26.07.2023,207,Adonis amurensis,no,no,no,,no,no,,,
Leipzig,26.07.2023,207,Silene nutans,y,y,no,,no,y,10,,
Leipzig,26.07.2023,207,Gentiana thibetica,no,no,no,,no,y,10,,
Leipzig,26.07.2023,207,Penstemon grandiflorus,y,y,no,,y,y,5,,
Leipzig,26.07.2023,207,Dictamnus albus,y,y,no,,y,no,,,
Leipzig,26.07.2023,207,Hemerocallis dumotieri,y,y,no,,no,no,,,
Leipzig,26.07.2023,207,Vaccinium myrtillus,no,no,no,,no,no,,removed,
Leipzig,26.07.2023,207,Vaccinium oxycoccos,no,no,no,,no,no,,removed,
Leipzig,26.07.2023,207,Polygonatum verticillatum,y,y,no,,no,no,,,
Leipzig,26.07.2023,207,Geum rivale,no,no,no,,no,no,,removed,
Leipzig,26.07.2023,207,Genista tinctoria,no,no,no,,no,no,,removed,
Leipzig,26.07.2023,207,Iris pseudacorus,no,no,no,,no,no,,removed,
Leipzig,26.07.2023,207,Gunnera manicata,y,y,no,,no,no,,,
Leipzig,26.07.2023,207,Eupatorium cannabinum,y,y,y,100,no,no,,,
Leipzig,26.07.2023,207,Calla palustris,y,y,no,,no,no,,,
Leipzig,26.07.2023,207,Silene coronaria,y,y,no,,y,no,,,
Leipzig,02.08.2023,214,Bergenia purpurascens,y,y,no,,no,y,10,,
Leipzig,02.08.2023,214,Roscoea auriculata,y,y,y,100,no,no,,,
Leipzig,02.08.2023,214,Primula denticulata,y,y,no,,no,y,5,,
Leipzig,02.08.2023,214,Globularia cordifolia,y,y,no,,no,no,,,
Leipzig,02.08.2023,214,Gentiana lutea,no,no,no,,no,y,30,,
Leipzig,02.08.2023,214,Hypericum olympicum,y,y,no,,y,no,,,
Leipzig,02.08.2023,214,Anemone pulsatilla,y,y,no,,no,no,,,
Leipzig,02.08.2023,214,Phedimus stoloniferus,no,no,no,,no,no,,removed,
Leipzig,02.08.2023,214,Clematis stans,y,y,no,,no,no,,,
Leipzig,02.08.2023,214,Galanthus nivalis,no,no,no,,no,no,,,
Leipzig,02.08.2023,214,Aegopodium podagraria,no,no,no,,no,y,10,,
Leipzig,02.08.2023,214,Leucojum vernum,no,no,no,,no,no,,,
Leipzig,02.08.2023,214,Lathyrus vernus,y,y,no,,no,y,10,,
Leipzig,02.08.2023,214,Allium ursinum,no,no,no,,no,no,,,
Leipzig,02.08.2023,214,Anemone nemorosa,no,no,no,,no,no,,,
Leipzig,02.08.2023,214,Anemone sylvestris,y,y,no,,no,no,,,
Leipzig,02.08.2023,214,Geranium sanguineum,y,y,no,,no,no,,,
Leipzig,02.08.2023,214,Asarum europaeum,y,y,no,,no,no,,,
Leipzig,02.08.2023,214,Arum maculatum,no,no,no,,no,no,,,
Leipzig,02.08.2023,214,Hibiscus palustris,y,y,no,,no,no,,,
Leipzig,02.08.2023,214,Trillium sessile,no,no,no,,no,no,,,
Leipzig,02.08.2023,214,Asarum canadense,y,y,no,,no,no,,,
Leipzig,02.08.2023,214,Lysichiton americanus,no,no,no,,no,y,30,,
Leipzig,02.08.2023,214,Filipendula vulgaris,y,y,no,,y,y,30,,
Leipzig,02.08.2023,214,Anemone hupehensis,y,y,y,70,no,no,,,
Leipzig,02.08.2023,214,Thalictrum minus,y,y,no,,y,y,20,,
Leipzig,02.08.2023,214,Silene pusilla,no,no,no,,no,no,,removed,
Leipzig,02.08.2023,214,Psephellus dealbata,no,no,no,,no,y,70,,
Leipzig,02.08.2023,214,Prunella grandiflora,y,y,no,,no,no,,,
Leipzig,02.08.2023,214,Leonurus cardiaca,y,y,no,,y,no,,,
Leipzig,02.08.2023,214,Silene vulgaris,y,y,no,,y,no,,,
Leipzig,02.08.2023,214,Saponaria officinalis,no,no,no,,no,no,,removed,
Leipzig,02.08.2023,214,Salvia officinalis,y,y,no,,no,y,5,,
Leipzig,02.08.2023,214,Crocus vernus,no,no,no,,no,no,,,
Leipzig,02.08.2023,214,Lavandula angustifolia,y,y,no,,no,no,,,
Leipzig,02.08.2023,214,Paeonia officinalis,no,no,no,,no,y,50,,
Leipzig,02.08.2023,214,Paeonia peregrina,no,no,no,,no,y,50,,
Leipzig,02.08.2023,214,Eryngium campestre,y,y,no,,no,no,,,
Leipzig,02.08.2023,214,Scabiosa ochroleuca,y,y,y,50,no,no,,,
Leipzig,02.08.2023,214,Bunias orientalis,no,no,no,,no,no,,removed,
Leipzig,02.08.2023,214,Helianthemum nummularium,y,y,no,,y,no,,,
Leipzig,02.08.2023,214,Salvia amplexicaule,y,y,no,,y,no,,,
Leipzig,02.08.2023,214,Tanacetum vulgare,y,y,y,80,no,no,,,
Leipzig,02.08.2023,214,Tussilago farfara,y,y,no,,no,no,,,
Leipzig,02.08.2023,214,Arnica  longifolia,y,y,no,,no,y,5,,
Leipzig,02.08.2023,214,Campanula rotundifolia,no,no,no,,no,no,,removed,
Leipzig,02.08.2023,214,Menyanthes trifolata,y,y,no,,no,y,30,,
Leipzig,02.08.2023,214,Vinca minor,y,y,no,,no,no,,,
Leipzig,02.08.2023,214,Vincetoxicum hinrundinaria,y,y,no,,no,no,,,
Leipzig,02.08.2023,214,Galium mollugo,y,y,no,,y,no,,,
Leipzig,02.08.2023,214,Plantago lanceolata,y,y,no,,no,no,,,
Leipzig,02.08.2023,214,Scopolia carniolia,no,no,no,,no,no,,,
Leipzig,02.08.2023,214,Hydrocotyle vulgaris,y,y,no,,no,no,,,
Leipzig,02.08.2023,214,Trapa natans,no,no,no,,no,y,30,,
Leipzig,02.08.2023,214,Alchemilla vulgaris,y,y,no,,y,no,,,
Leipzig,02.08.2023,214,Fragaria vesca,y,y,no,,no,no,,,
Leipzig,02.08.2023,214,Myriophyllum aquaticum,y,y,no,,no,no,,,
Leipzig,02.08.2023,214,Saxifraga paniculata,y,y,no,,no,y,10,,
Leipzig,02.08.2023,214,Dryas octopetala,y,y,no,,no,no,,,
Leipzig,02.08.2023,214,Cyclamen coum,no,no,no,,no,no,,,
Leipzig,02.08.2023,214,Humulus  lupulus,y,y,no,,no,no,,,
Leipzig,02.08.2023,214,Lupinus polyphyllus,y,y,no,,y,y,5,,
Leipzig,02.08.2023,214,Urtica dioca,y,y,no,,y,no,,,
Leipzig,02.08.2023,214,Iberis sempervirens,y,y,no,,no,y,5,,
Leipzig,02.08.2023,214,Gaultheria shallon,y,y,no,,y,y,5,,
Leipzig,02.08.2023,214,Cyclamen hederifolium,no,no,no,,no,no,,,
Leipzig,02.08.2023,214,Acorus calamus,no,no,no,,no,y,40,,
Leipzig,02.08.2023,214,Linum usitatissimum,no,no,no,,y,y,90,,
Leipzig,02.08.2023,214,Dianthus superbus,y,y,no,,no,no,,,
Leipzig,02.08.2023,214,Anthericum ramosum,y,y,y,10,no,no,,,
Leipzig,02.08.2023,214,Convallaria majalis,y,y,no,,no,y,10,,
Leipzig,02.08.2023,214,Colchicum autumnale,no,no,no,,no,no,,,
Leipzig,02.08.2023,214,Veratrum nigrum,no,no,y,100,no,y,15,,
Leipzig,02.08.2023,214,Aquilegia chrysantha,y,y,no,,y,y,40,,
Leipzig,02.08.2023,214,Caltha palustris,y,y,no,,no,y,5,,
Leipzig,02.08.2023,214,Eranthis hyemalis,no,no,no,,no,no,,,
Leipzig,02.08.2023,214,Helleborus niger,no,no,no,,no,y,50,,
Leipzig,02.08.2023,214,Helleborus viridis,no,no,no,,no,y,90,,
Leipzig,02.08.2023,214,Anemone transsylvanica,no,no,no,,no,no,,removed,
Leipzig,02.08.2023,214,Podophyllum peltatum,no,no,no,,no,y,95,,
Leipzig,02.08.2023,214,Trollius europaeus,no,no,no,,no,y,70,,
Leipzig,02.08.2023,214,Adonis amurensis,no,no,no,,no,no,,,
Leipzig,02.08.2023,214,Silene nutans,y,y,no,,no,y,10,,
Leipzig,02.08.2023,214,Gentiana thibetica,no,no,no,,no,y,20,,
Leipzig,02.08.2023,214,Penstemon grandiflorus,y,y,no,,y,y,10,,
Leipzig,02.08.2023,214,Dictamnus albus,y,y,no,,y,no,,,
Leipzig,02.08.2023,214,Hemerocallis dumotieri,y,y,no,,no,no,,,
Leipzig,02.08.2023,214,Vaccinium myrtillus,no,no,no,,no,no,,removed,
Leipzig,02.08.2023,214,Vaccinium oxycoccos,no,no,no,,no,no,,removed,
Leipzig,02.08.2023,214,Polygonatum verticillatum,y,y,no,,no,no,,,
Leipzig,02.08.2023,214,Geum rivale,no,no,no,,no,no,,removed,
Leipzig,02.08.2023,214,Genista tinctoria,no,no,no,,no,no,,removed,
Leipzig,02.08.2023,214,Iris pseudacorus,no,no,no,,no,no,,removed,
Leipzig,02.08.2023,214,Gunnera manicata,y,y,no,,no,no,,,
Leipzig,02.08.2023,214,Eupatorium cannabinum,y,y,y,70,y,no,,,
Leipzig,02.08.2023,214,Calla palustris,y,y,no,,no,no,,,
Leipzig,02.08.2023,214,Silene coronaria,y,y,no,,y,no,,,
Leipzig,09.08.2023,221,Bergenia purpurascens,y,y,no,,no,y,10,,
Leipzig,09.08.2023,221,Roscoea auriculata,y,y,y,80,no,no,,,
Leipzig,09.08.2023,221,Primula denticulata,y,y,no,,no,y,10,,
Leipzig,09.08.2023,221,Globularia cordifolia,y,y,no,,no,no,,,
Leipzig,09.08.2023,221,Gentiana lutea,no,no,no,,no,y,50,,
Leipzig,09.08.2023,221,Menyanthes trifolata,y,y,no,,no,y,50,,
Leipzig,09.08.2023,221,Vinca minor,y,y,no,,no,no,,,
Leipzig,09.08.2023,221,Vincetoxicum hinrundinaria,y,y,no,,no,no,,,
Leipzig,09.08.2023,221,Galium mollugo,y,y,no,,y,no,,,
Leipzig,09.08.2023,221,Plantago lanceolata,y,y,no,,no,no,,,
Leipzig,09.08.2023,221,Scopolia carniolia,no,no,no,,no,no,,,
Leipzig,09.08.2023,221,Hydrocotyle vulgaris,y,y,no,,no,no,,,
Leipzig,09.08.2023,221,Trapa natans,no,no,no,,no,y,30,,
Leipzig,09.08.2023,221,Alchemilla vulgaris,y,y,no,,no,no,,,
Leipzig,09.08.2023,221,Fragaria vesca,y,y,no,,no,no,,,
Leipzig,09.08.2023,221,Myriophyllum aquaticum,y,y,no,,no,no,,,
Leipzig,09.08.2023,221,Saxifraga paniculata,y,y,no,,no,y,10,,
Leipzig,09.08.2023,221,Dryas octopetala,y,y,no,,no,no,,,
Leipzig,09.08.2023,221,Cyclamen coum,no,no,no,,no,no,,,
Leipzig,09.08.2023,221,Humulus  lupulus,y,y,no,,no,no,,,
Leipzig,09.08.2023,221,Lupinus polyphyllus,y,y,no,,y,y,5,,
Leipzig,09.08.2023,221,Urtica dioca,y,y,no,,y,no,,,
Leipzig,09.08.2023,221,Iberis sempervirens,y,y,no,,no,y,10,,
Leipzig,09.08.2023,221,Gaultheria shallon,y,y,no,,y,y,10,,
Leipzig,09.08.2023,221,Cyclamen hederifolium,no,no,no,,no,no,,,
Leipzig,09.08.2023,221,Acorus calamus,no,no,no,,no,y,50,,
Leipzig,09.08.2023,221,Linum usitatissimum,no,no,no,,y,y,90,,
Leipzig,09.08.2023,221,Dianthus superbus,y,y,no,,no,no,,,
Leipzig,09.08.2023,221,Anthericum ramosum,y,y,no,,no,no,,,
Leipzig,09.08.2023,221,Convallaria majalis,y,y,no,,no,y,20,,
Leipzig,09.08.2023,221,Colchicum autumnale,no,no,no,,no,no,,,
Leipzig,09.08.2023,221,Veratrum nigrum,no,no,y,90,no,y,20,,
Leipzig,09.08.2023,221,Aquilegia chrysantha,y,y,no,,y,y,40,,
Leipzig,09.08.2023,221,Hypericum olympicum,y,y,no,,y,no,,,
Leipzig,09.08.2023,221,Anemone pulsatilla,y,y,no,,no,y,5,,
Leipzig,09.08.2023,221,Phedimus stoloniferus,no,no,no,,no,no,,removed,
Leipzig,09.08.2023,221,Clematis stans,y,y,no,,no,no,,,
Leipzig,09.08.2023,221,Galanthus nivalis,no,no,no,,no,no,,,
Leipzig,09.08.2023,221,Aegopodium podagraria,no,no,no,,no,y,15,,
Leipzig,09.08.2023,221,Leucojum vernum,no,no,no,,no,no,,,
Leipzig,09.08.2023,221,Lathyrus vernus,y,y,no,,no,y,30,,
Leipzig,09.08.2023,221,Allium ursinum,no,no,no,,no,no,,,
Leipzig,09.08.2023,221,Anemone nemorosa,no,no,no,,no,no,,,
Leipzig,09.08.2023,221,Anemone sylvestris,y,y,no,,no,no,,,
Leipzig,09.08.2023,221,Geranium sanguineum,y,y,no,,no,no,,,
Leipzig,09.08.2023,221,Asarum europaeum,y,y,no,,no,no,,,
Leipzig,09.08.2023,221,Arum maculatum,no,no,no,,no,no,,,
Leipzig,09.08.2023,221,Hibiscus palustris,y,y,no,,no,no,,,
Leipzig,09.08.2023,221,Trillium sessile,no,no,no,,no,no,,,
Leipzig,09.08.2023,221,Asarum canadense,y,y,no,,no,no,,,
Leipzig,09.08.2023,221,Lysichiton americanus,no,no,no,,no,y,50,,
Leipzig,09.08.2023,221,Filipendula vulgaris,y,y,no,,y,y,35,,
Leipzig,09.08.2023,221,Anemone hupehensis,y,y,y,85,no,no,,,
Leipzig,09.08.2023,221,Thalictrum minus,y,y,no,,y,y,25,,
Leipzig,09.08.2023,221,Silene pusilla,no,no,no,,no,no,,removed,
Leipzig,09.08.2023,221,Psephellus dealbata,no,no,no,,no,y,75,,
Leipzig,09.08.2023,221,Prunella grandiflora,y,y,no,,no,no,,,
Leipzig,09.08.2023,221,Leonurus cardiaca,y,y,no,,y,no,,,
Leipzig,09.08.2023,221,Silene vulgaris,y,y,no,,y,y,5,,
Leipzig,09.08.2023,221,Saponaria officinalis,no,no,no,,no,no,,removed,
Leipzig,09.08.2023,221,Salvia officinalis,y,y,no,,no,y,5,,
Leipzig,09.08.2023,221,Crocus vernus,no,no,no,,no,no,,,
Leipzig,09.08.2023,221,Lavandula angustifolia,y,y,no,,no,no,,,
Leipzig,09.08.2023,221,Paeonia officinalis,no,no,no,,no,y,70,,
Leipzig,09.08.2023,221,Paeonia peregrina,no,no,no,,no,y,80,,
Leipzig,09.08.2023,221,Eryngium campestre,y,y,no,,no,no,,,
Leipzig,09.08.2023,221,Scabiosa ochroleuca,y,y,y,70,no,no,,,
Leipzig,09.08.2023,221,Bunias orientalis,no,no,no,,no,no,,removed,
Leipzig,09.08.2023,221,Helianthemum nummularium,y,y,no,,y,y,5,,
Leipzig,09.08.2023,221,Salvia amplexicaule,y,y,no,,y,y,10,,
Leipzig,09.08.2023,221,Tanacetum vulgare,y,y,y,20,y,y,20,,
Leipzig,09.08.2023,221,Tussilago farfara,y,y,no,,no,no,,,
Leipzig,09.08.2023,221,Arnica  longifolia,y,y,no,,no,y,20,,
Leipzig,09.08.2023,221,Campanula rotundifolia,no,no,no,,no,no,,removed,
Leipzig,09.08.2023,221,Caltha palustris,y,y,no,,no,y,5,,
Leipzig,09.08.2023,221,Eranthis hyemalis,no,no,no,,no,no,,,
Leipzig,09.08.2023,221,Helleborus niger,no,no,no,,no,y,50,,
Leipzig,09.08.2023,221,Helleborus viridis,no,no,no,,no,y,90,,
Leipzig,09.08.2023,221,Anemone transsylvanica,no,no,no,,no,no,,removed,
Leipzig,09.08.2023,221,Podophyllum peltatum,no,no,no,,no,y,100,,
Leipzig,09.08.2023,221,Trollius europaeus,no,no,no,,no,y,75,,
Leipzig,09.08.2023,221,Adonis amurensis,no,no,no,,no,no,,,
Leipzig,09.08.2023,221,Silene nutans,y,y,no,,no,y,15,,
Leipzig,09.08.2023,221,Gentiana thibetica,no,no,no,,no,y,40,,
Leipzig,09.08.2023,221,Penstemon grandiflorus,y,y,no,,y,y,40,,
Leipzig,09.08.2023,221,Dictamnus albus,y,y,no,,y,no,,,
Leipzig,09.08.2023,221,Hemerocallis dumotieri,y,y,no,,no,no,,,
Leipzig,09.08.2023,221,Vaccinium myrtillus,no,no,no,,no,no,,removed,
Leipzig,09.08.2023,221,Vaccinium oxycoccos,no,no,no,,no,no,,removed,
Leipzig,09.08.2023,221,Polygonatum verticillatum,y,y,no,,no,no,,,
Leipzig,09.08.2023,221,Gunnera manicata,y,y,no,,no,no,,,
Leipzig,09.08.2023,221,Geum rivale,no,no,no,,no,no,,removed,
Leipzig,09.08.2023,221,Genista tinctoria,no,no,no,,no,no,,removed,
Leipzig,09.08.2023,221,Iris pseudacorus,no,no,no,,no,no,,removed,
Leipzig,09.08.2023,221,Eupatorium cannabinum,y,y,y,100,no,no,,,
Leipzig,09.08.2023,221,Calla palustris,y,y,no,,no,y,5,,
Leipzig,09.08.2023,221,Silene coronaria,y,y,no,,y,no,,,
Leipzig,16.08.2023,228,Bergenia purpurascens,y,y,no,,no,y,10,,
Leipzig,16.08.2023,228,Roscoea auriculata,y,y,y,10,no,no,,,
Leipzig,16.08.2023,228,Primula denticulata,y,y,no,,no,y,10,,
Leipzig,16.08.2023,228,Globularia cordifolia,y,y,no,,no,no,,,
Leipzig,16.08.2023,228,Gentiana lutea,no,no,no,,no,y,85,,
Leipzig,16.08.2023,228,Hypericum olympicum,y,y,no,,y,no,,,
Leipzig,16.08.2023,228,Anemone pulsatilla,no,no,no,,no,y,10,,
Leipzig,16.08.2023,228,Phedimus stoloniferus,no,no,no,,no,no,,removed,
Leipzig,16.08.2023,228,Clematis stans,y,y,no,,no,y,5,,
Leipzig,16.08.2023,228,Galanthus nivalis,no,no,no,,no,no,,,
Leipzig,16.08.2023,228,Aegopodium podagraria,no,no,no,,no,y,15,,
Leipzig,16.08.2023,228,Leucojum vernum,no,no,no,,no,no,,,
Leipzig,16.08.2023,228,Lathyrus vernus,y,y,no,,no,y,35,,
Leipzig,16.08.2023,228,Allium ursinum,no,no,no,,no,no,,,
Leipzig,16.08.2023,228,Anemone nemorosa,no,no,no,,no,no,,,
Leipzig,16.08.2023,228,Anemone sylvestris,y,y,no,,no,no,,,
Leipzig,16.08.2023,228,Geranium sanguineum,y,y,no,,no,no,,,
Leipzig,16.08.2023,228,Asarum europaeum,y,y,no,,no,no,,,
Leipzig,16.08.2023,228,Arum maculatum,no,no,no,,no,no,,,
Leipzig,16.08.2023,228,Hibiscus palustris,y,y,y,5,no,no,,,
Leipzig,16.08.2023,228,Trillium sessile,no,no,no,,no,no,,,
Leipzig,16.08.2023,228,Asarum canadense,y,y,no,,no,no,,,
Leipzig,16.08.2023,228,Lysichiton americanus,no,no,no,,no,y,80,,
Leipzig,16.08.2023,228,Filipendula vulgaris,y,y,no,,no,y,35,,
Leipzig,16.08.2023,228,Anemone hupehensis,y,y,y,95,no,no,,,
Leipzig,16.08.2023,228,Thalictrum minus,y,y,no,,y,y,25,,
Leipzig,16.08.2023,228,Silene pusilla,no,no,no,,no,no,,removed,
Leipzig,16.08.2023,228,Psephellus dealbata,no,no,no,,no,y,80,,
Leipzig,16.08.2023,228,Prunella grandiflora,y,y,y,10,no,no,,,
Leipzig,16.08.2023,228,Leonurus cardiaca,y,y,no,,y,no,,,
Leipzig,16.08.2023,228,Silene vulgaris,y,y,y,30,y,y,5,,
Leipzig,16.08.2023,228,Saponaria officinalis,no,no,no,,no,no,,removed,
Leipzig,16.08.2023,228,Salvia officinalis,y,y,no,,no,y,5,,
Leipzig,16.08.2023,228,Crocus vernus,no,no,no,,no,no,,,
Leipzig,16.08.2023,228,Lavandula angustifolia,y,y,no,,no,no,,,
Leipzig,16.08.2023,228,Paeonia officinalis,no,no,no,,no,y,85,,
Leipzig,16.08.2023,228,Paeonia peregrina,no,no,no,,no,y,90,,
Leipzig,16.08.2023,228,Eryngium campestre,y,y,no,,no,y,20,,
Leipzig,16.08.2023,228,Scabiosa ochroleuca,y,y,y,80,y,no,,,
Leipzig,16.08.2023,228,Bunias orientalis,no,no,no,,no,no,,removed,
Leipzig,16.08.2023,228,Helianthemum nummularium,y,y,no,,y,y,5,,
Leipzig,16.08.2023,228,Salvia amplexicaule,y,y,no,,y,y,20,,
Leipzig,16.08.2023,228,Tanacetum vulgare,y,y,no,,y,y,25,,
Leipzig,16.08.2023,228,Tussilago farfara,y,y,no,,no,no,,,
Leipzig,16.08.2023,228,Arnica  longifolia,y,y,no,,no,y,20,,
Leipzig,16.08.2023,228,Campanula rotundifolia,no,no,no,,no,no,,removed,
Leipzig,16.08.2023,228,Menyanthes trifolata,y,y,no,,no,y,60,,
Leipzig,16.08.2023,228,Vinca minor,y,y,no,,no,no,,,
Leipzig,16.08.2023,228,Vincetoxicum hinrundinaria,y,y,no,,no,no,,,
Leipzig,16.08.2023,228,Galium mollugo,y,y,no,,y,no,,,
Leipzig,16.08.2023,228,Plantago lanceolata,y,y,no,,no,no,,,
Leipzig,16.08.2023,228,Scopolia carniolia,no,no,no,,no,no,,,
Leipzig,16.08.2023,228,Hydrocotyle vulgaris,y,y,no,,no,y,25,,
Leipzig,16.08.2023,228,Trapa natans,no,no,no,,no,y,60,,
Leipzig,16.08.2023,228,Alchemilla vulgaris,y,y,no,,no,no,,,
Leipzig,16.08.2023,228,Fragaria vesca,y,y,no,,no,no,,,
Leipzig,16.08.2023,228,Myriophyllum aquaticum,y,y,no,,no,no,,,
Leipzig,16.08.2023,228,Saxifraga paniculata,y,y,no,,no,y,10,,
Leipzig,16.08.2023,228,Dryas octopetala,y,y,no,,no,no,,,
Leipzig,16.08.2023,228,Cyclamen coum,no,no,no,,no,no,,,
Leipzig,16.08.2023,228,Humulus  lupulus,y,y,y,10,no,no,,,
Leipzig,16.08.2023,228,Lupinus polyphyllus,no,no,no,,no,y,50,,
Leipzig,16.08.2023,228,Urtica dioca,y,y,no,,y,y,10,,
Leipzig,16.08.2023,228,Iberis sempervirens,y,y,no,,no,y,10,,
Leipzig,16.08.2023,228,Gaultheria shallon,y,y,no,,no,y,15,,
Leipzig,16.08.2023,228,Cyclamen hederifolium,no,no,y,5,no,no,,,
Leipzig,16.08.2023,228,Acorus calamus,no,no,no,,no,y,60,,
Leipzig,16.08.2023,228,Linum usitatissimum,no,no,no,,y,y,95,,
Leipzig,16.08.2023,228,Dianthus superbus,y,y,no,,no,no,,,
Leipzig,16.08.2023,228,Anthericum ramosum,y,y,no,,y,no,,,
Leipzig,16.08.2023,228,Convallaria majalis,y,y,no,,no,y,20,,
Leipzig,16.08.2023,228,Colchicum autumnale,no,no,no,,no,no,,,
Leipzig,16.08.2023,228,Veratrum nigrum,no,no,y,80,no,y,30,,
Leipzig,16.08.2023,228,Aquilegia chrysantha,y,y,no,,y,y,40,,
Leipzig,16.08.2023,228,Caltha palustris,y,y,no,,no,y,10,,
Leipzig,16.08.2023,228,Eranthis hyemalis,no,no,no,,no,no,,,
Leipzig,16.08.2023,228,Helleborus niger,no,no,no,,no,y,50,,
Leipzig,16.08.2023,228,Helleborus viridis,no,no,no,,no,y,90,,
Leipzig,16.08.2023,228,Anemone transsylvanica,no,no,no,,no,no,,,
Leipzig,16.08.2023,228,Podophyllum peltatum,no,no,no,,no,y,100,,
Leipzig,16.08.2023,228,Trollius europaeus,no,no,no,,no,y,85,,
Leipzig,16.08.2023,228,Adonis amurensis,no,no,no,,no,no,,,
Leipzig,16.08.2023,228,Silene nutans,y,y,no,,no,y,15,,
Leipzig,16.08.2023,228,Gentiana thibetica,no,no,no,,no,y,50,,
Leipzig,16.08.2023,228,Penstemon grandiflorus,y,y,no,,y,y,50,,
Leipzig,16.08.2023,228,Dictamnus albus,y,y,no,,y,y,5,,
Leipzig,16.08.2023,228,Hemerocallis dumotieri,y,y,no,,y,no,,,
Leipzig,16.08.2023,228,Vaccinium myrtillus,no,no,no,,no,no,,removed,
Leipzig,16.08.2023,228,Vaccinium oxycoccos,no,no,no,,no,no,,removed,
Leipzig,16.08.2023,228,Polygonatum verticillatum,y,y,no,,y,no,,,
Leipzig,16.08.2023,228,Geum rivale,no,no,no,,no,no,,removed,
Leipzig,16.08.2023,228,Genista tinctoria,no,no,no,,no,no,,,
Leipzig,16.08.2023,228,Iris pseudacorus,no,no,no,,no,no,,removed,
Leipzig,16.08.2023,228,Gunnera manicata,y,y,no,,no,no,,,
Leipzig,16.08.2023,228,Eupatorium cannabinum,no,no,no,,y,no,,,
Leipzig,16.08.2023,228,Calla palustris,y,y,no,,no,y,5,,
Leipzig,16.08.2023,228,Silene coronaria,y,y,no,,y,y,5,,
Leipzig,06.09.2023,249,Dictamnus albus,no,no,no,,no,y,10,,
Leipzig,06.09.2023,249,Hemerocallis dumotieri,no,no,no,,y,no,,,
Leipzig,06.09.2023,249,Vaccinium myrtillus,no,no,no,,no,no,,removed,
Leipzig,06.09.2023,249,Vaccinium oxycoccos,no,no,no,,no,no,,removed,
Leipzig,06.09.2023,249,Polygonatum verticillatum,no,no,no,,y,no,,,
Leipzig,06.09.2023,249,Geum rivale,no,no,no,,no,no,,removed,
Leipzig,06.09.2023,249,Genista tinctoria,no,no,no,,no,no,,removed,
Leipzig,06.09.2023,249,Iris pseudacorus,no,no,no,,no,no,,removed,
Leipzig,06.09.2023,249,Gunnera manicata,y,y,no,,no,no,,,
Leipzig,06.09.2023,249,Eupatorium cannabinum,no,no,no,,y,no,,,
Leipzig,06.09.2023,249,Calla palustris,no,no,no,,no,y,95,,
Leipzig,06.09.2023,249,Silene coronaria,no,no,no,,no,y,10,,
Leipzig,06.09.2023,249,Bergenia purpurascens,no,no,no,,no,y,15,,
Leipzig,06.09.2023,249,Roscoea auriculata,no,no,no,,no,y,40,,
Leipzig,06.09.2023,249,Primula denticulata,no,no,no,,no,y,15,,
Leipzig,06.09.2023,249,Globularia cordifolia,y,y,no,,no,no,,,
Leipzig,06.09.2023,249,Gentiana lutea,no,no,no,,no,y,90,,
Leipzig,06.09.2023,249,Hypericum olympicum,y,y,y,35,no,no,,,
Leipzig,06.09.2023,249,Anemone pulsatilla,no,no,no,,no,y,10,,
Leipzig,06.09.2023,249,Phedimus stoloniferus,no,no,no,,no,no,,removed,
Leipzig,06.09.2023,249,Clematis stans,y,y,no,,no,y,10,,
Leipzig,06.09.2023,249,Galanthus nivalis,no,no,no,,no,no,,,
Leipzig,06.09.2023,249,Aegopodium podagraria,no,no,no,,no,y,15,,
Leipzig,06.09.2023,249,Leucojum vernum,no,no,no,,no,no,,,
Leipzig,06.09.2023,249,Lathyrus vernus,no,no,no,,no,y,50,,
Leipzig,06.09.2023,249,Allium ursinum,no,no,no,,no,no,,,
Leipzig,06.09.2023,249,Anemone nemorosa,no,no,no,,no,no,,,
Leipzig,06.09.2023,249,Anemone sylvestris,no,no,no,,no,no,,,
Leipzig,06.09.2023,249,Geranium sanguineum,no,no,no,,no,y,5,,
Leipzig,06.09.2023,249,Asarum europaeum,y,y,no,,no,no,,,
Leipzig,06.09.2023,249,Arum maculatum,no,no,no,,no,no,,,
Leipzig,06.09.2023,249,Hibiscus palustris,y,y,y,80,no,no,,,
Leipzig,06.09.2023,249,Trillium sessile,no,no,no,,no,no,,,
Leipzig,06.09.2023,249,Asarum canadense,y,y,no,,no,no,,,
Leipzig,06.09.2023,249,Lysichiton americanus,no,no,no,,no,y,90,,
Leipzig,06.09.2023,249,Filipendula vulgaris,no,no,no,,no,y,40,,
Leipzig,06.09.2023,249,Anemone hupehensis,y,y,y,100,no,no,,,
Leipzig,06.09.2023,249,Thalictrum minus,no,no,no,,no,y,25,,
Leipzig,06.09.2023,249,Silene pusilla,no,no,no,,no,no,,removed,
Leipzig,06.09.2023,249,Psephellus dealbata,no,no,no,,no,y,90,,
Leipzig,06.09.2023,249,Prunella grandiflora,y,y,y,80,no,no,,,
Leipzig,06.09.2023,249,Leonurus cardiaca,no,no,no,,y,no,,,
Leipzig,06.09.2023,249,Silene vulgaris,no,no,no,,no,y,10,,
Leipzig,06.09.2023,249,Saponaria officinalis,no,no,no,,no,no,,removed,
Leipzig,06.09.2023,249,Salvia officinalis,no,no,no,,no,y,5,,
Leipzig,06.09.2023,249,Crocus vernus,no,no,no,,no,no,,,
Leipzig,06.09.2023,249,Lavandula angustifolia,y,y,no,,y,no,,,
Leipzig,06.09.2023,249,Paeonia officinalis,no,no,no,,no,y,95,,
Leipzig,06.09.2023,249,Paeonia peregrina,no,no,no,,no,y,95,,
Leipzig,06.09.2023,249,Eryngium campestre,no,no,no,,no,y,100,,
Leipzig,06.09.2023,249,Scabiosa ochroleuca,y,y,y,35,no,no,,,
Leipzig,06.09.2023,249,Bunias orientalis,no,no,no,,no,no,,removed,
Leipzig,06.09.2023,249,Helianthemum nummularium,no,no,no,,no,y,10,,
Leipzig,06.09.2023,249,Salvia amplexicaule,no,no,no,,no,y,30,,
Leipzig,06.09.2023,249,Tanacetum vulgare,no,no,no,,y,y,80,,
Leipzig,06.09.2023,249,Tussilago farfara,y,y,no,,no,no,,,
Leipzig,06.09.2023,249,Arnica  longifolia,no,no,no,,no,y,60,,
Leipzig,06.09.2023,249,Campanula rotundifolia,no,no,no,,no,no,,removed,
Leipzig,06.09.2023,249,Menyanthes trifolata,no,no,no,,no,y,70,,
Leipzig,06.09.2023,249,Vinca minor,y,y,no,,no,no,,,
Leipzig,06.09.2023,249,Vincetoxicum hinrundinaria,no,no,no,,no,y,10,,
Leipzig,06.09.2023,249,Galium mollugo,y,y,no,,no,no,,,
Leipzig,06.09.2023,249,Plantago lanceolata,y,y,no,,no,no,,,
Leipzig,06.09.2023,249,Scopolia carniolia,no,no,no,,no,no,,,
Leipzig,06.09.2023,249,Hydrocotyle vulgaris,no,no,no,,no,y,25,,
Leipzig,06.09.2023,249,Trapa natans,no,no,no,,no,y,80,,
Leipzig,06.09.2023,249,Alchemilla vulgaris,no,no,no,,no,y,5,,
Leipzig,06.09.2023,249,Fragaria vesca,y,y,no,,no,no,,,
Leipzig,06.09.2023,249,Myriophyllum aquaticum,y,y,no,,no,no,,,
Leipzig,06.09.2023,249,Saxifraga paniculata,no,no,no,,no,y,20,,
Leipzig,06.09.2023,249,Dryas octopetala,y,y,no,,no,no,,,
Leipzig,06.09.2023,249,Cyclamen coum,y,y,no,,no,no,,,
Leipzig,06.09.2023,249,Humulus  lupulus,y,y,y,80,no,no,,,
Leipzig,06.09.2023,249,Lupinus polyphyllus,no,no,no,,no,y,80,,
Leipzig,06.09.2023,249,Urtica dioca,y,y,no,,no,y,20,,
Leipzig,06.09.2023,249,Iberis sempervirens,no,no,no,,no,y,10,,
Leipzig,06.09.2023,249,Gaultheria shallon,no,no,no,,no,y,15,,
Leipzig,06.09.2023,249,Cyclamen hederifolium,no,no,y,100,no,no,,,
Leipzig,06.09.2023,249,Acorus calamus,no,no,no,,no,y,75,,
Leipzig,06.09.2023,249,Linum usitatissimum,no,no,no,,no,y,100,,
Leipzig,06.09.2023,249,Dianthus superbus,y,y,no,,no,no,,,
Leipzig,06.09.2023,249,Anthericum ramosum,no,no,no,,y,y,10,,
Leipzig,06.09.2023,249,Convallaria majalis,no,no,no,,no,y,40,,
Leipzig,06.09.2023,249,Colchicum autumnale,no,no,y,20,no,no,,,
Leipzig,06.09.2023,249,Veratrum nigrum,no,no,no,,no,y,40,,
Leipzig,06.09.2023,249,Aquilegia chrysantha,no,no,no,,y,y,40,,
Leipzig,06.09.2023,249,Caltha palustris,no,no,no,,no,y,50,,
Leipzig,06.09.2023,249,Eranthis hyemalis,no,no,no,,no,no,,,
Leipzig,06.09.2023,249,Helleborus niger,no,no,no,,no,y,80,,
Leipzig,06.09.2023,249,Helleborus viridis,no,no,no,,no,y,100,,
Leipzig,06.09.2023,249,Anemone transsylvanica,no,no,no,,no,no,,,
Leipzig,06.09.2023,249,Podophyllum peltatum,no,no,no,,no,no,,,
Leipzig,06.09.2023,249,Trollius europaeus,no,no,no,,no,y,90,,
Leipzig,06.09.2023,249,Adonis amurensis,no,no,no,,no,no,,,
Leipzig,06.09.2023,249,Silene nutans,no,no,no,,no,y,15,,
Leipzig,06.09.2023,249,Gentiana thibetica,no,no,no,,no,y,80,,
Leipzig,06.09.2023,249,Penstemon grandiflorus,no,no,no,,y,y,60,,
Leipzig,13.09.2023,256,Gunnera manicata,y,y,no,,no,no,,,
Leipzig,13.09.2023,256,Eupatorium cannabinum,no,no,no,,no,no,,,
Leipzig,13.09.2023,256,Calla palustris,no,no,no,,no,y,100,,
Leipzig,13.09.2023,256,Silene coronaria,no,no,no,,no,y,10,,
Leipzig,13.09.2023,256,Bergenia purpurascens,no,no,no,,no,y,15,,
Leipzig,13.09.2023,256,Roscoea auriculata,no,no,no,,no,y,60,,
Leipzig,13.09.2023,256,Primula denticulata,no,no,no,,no,y,20,,
Leipzig,13.09.2023,256,Globularia cordifolia,y,y,no,,no,no,,,
Leipzig,13.09.2023,256,Gentiana lutea,no,no,no,,no,y,95,,
Leipzig,13.09.2023,256,Hypericum olympicum,y,y,y,50,no,no,,,
Leipzig,13.09.2023,256,Anemone pulsatilla,no,no,no,,no,y,10,,
Leipzig,13.09.2023,256,Phedimus stoloniferus,no,no,no,,no,no,,removed,
Leipzig,13.09.2023,256,Clematis stans,no,no,y,20,no,y,10,,
Leipzig,13.09.2023,256,Galanthus nivalis,no,no,no,,no,no,,,
Leipzig,13.09.2023,256,Aegopodium podagraria,no,no,no,,no,y,20,,
Leipzig,13.09.2023,256,Leucojum vernum,no,no,no,,no,no,,,
Leipzig,13.09.2023,256,Lathyrus vernus,no,no,no,,no,y,60,,
Leipzig,13.09.2023,256,Allium ursinum,no,no,no,,no,no,,,
Leipzig,13.09.2023,256,Anemone nemorosa,no,no,no,,no,no,,,
Leipzig,13.09.2023,256,Anemone sylvestris,no,no,no,,no,no,,,
Leipzig,13.09.2023,256,Geranium sanguineum,no,no,no,,no,y,5,,
Leipzig,13.09.2023,256,Asarum europaeum,y,y,no,,no,no,,,
Leipzig,13.09.2023,256,Arum maculatum,no,no,no,,no,no,,,
Leipzig,13.09.2023,256,Hibiscus palustris,y,y,y,100,no,no,,,
Leipzig,13.09.2023,256,Trillium sessile,no,no,no,,no,no,,,
Leipzig,13.09.2023,256,Asarum canadense,y,y,no,,no,no,,,
Leipzig,13.09.2023,256,Lysichiton americanus,no,no,no,,no,y,95,,
Leipzig,13.09.2023,256,Filipendula vulgaris,no,no,no,,no,y,40,,
Leipzig,13.09.2023,256,Anemone hupehensis,no,no,y,80,no,no,,,
Leipzig,13.09.2023,256,Thalictrum minus,no,no,no,,no,y,25,,
Leipzig,13.09.2023,256,Silene pusilla,no,no,no,,no,no,,removed,
Leipzig,13.09.2023,256,Psephellus dealbata,no,no,no,,no,y,90,,
Leipzig,13.09.2023,256,Prunella grandiflora,y,y,y,100,no,no,,,
Leipzig,13.09.2023,256,Leonurus cardiaca,no,no,no,,y,y,5,,
Leipzig,13.09.2023,256,Silene vulgaris,no,no,no,,no,y,10,,
Leipzig,13.09.2023,256,Saponaria officinalis,no,no,no,,no,no,,removed,
Leipzig,13.09.2023,256,Salvia officinalis,no,no,no,,no,y,5,,
Leipzig,13.09.2023,256,Crocus vernus,no,no,no,,no,no,,,
Leipzig,13.09.2023,256,Lavandula angustifolia,y,y,no,,y,no,,,
Leipzig,13.09.2023,256,Paeonia officinalis,no,no,no,,no,y,100,,
Leipzig,13.09.2023,256,Paeonia peregrina,no,no,no,,no,y,95,,
Leipzig,13.09.2023,256,Eryngium campestre,no,no,no,,no,y,100,,
Leipzig,13.09.2023,256,Scabiosa ochroleuca,y,y,y,30,y,no,,,
Leipzig,13.09.2023,256,Bunias orientalis,no,no,no,,no,no,,removed,
Leipzig,13.09.2023,256,Helianthemum nummularium,no,no,no,,no,y,10,,
Leipzig,13.09.2023,256,Salvia amplexicaule,no,no,no,,no,y,35,,
Leipzig,13.09.2023,256,Tanacetum vulgare,no,no,no,,y,y,85,,
Leipzig,13.09.2023,256,Tussilago farfara,y,y,no,,no,no,,,
Leipzig,13.09.2023,256,Arnica  longifolia,no,no,no,,no,y,65,,
Leipzig,13.09.2023,256,Campanula rotundifolia,no,no,no,,no,no,,removed,
Leipzig,13.09.2023,256,Menyanthes trifolata,no,no,no,,no,y,80,,
Leipzig,13.09.2023,256,Vinca minor,y,y,no,,no,no,,,
Leipzig,13.09.2023,256,Vincetoxicum hinrundinaria,no,no,no,,no,y,10,,
Leipzig,13.09.2023,256,Galium mollugo,y,y,no,,no,no,,,
Leipzig,13.09.2023,256,Plantago lanceolata,y,y,no,,no,no,,,
Leipzig,13.09.2023,256,Scopolia carniolia,no,no,no,,no,no,,,
Leipzig,13.09.2023,256,Hydrocotyle vulgaris,no,no,no,,no,y,30,,
Leipzig,13.09.2023,256,Trapa natans,no,no,no,,no,y,85,,
Leipzig,13.09.2023,256,Alchemilla vulgaris,no,no,no,,no,y,5,,
Leipzig,13.09.2023,256,Fragaria vesca,y,y,no,,no,no,,,
Leipzig,13.09.2023,256,Myriophyllum aquaticum,y,y,no,,no,no,,,
Leipzig,13.09.2023,256,Saxifraga paniculata,no,no,no,,no,y,20,,
Leipzig,13.09.2023,256,Dryas octopetala,y,y,no,,no,no,,,
Leipzig,13.09.2023,256,Cyclamen coum,y,y,no,,no,no,,,
Leipzig,13.09.2023,256,Humulus  lupulus,y,y,y,100,no,no,,,
Leipzig,13.09.2023,256,Lupinus polyphyllus,no,no,no,,no,y,90,,
Leipzig,13.09.2023,256,Urtica dioca,no,no,no,,no,y,20,,
Leipzig,13.09.2023,256,Iberis sempervirens,no,no,no,,no,y,10,,
Leipzig,13.09.2023,256,Gaultheria shallon,no,no,no,,no,y,15,,
Leipzig,13.09.2023,256,Cyclamen hederifolium,no,no,y,95,no,no,,,
Leipzig,13.09.2023,256,Acorus calamus,no,no,no,,no,y,80,,
Leipzig,13.09.2023,256,Linum usitatissimum,no,no,no,,no,no,,,
Leipzig,13.09.2023,256,Dianthus superbus,y,y,no,,no,no,,,
Leipzig,13.09.2023,256,Anthericum ramosum,no,no,no,,y,y,15,,
Leipzig,13.09.2023,256,Convallaria majalis,no,no,no,,no,y,50,,
Leipzig,13.09.2023,256,Colchicum autumnale,no,no,y,50,no,no,,,
Leipzig,13.09.2023,256,Veratrum nigrum,no,no,no,,no,y,50,,
Leipzig,13.09.2023,256,Aquilegia chrysantha,no,no,no,,no,y,40,,
Leipzig,13.09.2023,256,Caltha palustris,no,no,no,,no,y,60,,
Leipzig,13.09.2023,256,Eranthis hyemalis,no,no,no,,no,no,,,
Leipzig,13.09.2023,256,Helleborus niger,no,no,no,,no,y,85,,
Leipzig,13.09.2023,256,Helleborus viridis,no,no,no,,no,y,100,,
Leipzig,13.09.2023,256,Anemone transsylvanica,no,no,no,,no,no,,,
Leipzig,13.09.2023,256,Podophyllum peltatum,no,no,no,,no,no,,,
Leipzig,13.09.2023,256,Trollius europaeus,no,no,no,,no,y,95,,
Leipzig,13.09.2023,256,Adonis amurensis,no,no,no,,no,no,,,
Leipzig,13.09.2023,256,Silene nutans,no,no,no,,no,y,15,,
Leipzig,13.09.2023,256,Gentiana thibetica,no,no,no,,no,y,85,,
Leipzig,13.09.2023,256,Penstemon grandiflorus,no,no,no,,y,y,70,,
Leipzig,13.09.2023,256,Dictamnus albus,no,no,no,,no,y,15,,
Leipzig,13.09.2023,256,Hemerocallis dumotieri,no,no,no,,no,y,5,,
Leipzig,13.09.2023,256,Vaccinium myrtillus,no,no,no,,no,no,,removed,
Leipzig,13.09.2023,256,Vaccinium oxycoccos,no,no,no,,no,no,,removed,
Leipzig,13.09.2023,256,Polygonatum verticillatum,no,no,no,,y,no,,,
Leipzig,13.09.2023,256,Geum rivale,no,no,no,,no,no,,removed,
Leipzig,13.09.2023,256,Genista tinctoria,no,no,no,,no,no,,removed,
Leipzig,13.09.2023,256,Iris pseudacorus,no,no,no,,no,no,,removed,
Leipzig,20.09.2023,263,Geum rivale,no,no,no,,no,no,,removed,
Leipzig,20.09.2023,263,Genista tinctoria,no,no,no,,no,no,,removed,
Leipzig,20.09.2023,263,Iris pseudacorus,no,no,no,,no,no,,removed,
Leipzig,20.09.2023,263,Gunnera manicata,y,y,no,,no,no,,,
Leipzig,20.09.2023,263,Eupatorium cannabinum,no,no,no,,no,y,10,,
Leipzig,20.09.2023,263,Calla palustris,no,no,no,,no,no,,,
Leipzig,20.09.2023,263,Silene coronaria,no,no,no,,no,y,15,,
Leipzig,20.09.2023,263,Bergenia purpurascens,no,no,no,,no,y,15,,
Leipzig,20.09.2023,263,Roscoea auriculata,no,no,no,,no,y,80,,
Leipzig,20.09.2023,263,Primula denticulata,no,no,no,,no,y,25,,
Leipzig,20.09.2023,263,Globularia cordifolia,no,no,no,,no,y,5,,
Leipzig,20.09.2023,263,Gentiana lutea,no,no,no,,no,y,100,,
Leipzig,20.09.2023,263,Hypericum olympicum,y,y,y,20,no,no,,,
Leipzig,20.09.2023,263,Anemone pulsatilla,no,no,no,,no,y,15,,
Leipzig,20.09.2023,263,Phedimus stoloniferus,no,no,no,,no,no,,removed,
Leipzig,20.09.2023,263,Clematis stans,no,no,y,40,no,y,15,,
Leipzig,20.09.2023,263,Galanthus nivalis,no,no,no,,no,no,,,
Leipzig,20.09.2023,263,Aegopodium podagraria,no,no,no,,no,y,40,,
Leipzig,20.09.2023,263,Leucojum vernum,no,no,no,,no,no,,,
Leipzig,20.09.2023,263,Lathyrus vernus,no,no,no,,no,y,70,,
Leipzig,20.09.2023,263,Allium ursinum,no,no,no,,no,no,,,
Leipzig,20.09.2023,263,Anemone nemorosa,no,no,no,,no,no,,,
Leipzig,20.09.2023,263,Anemone sylvestris,no,no,no,,no,no,,,
Leipzig,20.09.2023,263,Geranium sanguineum,no,no,no,,no,y,20,,
Leipzig,20.09.2023,263,Asarum europaeum,y,y,no,,no,no,,,
Leipzig,20.09.2023,263,Arum maculatum,no,no,no,,no,no,,,
Leipzig,20.09.2023,263,Hibiscus palustris,y,y,y,10,y,y,5,,
Leipzig,20.09.2023,263,Trillium sessile,no,no,no,,no,no,,,
Leipzig,20.09.2023,263,Asarum canadense,y,y,no,,no,no,,,
Leipzig,20.09.2023,263,Lysichiton americanus,no,no,no,,no,y,95,,
Leipzig,20.09.2023,263,Filipendula vulgaris,y,y,no,,no,y,40,,
Leipzig,20.09.2023,263,Anemone hupehensis,no,no,y,40,no,no,,,
Leipzig,20.09.2023,263,Thalictrum minus,no,no,no,,no,y,25,,
Leipzig,20.09.2023,263,Silene pusilla,no,no,no,,no,no,,removed,
Leipzig,20.09.2023,263,Psephellus dealbata,no,no,no,,no,y,95,,
Leipzig,20.09.2023,263,Prunella grandiflora,y,y,y,70,no,no,,,
Leipzig,20.09.2023,263,Leonurus cardiaca,no,no,no,,y,y,5,,
Leipzig,20.09.2023,263,Silene vulgaris,no,no,no,,no,y,40,,
Leipzig,20.09.2023,263,Saponaria officinalis,no,no,no,,no,no,,removed,
Leipzig,20.09.2023,263,Salvia officinalis,y,y,no,,no,y,5,,
Leipzig,20.09.2023,263,Crocus vernus,no,no,no,,no,no,,,
Leipzig,20.09.2023,263,Lavandula angustifolia,y,y,no,,y,no,,,
Leipzig,20.09.2023,263,Paeonia officinalis,no,no,no,,no,no,,cut total,
Leipzig,20.09.2023,263,Paeonia peregrina,no,no,no,,no,y,100,,
Leipzig,20.09.2023,263,Eryngium campestre,no,no,no,,no,no,,,
Leipzig,20.09.2023,263,Scabiosa ochroleuca,no,no,y,10,y,y,10,,
Leipzig,20.09.2023,263,Bunias orientalis,no,no,no,,no,no,,removed,
Leipzig,20.09.2023,263,Helianthemum nummularium,no,no,y,5,no,y,10,,
Leipzig,20.09.2023,263,Salvia amplexicaule,no,no,no,,no,y,40,,
Leipzig,20.09.2023,263,Tanacetum vulgare,no,no,no,,y,y,85,,
Leipzig,20.09.2023,263,Tussilago farfara,no,no,no,,no,y,50,,
Leipzig,20.09.2023,263,Arnica  longifolia,no,no,no,,no,y,80,,
Leipzig,20.09.2023,263,Campanula rotundifolia,no,no,no,,no,no,,removed,
Leipzig,20.09.2023,263,Menyanthes trifolata,no,no,no,,no,y,90,,
Leipzig,20.09.2023,263,Vinca minor,y,y,no,,no,no,,,
Leipzig,20.09.2023,263,Vincetoxicum hinrundinaria,no,no,no,,no,y,20,,
Leipzig,20.09.2023,263,Galium mollugo,y,y,y,5,no,no,,,
Leipzig,20.09.2023,263,Plantago lanceolata,y,y,no,,no,no,,,
Leipzig,20.09.2023,263,Scopolia carniolia,no,no,no,,no,no,,,
Leipzig,20.09.2023,263,Hydrocotyle vulgaris,no,no,no,,no,y,30,,
Leipzig,20.09.2023,263,Trapa natans,no,no,no,,no,y,90,,
Leipzig,20.09.2023,263,Alchemilla vulgaris,no,no,no,,no,y,10,,
Leipzig,20.09.2023,263,Fragaria vesca,y,y,no,,no,no,,,
Leipzig,20.09.2023,263,Myriophyllum aquaticum,y,y,no,,no,no,,,
Leipzig,20.09.2023,263,Saxifraga paniculata,no,no,no,,no,y,30,,
Leipzig,20.09.2023,263,Dryas octopetala,y,y,no,,no,no,,,
Leipzig,20.09.2023,263,Cyclamen coum,y,y,no,,no,no,,,
Leipzig,20.09.2023,263,Humulus  lupulus,no,no,y,20,no,y,5,,
Leipzig,20.09.2023,263,Lupinus polyphyllus,y,y,no,,no,no,,,
Leipzig,20.09.2023,263,Urtica dioca,no,no,no,,no,y,30,,
Leipzig,20.09.2023,263,Iberis sempervirens,y,y,no,,no,y,10,,
Leipzig,20.09.2023,263,Gaultheria shallon,y,y,no,,no,y,15,,
Leipzig,20.09.2023,263,Cyclamen hederifolium,y,y,y,80,no,no,,,
Leipzig,20.09.2023,263,Acorus calamus,no,no,no,,no,y,95,,
Leipzig,20.09.2023,263,Linum usitatissimum,no,no,no,,no,no,,,
Leipzig,20.09.2023,263,Dianthus superbus,y,y,no,,no,no,,,
Leipzig,20.09.2023,263,Anthericum ramosum,no,no,no,,no,y,20,,
Leipzig,20.09.2023,263,Convallaria majalis,no,no,no,,no,y,60,,
Leipzig,20.09.2023,263,Colchicum autumnale,no,no,y,100,no,no,,,
Leipzig,20.09.2023,263,Veratrum nigrum,no,no,no,,no,y,80,,
Leipzig,20.09.2023,263,Aquilegia chrysantha,no,no,no,,no,y,40,,
Leipzig,20.09.2023,263,Caltha palustris,no,no,no,,no,y,70,,
Leipzig,20.09.2023,263,Eranthis hyemalis,no,no,no,,no,no,,,
Leipzig,20.09.2023,263,Helleborus niger,no,no,no,,no,y,90,,
Leipzig,20.09.2023,263,Helleborus viridis,no,no,no,,no,y,100,,
Leipzig,20.09.2023,263,Anemone transsylvanica,no,no,no,,no,no,,,
Leipzig,20.09.2023,263,Podophyllum peltatum,no,no,no,,no,no,,,
Leipzig,20.09.2023,263,Trollius europaeus,y,y,no,,no,no,,,
Leipzig,20.09.2023,263,Adonis amurensis,no,no,no,,no,no,,,
Leipzig,20.09.2023,263,Silene nutans,no,no,no,,no,y,20,,
Leipzig,20.09.2023,263,Gentiana thibetica,no,no,no,,no,y,85,,
Leipzig,20.09.2023,263,Penstemon grandiflorus,no,no,no,,y,y,70,,
Leipzig,20.09.2023,263,Dictamnus albus,no,no,no,,no,y,45,,
Leipzig,20.09.2023,263,Hemerocallis dumotieri,no,no,no,,no,y,15,,
Leipzig,20.09.2023,263,Vaccinium myrtillus,no,no,no,,no,no,,removed,
Leipzig,20.09.2023,263,Vaccinium oxycoccos,no,no,no,,no,no,,removed,
Leipzig,20.09.2023,263,Polygonatum verticillatum,no,no,no,,no,y,5,,
Leipzig,04.10.2023,277,Silene coronaria,no,no,no,,no,y,20,,
Leipzig,04.10.2023,277,Bergenia purpurascens,y,y,no,,no,y,15,,
Leipzig,04.10.2023,277,Roscoea auriculata,no,no,no,,no,y,95,,
Leipzig,04.10.2023,277,Primula denticulata,no,no,no,,no,y,30,,
Leipzig,04.10.2023,277,Globularia cordifolia,no,no,no,,no,y,5,,
Leipzig,04.10.2023,277,Gentiana lutea,no,no,no,,no,y,100,,
Leipzig,04.10.2023,277,Hypericum olympicum,y,y,y,5,no,no,,,
Leipzig,04.10.2023,277,Anemone pulsatilla,no,no,no,,no,y,15,,
Leipzig,04.10.2023,277,Phedimus stoloniferus,no,no,no,,no,no,,removed,
Leipzig,04.10.2023,277,Clematis stans,no,no,y,100,no,y,15,,
Leipzig,04.10.2023,277,Galanthus nivalis,no,no,no,,no,no,,,
Leipzig,04.10.2023,277,Aegopodium podagraria,no,no,no,,no,y,50,,
Leipzig,04.10.2023,277,Leucojum vernum,no,no,no,,no,no,,,
Leipzig,04.10.2023,277,Lathyrus vernus,no,no,no,,no,y,80,,
Leipzig,04.10.2023,277,Allium ursinum,no,no,no,,no,no,,,
Leipzig,04.10.2023,277,Anemone nemorosa,no,no,no,,no,no,,,
Leipzig,04.10.2023,277,Anemone sylvestris,no,no,no,,no,no,,,
Leipzig,04.10.2023,277,Geranium sanguineum,no,no,no,,no,y,20,,
Leipzig,04.10.2023,277,Asarum europaeum,no,no,no,,no,y,5,,
Leipzig,04.10.2023,277,Arum maculatum,no,no,no,,no,no,,,
Leipzig,04.10.2023,277,Hibiscus palustris,y,y,no,,y,y,15,,
Leipzig,04.10.2023,277,Trillium sessile,no,no,no,,no,no,,,
Leipzig,04.10.2023,277,Asarum canadense,y,y,no,,no,no,,,
Leipzig,04.10.2023,277,Lysichiton americanus,no,no,no,,no,y,95,,
Leipzig,04.10.2023,277,Filipendula vulgaris,no,no,no,,no,y,40,,
Leipzig,04.10.2023,277,Anemone hupehensis,no,no,no,,no,no,,,
Leipzig,04.10.2023,277,Thalictrum minus,no,no,no,,no,y,40,,
Leipzig,04.10.2023,277,Silene pusilla,no,no,no,,no,no,,removed,
Leipzig,04.10.2023,277,Psephellus dealbata,y,y,no,,no,no,,,
Leipzig,04.10.2023,277,Prunella grandiflora,y,y,y,40,no,no,,,
Leipzig,04.10.2023,277,Leonurus cardiaca,no,no,no,,y,y,10,,
Leipzig,04.10.2023,277,Silene vulgaris,no,no,no,,no,y,50,,
Leipzig,04.10.2023,277,Saponaria officinalis,no,no,no,,no,no,,removed,
Leipzig,04.10.2023,277,Salvia officinalis,y,y,no,,no,y,5,,
Leipzig,04.10.2023,277,Crocus vernus,no,no,no,,no,no,,,
Leipzig,04.10.2023,277,Lavandula angustifolia,y,y,no,,no,no,,,
Leipzig,04.10.2023,277,Paeonia officinalis,no,no,no,,no,no,,cut total,
Leipzig,04.10.2023,277,Paeonia peregrina,no,no,no,,no,y,100,,
Leipzig,04.10.2023,277,Eryngium campestre,no,no,no,,no,no,,,
Leipzig,04.10.2023,277,Scabiosa ochroleuca,no,no,y,5,y,y,20,,
Leipzig,04.10.2023,277,Bunias orientalis,no,no,no,,no,no,,,
Leipzig,04.10.2023,277,Helianthemum nummularium,y,y,y,5,no,y,10,,
Leipzig,04.10.2023,277,Salvia amplexicaule,no,no,no,,no,y,40,,
Leipzig,04.10.2023,277,Tanacetum vulgare,y,y,no,,no,y,85,,
Leipzig,04.10.2023,277,Tussilago farfara,no,no,no,,no,y,60,,
Leipzig,04.10.2023,277,Arnica  longifolia,no,no,no,,no,y,95,,
Leipzig,04.10.2023,277,Campanula rotundifolia,no,no,no,,no,no,,removed,
Leipzig,04.10.2023,277,Menyanthes trifolata,no,no,no,,no,y,90,,
Leipzig,04.10.2023,277,Vinca minor,y,y,no,,no,no,,,
Leipzig,04.10.2023,277,Vincetoxicum hinrundinaria,no,no,no,,no,y,40,,
Leipzig,04.10.2023,277,Galium mollugo,y,y,y,5,no,no,,,
Leipzig,04.10.2023,277,Plantago lanceolata,y,y,no,,no,no,,,
Leipzig,04.10.2023,277,Scopolia carniolia,no,no,no,,no,no,,,
Leipzig,04.10.2023,277,Hydrocotyle vulgaris,no,no,no,,no,y,30,,
Leipzig,04.10.2023,277,Trapa natans,no,no,no,,no,y,90,,
Leipzig,04.10.2023,277,Alchemilla vulgaris,no,no,no,,no,y,20,,
Leipzig,04.10.2023,277,Fragaria vesca,y,y,no,,no,y,5,,
Leipzig,04.10.2023,277,Myriophyllum aquaticum,y,y,no,,no,no,,,
Leipzig,04.10.2023,277,Saxifraga paniculata,no,no,no,,no,y,40,,
Leipzig,04.10.2023,277,Dryas octopetala,y,y,no,,no,no,,,
Leipzig,04.10.2023,277,Cyclamen coum,y,y,no,,no,no,,,
Leipzig,04.10.2023,277,Humulus  lupulus,no,no,no,,no,y,5,,
Leipzig,04.10.2023,277,Lupinus polyphyllus,y,y,no,,no,no,,,
Leipzig,04.10.2023,277,Urtica dioca,no,no,no,,no,y,40,,
Leipzig,04.10.2023,277,Iberis sempervirens,y,y,no,,no,y,10,,
Leipzig,04.10.2023,277,Gaultheria shallon,y,y,no,,no,y,15,,
Leipzig,04.10.2023,277,Cyclamen hederifolium,y,y,y,80,no,no,,,
Leipzig,04.10.2023,277,Acorus calamus,no,no,no,,no,y,95,,
Leipzig,04.10.2023,277,Linum usitatissimum,no,no,no,,no,no,,,
Leipzig,04.10.2023,277,Dianthus superbus,y,y,no,,no,y,20,,
Leipzig,04.10.2023,277,Anthericum ramosum,no,no,no,,no,y,70,,
Leipzig,04.10.2023,277,Convallaria majalis,no,no,no,,no,y,80,,
Leipzig,04.10.2023,277,Colchicum autumnale,no,no,y,5,no,no,,,
Leipzig,04.10.2023,277,Veratrum nigrum,no,no,no,,no,y,90,,
Leipzig,04.10.2023,277,Aquilegia chrysantha,no,no,no,,no,y,50,,
Leipzig,04.10.2023,277,Caltha palustris,no,no,no,,no,y,80,,
Leipzig,04.10.2023,277,Eranthis hyemalis,no,no,no,,no,no,,,
Leipzig,04.10.2023,277,Helleborus niger,y,y,no,,no,no,,,
Leipzig,04.10.2023,277,Helleborus viridis,no,no,no,,no,y,100,,
Leipzig,04.10.2023,277,Anemone transsylvanica,no,no,no,,no,no,,,
Leipzig,04.10.2023,277,Podophyllum peltatum,no,no,no,,no,no,,,
Leipzig,04.10.2023,277,Trollius europaeus,y,y,no,,no,no,,,
Leipzig,04.10.2023,277,Adonis amurensis,no,no,no,,no,no,,,
Leipzig,04.10.2023,277,Silene nutans,no,no,no,,no,y,20,,
Leipzig,04.10.2023,277,Gentiana thibetica,no,no,no,,no,y,85,,
Leipzig,04.10.2023,277,Penstemon grandiflorus,y,y,no,,y,y,70,,
Leipzig,04.10.2023,277,Dictamnus albus,no,no,no,,no,y,60,,
Leipzig,04.10.2023,277,Hemerocallis dumotieri,no,no,no,,no,y,75,,
Leipzig,04.10.2023,277,Vaccinium myrtillus,no,no,no,,no,no,,removed,
Leipzig,04.10.2023,277,Vaccinium oxycoccos,no,no,no,,no,no,,removed,
Leipzig,04.10.2023,277,Polygonatum verticillatum,no,no,no,,no,y,5,,
Leipzig,04.10.2023,277,Geum rivale,no,no,no,,no,no,,removed,
Leipzig,04.10.2023,277,Genista tinctoria,no,no,no,,no,no,,removed,
Leipzig,04.10.2023,277,Iris pseudacorus,no,no,no,,no,no,,removed,
Leipzig,04.10.2023,277,Gunnera manicata,no,no,no,,no,y,5,,
Leipzig,04.10.2023,277,Eupatorium cannabinum,no,no,no,,no,y,20,,
Leipzig,04.10.2023,277,Calla palustris,no,no,no,,no,no,,,
Leipzig,11.10.2023,284,Bergenia purpurascens,y,y,no,,no,y,15,,
Leipzig,11.10.2023,284,Roscoea auriculata,no,no,no,,no,y,95,,
Leipzig,11.10.2023,284,Primula denticulata,no,no,no,,no,y,30,,
Leipzig,11.10.2023,284,Globularia cordifolia,no,no,no,,no,y,5,,
Leipzig,11.10.2023,284,Gentiana lutea,no,no,no,,no,y,100,,
Leipzig,11.10.2023,284,Hypericum olympicum,y,y,y,5,no,no,,,
Leipzig,11.10.2023,284,Anemone pulsatilla,no,no,no,,no,y,15,,
Leipzig,11.10.2023,284,Phedimus stoloniferus,no,no,no,,no,no,,removed,
Leipzig,11.10.2023,284,Clematis stans,no,no,no,,y,y,20,,
Leipzig,11.10.2023,284,Galanthus nivalis,no,no,no,,no,no,,,
Leipzig,11.10.2023,284,Aegopodium podagraria,no,no,no,,no,y,40,,
Leipzig,11.10.2023,284,Leucojum vernum,no,no,no,,no,no,,,
Leipzig,11.10.2023,284,Lathyrus vernus,no,no,no,,no,y,90,,
Leipzig,11.10.2023,284,Allium ursinum,no,no,no,,no,no,,,
Leipzig,11.10.2023,284,Anemone nemorosa,no,no,no,,no,no,,,
Leipzig,11.10.2023,284,Anemone sylvestris,no,no,no,,no,no,,,
Leipzig,11.10.2023,284,Geranium sanguineum,no,no,no,,no,y,30,,
Leipzig,11.10.2023,284,Asarum europaeum,no,no,no,,no,y,5,,
Leipzig,11.10.2023,284,Arum maculatum,no,no,no,,no,no,,,
Leipzig,11.10.2023,284,Hibiscus palustris,y,y,no,,y,y,40,,
Leipzig,11.10.2023,284,Trillium sessile,no,no,no,,no,no,,,
Leipzig,11.10.2023,284,Asarum canadense,y,y,no,,no,no,,,
Leipzig,11.10.2023,284,Lysichiton americanus,no,no,no,,no,y,95,,
Leipzig,11.10.2023,284,Filipendula vulgaris,y,y,no,,no,y,40,,
Leipzig,11.10.2023,284,Anemone hupehensis,no,no,no,,no,y,5,,
Leipzig,11.10.2023,284,Thalictrum minus,no,no,no,,no,y,40,,
Leipzig,11.10.2023,284,Silene pusilla,no,no,no,,no,no,,removed,
Leipzig,11.10.2023,284,Psephellus dealbata,y,y,no,,no,no,,,
Leipzig,11.10.2023,284,Prunella grandiflora,y,y,y,35,no,no,,,
Leipzig,11.10.2023,284,Leonurus cardiaca,no,no,no,,y,y,15,,
Leipzig,11.10.2023,284,Silene vulgaris,no,no,no,,no,y,70,,
Leipzig,11.10.2023,284,Saponaria officinalis,no,no,no,,no,no,,removed,
Leipzig,11.10.2023,284,Salvia officinalis,y,y,no,,no,y,10,,
Leipzig,11.10.2023,284,Crocus vernus,no,no,no,,no,no,,,
Leipzig,11.10.2023,284,Lavandula angustifolia,y,y,no,,no,no,,,
Leipzig,11.10.2023,284,Paeonia officinalis,no,no,no,,no,no,,cut total,
Leipzig,11.10.2023,284,Paeonia peregrina,no,no,no,,no,y,100,,
Leipzig,11.10.2023,284,Eryngium campestre,no,no,no,,no,no,,cut total,
Leipzig,11.10.2023,284,Scabiosa ochroleuca,no,no,y,5,y,y,50,,
Leipzig,11.10.2023,284,Bunias orientalis,no,no,no,,no,no,,,
Leipzig,11.10.2023,284,Helianthemum nummularium,y,y,y,5,no,y,10,,
Leipzig,11.10.2023,284,Salvia amplexicaule,no,no,no,,no,y,50,,
Leipzig,11.10.2023,284,Tanacetum vulgare,y,y,no,,no,y,85,,
Leipzig,11.10.2023,284,Tussilago farfara,no,no,no,,no,y,70,,
Leipzig,11.10.2023,284,Arnica  longifolia,no,no,no,,no,y,95,,
Leipzig,11.10.2023,284,Campanula rotundifolia,no,no,no,,no,no,,removed,
Leipzig,11.10.2023,284,Menyanthes trifolata,no,no,no,,no,y,90,,
Leipzig,11.10.2023,284,Vinca minor,y,y,no,,no,no,,,
Leipzig,11.10.2023,284,Vincetoxicum hinrundinaria,no,no,no,,no,y,50,,
Leipzig,11.10.2023,284,Galium mollugo,y,y,no,,no,no,,,
Leipzig,11.10.2023,284,Plantago lanceolata,y,y,no,,no,no,,,
Leipzig,11.10.2023,284,Scopolia carniolia,no,no,no,,no,no,,,
Leipzig,11.10.2023,284,Hydrocotyle vulgaris,no,no,no,,no,y,30,,
Leipzig,11.10.2023,284,Trapa natans,no,no,no,,no,y,100,,
Leipzig,11.10.2023,284,Alchemilla vulgaris,no,no,no,,no,y,20,,
Leipzig,11.10.2023,284,Fragaria vesca,y,y,no,,no,y,5,,
Leipzig,11.10.2023,284,Myriophyllum aquaticum,y,y,no,,no,no,,,
Leipzig,11.10.2023,284,Saxifraga paniculata,no,no,no,,no,y,40,,
Leipzig,11.10.2023,284,Dryas octopetala,y,y,no,,no,no,,,
Leipzig,11.10.2023,284,Cyclamen coum,y,y,no,,no,no,,,
Leipzig,11.10.2023,284,Humulus  lupulus,no,no,no,,no,y,5,,
Leipzig,11.10.2023,284,Lupinus polyphyllus,y,y,no,,no,no,,,
Leipzig,11.10.2023,284,Urtica dioca,no,no,no,,no,y,40,,
Leipzig,11.10.2023,284,Iberis sempervirens,y,y,no,,no,y,10,,
Leipzig,11.10.2023,284,Gaultheria shallon,y,y,no,,no,y,15,,
Leipzig,11.10.2023,284,Cyclamen hederifolium,y,y,y,70,no,no,,,
Leipzig,11.10.2023,284,Acorus calamus,no,no,no,,no,y,95,,
Leipzig,11.10.2023,284,Linum usitatissimum,no,no,no,,no,no,,,
Leipzig,11.10.2023,284,Dianthus superbus,y,y,no,,no,y,20,,
Leipzig,11.10.2023,284,Anthericum ramosum,no,no,no,,no,y,90,,
Leipzig,11.10.2023,284,Convallaria majalis,no,no,no,,no,y,90,,
Leipzig,11.10.2023,284,Colchicum autumnale,no,no,no,,no,no,,,
Leipzig,11.10.2023,284,Veratrum nigrum,no,no,no,,y,y,95,,
Leipzig,11.10.2023,284,Aquilegia chrysantha,no,no,no,,no,y,50,,
Leipzig,11.10.2023,284,Caltha palustris,no,no,no,,no,y,90,,
Leipzig,11.10.2023,284,Eranthis hyemalis,no,no,no,,no,no,,,
Leipzig,11.10.2023,284,Helleborus niger,y,y,no,,no,no,,,
Leipzig,11.10.2023,284,Helleborus viridis,no,no,no,,no,y,100,,
Leipzig,11.10.2023,284,Anemone transsylvanica,no,no,no,,no,no,,,
Leipzig,11.10.2023,284,Podophyllum peltatum,no,no,no,,no,no,,,
Leipzig,11.10.2023,284,Trollius europaeus,y,y,no,,no,no,,,
Leipzig,11.10.2023,284,Adonis amurensis,no,no,no,,no,no,,,
Leipzig,11.10.2023,284,Silene nutans,no,no,no,,no,y,20,,
Leipzig,11.10.2023,284,Gentiana thibetica,no,no,no,,no,y,90,,
Leipzig,11.10.2023,284,Penstemon grandiflorus,y,y,no,,y,y,70,,
Leipzig,11.10.2023,284,Dictamnus albus,no,no,no,,no,y,70,,
Leipzig,11.10.2023,284,Hemerocallis dumotieri,no,no,no,,no,y,90,,
Leipzig,11.10.2023,284,Vaccinium myrtillus,no,no,no,,no,no,,removed,
Leipzig,11.10.2023,284,Vaccinium oxycoccos,no,no,no,,no,no,,removed,
Leipzig,11.10.2023,284,Polygonatum verticillatum,no,no,no,,no,y,10,,
Leipzig,11.10.2023,284,Geum rivale,no,no,no,,no,no,,removed,
Leipzig,11.10.2023,284,Genista tinctoria,no,no,no,,no,no,,removed,
Leipzig,11.10.2023,284,Iris pseudacorus,no,no,no,,no,no,,removed,
Leipzig,11.10.2023,284,Gunnera manicata,no,no,no,,no,y,5,,
Leipzig,11.10.2023,284,Eupatorium cannabinum,no,no,no,,no,y,40,,
Leipzig,11.10.2023,284,Calla palustris,no,no,no,,no,no,,,
Leipzig,11.10.2023,284,Silene coronaria,no,no,no,,no,y,25,,
Leipzig,18.10.2023,291,Trollius europaeus,no,no,no,,no,y,95,,
Leipzig,18.10.2023,291,Adonis amurensis,no,no,no,,no,no,,,
Leipzig,18.10.2023,291,Silene nutans,no,no,no,,no,y,20,,
Leipzig,18.10.2023,291,Gentiana thibetica,no,no,no,,no,y,95,,
Leipzig,18.10.2023,291,Penstemon grandiflorus,no,no,no,,y,y,70,,
Leipzig,18.10.2023,291,Dictamnus albus,no,no,no,,no,y,80,,
Leipzig,18.10.2023,291,Hemerocallis dumotieri,no,no,no,,no,y,100,,
Leipzig,18.10.2023,291,Vaccinium myrtillus,no,no,no,,no,no,,removed,
Leipzig,18.10.2023,291,Vaccinium oxycoccos,no,no,no,,no,no,,removed,
Leipzig,18.10.2023,291,Polygonatum verticillatum,no,no,no,,no,y,15,,
Leipzig,18.10.2023,291,Geum rivale,no,no,no,,no,no,,covered artificial,
Leipzig,18.10.2023,291,Genista tinctoria,no,no,no,,no,no,,removed,
Leipzig,18.10.2023,291,Iris pseudacorus,no,no,no,,no,no,,covered artificial,
Leipzig,18.10.2023,291,Gunnera manicata,no,no,no,,no,y,10,,
Leipzig,18.10.2023,291,Eupatorium cannabinum,no,no,no,,no,y,50,,
Leipzig,18.10.2023,291,Calla palustris,no,no,no,,no,no,,,
Leipzig,18.10.2023,291,Silene coronaria,no,no,no,,no,y,30,,
Leipzig,18.10.2023,291,Bergenia purpurascens,no,no,no,,no,y,15,,
Leipzig,18.10.2023,291,Roscoea auriculata,no,no,no,,no,y,100,,
Leipzig,18.10.2023,291,Primula denticulata,no,no,no,,no,y,40,,
Leipzig,18.10.2023,291,Globularia cordifolia,no,no,no,,no,y,5,,
Leipzig,18.10.2023,291,Gentiana lutea,no,no,no,,no,y,100,,
Leipzig,18.10.2023,291,Hypericum olympicum,no,no,no,,no,y,5,,
Leipzig,18.10.2023,291,Anemone pulsatilla,no,no,no,,no,y,20,,
Leipzig,18.10.2023,291,Phedimus stoloniferus,no,no,no,,no,no,,removed,
Leipzig,18.10.2023,291,Clematis stans,no,no,no,,y,y,40,,
Leipzig,18.10.2023,291,Galanthus nivalis,no,no,no,,no,no,,,
Leipzig,18.10.2023,291,Aegopodium podagraria,no,no,no,,no,y,50,,
Leipzig,18.10.2023,291,Leucojum vernum,no,no,no,,no,no,,,
Leipzig,18.10.2023,291,Lathyrus vernus,no,no,no,,no,y,95,,
Leipzig,18.10.2023,291,Allium ursinum,no,no,no,,no,no,,,
Leipzig,18.10.2023,291,Anemone nemorosa,no,no,no,,no,no,,,
Leipzig,18.10.2023,291,Anemone sylvestris,no,no,no,,no,no,,,
Leipzig,18.10.2023,291,Geranium sanguineum,no,no,no,,no,y,40,,
Leipzig,18.10.2023,291,Asarum europaeum,no,no,no,,no,y,10,,
Leipzig,18.10.2023,291,Arum maculatum,no,no,no,,no,no,,,
Leipzig,18.10.2023,291,Hibiscus palustris,no,no,no,,no,y,65,,
Leipzig,18.10.2023,291,Trillium sessile,no,no,no,,no,no,,,
Leipzig,18.10.2023,291,Asarum canadense,y,y,no,,no,no,,,
Leipzig,18.10.2023,291,Lysichiton americanus,no,no,no,,no,y,95,,
Leipzig,18.10.2023,291,Filipendula vulgaris,no,no,no,,no,y,40,,
Leipzig,18.10.2023,291,Anemone hupehensis,no,no,no,,no,y,5,,
Leipzig,18.10.2023,291,Thalictrum minus,no,no,no,,no,y,50,,
Leipzig,18.10.2023,291,Silene pusilla,no,no,no,,no,no,,removed,
Leipzig,18.10.2023,291,Psephellus dealbata,no,no,no,,no,y,100,,
Leipzig,18.10.2023,291,Prunella grandiflora,no,no,y,10,no,no,,,
Leipzig,18.10.2023,291,Leonurus cardiaca,no,no,no,,no,y,20,,
Leipzig,18.10.2023,291,Silene vulgaris,no,no,no,,no,y,80,,
Leipzig,18.10.2023,291,Saponaria officinalis,no,no,no,,no,no,,removed,
Leipzig,18.10.2023,291,Salvia officinalis,no,no,no,,no,y,30,,
Leipzig,18.10.2023,291,Crocus vernus,no,no,no,,no,no,,,
Leipzig,18.10.2023,291,Lavandula angustifolia,no,no,no,,no,y,30,,
Leipzig,18.10.2023,291,Paeonia officinalis,no,no,no,,no,no,,cut total,
Leipzig,18.10.2023,291,Paeonia peregrina,no,no,no,,no,y,100,,
Leipzig,18.10.2023,291,Eryngium campestre,no,no,no,,no,no,,cut total,
Leipzig,18.10.2023,291,Scabiosa ochroleuca,no,no,y,5,y,y,55,,
Leipzig,18.10.2023,291,Bunias orientalis,no,no,no,,no,no,,,
Leipzig,18.10.2023,291,Helianthemum nummularium,no,no,no,,no,y,15,,
Leipzig,18.10.2023,291,Salvia amplexicaule,no,no,no,,no,y,70,,
Leipzig,18.10.2023,291,Tanacetum vulgare,no,no,no,,no,y,95,,
Leipzig,18.10.2023,291,Tussilago farfara,no,no,no,,no,y,80,,
Leipzig,18.10.2023,291,Arnica  longifolia,no,no,no,,no,y,100,,
Leipzig,18.10.2023,291,Campanula rotundifolia,no,no,no,,no,no,,removed,
Leipzig,18.10.2023,291,Menyanthes trifolata,no,no,no,,no,y,95,,
Leipzig,18.10.2023,291,Vinca minor,y,y,no,,no,no,,,
Leipzig,18.10.2023,291,Vincetoxicum hinrundinaria,no,no,no,,no,y,65,,
Leipzig,18.10.2023,291,Galium mollugo,y,y,no,,no,no,,,
Leipzig,18.10.2023,291,Plantago lanceolata,no,no,no,,no,y,5,,
Leipzig,18.10.2023,291,Scopolia carniolia,no,no,no,,no,no,,,
Leipzig,18.10.2023,291,Hydrocotyle vulgaris,no,no,no,,no,y,40,,
Leipzig,18.10.2023,291,Trapa natans,no,no,no,,no,no,,,
Leipzig,18.10.2023,291,Alchemilla vulgaris,no,no,no,,no,y,25,,
Leipzig,18.10.2023,291,Fragaria vesca,no,no,no,,no,y,10,,
Leipzig,18.10.2023,291,Myriophyllum aquaticum,y,y,no,,no,no,,,
Leipzig,18.10.2023,291,Saxifraga paniculata,no,no,no,,no,y,45,,
Leipzig,18.10.2023,291,Dryas octopetala,no,no,no,,no,y,5,,
Leipzig,18.10.2023,291,Cyclamen coum,y,y,no,,no,no,,,
Leipzig,18.10.2023,291,Humulus  lupulus,no,no,no,,no,y,25,,
Leipzig,18.10.2023,291,Lupinus polyphyllus,no,no,no,,no,y,80,,
Leipzig,18.10.2023,291,Urtica dioca,no,no,no,,no,y,50,,
Leipzig,18.10.2023,291,Iberis sempervirens,y,y,no,,no,y,10,,
Leipzig,18.10.2023,291,Gaultheria shallon,no,no,no,,no,y,25,,
Leipzig,18.10.2023,291,Cyclamen hederifolium,y,y,y,60,no,no,,,
Leipzig,18.10.2023,291,Acorus calamus,no,no,no,,no,y,100,,
Leipzig,18.10.2023,291,Linum usitatissimum,no,no,no,,no,no,,,
Leipzig,18.10.2023,291,Dianthus superbus,no,no,no,,no,y,40,,
Leipzig,18.10.2023,291,Anthericum ramosum,no,no,no,,no,y,100,,
Leipzig,18.10.2023,291,Convallaria majalis,no,no,no,,no,y,95,,
Leipzig,18.10.2023,291,Colchicum autumnale,no,no,no,,no,no,,,
Leipzig,18.10.2023,291,Veratrum nigrum,no,no,no,,y,y,95,,
Leipzig,18.10.2023,291,Aquilegia chrysantha,no,no,no,,no,y,70,,
Leipzig,18.10.2023,291,Caltha palustris,no,no,no,,no,y,100,,
Leipzig,18.10.2023,291,Eranthis hyemalis,no,no,no,,no,no,,,
Leipzig,18.10.2023,291,Helleborus niger,no,no,no,,no,y,90,,
Leipzig,18.10.2023,291,Helleborus viridis,no,no,no,,no,no,,,
Leipzig,18.10.2023,291,Anemone transsylvanica,no,no,no,,no,no,,,
Leipzig,18.10.2023,291,Podophyllum peltatum,no,no,no,,no,no,,,
