Garden,Date,Doy,Species,Initial vegetative growth,Young leaves unfolding,Flowers opening,Flowering intensity,Ripe fruits,Senescence,Senescence intensity,Maintenance,Remarks
Jena,04.01.2023,4,Achillea millefolium,y,y,no,,y,no,,,
Jena,04.01.2023,4,Aconitum lycoctonum,no,no,no,,no,y,100,,
Jena,04.01.2023,4,Actaea spicata,no,no,no,,no,y,100,,
Jena,04.01.2023,4,Agrimonia eupatoria,y,no,no,,no,y,100,,
Jena,04.01.2023,4,Anemone nemorosa,no,no,no,,no,y,100,,
Jena,04.01.2023,4,Hibiscus moscheutos,no,no,no,,no,y,100,,
Jena,04.01.2023,4,Iberis sempervirens,no,no,no,,no,y,40,,
Jena,04.01.2023,4,Iris pseudacorus Wasser,no,no,no,,no,y,90,,
Jena,04.01.2023,4,Lamium album,no,no,no,,no,y,100,,
Jena,04.01.2023,4,Rheum rhabarbarum,y,no,no,,no,no,,,
Jena,04.01.2023,4,Anemone pulsatilla,no,no,no,,no,y,100,,
Jena,04.01.2023,4,Anemone sylvestris,no,no,no,,no,y,85,,
Jena,04.01.2023,4,Antennaria dioica,no,no,no,,no,y,40,,
Jena,04.01.2023,4,Armoracia rusticana,y,no,no,,no,no,,,
Jena,04.01.2023,4,Asphodelus albus,no,no,no,,no,y,100,,
Jena,04.01.2023,4,Brunnera macrophylla,no,no,no,,no,y,100,,
Jena,04.01.2023,4,Bunias orientalis Oeko,y,y,no,,no,y,70,,
Jena,04.01.2023,4,Camassia cusickii,no,no,no,,no,no,,,
Jena,04.01.2023,4,Chelidonium majus,no,y,no,,no,no,,,
Jena,04.01.2023,4,Clematis recta,no,no,no,,y,y,100,,
Jena,04.01.2023,4,Crocus speciosus,no,no,no,,no,no,,,
Jena,04.01.2023,4,Eupatorium cannabinum,no,no,no,,no,y,100,,
Jena,04.01.2023,4,Veratrum album,no,no,no,,no,y,100,,
Jena,04.01.2023,4,Veratrum nigrum,no,no,no,,no,no,,,
Jena,04.01.2023,4,Vinca minor,no,no,no,,no,y,5,,
Jena,04.01.2023,4,Vincetoxicum hirundinaria,no,no,no,,no,y,100,,
Jena,04.01.2023,4,Galega officinalis,y,no,no,,no,no,,,
Jena,04.01.2023,4,Galium mollugo,y,y,no,,no,y,90,,
Jena,04.01.2023,4,Gaultheria shallon,no,no,no,,no,y,95,,
Jena,04.01.2023,4,Geranium sanguineum,no,no,no,,no,y,90,,
Jena,04.01.2023,4,Geum rivale,y,y,no,,no,y,60,,
Jena,04.01.2023,4,Gunnera manicata,no,no,no,,no,no,,covered artificial,
Jena,04.01.2023,4,Helichrysum arenarium,y,no,no,,no,y,60,,
Jena,04.01.2023,4,Helleborus niger,no,no,y,45,no,y,20,,
Jena,04.01.2023,4,Hemerocallis fulva,y,no,no,,no,no,,,
Jena,04.01.2023,4,Lathyrus pratensis,y,no,no,,no,y,100,,
Jena,04.01.2023,4,Lavandula angustifolia,no,no,no,,y,y,70,,
Jena,04.01.2023,4,Linum perenne,y,y,no,,no,y,100,,
Jena,04.01.2023,4,Lysichiton camtschatcensis,no,no,no,,no,y,100,,
Jena,04.01.2023,4,Paeonia delavayi,no,no,no,,no,y,100,,
Jena,04.01.2023,4,Paeonia mlokosewitschii,no,no,no,,no,y,100,,
Jena,04.01.2023,4,Paeonia officinalis,y,no,no,,no,y,100,,
Jena,04.01.2023,4,Paeonia peregrina,no,no,no,,no,y,100,,
Jena,04.01.2023,4,Petasites hybridus,no,no,no,,no,y,100,,
Jena,04.01.2023,4,Prunella grandiflora,no,no,no,,no,y,90,,
Jena,04.01.2023,4,Rheum palmatum,no,no,no,,no,y,100,,
Jena,04.01.2023,4,Rumex acetosa,y,y,no,,no,no,,,
Jena,04.01.2023,4,Salvia nemorosa,y,no,no,,no,no,,,
Jena,04.01.2023,4,Salvia pratensis,y,no,no,,no,no,,,
Jena,04.01.2023,4,Saxifraga paniculata,no,no,no,,no,y,20,,
Jena,04.01.2023,4,Scopolia carniolica,no,no,no,,no,no,,,
Jena,04.01.2023,4,Securigera varia,y,no,no,,no,no,,,
Jena,04.01.2023,4,Sempervivum tectorum,no,no,no,,no,y,95,,
Jena,04.01.2023,4,Senecio nemorensis,no,no,no,,no,no,,,
Jena,04.01.2023,4,Silene coronaria,no,no,no,,no,y,60,,
Jena,04.01.2023,4,Silene nutans,no,no,no,,no,y,60,,
Jena,04.01.2023,4,Solidago canadensis,no,no,no,,no,y,100,,
Jena,04.01.2023,4,Thalictrum minus,no,no,no,,no,y,100,,
Jena,12.01.2023,12,Achillea millefolium,y,y,no,,no,no,,,
Jena,12.01.2023,12,Aconitum lycoctonum,no,no,no,,no,y,100,,
Jena,12.01.2023,12,Actaea spicata,no,no,no,,no,y,100,,
Jena,12.01.2023,12,Agrimonia eupatoria,y,no,no,,no,no,,,
Jena,12.01.2023,12,Anemone nemorosa,no,no,no,,no,y,100,,
Jena,12.01.2023,12,Anemone pulsatilla,no,no,no,,no,no,,,
Jena,12.01.2023,12,Anemone sylvestris,y,no,no,,no,no,,,
Jena,12.01.2023,12,Antennaria dioica,no,no,no,,no,y,60,,
Jena,12.01.2023,12,Armoracia rusticana,y,y,no,,no,no,,,
Jena,12.01.2023,12,Asphodelus albus,u,no,no,,no,no,,,
Jena,12.01.2023,12,Brunnera macrophylla,no,no,no,,no,y,100,,
Jena,12.01.2023,12,Bunias orientalis Oeko,no,y,no,,no,no,,,
Jena,12.01.2023,12,Camassia cusickii,y,no,no,,no,no,,,
Jena,12.01.2023,12,Chelidonium majus,y,y,no,,no,no,,,
Jena,12.01.2023,12,Clematis recta,y,no,no,,no,no,,,
Jena,12.01.2023,12,Crocus speciosus,no,no,no,,no,no,,,
Jena,12.01.2023,12,Eupatorium cannabinum,no,no,no,,no,y,100,,
Jena,12.01.2023,12,Galega officinalis,y,no,no,,no,no,,,
Jena,12.01.2023,12,Galium mollugo,no,y,no,,no,no,,,
Jena,12.01.2023,12,Gaultheria shallon,no,no,no,,no,y,95,,
Jena,12.01.2023,12,Geranium sanguineum,y,no,no,,no,no,,,
Jena,12.01.2023,12,Geum rivale,no,no,no,,no,no,,,
Jena,12.01.2023,12,Gunnera manicata,no,no,no,,no,no,,covered artificial,
Jena,12.01.2023,12,Helichrysum arenarium,y,y,no,,no,no,,,
Jena,12.01.2023,12,Helleborus niger,no,no,y,40,no,y,20,,
Jena,12.01.2023,12,Hemerocallis fulva,y,no,no,,no,no,,,
Jena,12.01.2023,12,Hibiscus moscheutos,no,no,no,,no,y,100,,
Jena,12.01.2023,12,Iberis sempervirens,y,y,no,,no,no,,,
Jena,12.01.2023,12,Iris pseudacorus Wasser,no,no,no,,no,y,90,,
Jena,12.01.2023,12,Lamium album,no,no,no,,no,y,100,,
Jena,12.01.2023,12,Lathyrus pratensis,y,no,no,,no,no,,,
Jena,12.01.2023,12,Lavandula angustifolia,no,no,no,,y,y,70,,
Jena,12.01.2023,12,Linum perenne,no,y,no,,no,no,,,
Jena,12.01.2023,12,Lysichiton camtschatcensis,no,no,no,,no,y,100,,
Jena,12.01.2023,12,Paeonia delavayi,no,no,no,,no,y,100,,
Jena,12.01.2023,12,Paeonia mlokosewitschii,no,no,no,,no,no,,,
Jena,12.01.2023,12,Paeonia officinalis,no,no,no,,no,no,,,
Jena,12.01.2023,12,Paeonia peregrina,no,no,no,,no,y,100,,
Jena,12.01.2023,12,Petasites hybridus,y,no,no,,no,no,,,
Jena,12.01.2023,12,Prunella grandiflora,no,no,no,,no,y,90,,
Jena,12.01.2023,12,Rheum palmatum,no,no,no,,no,y,100,,
Jena,12.01.2023,12,Rheum rhabarbarum,y,no,no,,no,no,,,
Jena,12.01.2023,12,Rumex acetosa,y,y,no,,no,no,,,
Jena,12.01.2023,12,Salvia nemorosa,y,y,no,,no,no,,,
Jena,12.01.2023,12,Salvia pratensis,y,no,no,,no,no,,,
Jena,12.01.2023,12,Saxifraga paniculata,no,no,no,,no,y,10,,
Jena,12.01.2023,12,Scopolia carniolica,y,no,no,,no,no,,,
Jena,12.01.2023,12,Securigera varia,y,no,no,,no,no,,,
Jena,12.01.2023,12,Sempervivum tectorum,no,no,no,,no,y,95,,
Jena,12.01.2023,12,Senecio nemorensis,no,no,no,,no,no,,,
Jena,12.01.2023,12,Silene coronaria,no,no,no,,no,y,70,,
Jena,12.01.2023,12,Silene nutans,y,no,no,,no,no,,,
Jena,12.01.2023,12,Solidago canadensis,y,no,no,,no,no,,,
Jena,12.01.2023,12,Thalictrum minus,no,no,no,,no,y,100,,
Jena,12.01.2023,12,Veratrum album,no,no,no,,no,y,100,,
Jena,12.01.2023,12,Veratrum nigrum,no,no,no,,no,no,,,
Jena,12.01.2023,12,Vinca minor,no,no,no,,no,y,5,,
Jena,12.01.2023,12,Vincetoxicum hirundinaria,no,no,no,,no,y,100,,
Jena,19.01.2023,19,Asphodelus albus,no,no,no,,no,no,,,
Jena,19.01.2023,19,Brunnera macrophylla,no,no,no,,no,y,100,,
Jena,19.01.2023,19,Bunias orientalis Oeko,y,y,no,,no,no,,,
Jena,19.01.2023,19,Camassia cusickii,y,no,no,,no,no,,,
Jena,19.01.2023,19,Chelidonium majus,no,y,no,,no,no,,,
Jena,19.01.2023,19,Clematis recta,y,no,no,,no,no,,,
Jena,19.01.2023,19,Crocus speciosus,y,no,no,,no,no,,,
Jena,19.01.2023,19,Eupatorium cannabinum,no,no,no,,no,y,100,,
Jena,19.01.2023,19,Hibiscus moscheutos,no,no,no,,no,y,100,,
Jena,19.01.2023,19,Iberis sempervirens,no,y,no,,no,no,,,
Jena,19.01.2023,19,Iris pseudacorus Wasser,no,no,no,,no,y,90,,
Jena,19.01.2023,19,Lamium album,no,no,no,,no,y,100,,
Jena,19.01.2023,19,Lathyrus pratensis,y,no,no,,no,no,,,
Jena,19.01.2023,19,Lavandula angustifolia,no,no,no,,y,y,70,,
Jena,19.01.2023,19,Linum perenne,no,y,no,,no,no,,,
Jena,19.01.2023,19,Lysichiton camtschatcensis,no,no,no,,no,y,100,,
Jena,19.01.2023,19,Paeonia delavayi,no,no,no,,no,y,100,,
Jena,19.01.2023,19,Paeonia mlokosewitschii,no,no,no,,no,no,,,
Jena,19.01.2023,19,Paeonia officinalis,no,no,no,,no,no,,,
Jena,19.01.2023,19,Paeonia peregrina,no,no,no,,no,no,,,
Jena,19.01.2023,19,Petasites hybridus,no,no,no,,no,no,,,
Jena,19.01.2023,19,Prunella grandiflora,no,no,no,,no,y,90,,
Jena,19.01.2023,19,Rheum palmatum,no,no,no,,no,y,100,,
Jena,19.01.2023,19,Rheum rhabarbarum,y,no,no,,no,no,,,
Jena,19.01.2023,19,Rumex acetosa,no,no,no,,no,no,,,
Jena,19.01.2023,19,Salvia nemorosa,no,y,no,,no,no,,,
Jena,19.01.2023,19,Salvia pratensis,y,no,no,,no,no,,,
Jena,19.01.2023,19,Saxifraga paniculata,no,no,no,,no,y,15,,
Jena,19.01.2023,19,Scopolia carniolica,y,no,no,,no,no,,,
Jena,19.01.2023,19,Securigera varia,y,no,no,,no,no,,,
Jena,19.01.2023,19,Sempervivum tectorum,no,no,no,,no,y,95,,
Jena,19.01.2023,19,Senecio nemorensis,no,no,no,,no,no,,,
Jena,19.01.2023,19,Silene coronaria,no,no,no,,no,y,70,,
Jena,19.01.2023,19,Silene nutans,y,y,no,,no,no,,,
Jena,19.01.2023,19,Solidago canadensis,y,no,no,,no,no,,,
Jena,19.01.2023,19,Thalictrum minus,no,no,no,,no,y,100,,
Jena,19.01.2023,19,Veratrum album,no,no,no,,no,y,100,,
Jena,19.01.2023,19,Veratrum nigrum,no,no,no,,no,no,,,
Jena,19.01.2023,19,Vinca minor,no,no,no,,no,y,5,,
Jena,19.01.2023,19,Vincetoxicum hirundinaria,no,no,no,,no,y,100,,
Jena,19.01.2023,19,Achillea millefolium,y,y,no,,no,no,,,
Jena,19.01.2023,19,Aconitum lycoctonum,no,no,no,,no,y,100,,
Jena,19.01.2023,19,Actaea spicata,no,no,no,,no,y,100,,
Jena,19.01.2023,19,Agrimonia eupatoria,y,no,no,,no,no,,,
Jena,19.01.2023,19,Anemone nemorosa,no,no,no,,no,no,,,
Jena,19.01.2023,19,Anemone pulsatilla,no,no,no,,no,no,,,
Jena,19.01.2023,19,Anemone sylvestris,no,y,no,,no,no,,,
Jena,19.01.2023,19,Antennaria dioica,no,no,no,,no,y,60,,
Jena,19.01.2023,19,Armoracia rusticana,no,no,no,,no,no,,,
Jena,19.01.2023,19,Galega officinalis,y,y,no,,no,no,,,
Jena,19.01.2023,19,Galium mollugo,no,y,no,,no,no,,,
Jena,19.01.2023,19,Gaultheria shallon,no,no,no,,no,y,95,,
Jena,19.01.2023,19,Geranium sanguineum,no,y,no,,no,no,,,
Jena,19.01.2023,19,Geum rivale,y,y,no,,no,no,,,
Jena,19.01.2023,19,Gunnera manicata,no,no,no,,no,no,,covered artificial,
Jena,19.01.2023,19,Helichrysum arenarium,no,y,no,,no,no,,,
Jena,19.01.2023,19,Helleborus niger,no,no,y,30,no,no,,,
Jena,19.01.2023,19,Hemerocallis fulva,no,no,no,,no,no,,,
Jena,01.02.2023,32,Geum rivale,no,no,no,,no,no,,,covered with snow
Jena,01.02.2023,32,Gunnera manicata,no,no,no,,no,no,,,covered with snow
Jena,01.02.2023,32,Helichrysum arenarium,no,no,no,,no,no,,,covered with snow
Jena,01.02.2023,32,Helleborus niger,no,no,no,,no,no,,,covered with snow
Jena,01.02.2023,32,Hemerocallis fulva,no,no,no,,no,no,,,covered with snow
Jena,01.02.2023,32,Hibiscus moscheutos,no,no,no,,no,no,,,covered with snow
Jena,01.02.2023,32,Iberis sempervirens,no,no,no,,no,no,,,covered with snow
Jena,01.02.2023,32,Iris pseudacorus Wasser,no,no,no,,no,no,,,covered with snow
Jena,01.02.2023,32,Lamium album,no,no,no,,no,no,,,covered with snow
Jena,01.02.2023,32,Lathyrus pratensis,no,no,no,,no,no,,,covered with snow
Jena,01.02.2023,32,Lavandula angustifolia,no,no,no,,no,no,,,covered with snow
Jena,01.02.2023,32,Linum perenne,no,no,no,,no,no,,,covered with snow
Jena,01.02.2023,32,Lysichiton camtschatcensis,no,no,no,,no,no,,,covered with snow
Jena,01.02.2023,32,Paeonia delavayi,no,no,no,,no,no,,,covered with snow
Jena,01.02.2023,32,Paeonia mlokosewitschii,no,no,no,,no,no,,,covered with snow
Jena,01.02.2023,32,Paeonia officinalis,no,no,no,,no,no,,,covered with snow
Jena,01.02.2023,32,Paeonia peregrina,no,no,no,,no,no,,,covered with snow
Jena,01.02.2023,32,Petasites hybridus,no,no,no,,no,no,,,covered with snow
Jena,01.02.2023,32,Prunella grandiflora,no,no,no,,no,no,,,covered with snow
Jena,01.02.2023,32,Rheum palmatum,no,no,no,,no,no,,,covered with snow
Jena,01.02.2023,32,Rheum rhabarbarum,no,no,no,,no,no,,,covered with snow
Jena,01.02.2023,32,Rumex acetosa,no,no,no,,no,no,,,covered with snow
Jena,01.02.2023,32,Salvia nemorosa,no,no,no,,no,no,,,covered with snow
Jena,01.02.2023,32,Salvia pratensis,no,no,no,,no,no,,,covered with snow
Jena,01.02.2023,32,Saxifraga paniculata,no,no,no,,no,no,,,covered with snow
Jena,01.02.2023,32,Scopolia carniolica,no,no,no,,no,no,,,covered with snow
Jena,01.02.2023,32,Achillea millefolium,no,no,no,,no,no,,,covered with snow
Jena,01.02.2023,32,Aconitum lycoctonum,no,no,no,,no,no,,,covered with snow
Jena,01.02.2023,32,Actaea spicata,no,no,no,,no,no,,,covered with snow
Jena,01.02.2023,32,Agrimonia eupatoria,no,no,no,,no,no,,,covered with snow
Jena,01.02.2023,32,Anemone nemorosa,no,no,no,,no,no,,,covered with snow
Jena,01.02.2023,32,Anemone pulsatilla,no,no,no,,no,no,,,covered with snow
Jena,01.02.2023,32,Anemone sylvestris,no,no,no,,no,no,,,covered with snow
Jena,01.02.2023,32,Antennaria dioica,no,no,no,,no,no,,,covered with snow
Jena,01.02.2023,32,Armoracia rusticana,no,no,no,,no,no,,,covered with snow
Jena,01.02.2023,32,Asphodelus albus,no,no,no,,no,no,,,covered with snow
Jena,01.02.2023,32,Brunnera macrophylla,no,no,no,,no,no,,,covered with snow
Jena,01.02.2023,32,Bunias orientalis Oeko,no,no,no,,no,no,,,covered with snow
Jena,01.02.2023,32,Camassia cusickii,no,no,no,,no,no,,,covered with snow
Jena,01.02.2023,32,Chelidonium majus,no,no,no,,no,no,,,covered with snow
Jena,01.02.2023,32,Clematis recta,no,no,no,,no,no,,,covered with snow
Jena,01.02.2023,32,Crocus speciosus,no,no,no,,no,no,,,covered with snow
Jena,01.02.2023,32,Eupatorium cannabinum,no,no,no,,no,no,,,covered with snow
Jena,01.02.2023,32,Galega officinalis,no,no,no,,no,no,,,covered with snow
Jena,01.02.2023,32,Galium mollugo,no,no,no,,no,no,,,covered with snow
Jena,01.02.2023,32,Gaultheria shallon,no,no,no,,no,no,,,covered with snow
Jena,01.02.2023,32,Geranium sanguineum,no,no,no,,no,no,,,covered with snow
Jena,01.02.2023,32,Securigera varia,no,no,no,,no,no,,,covered with snow
Jena,01.02.2023,32,Sempervivum tectorum,no,no,no,,no,no,,,covered with snow
Jena,01.02.2023,32,Senecio nemorensis,no,no,no,,no,no,,,covered with snow
Jena,01.02.2023,32,Silene coronaria,no,no,no,,no,no,,,covered with snow
Jena,01.02.2023,32,Silene nutans,no,no,no,,no,no,,,covered with snow
Jena,01.02.2023,32,Solidago canadensis,no,no,no,,no,no,,,covered with snow
Jena,01.02.2023,32,Thalictrum minus,no,no,no,,no,no,,,covered with snow
Jena,01.02.2023,32,Veratrum album,no,no,no,,no,no,,,covered with snow
Jena,01.02.2023,32,Veratrum nigrum,no,no,no,,no,no,,,covered with snow
Jena,01.02.2023,32,Vinca minor,no,no,no,,no,no,,,covered with snow
Jena,01.02.2023,32,Vincetoxicum hirundinaria,no,no,no,,no,no,,,covered with snow
Jena,01.02.2023,32,Lamium album,no,no,no,,no,no,,,
Jena,01.02.2023,32,Lathyrus pratensis,y,no,no,,no,no,,,
Jena,01.02.2023,32,Lavandula angustifolia,no,no,no,,y,y,70,,
Jena,01.02.2023,32,Linum perenne,no,y,no,,no,no,,,
Jena,01.02.2023,32,Lysichiton camtschatcensis,no,no,no,,no,no,,,
Jena,01.02.2023,32,Paeonia delavayi,y,no,no,,no,no,,,
Jena,01.02.2023,32,Paeonia mlokosewitschii,no,no,no,,no,no,,,
Jena,01.02.2023,32,Paeonia officinalis,no,no,no,,no,no,,,
Jena,01.02.2023,32,Paeonia peregrina,no,no,no,,no,no,,,
Jena,01.02.2023,32,Petasites hybridus,y,no,no,,no,no,,,
Jena,01.02.2023,32,Prunella grandiflora,no,no,no,,no,y,90,,
Jena,01.02.2023,32,Rheum palmatum,no,no,no,,no,no,,,
Jena,01.02.2023,32,Rheum rhabarbarum,y,no,no,,no,no,,,
Jena,01.02.2023,32,Rumex acetosa,y,no,no,,no,no,,,
Jena,01.02.2023,32,Salvia nemorosa,y,no,no,,no,no,,,
Jena,01.02.2023,32,Salvia pratensis,y,no,no,,no,no,,,
Jena,01.02.2023,32,Saxifraga paniculata,no,no,no,,no,y,15,,
Jena,01.02.2023,32,Scopolia carniolica,no,no,no,,no,no,,,
Jena,01.02.2023,32,Securigera varia,y,no,no,,no,no,,,
Jena,01.02.2023,32,Achillea millefolium,no,y,no,,no,no,,,
Jena,01.02.2023,32,Aconitum lycoctonum,no,no,no,,no,no,,,
Jena,01.02.2023,32,Actaea spicata,no,no,no,,no,no,,,
Jena,01.02.2023,32,Agrimonia eupatoria,y,no,no,,no,no,,,
Jena,01.02.2023,32,Anemone nemorosa,no,no,no,,no,no,,,
Jena,01.02.2023,32,Anemone pulsatilla,no,no,no,,no,no,,,
Jena,01.02.2023,32,Anemone sylvestris,y,no,no,,no,no,,,
Jena,01.02.2023,32,Antennaria dioica,no,no,no,,no,no,,,
Jena,01.02.2023,32,Armoracia rusticana,no,no,no,,no,no,,,
Jena,01.02.2023,32,Asphodelus albus,y,no,no,,no,no,,,
Jena,01.02.2023,32,Brunnera macrophylla,y,no,no,,no,no,,,
Jena,01.02.2023,32,Bunias orientalis Oeko,no,y,no,,no,no,,,
Jena,01.02.2023,32,Camassia cusickii,y,no,no,,no,no,,,
Jena,01.02.2023,32,Chelidonium majus,y,y,no,,no,no,,,
Jena,01.02.2023,32,Clematis recta,y,no,no,,no,no,,,
Jena,01.02.2023,32,Crocus speciosus,y,no,no,,no,no,,,
Jena,01.02.2023,32,Eupatorium cannabinum,no,no,no,,no,no,,,
Jena,01.02.2023,32,Galega officinalis,no,y,no,,no,no,,,
Jena,01.02.2023,32,Galium mollugo,y,y,no,,no,no,,,
Jena,01.02.2023,32,Gaultheria shallon,no,no,no,,no,y,95,,
Jena,01.02.2023,32,Geranium sanguineum,no,no,no,,no,no,,,
Jena,01.02.2023,32,Geum rivale,y,y,no,,no,no,,,
Jena,01.02.2023,32,Gunnera manicata,no,no,no,,no,no,,covered artificial,
Jena,01.02.2023,32,Helichrysum arenarium,y,no,no,,no,no,,,
Jena,01.02.2023,32,Helleborus niger,no,no,y,40,no,no,,,
Jena,01.02.2023,32,Hemerocallis fulva,no,no,no,,no,no,,,
Jena,01.02.2023,32,Hibiscus moscheutos,no,no,no,,no,no,,,
Jena,01.02.2023,32,Iberis sempervirens,no,y,no,,no,no,,,
Jena,01.02.2023,32,Iris pseudacorus Wasser,no,no,no,,no,no,,,
Jena,01.02.2023,32,Sempervivum tectorum,no,no,no,,no,y,95,,
Jena,01.02.2023,32,Senecio nemorensis,no,no,no,,no,no,,,
Jena,01.02.2023,32,Silene coronaria,no,no,no,,no,y,70,,
Jena,01.02.2023,32,Silene nutans,no,y,no,,no,no,,,
Jena,01.02.2023,32,Solidago canadensis,y,y,no,,no,no,,,
Jena,01.02.2023,32,Thalictrum minus,no,no,no,,no,no,,,
Jena,01.02.2023,32,Veratrum album,no,no,no,,no,no,,,
Jena,01.02.2023,32,Veratrum nigrum,no,no,no,,no,no,,,
Jena,01.02.2023,32,Vinca minor,no,no,no,,no,y,5,,
Jena,01.02.2023,32,Vincetoxicum hirundinaria,no,no,no,,no,no,,,
Jena,08.02.2023,39,Silene coronaria,no,no,no,,no,y,70,,
Jena,08.02.2023,39,Silene nutans,no,no,no,,no,no,,,
Jena,08.02.2023,39,Solidago canadensis,no,no,no,,no,no,,,
Jena,08.02.2023,39,Achillea millefolium,no,y,no,,no,no,,,
Jena,08.02.2023,39,Aconitum lycoctonum,no,no,no,,no,no,,,
Jena,08.02.2023,39,Actaea spicata,no,no,no,,no,no,,,
Jena,08.02.2023,39,Agrimonia eupatoria,y,y,no,,no,no,,,
Jena,08.02.2023,39,Anemone nemorosa,no,no,no,,no,no,,,
Jena,08.02.2023,39,Anemone pulsatilla,no,no,no,,no,no,,,
Jena,08.02.2023,39,Anemone sylvestris,no,no,no,,no,no,,,
Jena,08.02.2023,39,Antennaria dioica,no,no,no,,no,no,,,
Jena,08.02.2023,39,Armoracia rusticana,no,no,no,,no,no,,,
Jena,08.02.2023,39,Asphodelus albus,no,no,no,,no,no,,,
Jena,08.02.2023,39,Brunnera macrophylla,no,no,no,,no,no,,,
Jena,08.02.2023,39,Bunias orientalis Oeko,no,no,no,,no,no,,,
Jena,08.02.2023,39,Camassia cusickii,y,no,no,,no,no,,,
Jena,08.02.2023,39,Chelidonium majus,no,y,no,,no,no,,,
Jena,08.02.2023,39,Clematis recta,no,no,no,,no,no,,,
Jena,08.02.2023,39,Crocus speciosus,y,no,no,,no,no,,,
Jena,08.02.2023,39,Eupatorium cannabinum,no,no,no,,no,no,,,
Jena,08.02.2023,39,Galega officinalis,no,y,no,,no,no,,,
Jena,08.02.2023,39,Galium mollugo,no,y,no,,no,no,,,
Jena,08.02.2023,39,Gaultheria shallon,no,no,no,,no,y,95,,
Jena,08.02.2023,39,Geranium sanguineum,no,no,no,,no,no,,,
Jena,08.02.2023,39,Geum rivale,no,no,no,,no,no,,,Frost
Jena,08.02.2023,39,Gunnera manicata,no,no,no,,no,no,,covered artificial,
Jena,08.02.2023,39,Helichrysum arenarium,no,no,no,,no,no,,,
Jena,08.02.2023,39,Helleborus niger,no,no,y,35,no,no,,,
Jena,08.02.2023,39,Hemerocallis fulva,no,no,no,,no,no,,,
Jena,08.02.2023,39,Hibiscus moscheutos,no,no,no,,no,no,,,
Jena,08.02.2023,39,Iberis sempervirens,no,no,no,,no,no,,,
Jena,08.02.2023,39,Iris pseudacorus Wasser,no,no,no,,no,no,,,
Jena,08.02.2023,39,Lamium album,no,no,no,,no,no,,,
Jena,08.02.2023,39,Lathyrus pratensis,no,no,no,,no,no,,,
Jena,08.02.2023,39,Lavandula angustifolia,no,no,no,,y,y,70,,
Jena,08.02.2023,39,Linum perenne,no,y,no,,no,no,,,
Jena,08.02.2023,39,Lysichiton camtschatcensis,no,no,no,,no,no,,,
Jena,08.02.2023,39,Paeonia delavayi,y,no,no,,no,no,,,
Jena,08.02.2023,39,Paeonia mlokosewitschii,no,no,no,,no,no,,,
Jena,08.02.2023,39,Paeonia officinalis,no,no,no,,no,no,,,
Jena,08.02.2023,39,Paeonia peregrina,no,no,no,,no,no,,,
Jena,08.02.2023,39,Petasites hybridus,no,no,no,,no,no,,,
Jena,08.02.2023,39,Prunella grandiflora,no,no,no,,no,y,90,,
Jena,08.02.2023,39,Rheum palmatum,no,no,no,,no,no,,,
Jena,08.02.2023,39,Rheum rhabarbarum,no,no,no,,no,no,,,
Jena,08.02.2023,39,Rumex acetosa,no,no,no,,no,no,,,
Jena,08.02.2023,39,Salvia nemorosa,no,no,no,,no,no,,,
Jena,08.02.2023,39,Salvia pratensis,y,no,no,,no,no,,,
Jena,08.02.2023,39,Saxifraga paniculata,no,no,no,,no,y,15,,
Jena,08.02.2023,39,Scopolia carniolica,y,no,no,,no,no,,,
Jena,08.02.2023,39,Securigera varia,no,no,no,,no,no,,,
Jena,08.02.2023,39,Sempervivum tectorum,no,no,no,,no,y,95,,
Jena,08.02.2023,39,Senecio nemorensis,no,no,no,,no,no,,,
Jena,08.02.2023,39,Thalictrum minus,no,no,no,,no,no,,,
Jena,08.02.2023,39,Veratrum album,no,no,no,,no,no,,,
Jena,08.02.2023,39,Veratrum nigrum,no,no,no,,no,no,,,
Jena,08.02.2023,39,Vinca minor,no,no,no,,no,y,5,,
Jena,08.02.2023,39,Vincetoxicum hirundinaria,no,no,no,,no,no,,,
Jena,15.02.2023,46,Achillea millefolium,no,y,no,,no,no,,,
Jena,15.02.2023,46,Aconitum lycoctonum,no,no,no,,no,no,,,
Jena,15.02.2023,46,Actaea spicata,no,no,no,,no,no,,,
Jena,15.02.2023,46,Agrimonia eupatoria,y,y,no,,no,no,,,
Jena,15.02.2023,46,Anemone nemorosa,no,no,no,,no,no,,,Schwierig von ranunculoides zu unterscheiden
Jena,15.02.2023,46,Anemone pulsatilla,y,no,no,,no,no,,,
Jena,15.02.2023,46,Anemone sylvestris,no,no,no,,no,y,95,,
Jena,15.02.2023,46,Antennaria dioica,no,no,no,,no,no,,,
Jena,15.02.2023,46,Armoracia rusticana,no,no,no,,no,no,,,
Jena,15.02.2023,46,Asphodelus albus,y,no,no,,no,no,,,
Jena,15.02.2023,46,Brunnera macrophylla,y,no,no,,no,no,,,
Jena,15.02.2023,46,Bunias orientalis Oeko,no,no,no,,no,no,,,
Jena,15.02.2023,46,Camassia cusickii,no,no,no,,no,no,,,
Jena,15.02.2023,46,Chelidonium majus,no,y,no,,no,no,,,
Jena,15.02.2023,46,Clematis recta,no,no,no,,no,no,,,
Jena,15.02.2023,46,Crocus speciosus,y,no,no,,no,no,,,
Jena,15.02.2023,46,Eupatorium cannabinum,no,no,no,,no,no,,,
Jena,15.02.2023,46,Galega officinalis,no,y,no,,no,no,,,
Jena,15.02.2023,46,Galium mollugo,no,y,no,,no,no,,,
Jena,15.02.2023,46,Gaultheria shallon,no,no,no,,no,y,95,,
Jena,15.02.2023,46,Geranium sanguineum,y,no,no,,no,no,,,
Jena,15.02.2023,46,Geum rivale,y,no,no,,no,no,,,
Jena,15.02.2023,46,Gunnera manicata,no,no,no,,no,no,,covered artificial,
Jena,15.02.2023,46,Helichrysum arenarium,y,no,no,,no,no,,,
Jena,15.02.2023,46,Helleborus niger,no,no,y,45,no,no,,,
Jena,15.02.2023,46,Hemerocallis fulva,no,no,no,,no,no,,,
Jena,15.02.2023,46,Hibiscus moscheutos,no,no,no,,no,no,,,
Jena,15.02.2023,46,Iberis sempervirens,y,no,no,,no,no,,,
Jena,15.02.2023,46,Iris pseudacorus Wasser,no,no,no,,no,no,,,
Jena,15.02.2023,46,Lamium album,no,no,no,,no,no,,,
Jena,15.02.2023,46,Lathyrus pratensis,y,no,no,,no,no,,,
Jena,15.02.2023,46,Lavandula angustifolia,no,no,no,,y,y,70,,
Jena,15.02.2023,46,Linum perenne,no,y,no,,no,no,,,
Jena,15.02.2023,46,Lysichiton camtschatcensis,no,no,no,,no,no,,,
Jena,15.02.2023,46,Paeonia delavayi,y,no,no,,no,no,,,
Jena,15.02.2023,46,Paeonia mlokosewitschii,no,no,no,,no,no,,,
Jena,15.02.2023,46,Paeonia officinalis,no,no,no,,no,no,,,First buds
Jena,15.02.2023,46,Paeonia peregrina,y,no,no,,no,no,,,First buds
Jena,15.02.2023,46,Petasites hybridus,no,no,no,,no,no,,,
Jena,15.02.2023,46,Prunella grandiflora,no,no,no,,no,y,100,,
Jena,15.02.2023,46,Rheum palmatum,no,no,no,,no,no,,,
Jena,15.02.2023,46,Rheum rhabarbarum,no,no,no,,no,no,,,
Jena,15.02.2023,46,Rumex acetosa,no,no,no,,no,no,,,
Jena,15.02.2023,46,Salvia nemorosa,y,no,no,,no,no,,,
Jena,15.02.2023,46,Salvia pratensis,y,no,no,,no,no,,,
Jena,15.02.2023,46,Saxifraga paniculata,no,no,no,,no,y,15,,
Jena,15.02.2023,46,Scopolia carniolica,y,no,no,,no,no,,,
Jena,15.02.2023,46,Securigera varia,no,no,no,,no,no,,,
Jena,15.02.2023,46,Sempervivum tectorum,no,no,no,,no,y,95,,
Jena,15.02.2023,46,Senecio nemorensis,no,no,no,,no,no,,,
Jena,15.02.2023,46,Silene coronaria,no,no,no,,no,y,70,,
Jena,15.02.2023,46,Silene nutans,no,no,no,,no,y,70,,
Jena,15.02.2023,46,Solidago canadensis,no,no,no,,no,no,,,
Jena,15.02.2023,46,Thalictrum minus,no,no,no,,no,no,,,
Jena,15.02.2023,46,Veratrum album,no,no,no,,no,no,,,
Jena,15.02.2023,46,Veratrum nigrum,no,no,no,,no,no,,,
Jena,15.02.2023,46,Vinca minor,no,no,y,5,no,no,,,
Jena,15.02.2023,46,Vincetoxicum hirundinaria,no,no,no,,no,no,,,
Jena,22.02.2023,53,Achillea millefolium,no,y,no,,no,no,,,
Jena,22.02.2023,53,Aconitum lycoctonum,no,no,no,,no,no,,,
Jena,22.02.2023,53,Actaea spicata,y,no,no,,no,no,,,
Jena,22.02.2023,53,Agrimonia eupatoria,no,y,no,,no,no,,,
Jena,22.02.2023,53,Anemone nemorosa,no,no,no,,no,no,,,
Jena,22.02.2023,53,Anemone pulsatilla,y,no,no,,no,no,,,
Jena,22.02.2023,53,Anemone sylvestris,no,no,no,,no,no,,,
Jena,22.02.2023,53,Antennaria dioica,no,no,no,,no,no,,,
Jena,22.02.2023,53,Armoracia rusticana,no,no,no,,no,no,,,
Jena,22.02.2023,53,Asphodelus albus,no,no,no,,no,no,,,
Jena,22.02.2023,53,Brunnera macrophylla,y,y,no,,no,no,,,
Jena,22.02.2023,53,Bunias orientalis Oeko,no,y,no,,no,no,,,
Jena,22.02.2023,53,Camassia cusickii,no,no,no,,no,no,,,
Jena,22.02.2023,53,Chelidonium majus,no,y,no,,no,no,,,
Jena,22.02.2023,53,Clematis recta,y,no,no,,no,no,,,
Jena,22.02.2023,53,Crocus speciosus,y,no,no,,no,no,,,
Jena,22.02.2023,53,Eupatorium cannabinum,no,no,no,,no,no,,,
Jena,22.02.2023,53,Galega officinalis,y,y,no,,no,no,,,
Jena,22.02.2023,53,Galium mollugo,no,y,no,,no,no,,,
Jena,22.02.2023,53,Gaultheria shallon,no,no,no,,no,y,95,,
Jena,22.02.2023,53,Geranium sanguineum,no,y,no,,no,no,,,
Jena,22.02.2023,53,Geum rivale,no,y,no,,no,no,,,
Jena,22.02.2023,53,Gunnera manicata,no,no,no,,no,no,,covered artificial,
Jena,22.02.2023,53,Helichrysum arenarium,no,y,no,,no,no,,,
Jena,22.02.2023,53,Helleborus niger,no,no,y,30,no,no,,,
Jena,22.02.2023,53,Hemerocallis fulva,no,no,no,,no,no,,,
Jena,22.02.2023,53,Hibiscus moscheutos,no,no,no,,no,no,,,
Jena,22.02.2023,53,Iberis sempervirens,no,y,no,,no,no,,,
Jena,22.02.2023,53,Iris pseudacorus Wasser,no,no,no,,no,no,,,
Jena,22.02.2023,53,Lamium album,y,no,no,,no,no,,,
Jena,22.02.2023,53,Lathyrus pratensis,y,no,no,,no,no,,,
Jena,22.02.2023,53,Lavandula angustifolia,no,no,no,,no,no,,,
Jena,22.02.2023,53,Linum perenne,no,no,no,,no,no,,,
Jena,22.02.2023,53,Lysichiton camtschatcensis,no,no,no,,no,no,,,
Jena,22.02.2023,53,Paeonia delavayi,y,no,no,,no,no,,,
Jena,22.02.2023,53,Paeonia mlokosewitschii,y,no,no,,no,no,,,
Jena,22.02.2023,53,Paeonia officinalis,no,no,no,,no,no,,,
Jena,22.02.2023,53,Paeonia peregrina,y,no,no,,no,no,,,
Jena,22.02.2023,53,Petasites hybridus,no,no,y,5,no,no,,,
Jena,22.02.2023,53,Prunella grandiflora,no,no,no,,no,no,,,
Jena,22.02.2023,53,Rheum palmatum,no,no,no,,no,no,,,
Jena,22.02.2023,53,Rheum rhabarbarum,no,no,no,,no,no,,,
Jena,22.02.2023,53,Rumex acetosa,y,y,no,,no,no,,,
Jena,22.02.2023,53,Salvia nemorosa,y,no,no,,no,no,,,
Jena,22.02.2023,53,Salvia pratensis,no,no,no,,no,no,,,
Jena,22.02.2023,53,Saxifraga paniculata,y,no,no,,no,no,,,
Jena,22.02.2023,53,Scopolia carniolica,y,no,no,,no,no,,,
Jena,22.02.2023,53,Securigera varia,y,no,no,,no,no,,,
Jena,22.02.2023,53,Sempervivum tectorum,y,no,no,,no,no,,,
Jena,22.02.2023,53,Senecio nemorensis,no,no,no,,no,no,,,
Jena,22.02.2023,53,Silene coronaria,y,no,no,,no,no,,,
Jena,22.02.2023,53,Silene nutans,y,y,no,,no,no,,,
Jena,22.02.2023,53,Solidago canadensis,no,y,no,,no,no,,,
Jena,22.02.2023,53,Thalictrum minus,no,no,no,,no,no,,,
Jena,22.02.2023,53,Veratrum album,no,no,no,,no,no,,,
Jena,22.02.2023,53,Veratrum nigrum,no,no,no,,no,no,,,
Jena,22.02.2023,53,Vinca minor,y,no,no,,no,no,,,
Jena,22.02.2023,53,Vincetoxicum hirundinaria,no,no,no,,no,no,,,
Jena,01.03.2023,60,Achillea millefolium,no,no,no,,no,no,,,
Jena,01.03.2023,60,Aconitum lycoctonum,no,no,no,,no,no,,,
Jena,01.03.2023,60,Actaea spicata,y,no,no,,no,no,,,
Jena,01.03.2023,60,Agrimonia eupatoria,no,y,no,,no,no,,,
Jena,01.03.2023,60,Anemone nemorosa,y,no,no,,no,no,,,
Jena,01.03.2023,60,Anemone pulsatilla,no,no,no,,no,no,,,
Jena,01.03.2023,60,Anemone sylvestris,y,no,no,,no,no,,,
Jena,01.03.2023,60,Antennaria dioica,no,no,no,,no,no,,,
Jena,01.03.2023,60,Armoracia rusticana,y,no,no,,no,no,,,
Jena,01.03.2023,60,Asphodelus albus,y,no,no,,no,no,,,
Jena,01.03.2023,60,Brunnera macrophylla,y,y,no,,no,no,,,
Jena,01.03.2023,60,Bunias orientalis Oeko,no,y,no,,no,no,,,Neuer Standort Ökologie Neophytenanlage
Jena,01.03.2023,60,Camassia cusickii,no,y,no,,no,no,,,
Jena,01.03.2023,60,Chelidonium majus,y,no,no,,no,no,,,
Jena,01.03.2023,60,Clematis recta,no,no,no,,no,no,,,
Jena,01.03.2023,60,Crocus speciosus,y,y,no,,no,no,,,
Jena,01.03.2023,60,Eupatorium cannabinum,no,no,no,,no,no,,,
Jena,01.03.2023,60,Galega officinalis,no,y,no,,no,no,,,
Jena,01.03.2023,60,Galium mollugo,no,y,no,,no,no,,,
Jena,01.03.2023,60,Gaultheria shallon,no,no,no,,no,y,95,,
Jena,01.03.2023,60,Geranium sanguineum,no,y,no,,no,no,,,
Jena,01.03.2023,60,Geum rivale,no,y,no,,no,no,,,
Jena,01.03.2023,60,Gunnera manicata,m,no,no,,no,no,,covered artificial,
Jena,01.03.2023,60,Helichrysum arenarium,no,y,no,,no,no,,,
Jena,01.03.2023,60,Helleborus niger,no,no,y,40,no,no,,,
Jena,01.03.2023,60,Hemerocallis fulva,no,y,no,,no,no,,,
Jena,01.03.2023,60,Hibiscus moscheutos,no,no,no,,no,no,,,
Jena,01.03.2023,60,Iberis sempervirens,y,y,no,,no,no,,,
Jena,01.03.2023,60,Iris pseudacorus Wasser,no,no,no,,no,no,,,
Jena,01.03.2023,60,Lamium album,y,y,no,,no,no,,,
Jena,01.03.2023,60,Lathyrus pratensis,y,y,no,,no,no,,,
Jena,01.03.2023,60,Lavandula angustifolia,no,no,no,,no,no,,,
Jena,01.03.2023,60,Linum perenne,no,no,no,,no,no,,,
Jena,01.03.2023,60,Lysichiton camtschatcensis,no,no,no,,no,no,,,
Jena,01.03.2023,60,Paeonia delavayi,no,no,no,,no,no,,,
Jena,01.03.2023,60,Paeonia mlokosewitschii,no,no,no,,no,no,,,
Jena,01.03.2023,60,Paeonia officinalis,no,no,no,,no,no,,,
Jena,01.03.2023,60,Paeonia peregrina,y,no,no,,no,no,,,
Jena,01.03.2023,60,Petasites hybridus,y,no,y,15,no,no,,,
Jena,01.03.2023,60,Prunella grandiflora,no,no,no,,no,no,,,
Jena,01.03.2023,60,Rheum palmatum,no,no,no,,no,no,,,
Jena,01.03.2023,60,Rheum rhabarbarum,no,no,no,,no,no,,,
Jena,01.03.2023,60,Rumex acetosa,y,no,no,,no,no,,,
Jena,01.03.2023,60,Salvia nemorosa,y,no,no,,no,no,,,
Jena,01.03.2023,60,Salvia pratensis,y,no,no,,no,no,,,
Jena,01.03.2023,60,Saxifraga paniculata,y,y,no,,no,no,,,
Jena,01.03.2023,60,Scopolia carniolica,y,no,no,,no,no,,,
Jena,01.03.2023,60,Securigera varia,y,no,no,,no,no,,,
Jena,01.03.2023,60,Sempervivum tectorum,y,no,no,,no,no,,,
Jena,01.03.2023,60,Senecio nemorensis,no,no,no,,no,no,,,
Jena,01.03.2023,60,Silene coronaria,no,no,no,,no,no,,,
Jena,01.03.2023,60,Silene nutans,no,y,no,,no,no,,,
Jena,01.03.2023,60,Solidago canadensis,no,y,no,,no,no,,,
Jena,01.03.2023,60,Thalictrum minus,no,no,no,,no,no,,,
Jena,01.03.2023,60,Veratrum album,no,no,no,,no,no,,,
Jena,01.03.2023,60,Veratrum nigrum,y,no,no,,no,no,,,
Jena,01.03.2023,60,Vinca minor,y,no,no,,no,no,,,
Jena,01.03.2023,60,Vincetoxicum hirundinaria,no,no,no,,no,no,,,
Jena,09.03.2023,68,Achillea millefolium,no,no,no,,no,no,,,
Jena,09.03.2023,68,Aconitum lycoctonum,y,no,no,,no,no,,,
Jena,09.03.2023,68,Actaea spicata,no,no,no,,no,no,,,
Jena,09.03.2023,68,Agrimonia eupatoria,y,y,no,,no,no,,,
Jena,09.03.2023,68,Anemone nemorosa,y,no,no,,no,no,,,
Jena,09.03.2023,68,Anemone pulsatilla,no,no,no,,no,no,,,
Jena,09.03.2023,68,Anemone sylvestris,y,no,no,,no,no,,,
Jena,09.03.2023,68,Antennaria dioica,no,no,no,,no,no,,,
Jena,09.03.2023,68,Armoracia rusticana,no,no,no,,no,no,,,
Jena,09.03.2023,68,Asphodelus albus,no,no,no,,no,no,,,
Jena,09.03.2023,68,Brunnera macrophylla,y,y,no,,no,no,,,
Jena,09.03.2023,68,Camassia cusickii,no,no,no,,no,no,,,
Jena,09.03.2023,68,Chelidonium majus,y,y,no,,no,no,,,
Jena,09.03.2023,68,Clematis recta,no,no,no,,no,no,,,
Jena,09.03.2023,68,Crocus speciosus,no,y,no,,no,no,,,
Jena,09.03.2023,68,Eupatorium cannabinum,no,no,no,,no,no,,,
Jena,09.03.2023,68,Galega officinalis,y,y,no,,no,no,,,
Jena,09.03.2023,68,Galium mollugo,no,no,no,,no,no,,,
Jena,09.03.2023,68,Gaultheria shallon,no,no,no,,no,y,95,,
Jena,09.03.2023,68,Geranium sanguineum,y,y,no,,no,no,,,
Jena,09.03.2023,68,Geum rivale,no,y,no,,no,no,,,
Jena,09.03.2023,68,Gunnera manicata,no,no,no,,no,no,,,
Jena,09.03.2023,68,Helichrysum arenarium,no,y,no,,no,no,,,
Jena,09.03.2023,68,Helleborus niger,no,no,y,25,no,no,,,
Jena,09.03.2023,68,Hemerocallis fulva,no,y,no,,no,no,,,
Jena,09.03.2023,68,Hibiscus moscheutos,no,no,no,,no,no,,,
Jena,09.03.2023,68,Iberis sempervirens,no,y,no,,no,no,,,
Jena,09.03.2023,68,Iris pseudacorus Wasser,no,no,no,,no,no,,,
Jena,09.03.2023,68,Lamium album,y,y,no,,no,no,,,
Jena,09.03.2023,68,Lathyrus pratensis,y,y,no,,no,no,,,
Jena,09.03.2023,68,Lavandula angustifolia,no,no,no,,no,no,,,
Jena,09.03.2023,68,Linum perenne,no,no,no,,no,no,,,
Jena,09.03.2023,68,Lysichiton camtschatcensis,no,no,no,,no,no,,,
Jena,09.03.2023,68,Paeonia delavayi,no,no,no,,no,no,,,
Jena,09.03.2023,68,Paeonia mlokosewitschii,no,no,no,,no,no,,,
Jena,09.03.2023,68,Paeonia officinalis,y,no,no,,no,no,,,
Jena,09.03.2023,68,Paeonia peregrina,no,no,no,,no,no,,,
Jena,09.03.2023,68,Petasites hybridus,y,no,y,20,no,no,,,
Jena,09.03.2023,68,Prunella grandiflora,y,no,no,,no,no,,,
Jena,09.03.2023,68,Rheum palmatum,y,no,no,,no,no,,,
Jena,09.03.2023,68,Rheum rhabarbarum,no,no,no,,no,no,,,
Jena,09.03.2023,68,Rumex acetosa,y,y,no,,no,no,,,
Jena,09.03.2023,68,Salvia nemorosa,no,y,no,,no,no,,,
Jena,09.03.2023,68,Salvia pratensis,no,y,no,,no,no,,,
Jena,09.03.2023,68,Saxifraga paniculata,no,y,no,,no,no,,,
Jena,09.03.2023,68,Scopolia carniolica,y,no,no,,no,no,,,
Jena,09.03.2023,68,Securigera varia,y,no,no,,no,no,,,
Jena,09.03.2023,68,Sempervivum tectorum,y,y,no,,no,no,,,
Jena,09.03.2023,68,Senecio nemorensis,y,no,no,,no,no,,,
Jena,09.03.2023,68,Silene coronaria,y,no,no,,no,no,,,
Jena,09.03.2023,68,Silene nutans,y,y,no,,no,no,,,
Jena,09.03.2023,68,Solidago canadensis,no,y,no,,no,no,,,
Jena,09.03.2023,68,Thalictrum minus,no,no,no,,no,no,,,
Jena,09.03.2023,68,Veratrum album,no,no,no,,no,no,,,
Jena,09.03.2023,68,Veratrum nigrum,y,no,no,,no,no,,,
Jena,09.03.2023,68,Vinca minor,y,no,no,,no,no,,,
Jena,09.03.2023,68,Vincetoxicum hirundinaria,no,no,no,,no,no,,,
Jena,14.03.2023,73,Achillea millefolium,no,no,no,,no,no,,,
Jena,14.03.2023,73,Aconitum lycoctonum,y,no,no,,no,no,,,
Jena,14.03.2023,73,Actaea spicata,no,no,no,,no,no,,,
Jena,14.03.2023,73,Agrimonia eupatoria,no,y,no,,no,no,,,
Jena,14.03.2023,73,Anemone nemorosa,y,no,no,,no,no,,,
Jena,14.03.2023,73,Anemone pulsatilla,no,no,y,10,no,no,,,
Jena,14.03.2023,73,Anemone sylvestris,no,no,no,,no,no,,,
Jena,14.03.2023,73,Antennaria dioica,no,no,no,,no,no,,,
Jena,14.03.2023,73,Armoracia rusticana,no,y,no,,no,no,,,
Jena,14.03.2023,73,Asphodelus albus,y,no,no,,no,no,,,
Jena,14.03.2023,73,Brunnera macrophylla,no,y,no,,no,no,,,
Jena,14.03.2023,73,Camassia cusickii,no,no,no,,no,no,,,
Jena,14.03.2023,73,Chelidonium majus,no,y,no,,no,no,,,
Jena,14.03.2023,73,Clematis recta,no,no,no,,no,no,,,
Jena,14.03.2023,73,Crocus speciosus,y,y,no,,no,no,,,
Jena,14.03.2023,73,Eupatorium cannabinum,y,no,no,,no,no,,,
Jena,14.03.2023,73,Galega officinalis,no,y,no,,no,no,,,
Jena,14.03.2023,73,Galium mollugo,no,y,no,,no,no,,,
Jena,14.03.2023,73,Gaultheria shallon,no,no,no,,no,y,95,,
Jena,14.03.2023,73,Geranium sanguineum,no,y,no,,no,no,,,
Jena,14.03.2023,73,Geum rivale,y,y,no,,no,no,,,
Jena,14.03.2023,73,Gunnera manicata,y,no,no,,no,no,,,
Jena,14.03.2023,73,Helichrysum arenarium,no,no,no,,no,no,,,
Jena,14.03.2023,73,Helleborus niger,no,no,y,5,no,no,,,
Jena,14.03.2023,73,Hemerocallis fulva,no,no,no,,no,no,,,
Jena,14.03.2023,73,Hibiscus moscheutos,no,no,no,,no,no,,,
Jena,14.03.2023,73,Iberis sempervirens,no,no,no,,no,no,,,
Jena,14.03.2023,73,Iris pseudacorus Wasser,y,no,no,,no,no,,,
Jena,14.03.2023,73,Lamium album,no,y,no,,no,no,,,
Jena,14.03.2023,73,Lathyrus pratensis,no,y,no,,no,no,,,
Jena,14.03.2023,73,Lavandula angustifolia,no,no,no,,no,no,,,
Jena,14.03.2023,73,Linum perenne,y,y,no,,no,no,,,
Jena,14.03.2023,73,Lysichiton camtschatcensis,no,no,no,,no,no,,,
Jena,14.03.2023,73,Paeonia delavayi,no,no,no,,no,no,,,
Jena,14.03.2023,73,Paeonia mlokosewitschii,no,no,no,,no,no,,,
Jena,14.03.2023,73,Paeonia officinalis,no,no,no,,no,no,,,
Jena,14.03.2023,73,Paeonia peregrina,no,no,no,,no,no,,,
Jena,14.03.2023,73,Petasites hybridus,no,no,y,45,no,no,,,
Jena,14.03.2023,73,Prunella grandiflora,y,y,no,,no,no,,,
Jena,14.03.2023,73,Rheum palmatum,y,no,no,,no,no,,,
Jena,14.03.2023,73,Rheum rhabarbarum,no,no,no,,no,no,,,
Jena,14.03.2023,73,Rumex acetosa,no,y,no,,no,no,,,
Jena,14.03.2023,73,Salvia nemorosa,y,y,no,,no,no,,,
Jena,14.03.2023,73,Salvia pratensis,y,y,no,,no,no,,,
Jena,14.03.2023,73,Saxifraga paniculata,no,no,no,,no,no,,,
Jena,14.03.2023,73,Scopolia carniolica,y,y,no,,no,no,,,
Jena,14.03.2023,73,Securigera varia,y,y,no,,no,no,,,
Jena,14.03.2023,73,Sempervivum tectorum,y,y,no,,no,no,,,
Jena,14.03.2023,73,Senecio nemorensis,no,y,no,,no,no,,,
Jena,14.03.2023,73,Silene coronaria,no,no,no,,no,no,,,
Jena,14.03.2023,73,Silene nutans,no,y,no,,no,no,,,
Jena,14.03.2023,73,Solidago canadensis,no,y,no,,no,no,,,
Jena,14.03.2023,73,Thalictrum minus,no,no,no,,no,no,,,
Jena,14.03.2023,73,Veratrum album,y,no,no,,no,no,,,
Jena,14.03.2023,73,Veratrum nigrum,no,no,no,,no,no,,,
Jena,14.03.2023,73,Vinca minor,y,y,y,5,no,no,,,
Jena,14.03.2023,73,Vincetoxicum hirundinaria,no,no,no,,no,no,,,
Jena,22.03.2023,81,Achillea millefolium,no,no,no,,no,no,,,
Jena,22.03.2023,81,Aconitum lycoctonum,y,no,no,,no,no,,,
Jena,22.03.2023,81,Actaea spicata,no,y,no,,no,no,,,
Jena,22.03.2023,81,Agrimonia eupatoria,no,y,no,,no,no,,,
Jena,22.03.2023,81,Anemone nemorosa,no,y,y,5,no,no,,,
Jena,22.03.2023,81,Anemone pulsatilla,no,y,y,15,no,no,,,
Jena,22.03.2023,81,Anemone sylvestris,no,y,no,,no,no,,,
Jena,22.03.2023,81,Antennaria dioica,no,no,no,,no,no,,covered natural,Neue Erde aufgefüllt
Jena,22.03.2023,81,Armoracia rusticana,y,y,no,,no,no,,,
Jena,22.03.2023,81,Asphodelus albus,no,no,no,,no,no,,,
Jena,22.03.2023,81,Brunnera macrophylla,no,no,no,,no,no,,,
Jena,22.03.2023,81,Camassia cusickii,no,no,no,,no,no,,,
Jena,22.03.2023,81,Chelidonium majus,no,no,no,,no,no,,,
Jena,22.03.2023,81,Clematis recta,y,no,no,,no,no,,,
Jena,22.03.2023,81,Crocus speciosus,no,y,no,,no,no,,,
Jena,22.03.2023,81,Eupatorium cannabinum,y,no,no,,no,no,,,
Jena,22.03.2023,81,Galega officinalis,no,no,no,,no,no,,,
Jena,22.03.2023,81,Galium mollugo,y,y,no,,no,no,,,
Jena,22.03.2023,81,Gaultheria shallon,y,no,no,,no,no,,,
Jena,22.03.2023,81,Geranium sanguineum,no,no,no,,no,no,,,
Jena,22.03.2023,81,Geum rivale,y,y,no,,no,no,,,
Jena,22.03.2023,81,Gunnera manicata,no,no,no,,no,no,,,
Jena,22.03.2023,81,Helichrysum arenarium,no,y,no,,no,no,,,
Jena,22.03.2023,81,Helleborus niger,no,no,y,5,no,no,,,
Jena,22.03.2023,81,Hemerocallis fulva,no,no,no,,no,no,,,
Jena,22.03.2023,81,Hibiscus moscheutos,no,no,no,,no,no,,,
Jena,22.03.2023,81,Iberis sempervirens,no,no,no,,no,no,,,
Jena,22.03.2023,81,Iris pseudacorus Wasser,no,no,no,,no,no,,,
Jena,22.03.2023,81,Lamium album,y,y,no,,no,no,,,
Jena,22.03.2023,81,Lathyrus pratensis,no,y,no,,no,no,,,
Jena,22.03.2023,81,Lavandula angustifolia,y,no,no,,no,no,,,
Jena,22.03.2023,81,Linum perenne,no,no,no,,no,no,,,
Jena,22.03.2023,81,Lysichiton camtschatcensis,no,no,no,,no,no,,,
Jena,22.03.2023,81,Paeonia delavayi,no,y,no,,no,no,,,
Jena,22.03.2023,81,Paeonia mlokosewitschii,no,y,no,,no,no,,,
Jena,22.03.2023,81,Paeonia officinalis,no,no,no,,no,no,,,
Jena,22.03.2023,81,Paeonia peregrina,no,y,no,,no,no,,,
Jena,22.03.2023,81,Petasites hybridus,no,y,y,80,no,no,,,
Jena,22.03.2023,81,Prunella grandiflora,no,y,no,,no,no,,,
Jena,22.03.2023,81,Rheum palmatum,y,no,no,,no,no,,,
Jena,22.03.2023,81,Rheum rhabarbarum,no,y,no,,no,no,,,
Jena,22.03.2023,81,Rumex acetosa,y,no,no,,no,no,,,
Jena,22.03.2023,81,Salvia nemorosa,no,y,no,,no,no,,,
Jena,22.03.2023,81,Salvia pratensis,no,y,no,,no,no,,,
Jena,22.03.2023,81,Saxifraga paniculata,no,no,no,,no,no,,,
Jena,22.03.2023,81,Scopolia carniolica,no,y,no,,no,no,,,
Jena,22.03.2023,81,Securigera varia,y,y,no,,no,no,,,
Jena,22.03.2023,81,Sempervivum tectorum,no,no,no,,no,no,,,
Jena,22.03.2023,81,Senecio nemorensis,no,no,no,,no,no,,covered natural,Neue Erde aufgefüllt
Jena,22.03.2023,81,Silene coronaria,no,y,no,,no,no,,,
Jena,22.03.2023,81,Silene nutans,no,y,no,,no,no,,,
Jena,22.03.2023,81,Solidago canadensis,no,y,no,,no,no,,,
Jena,22.03.2023,81,Thalictrum minus,no,no,no,,no,no,,,
Jena,22.03.2023,81,Veratrum album,y,no,no,,no,no,,,
Jena,22.03.2023,81,Veratrum nigrum,no,no,no,,no,no,,,
Jena,22.03.2023,81,Vinca minor,no,y,y,20,no,no,,,
Jena,22.03.2023,81,Vincetoxicum hirundinaria,no,no,no,,no,no,,,
Jena,29.03.2023,88,Achillea millefolium,no,no,no,,no,no,,,
Jena,29.03.2023,88,Aconitum lycoctonum,no,y,no,,no,no,,,
Jena,29.03.2023,88,Actaea spicata,no,no,no,,no,no,,,
Jena,29.03.2023,88,Agrimonia eupatoria,no,no,no,,no,no,,,
Jena,29.03.2023,88,Anemone nemorosa,no,y,y,5,no,no,,,
Jena,29.03.2023,88,Anemone pulsatilla,no,y,y,30,no,no,,,
Jena,29.03.2023,88,Anemone sylvestris,no,no,no,,no,no,,,
Jena,29.03.2023,88,Antennaria dioica,no,no,no,,no,no,,covered natural,
Jena,29.03.2023,88,Armoracia rusticana,no,y,no,,no,no,,,
Jena,29.03.2023,88,Asphodelus albus,y,no,no,,no,no,,,
Jena,29.03.2023,88,Brunnera macrophylla,no,y,y,5,no,no,,,
Jena,29.03.2023,88,Camassia cusickii,no,no,no,,no,no,,,
Jena,29.03.2023,88,Chelidonium majus,no,no,no,,no,no,,,
Jena,29.03.2023,88,Clematis recta,no,no,no,,no,no,,,
Jena,29.03.2023,88,Crocus speciosus,no,no,no,,no,no,,,
Jena,29.03.2023,88,Eupatorium cannabinum,y,no,no,,no,no,,,
Jena,29.03.2023,88,Galega officinalis,no,no,no,,no,no,,,
Jena,29.03.2023,88,Galium mollugo,no,y,no,,no,no,,,
Jena,29.03.2023,88,Gaultheria shallon,no,no,no,,no,no,,,
Jena,29.03.2023,88,Geranium sanguineum,no,no,no,,no,no,,,
Jena,29.03.2023,88,Geum rivale,no,no,no,,no,no,,,
Jena,29.03.2023,88,Gunnera manicata,no,y,no,,no,no,,,
Jena,29.03.2023,88,Helichrysum arenarium,no,no,no,,no,no,,,
Jena,29.03.2023,88,Helleborus niger,no,no,y,5,no,no,,,
Jena,29.03.2023,88,Hemerocallis fulva,no,y,no,,no,no,,,
Jena,29.03.2023,88,Hibiscus moscheutos,no,no,no,,no,no,,,
Jena,29.03.2023,88,Iberis sempervirens,no,no,no,,no,no,,,Blütenknospen
Jena,29.03.2023,88,Iris pseudacorus Wasser,no,no,no,,no,no,,,
Jena,29.03.2023,88,Lamium album,no,y,no,,no,no,,,
Jena,29.03.2023,88,Lathyrus pratensis,no,y,no,,no,no,,,
Jena,29.03.2023,88,Lavandula angustifolia,y,y,no,,no,no,,,
Jena,29.03.2023,88,Linum perenne,no,no,no,,no,no,,,
Jena,29.03.2023,88,Lysichiton camtschatcensis,no,no,no,,no,no,,,
Jena,29.03.2023,88,Paeonia delavayi,no,y,no,,no,no,,,
Jena,29.03.2023,88,Paeonia mlokosewitschii,no,y,no,,no,no,,,
Jena,29.03.2023,88,Paeonia officinalis,no,y,no,,no,no,,,
Jena,29.03.2023,88,Paeonia peregrina,no,no,no,,no,no,,,Blütenknospen 
Jena,29.03.2023,88,Petasites hybridus,no,no,y,50,no,no,,,
Jena,29.03.2023,88,Prunella grandiflora,y,no,no,,no,no,,,
Jena,29.03.2023,88,Rheum palmatum,y,no,no,,no,no,,,
Jena,29.03.2023,88,Rheum rhabarbarum,no,y,no,,no,no,,,
Jena,29.03.2023,88,Rumex acetosa,no,y,no,,no,no,,,
Jena,29.03.2023,88,Salvia nemorosa,no,no,no,,no,no,,,
Jena,29.03.2023,88,Salvia pratensis,no,y,no,,no,no,,,
Jena,29.03.2023,88,Saxifraga paniculata,no,y,no,,no,no,,,
Jena,29.03.2023,88,Scopolia carniolica,no,y,no,,no,no,,,
Jena,29.03.2023,88,Securigera varia,no,y,no,,no,no,,,
Jena,29.03.2023,88,Sempervivum tectorum,no,no,no,,no,no,,,
Jena,29.03.2023,88,Senecio nemorensis,m,y,no,,no,no,,,
Jena,29.03.2023,88,Silene coronaria,no,no,no,,no,no,,,
Jena,29.03.2023,88,Silene nutans,no,no,no,,no,no,,,
Jena,29.03.2023,88,Solidago canadensis,no,no,no,,no,no,,,
Jena,29.03.2023,88,Thalictrum minus,no,no,no,,no,no,,,
Jena,29.03.2023,88,Veratrum album,no,no,no,,no,no,,,
Jena,29.03.2023,88,Veratrum nigrum,no,y,no,,no,no,,,
Jena,29.03.2023,88,Vinca minor,no,y,y,20,no,no,,,
Jena,29.03.2023,88,Vincetoxicum hirundinaria,no,no,no,,no,no,,,
Jena,04.04.2023,94,Achillea millefolium,no,y,no,,no,no,,,
Jena,04.04.2023,94,Aconitum lycoctonum,no,y,no,,no,no,,,
Jena,04.04.2023,94,Actaea spicata,no,y,no,,no,no,,,
Jena,04.04.2023,94,Agrimonia eupatoria,no,y,no,,no,no,,,
Jena,04.04.2023,94,Anemone nemorosa,no,y,y,5,no,no,,,
Jena,04.04.2023,94,Anemone pulsatilla,no,y,y,60,no,no,,,
Jena,04.04.2023,94,Anemone sylvestris,no,no,no,,no,no,,,
Jena,04.04.2023,94,Antennaria dioica,no,no,no,,no,no,,,
Jena,04.04.2023,94,Armoracia rusticana,no,y,no,,no,no,,,
Jena,04.04.2023,94,Asphodelus albus,no,no,no,,no,no,,,
Jena,04.04.2023,94,Brunnera macrophylla,no,y,y,10,no,no,,,
Jena,04.04.2023,94,Camassia cusickii,no,no,no,,no,no,,,
Jena,04.04.2023,94,Chelidonium majus,no,y,no,,no,no,,,
Jena,04.04.2023,94,Clematis recta,y,no,no,,no,no,,,
Jena,04.04.2023,94,Crocus speciosus,no,no,no,,no,no,,,
Jena,04.04.2023,94,Eupatorium cannabinum,y,y,no,,no,no,,,
Jena,04.04.2023,94,Galega officinalis,no,y,no,,no,no,,,
Jena,04.04.2023,94,Galium mollugo,no,y,no,,no,no,,,
Jena,04.04.2023,94,Gaultheria shallon,no,no,no,,no,no,,,
Jena,04.04.2023,94,Geranium sanguineum,no,no,no,,no,no,,,
Jena,04.04.2023,94,Geum rivale,no,y,no,,no,no,,,
Jena,04.04.2023,94,Gunnera manicata,no,y,no,,no,no,,,
Jena,04.04.2023,94,Helichrysum arenarium,y,no,no,,no,no,,,
Jena,04.04.2023,94,Helleborus niger,no,no,y,5,no,no,,,
Jena,04.04.2023,94,Hemerocallis fulva,no,y,no,,no,no,,,
Jena,04.04.2023,94,Hibiscus moscheutos,no,no,no,,no,no,,,
Jena,04.04.2023,94,Iberis sempervirens,no,y,y,5,no,no,,,
Jena,04.04.2023,94,Iris pseudacorus Wasser,no,y,no,,no,no,,,
Jena,04.04.2023,94,Lamium album,no,y,no,,no,no,,,
Jena,04.04.2023,94,Lathyrus pratensis,no,y,no,,no,no,,,
Jena,04.04.2023,94,Lavandula angustifolia,y,y,no,,no,no,,,
Jena,04.04.2023,94,Linum perenne,no,y,no,,no,no,,,
Jena,04.04.2023,94,Lysichiton camtschatcensis,no,no,no,,no,no,,,
Jena,04.04.2023,94,Paeonia delavayi,no,y,no,,no,no,,,Buds
Jena,04.04.2023,94,Paeonia mlokosewitschii,no,y,no,,no,no,,,
Jena,04.04.2023,94,Paeonia officinalis,no,y,no,,no,no,,,
Jena,04.04.2023,94,Paeonia peregrina,no,y,no,,no,no,,,Buds
Jena,04.04.2023,94,Petasites hybridus,no,no,y,60,no,no,,,
Jena,04.04.2023,94,Prunella grandiflora,no,y,no,,no,no,,,
Jena,04.04.2023,94,Rheum palmatum,y,no,no,,no,no,,,
Jena,04.04.2023,94,Rheum rhabarbarum,no,y,no,,no,no,,,
Jena,04.04.2023,94,Rumex acetosa,no,y,no,,no,no,,,
Jena,04.04.2023,94,Salvia nemorosa,no,y,no,,no,no,,,
Jena,04.04.2023,94,Salvia pratensis,no,y,no,,no,no,,,
Jena,04.04.2023,94,Saxifraga paniculata,no,y,no,,no,no,,,
Jena,04.04.2023,94,Scopolia carniolica,no,y,no,,no,no,,,
Jena,04.04.2023,94,Securigera varia,no,y,no,,no,no,,,
Jena,04.04.2023,94,Sempervivum tectorum,no,no,no,,no,no,,,
Jena,04.04.2023,94,Senecio nemorensis,no,y,no,,no,no,,,
Jena,04.04.2023,94,Silene coronaria,no,no,no,,no,no,,,
Jena,04.04.2023,94,Silene nutans,no,y,no,,no,no,,,
Jena,04.04.2023,94,Solidago canadensis,no,y,no,,no,no,,,
Jena,04.04.2023,94,Thalictrum minus,no,no,no,,no,no,,,
Jena,04.04.2023,94,Veratrum album,y,no,no,,no,no,,,Die Blätter gehören zu nigrum?
Jena,04.04.2023,94,Veratrum nigrum,no,y,no,,no,no,,,
Jena,04.04.2023,94,Vinca minor,no,y,y,50,no,no,,,
Jena,04.04.2023,94,Vincetoxicum hirundinaria,no,no,no,,no,no,,,
Jena,12.04.2023,102,Achillea millefolium,no,no,no,,no,no,,,
Jena,12.04.2023,102,Aconitum lycoctonum,no,no,no,,no,no,,,
Jena,12.04.2023,102,Actaea spicata,y,y,no,,no,no,,,
Jena,12.04.2023,102,Agrimonia eupatoria,no,no,no,,no,no,,,
Jena,12.04.2023,102,Anemone nemorosa,no,no,y,60,no,no,,,
Jena,12.04.2023,102,Anemone pulsatilla,no,y,y,50,no,no,,,
Jena,12.04.2023,102,Anemone sylvestris,no,no,no,,no,no,,,
Jena,12.04.2023,102,Antennaria dioica,no,no,no,,no,no,,,
Jena,12.04.2023,102,Armoracia rusticana,no,y,no,,no,no,,,
Jena,12.04.2023,102,Asphodelus albus,no,y,no,,no,no,,,
Jena,12.04.2023,102,Brunnera macrophylla,no,y,y,15,no,no,,,
Jena,12.04.2023,102,Camassia cusickii,no,no,no,,no,no,,,
Jena,12.04.2023,102,Chelidonium majus,no,no,no,,no,no,,,
Jena,12.04.2023,102,Clematis recta,y,no,no,,no,no,,,
Jena,12.04.2023,102,Crocus speciosus,no,no,no,,no,no,,,
Jena,12.04.2023,102,Eupatorium cannabinum,no,y,no,,no,no,,,
Jena,12.04.2023,102,Galega officinalis,no,no,no,,no,no,,,
Jena,12.04.2023,102,Galium mollugo,no,y,no,,no,no,,,
Jena,12.04.2023,102,Gaultheria shallon,no,no,no,,no,no,,,
Jena,12.04.2023,102,Geranium sanguineum,y,y,no,,no,no,,,
Jena,12.04.2023,102,Geum rivale,no,no,y,5,no,no,,,
Jena,12.04.2023,102,Gunnera manicata,y,no,no,,no,no,,,Blätter abgeschnitten
Jena,12.04.2023,102,Helichrysum arenarium,y,y,no,,no,no,,,
Jena,12.04.2023,102,Helleborus niger,y,no,no,,no,no,,,
Jena,12.04.2023,102,Hemerocallis fulva,no,no,no,,no,no,,,
Jena,12.04.2023,102,Hibiscus moscheutos,no,no,no,,no,no,,,
Jena,12.04.2023,102,Iberis sempervirens,no,no,y,5,no,no,,,
Jena,12.04.2023,102,Iris pseudacorus Wasser,no,no,no,,no,no,,,
Jena,12.04.2023,102,Lamium album,no,y,no,,no,no,,,
Jena,12.04.2023,102,Lathyrus pratensis,no,no,no,,no,no,,,
Jena,12.04.2023,102,Lavandula angustifolia,no,y,no,,no,no,,,
Jena,12.04.2023,102,Linum perenne,no,no,no,,no,no,,cut partly,
Jena,12.04.2023,102,Lysichiton camtschatcensis,y,no,no,,no,no,,,
Jena,12.04.2023,102,Paeonia delavayi,no,y,no,,no,no,,,
Jena,12.04.2023,102,Paeonia mlokosewitschii,no,no,no,,no,no,,,
Jena,12.04.2023,102,Paeonia officinalis,no,y,no,,no,no,,,
Jena,12.04.2023,102,Paeonia peregrina,no,no,no,,no,no,,,
Jena,12.04.2023,102,Petasites hybridus,no,no,y,10,no,no,,,
Jena,12.04.2023,102,Prunella grandiflora,no,no,no,,no,no,,,
Jena,12.04.2023,102,Rheum palmatum,no,y,no,,no,no,,,
Jena,12.04.2023,102,Rheum rhabarbarum,no,y,no,,no,no,,,
Jena,12.04.2023,102,Rumex acetosa,y,y,no,,no,no,,,
Jena,12.04.2023,102,Salvia nemorosa,no,no,no,,no,no,,,
Jena,12.04.2023,102,Salvia pratensis,no,no,no,,no,no,,,
Jena,12.04.2023,102,Saxifraga paniculata,no,no,no,,no,no,,,
Jena,12.04.2023,102,Scopolia carniolica,no,no,no,,no,no,,,
Jena,12.04.2023,102,Securigera varia,no,y,no,,no,no,,,
Jena,12.04.2023,102,Sempervivum tectorum,no,no,no,,no,no,,,
Jena,12.04.2023,102,Senecio nemorensis,no,y,no,,no,no,,,
Jena,12.04.2023,102,Silene coronaria,y,no,no,,no,no,,,
Jena,12.04.2023,102,Silene nutans,no,no,no,,no,no,,,
Jena,12.04.2023,102,Solidago canadensis,no,no,no,,no,no,,,
Jena,12.04.2023,102,Thalictrum minus,y,no,no,,no,no,,,
Jena,12.04.2023,102,Veratrum album,no,y,no,,no,no,,,
Jena,12.04.2023,102,Veratrum nigrum,no,no,no,,no,no,,,
Jena,12.04.2023,102,Vinca minor,no,no,y,70,no,no,,,
Jena,12.04.2023,102,Vincetoxicum hirundinaria,y,no,no,,no,no,,,
Jena,19.04.2023,109,Hibiscus moscheutos,no,no,no,,no,no,,,
Jena,19.04.2023,109,Iberis sempervirens,no,no,y,50,no,no,,,
Jena,19.04.2023,109,Aconitum lycoctonum,no,y,no,,no,no,,,
Jena,19.04.2023,109,Veratrum nigrum,no,no,no,,no,no,,,
Jena,19.04.2023,109,Vinca minor,no,y,y,85,no,no,,,
Jena,19.04.2023,109,Vincetoxicum hirundinaria,y,no,no,,no,no,,,
Jena,19.04.2023,109,Achillea millefolium,no,no,no,,no,no,,,
Jena,19.04.2023,109,Actaea spicata,no,y,no,,no,no,,,
Jena,19.04.2023,109,Agrimonia eupatoria,no,y,no,,no,no,,,
Jena,19.04.2023,109,Anemone nemorosa,no,no,y,95,no,no,,,
Jena,19.04.2023,109,Anemone pulsatilla,no,y,y,55,no,no,,,
Jena,19.04.2023,109,Anemone sylvestris,no,no,no,,no,no,,,
Jena,19.04.2023,109,Antennaria dioica,y,no,no,,no,no,,,
Jena,19.04.2023,109,Armoracia rusticana,no,y,no,,no,no,,,
Jena,19.04.2023,109,Asphodelus albus,no,no,no,,no,no,,,
Jena,19.04.2023,109,Brunnera macrophylla,no,no,y,40,no,no,,,
Jena,19.04.2023,109,Camassia cusickii,no,no,no,,no,no,,,
Jena,19.04.2023,109,Chelidonium majus,no,y,no,,no,no,,,
Jena,19.04.2023,109,Clematis recta,no,no,no,,no,no,,,
Jena,19.04.2023,109,Crocus speciosus,no,no,no,,no,no,,,
Jena,19.04.2023,109,Eupatorium cannabinum,no,y,no,,no,no,,,
Jena,19.04.2023,109,Galega officinalis,no,y,no,,no,no,,,
Jena,19.04.2023,109,Galium mollugo,no,no,no,,no,no,,,
Jena,19.04.2023,109,Gaultheria shallon,no,no,no,,no,no,,,
Jena,19.04.2023,109,Geranium sanguineum,no,y,no,,no,no,,,
Jena,19.04.2023,109,Geum rivale,no,no,y,5,no,no,,,
Jena,19.04.2023,109,Gunnera manicata,y,no,no,,no,no,,,
Jena,19.04.2023,109,Helichrysum arenarium,no,y,no,,no,no,,,
Jena,19.04.2023,109,Helleborus niger,no,no,no,,no,y,10,,
Jena,19.04.2023,109,Hemerocallis fulva,no,no,no,,no,no,,,
Jena,19.04.2023,109,Iris pseudacorus Wasser,no,no,no,,no,no,,,
Jena,19.04.2023,109,Lamium album,no,no,no,,no,no,,,
Jena,19.04.2023,109,Lathyrus pratensis,no,no,no,,no,no,,,
Jena,19.04.2023,109,Lavandula angustifolia,no,y,no,,no,no,,,
Jena,19.04.2023,109,Linum perenne,y,y,no,,no,no,,,
Jena,19.04.2023,109,Lysichiton camtschatcensis,no,no,y,20,no,no,,,
Jena,19.04.2023,109,Paeonia delavayi,no,y,no,,no,no,,,
Jena,19.04.2023,109,Paeonia mlokosewitschii,no,no,no,,no,no,,,
Jena,19.04.2023,109,Paeonia officinalis,no,no,no,,no,no,,,
Jena,19.04.2023,109,Paeonia peregrina,no,no,no,,no,no,,,
Jena,19.04.2023,109,Petasites hybridus,y,y,y,5,no,no,,,
Jena,19.04.2023,109,Prunella grandiflora,y,no,no,,no,no,,,
Jena,19.04.2023,109,Rheum palmatum,no,y,no,,no,no,,,
Jena,19.04.2023,109,Rheum rhabarbarum,no,no,no,,no,no,,,
Jena,19.04.2023,109,Rumex acetosa,no,y,no,,no,no,,,
Jena,19.04.2023,109,Salvia nemorosa,no,no,no,,no,no,,,
Jena,19.04.2023,109,Salvia pratensis,no,y,no,,no,no,,,
Jena,19.04.2023,109,Saxifraga paniculata,no,y,no,,no,no,,,
Jena,19.04.2023,109,Scopolia carniolica,no,no,y,100,no,no,,,Nur 2 Blüten 
Jena,19.04.2023,109,Securigera varia,no,y,no,,no,no,,,
Jena,19.04.2023,109,Sempervivum tectorum,y,y,no,,no,no,,,
Jena,19.04.2023,109,Senecio nemorensis,no,no,no,,no,no,,,
Jena,19.04.2023,109,Silene coronaria,no,y,no,,no,no,,,
Jena,19.04.2023,109,Silene nutans,no,y,no,,no,no,,,
Jena,19.04.2023,109,Solidago canadensis,no,no,no,,no,no,,,
Jena,19.04.2023,109,Thalictrum minus,y,no,no,,no,no,,,
Jena,19.04.2023,109,Veratrum album,no,y,no,,no,no,,,
Jena,26.04.2023,116,Achillea millefolium,no,no,no,,no,no,,,
Jena,26.04.2023,116,Aconitum lycoctonum,no,no,no,,no,no,,,
Jena,26.04.2023,116,Actaea spicata,no,y,y,50,no,no,,,
Jena,26.04.2023,116,Agrimonia eupatoria,no,no,no,,no,no,,,
Jena,26.04.2023,116,Anemone nemorosa,no,no,y,95,no,no,,,
Jena,26.04.2023,116,Anemone pulsatilla,no,no,y,30,no,no,,,
Jena,26.04.2023,116,Anemone sylvestris,no,no,no,,no,no,,,
Jena,26.04.2023,116,Antennaria dioica,y,y,no,,no,no,,,Blütenknospe
Jena,26.04.2023,116,Armoracia rusticana,no,no,no,,no,no,,,
Jena,26.04.2023,116,Asphodelus albus,no,no,no,,no,no,,,
Jena,26.04.2023,116,Brunnera macrophylla,no,no,y,50,no,no,,,
Jena,26.04.2023,116,Camassia cusickii,no,no,no,,no,no,,,Blütenknospen
Jena,26.04.2023,116,Chelidonium majus,no,no,y,5,no,no,,,
Jena,26.04.2023,116,Clematis recta,no,y,no,,no,no,,,
Jena,26.04.2023,116,Crocus speciosus,no,no,no,,no,y,10,,
Jena,26.04.2023,116,Eupatorium cannabinum,no,no,no,,no,no,,,
Jena,26.04.2023,116,Galega officinalis,no,no,no,,no,no,,,
Jena,26.04.2023,116,Galium mollugo,no,y,no,,no,no,,,
Jena,26.04.2023,116,Gaultheria shallon,no,no,no,,no,no,,,
Jena,26.04.2023,116,Geranium sanguineum,no,no,no,,no,no,,,
Jena,26.04.2023,116,Geum rivale,no,y,y,20,no,no,,,
Jena,26.04.2023,116,Gunnera manicata,y,no,no,,no,no,,,
Jena,26.04.2023,116,Helichrysum arenarium,no,no,no,,no,no,,,
Jena,26.04.2023,116,Helleborus niger,y,y,no,,no,y,20,,
Jena,26.04.2023,116,Hemerocallis fulva,no,no,no,,no,no,,,
Jena,26.04.2023,116,Hibiscus moscheutos,no,no,no,,no,no,,,
Jena,26.04.2023,116,Iberis sempervirens,no,no,y,75,no,no,,,
Jena,26.04.2023,116,Rheum palmatum,no,no,no,,no,no,,,
Jena,26.04.2023,116,Rheum rhabarbarum,no,no,no,,no,y,10,,
Jena,26.04.2023,116,Rumex acetosa,no,no,no,,no,no,,,
Jena,26.04.2023,116,Salvia nemorosa,no,no,no,,no,no,,,
Jena,26.04.2023,116,Salvia pratensis,no,no,no,,no,no,,,
Jena,26.04.2023,116,Saxifraga paniculata,y,no,no,,no,no,,,Blütenstängel
Jena,26.04.2023,116,Scopolia carniolica,no,no,no,,no,y,5,,
Jena,26.04.2023,116,Securigera varia,no,no,no,,no,no,,,
Jena,26.04.2023,116,Sempervivum tectorum,no,y,no,,no,no,,,
Jena,26.04.2023,116,Senecio nemorensis,no,no,no,,no,no,,,
Jena,26.04.2023,116,Silene coronaria,no,no,no,,no,no,,,
Jena,26.04.2023,116,Silene nutans,no,no,no,,no,no,,,
Jena,26.04.2023,116,Solidago canadensis,no,no,no,,no,no,,,
Jena,26.04.2023,116,Thalictrum minus,no,y,no,,no,no,,,
Jena,26.04.2023,116,Veratrum album,no,y,no,,no,no,,,
Jena,26.04.2023,116,Veratrum nigrum,no,no,no,,no,no,,,
Jena,26.04.2023,116,Vinca minor,no,no,y,50,no,no,,,
Jena,26.04.2023,116,Vincetoxicum hirundinaria,no,y,no,,no,no,,,
Jena,26.04.2023,116,Iris pseudacorus Wasser,no,y,no,,no,no,,,
Jena,26.04.2023,116,Lamium album,no,no,no,,no,y,5,,
Jena,26.04.2023,116,Lathyrus pratensis,no,no,no,,no,no,,,
Jena,26.04.2023,116,Lavandula angustifolia,no,y,no,,no,no,,,
Jena,26.04.2023,116,Linum perenne,no,no,no,,no,no,,,
Jena,26.04.2023,116,Lysichiton camtschatcensis,no,no,y,75,no,no,,,
Jena,26.04.2023,116,Paeonia delavayi,no,no,no,,no,no,,,
Jena,26.04.2023,116,Paeonia mlokosewitschii,no,no,no,,no,no,,,
Jena,26.04.2023,116,Paeonia officinalis,no,no,no,,no,no,,,
Jena,26.04.2023,116,Paeonia peregrina,no,no,y,65,no,no,,,
Jena,26.04.2023,116,Petasites hybridus,y,no,no,,no,no,,,
Jena,26.04.2023,116,Prunella grandiflora,no,y,no,,no,no,,,
Jena,03.05.2023,123,Vinca minor,no,no,y,15,no,no,,,
Jena,03.05.2023,123,Vincetoxicum hirundinaria,no,y,no,,no,no,,,
Jena,03.05.2023,123,Achillea millefolium,no,no,no,,no,no,,,
Jena,03.05.2023,123,Aconitum lycoctonum,no,no,no,,no,no,,,
Jena,03.05.2023,123,Actaea spicata,no,no,y,60,no,no,,,
Jena,03.05.2023,123,Agrimonia eupatoria,no,no,no,,no,no,,,
Jena,03.05.2023,123,Anemone nemorosa,no,no,y,80,no,no,,,
Jena,03.05.2023,123,Anemone pulsatilla,no,no,no,,no,no,,,
Jena,03.05.2023,123,Anemone sylvestris,no,no,no,,no,no,,,
Jena,03.05.2023,123,Antennaria dioica,no,no,no,,no,no,,,
Jena,03.05.2023,123,Armoracia rusticana,no,no,no,,no,no,,,
Jena,03.05.2023,123,Asphodelus albus,no,no,no,,no,no,,,
Jena,03.05.2023,123,Brunnera macrophylla,no,no,y,70,no,no,,,
Jena,03.05.2023,123,Camassia cusickii,no,no,no,,no,no,,,
Jena,03.05.2023,123,Chelidonium majus,no,no,y,20,no,no,,,
Jena,03.05.2023,123,Clematis recta,no,y,no,,no,no,,,
Jena,03.05.2023,123,Crocus speciosus,no,no,no,,no,y,15,,
Jena,03.05.2023,123,Eupatorium cannabinum,no,no,no,,no,no,,,
Jena,03.05.2023,123,Galega officinalis,no,no,no,,no,no,,,
Jena,03.05.2023,123,Galium mollugo,no,no,no,,no,no,,,
Jena,03.05.2023,123,Gaultheria shallon,no,no,no,,no,y,90,,
Jena,03.05.2023,123,Geranium sanguineum,no,no,no,,no,no,,,
Jena,03.05.2023,123,Geum rivale,no,no,y,50,no,no,,,
Jena,03.05.2023,123,Gunnera manicata,y,y,no,,no,no,,,
Jena,03.05.2023,123,Helichrysum arenarium,no,no,no,,no,no,,,
Jena,03.05.2023,123,Helleborus niger,no,no,no,,no,y,40,,
Jena,03.05.2023,123,Hemerocallis fulva,no,no,no,,no,no,,,
Jena,03.05.2023,123,Hibiscus moscheutos,no,no,no,,no,no,,,
Jena,03.05.2023,123,Iberis sempervirens,no,no,y,95,no,no,,,
Jena,03.05.2023,123,Iris pseudacorus Wasser,no,y,no,,no,no,,,
Jena,03.05.2023,123,Lamium album,no,no,y,15,no,no,,,
Jena,03.05.2023,123,Lathyrus pratensis,no,no,no,,no,no,,,
Jena,03.05.2023,123,Lavandula angustifolia,no,no,no,,no,no,,,
Jena,03.05.2023,123,Linum perenne,no,no,no,,no,no,,,
Jena,03.05.2023,123,Lysichiton camtschatcensis,no,no,y,100,no,no,,,
Jena,03.05.2023,123,Paeonia delavayi,no,no,no,,no,no,,,
Jena,03.05.2023,123,Paeonia mlokosewitschii,no,no,y,5,no,no,,,
Jena,03.05.2023,123,Paeonia officinalis,no,no,y,20,no,no,,,
Jena,03.05.2023,123,Paeonia peregrina,no,no,y,60,no,no,,,
Jena,03.05.2023,123,Petasites hybridus,y,y,no,,no,no,,,
Jena,03.05.2023,123,Prunella grandiflora,no,no,no,,no,no,,,
Jena,03.05.2023,123,Rheum palmatum,no,no,no,,no,no,,,
Jena,03.05.2023,123,Rheum rhabarbarum,no,no,y,10,no,y,10,,
Jena,03.05.2023,123,Rumex acetosa,no,no,no,,no,no,,,
Jena,03.05.2023,123,Salvia nemorosa,no,no,no,,no,no,,,
Jena,03.05.2023,123,Salvia pratensis,no,no,no,,no,no,,,
Jena,03.05.2023,123,Saxifraga paniculata,no,no,no,,no,no,,,
Jena,03.05.2023,123,Scopolia carniolica,no,no,no,,no,no,,,
Jena,03.05.2023,123,Securigera varia,no,no,no,,no,no,,,
Jena,03.05.2023,123,Sempervivum tectorum,no,no,no,,no,no,,,
Jena,03.05.2023,123,Senecio nemorensis,no,no,no,,no,no,,,
Jena,03.05.2023,123,Silene coronaria,no,no,no,,no,no,,,
Jena,03.05.2023,123,Silene nutans,no,no,no,,no,no,,,
Jena,03.05.2023,123,Solidago canadensis,no,no,no,,no,no,,,
Jena,03.05.2023,123,Thalictrum minus,no,y,no,,no,no,,,
Jena,03.05.2023,123,Veratrum album,no,no,no,,no,no,,,
Jena,03.05.2023,123,Veratrum nigrum,no,no,no,,no,no,,,
Jena,10.05.2023,130,Hemerocallis fulva,no,no,no,,no,no,,,
Jena,10.05.2023,130,Hibiscus moscheutos,no,no,no,,no,no,,,
Jena,10.05.2023,130,Iberis sempervirens,no,no,y,100,no,no,,,
Jena,10.05.2023,130,Iris pseudacorus Wasser,no,y,no,,no,no,,,Ameisenbefall
Jena,10.05.2023,130,Lamium album,no,no,y,50,no,no,,,
Jena,10.05.2023,130,Lathyrus pratensis,no,no,no,,no,no,,,
Jena,10.05.2023,130,Lavandula angustifolia,no,no,no,,no,no,,,
Jena,10.05.2023,130,Linum perenne,no,no,no,,no,no,,,
Jena,10.05.2023,130,Lysichiton camtschatcensis,y,y,y,100,no,no,,,
Jena,10.05.2023,130,Paeonia delavayi,no,no,y,50,no,no,,,
Jena,10.05.2023,130,Paeonia mlokosewitschii,no,no,y,90,no,no,,,
Jena,10.05.2023,130,Paeonia officinalis,no,no,y,70,no,no,,,
Jena,10.05.2023,130,Paeonia peregrina,no,no,no,,no,no,,,
Jena,10.05.2023,130,Silene nutans,no,no,no,,no,no,,,Blütenknospen
Jena,10.05.2023,130,Solidago canadensis,no,no,no,,no,no,,,
Jena,10.05.2023,130,Thalictrum minus,no,y,no,,no,no,,,
Jena,10.05.2023,130,Veratrum album,no,no,no,,no,no,,,
Jena,10.05.2023,130,Veratrum nigrum,no,no,no,,no,no,,,
Jena,10.05.2023,130,Vinca minor,no,no,y,10,no,no,,,
Jena,10.05.2023,130,Vincetoxicum hirundinaria,no,no,no,,no,no,,,
Jena,10.05.2023,130,Achillea millefolium,no,no,no,,no,no,,,
Jena,10.05.2023,130,Aconitum lycoctonum,no,no,no,,no,no,,,
Jena,10.05.2023,130,Actaea spicata,no,no,no,,no,no,,,
Jena,10.05.2023,130,Agrimonia eupatoria,no,no,no,,no,no,,,
Jena,10.05.2023,130,Anemone nemorosa,no,no,no,,no,no,,,
Jena,10.05.2023,130,Anemone pulsatilla,no,no,no,,no,no,,,
Jena,10.05.2023,130,Anemone sylvestris,no,no,no,,no,no,,,
Jena,10.05.2023,130,Antennaria dioica,no,no,y,5,no,no,,,
Jena,10.05.2023,130,Armoracia rusticana,no,no,no,,no,no,,,
Jena,10.05.2023,130,Asphodelus albus,no,no,y,10,no,no,,,
Jena,10.05.2023,130,Brunnera macrophylla,no,no,y,40,no,no,,,
Jena,10.05.2023,130,Camassia cusickii,no,no,y,35,no,no,,,
Jena,10.05.2023,130,Chelidonium majus,no,no,y,15,no,no,,,
Jena,10.05.2023,130,Clematis recta,no,no,no,,no,no,,,
Jena,10.05.2023,130,Crocus speciosus,no,no,no,,no,y,30,,
Jena,10.05.2023,130,Eupatorium cannabinum,no,no,no,,no,no,,,
Jena,10.05.2023,130,Galega officinalis,no,no,no,,no,no,,,
Jena,10.05.2023,130,Galium mollugo,no,no,no,,no,no,,,
Jena,10.05.2023,130,Gaultheria shallon,no,no,no,,no,y,90,,
Jena,10.05.2023,130,Geranium sanguineum,no,no,y,5,no,no,,,
Jena,10.05.2023,130,Geum rivale,no,no,y,30,no,no,,,
Jena,10.05.2023,130,Gunnera manicata,no,y,y,20,no,no,,,
Jena,10.05.2023,130,Helichrysum arenarium,no,no,no,,no,no,,,
Jena,10.05.2023,130,Helleborus niger,no,no,no,,no,y,50,,
Jena,10.05.2023,130,Petasites hybridus,no,no,no,,no,y,5,,
Jena,10.05.2023,130,Prunella grandiflora,no,no,no,,no,no,,,
Jena,10.05.2023,130,Rheum palmatum,no,no,no,,no,y,20,,
Jena,10.05.2023,130,Rheum rhabarbarum,no,no,y,90,no,no,,,
Jena,10.05.2023,130,Rumex acetosa,no,no,y,5,no,no,,,
Jena,10.05.2023,130,Salvia nemorosa,no,no,no,,no,no,,,
Jena,10.05.2023,130,Salvia pratensis,no,no,no,,no,no,,,
Jena,10.05.2023,130,Saxifraga paniculata,no,no,y,5,no,no,,,
Jena,10.05.2023,130,Scopolia carniolica,no,no,no,,no,y,5,,
Jena,10.05.2023,130,Securigera varia,no,no,no,,no,no,,,
Jena,10.05.2023,130,Sempervivum tectorum,no,no,no,,no,no,,,
Jena,10.05.2023,130,Senecio nemorensis,no,no,no,,no,no,,,
Jena,10.05.2023,130,Silene coronaria,no,no,no,,no,no,,,
Jena,17.05.2023,137,Veratrum album,no,no,no,,no,no,,,
Jena,17.05.2023,137,Veratrum nigrum,no,no,no,,no,no,,,
Jena,17.05.2023,137,Vinca minor,no,no,no,,no,no,,,
Jena,17.05.2023,137,Vincetoxicum hirundinaria,no,no,y,5,no,no,,,
Jena,17.05.2023,137,Galium mollugo,no,no,no,,no,no,,,
Jena,17.05.2023,137,Gaultheria shallon,y,y,no,,no,no,,,
Jena,17.05.2023,137,Geranium sanguineum,no,no,y,10,no,no,,,
Jena,17.05.2023,137,Geum rivale,no,no,y,10,no,no,,,
Jena,17.05.2023,137,Gunnera manicata,y,y,y,80,no,no,,,
Jena,17.05.2023,137,Helichrysum arenarium,no,no,no,,no,no,,,
Jena,17.05.2023,137,Helleborus niger,no,no,no,,no,y,50,,Blüten entfernt
Jena,17.05.2023,137,Hemerocallis fulva,no,no,no,,no,no,,,
Jena,17.05.2023,137,Hibiscus moscheutos,y,no,no,,no,no,,,
Jena,17.05.2023,137,Iberis sempervirens,no,no,y,100,no,no,,,
Jena,17.05.2023,137,Iris pseudacorus Wasser,no,no,no,,no,no,,,
Jena,17.05.2023,137,Lamium album,no,no,y,60,no,no,,,
Jena,17.05.2023,137,Lathyrus pratensis,no,no,no,,no,no,,,
Jena,17.05.2023,137,Lavandula angustifolia,no,no,no,,no,no,,,
Jena,17.05.2023,137,Linum perenne,no,no,y,5,no,no,,,
Jena,17.05.2023,137,Lysichiton camtschatcensis,no,no,no,,no,no,,,
Jena,17.05.2023,137,Paeonia delavayi,no,no,y,40,no,no,,,
Jena,17.05.2023,137,Paeonia mlokosewitschii,no,no,no,,no,no,,,
Jena,17.05.2023,137,Achillea millefolium,no,no,no,,no,no,,,
Jena,17.05.2023,137,Aconitum lycoctonum,no,no,no,,no,no,,,
Jena,17.05.2023,137,Actaea spicata,no,no,no,,no,no,,,
Jena,17.05.2023,137,Agrimonia eupatoria,no,no,no,,no,no,,,
Jena,17.05.2023,137,Anemone nemorosa,no,no,no,,no,no,,,
Jena,17.05.2023,137,Anemone pulsatilla,no,no,no,,no,no,,,
Jena,17.05.2023,137,Anemone sylvestris,no,no,y,65,no,no,,,
Jena,17.05.2023,137,Antennaria dioica,no,no,y,20,no,no,,,
Jena,17.05.2023,137,Armoracia rusticana,no,no,y,5,no,no,,,
Jena,17.05.2023,137,Asphodelus albus,no,no,y,25,no,no,,,
Jena,17.05.2023,137,Brunnera macrophylla,no,no,y,20,no,no,,,
Jena,17.05.2023,137,Camassia cusickii,no,no,y,40,no,no,,,
Jena,17.05.2023,137,Chelidonium majus,no,no,y,15,no,no,,,
Jena,17.05.2023,137,Clematis recta,no,no,no,,no,no,,,
Jena,17.05.2023,137,Crocus speciosus,no,no,no,,no,y,60,,
Jena,17.05.2023,137,Eupatorium cannabinum,no,no,no,,no,no,,,
Jena,17.05.2023,137,Galega officinalis,no,no,no,,no,no,,,
Jena,17.05.2023,137,Paeonia officinalis,no,no,no,,no,no,,,
Jena,17.05.2023,137,Paeonia peregrina,no,no,no,,no,no,,,
Jena,17.05.2023,137,Petasites hybridus,no,no,no,,y,y,5,,
Jena,17.05.2023,137,Prunella grandiflora,no,no,no,,no,no,,,
Jena,17.05.2023,137,Rheum palmatum,no,no,no,,no,no,,,
Jena,17.05.2023,137,Rheum rhabarbarum,no,no,y,60,no,no,,,
Jena,17.05.2023,137,Rumex acetosa,no,no,y,30,no,no,,,
Jena,17.05.2023,137,Salvia nemorosa,no,no,no,,no,no,,,
Jena,17.05.2023,137,Salvia pratensis,no,no,y,5,no,no,,,
Jena,17.05.2023,137,Saxifraga paniculata,no,no,y,70,no,no,,,
Jena,17.05.2023,137,Scopolia carniolica,no,no,no,,no,y,15,,
Jena,17.05.2023,137,Securigera varia,no,no,no,,no,no,,,
Jena,17.05.2023,137,Sempervivum tectorum,y,no,no,,no,no,,,
Jena,17.05.2023,137,Senecio nemorensis,no,no,no,,no,no,,,
Jena,17.05.2023,137,Silene coronaria,no,no,no,,no,no,,,
Jena,17.05.2023,137,Silene nutans,y,no,no,,no,no,,,Blütenstiele
Jena,17.05.2023,137,Solidago canadensis,no,no,no,,no,no,,,
Jena,17.05.2023,137,Thalictrum minus,no,y,no,,no,no,,,
Jena,25.05.2023,145,Iberis sempervirens,no,no,y,70,no,no,,,
Jena,25.05.2023,145,Iris pseudacorus Wasser,no,no,no,,no,no,,,
Jena,25.05.2023,145,Lamium album,no,no,y,25,no,no,,,
Jena,25.05.2023,145,Lathyrus pratensis,no,no,no,,no,no,,,
Jena,25.05.2023,145,Lavandula angustifolia,no,no,no,,no,no,,,
Jena,25.05.2023,145,Linum perenne,no,no,y,30,no,no,,,
Jena,25.05.2023,145,Lysichiton camtschatcensis,no,no,no,,no,no,,,
Jena,25.05.2023,145,Paeonia delavayi,no,no,y,20,no,no,,,
Jena,25.05.2023,145,Paeonia mlokosewitschii,no,no,no,,no,no,,,
Jena,25.05.2023,145,Paeonia officinalis,no,no,no,,no,no,,,
Jena,25.05.2023,145,Paeonia peregrina,no,no,no,,no,y,5,,
Jena,25.05.2023,145,Petasites hybridus,no,no,no,,no,y,5,,
Jena,25.05.2023,145,Prunella grandiflora,no,no,no,,no,no,,,
Jena,25.05.2023,145,Rheum palmatum,no,no,no,,no,no,,,
Jena,25.05.2023,145,Rheum rhabarbarum,no,no,no,,no,no,,,
Jena,25.05.2023,145,Rumex acetosa,no,no,y,15,no,no,,,
Jena,25.05.2023,145,Salvia nemorosa,no,no,no,,no,no,,,
Jena,25.05.2023,145,Salvia pratensis,no,no,y,10,no,no,,,
Jena,25.05.2023,145,Saxifraga paniculata,no,no,y,70,no,no,,,
Jena,25.05.2023,145,Scopolia carniolica,no,no,no,,no,y,10,,
Jena,25.05.2023,145,Securigera varia,no,no,no,,no,no,,,
Jena,25.05.2023,145,Sempervivum tectorum,y,y,no,,no,no,,,
Jena,25.05.2023,145,Senecio nemorensis,no,no,no,,no,no,,,
Jena,25.05.2023,145,Silene coronaria,no,no,no,,no,no,,,
Jena,25.05.2023,145,Silene nutans,no,no,y,15,no,no,,,
Jena,25.05.2023,145,Solidago canadensis,no,no,no,,no,no,,,
Jena,25.05.2023,145,Thalictrum minus,no,no,no,,no,no,,,
Jena,25.05.2023,145,Veratrum album,no,no,no,,no,no,,,
Jena,25.05.2023,145,Veratrum nigrum,no,no,no,,no,no,,,
Jena,25.05.2023,145,Vinca minor,no,no,no,,no,no,,,
Jena,25.05.2023,145,Vincetoxicum hirundinaria,no,no,y,30,no,no,,,
Jena,25.05.2023,145,Achillea millefolium,no,no,no,,no,no,,,
Jena,25.05.2023,145,Aconitum lycoctonum,no,no,no,,no,no,,,
Jena,25.05.2023,145,Actaea spicata,no,no,no,,no,no,,,
Jena,25.05.2023,145,Agrimonia eupatoria,no,no,y,5,no,no,,,
Jena,25.05.2023,145,Anemone nemorosa,no,no,no,,no,y,5,,
Jena,25.05.2023,145,Anemone pulsatilla,no,no,no,,no,y,5,,
Jena,25.05.2023,145,Anemone sylvestris,no,no,y,100,no,no,,,
Jena,25.05.2023,145,Antennaria dioica,no,no,y,30,no,no,,,
Jena,25.05.2023,145,Armoracia rusticana,no,no,y,10,no,no,,,
Jena,25.05.2023,145,Asphodelus albus,no,no,y,80,no,no,,,
Jena,25.05.2023,145,Brunnera macrophylla,no,no,y,5,no,no,,,
Jena,25.05.2023,145,Camassia cusickii,no,no,y,5,no,no,,,
Jena,25.05.2023,145,Chelidonium majus,no,no,y,5,no,no,,,
Jena,25.05.2023,145,Clematis recta,no,no,no,,no,no,,,
Jena,25.05.2023,145,Crocus speciosus,no,no,no,,no,y,95,,
Jena,25.05.2023,145,Eupatorium cannabinum,no,no,no,,no,no,,,
Jena,25.05.2023,145,Galega officinalis,no,no,no,,no,no,,,
Jena,25.05.2023,145,Galium mollugo,no,no,no,,no,no,,,
Jena,25.05.2023,145,Gaultheria shallon,no,no,no,,no,no,,,
Jena,25.05.2023,145,Geranium sanguineum,no,no,y,20,no,no,,,
Jena,25.05.2023,145,Geum rivale,no,no,y,5,no,no,,,
Jena,25.05.2023,145,Gunnera manicata,no,no,y,60,no,no,,,
Jena,25.05.2023,145,Helichrysum arenarium,no,no,no,,no,no,,,
Jena,25.05.2023,145,Helleborus niger,no,no,no,,no,y,50,,
Jena,25.05.2023,145,Hemerocallis fulva,no,no,no,,no,no,,,
Jena,25.05.2023,145,Hibiscus moscheutos,y,no,no,,no,no,,,
Jena,31.05.2023,151,Vincetoxicum hirundinaria,no,no,y,50,no,no,,,
Jena,31.05.2023,151,Achillea millefolium,no,no,no,,no,no,,,
Jena,31.05.2023,151,Aconitum lycoctonum,no,no,no,,no,no,,,
Jena,31.05.2023,151,Actaea spicata,no,no,y,10,no,no,,,
Jena,31.05.2023,151,Agrimonia eupatoria,no,no,no,,no,no,,,
Jena,31.05.2023,151,Anemone nemorosa,no,no,no,,no,y,10,,
Jena,31.05.2023,151,Anemone pulsatilla,no,no,no,,no,y,5,,
Jena,31.05.2023,151,Senecio nemorensis,no,no,no,,no,no,,,
Jena,31.05.2023,151,Silene coronaria,no,no,no,,no,no,,,
Jena,31.05.2023,151,Silene nutans,no,no,y,10,no,no,,,
Jena,31.05.2023,151,Solidago canadensis,no,no,no,,no,no,,,
Jena,31.05.2023,151,Thalictrum minus,no,no,no,,no,no,,,Buds
Jena,31.05.2023,151,Veratrum album,no,no,no,,no,no,,,Buds
Jena,31.05.2023,151,Veratrum nigrum,no,no,no,,no,no,,,
Jena,31.05.2023,151,Salvia nemorosa,no,no,no,,no,no,,,
Jena,31.05.2023,151,Anemone sylvestris,no,no,y,65,no,no,,,
Jena,31.05.2023,151,Antennaria dioica,no,no,no,,no,y,60,,
Jena,31.05.2023,151,Armoracia rusticana,no,no,y,50,no,no,,,
Jena,31.05.2023,151,Asphodelus albus,no,no,y,10,no,no,,,
Jena,31.05.2023,151,Brunnera macrophylla,no,no,y,5,no,no,,,
Jena,31.05.2023,151,Camassia cusickii,no,no,no,,no,no,,,
Jena,31.05.2023,151,Chelidonium majus,no,no,y,5,no,no,,,
Jena,31.05.2023,151,Clematis recta,no,no,no,,no,no,,,Buds
Jena,31.05.2023,151,Crocus speciosus,no,no,no,,no,y,95,,
Jena,31.05.2023,151,Eupatorium cannabinum,no,no,no,,no,no,,,
Jena,31.05.2023,151,Galega officinalis,no,no,no,,no,no,,,
Jena,31.05.2023,151,Galium mollugo,no,no,no,,no,no,,,
Jena,31.05.2023,151,Gaultheria shallon,no,no,y,30,no,y,20,,
Jena,31.05.2023,151,Geranium sanguineum,no,no,y,25,no,no,,,
Jena,31.05.2023,151,Geum rivale,no,no,no,,no,no,,,
Jena,31.05.2023,151,Gunnera manicata,no,no,y,75,no,no,,,
Jena,31.05.2023,151,Helichrysum arenarium,no,no,no,,no,no,,,
Jena,31.05.2023,151,Helleborus niger,no,no,no,,no,y,30,,
Jena,31.05.2023,151,Hemerocallis fulva,no,no,no,,no,no,,,
Jena,31.05.2023,151,Hibiscus moscheutos,y,no,no,,no,no,,,
Jena,31.05.2023,151,Iberis sempervirens,no,no,y,15,no,no,,,
Jena,31.05.2023,151,Iris pseudacorus Wasser,no,no,no,,no,no,,,
Jena,31.05.2023,151,Lamium album,no,no,y,30,no,no,,,
Jena,31.05.2023,151,Lathyrus pratensis,no,no,no,,no,no,,,
Jena,31.05.2023,151,Lavandula angustifolia,no,no,no,,no,no,,,Buds
Jena,31.05.2023,151,Linum perenne,no,no,y,25,no,no,,,
Jena,31.05.2023,151,Lysichiton camtschatcensis,no,no,no,,no,no,,,
Jena,31.05.2023,151,Paeonia delavayi,no,no,y,20,no,no,,,
Jena,31.05.2023,151,Paeonia mlokosewitschii,no,no,no,,no,no,,,
Jena,31.05.2023,151,Paeonia officinalis,no,no,no,,no,no,,,
Jena,31.05.2023,151,Paeonia peregrina,no,no,no,,no,y,5,,
Jena,31.05.2023,151,Petasites hybridus,no,no,no,,no,y,5,,
Jena,31.05.2023,151,Prunella grandiflora,no,no,no,,no,no,,,Buds
Jena,31.05.2023,151,Rheum palmatum,no,no,no,,no,no,,,
Jena,31.05.2023,151,Rheum rhabarbarum,no,no,no,,no,no,,,Maybe Ripe fruits
Jena,31.05.2023,151,Rumex acetosa,no,no,y,30,no,no,,,
Jena,31.05.2023,151,Salvia pratensis,no,no,y,30,no,no,,,
Jena,31.05.2023,151,Saxifraga paniculata,no,no,y,75,no,no,,,
Jena,31.05.2023,151,Scopolia carniolica,no,no,no,,no,y,10,,
Jena,31.05.2023,151,Securigera varia,no,no,no,,no,no,,,
Jena,31.05.2023,151,Sempervivum tectorum,y,y,no,,no,no,,,
Jena,31.05.2023,151,Vinca minor,no,no,no,,no,no,,,
Jena,07.06.2023,158,Achillea millefolium,no,no,no,,no,no,,,
Jena,07.06.2023,158,Aconitum lycoctonum,no,no,no,,no,no,,,
Jena,07.06.2023,158,Actaea spicata,no,no,y,20,no,no,,,
Jena,07.06.2023,158,Agrimonia eupatoria,no,no,no,,no,no,,,
Jena,07.06.2023,158,Anemone nemorosa,no,no,no,,no,y,20,,
Jena,07.06.2023,158,Anemone pulsatilla,no,no,no,,y,y,5,,
Jena,07.06.2023,158,Anemone sylvestris,no,no,no,,no,no,,,
Jena,07.06.2023,158,Antennaria dioica,no,no,no,,no,y,100,,
Jena,07.06.2023,158,Armoracia rusticana,no,no,y,5,no,y,5,,
Jena,07.06.2023,158,Asphodelus albus,no,no,no,,no,no,,,
Jena,07.06.2023,158,Brunnera macrophylla,no,no,y,5,no,no,,,
Jena,07.06.2023,158,Camassia cusickii,no,no,no,,no,y,15,,
Jena,07.06.2023,158,Chelidonium majus,no,no,y,5,no,no,,,
Jena,07.06.2023,158,Clematis recta,no,no,y,5,no,no,,,
Jena,07.06.2023,158,Crocus speciosus,no,no,no,,no,y,100,,
Jena,07.06.2023,158,Eupatorium cannabinum,no,no,no,,no,no,,,
Jena,07.06.2023,158,Galega officinalis,no,no,no,,no,no,,,
Jena,07.06.2023,158,Galium mollugo,no,no,no,,no,no,,,
Jena,07.06.2023,158,Gaultheria shallon,no,no,y,75,no,no,,,
Jena,07.06.2023,158,Geranium sanguineum,no,no,y,10,no,no,,,
Jena,07.06.2023,158,Geum rivale,no,no,no,,no,y,5,,
Jena,07.06.2023,158,Gunnera manicata,no,y,y,10,no,no,,,
Jena,07.06.2023,158,Helichrysum arenarium,no,no,no,,no,no,,,
Jena,07.06.2023,158,Helleborus niger,no,no,no,,no,y,30,,
Jena,07.06.2023,158,Hemerocallis fulva,no,no,no,,no,no,,,
Jena,07.06.2023,158,Hibiscus moscheutos,no,y,no,,no,no,,,
Jena,07.06.2023,158,Iberis sempervirens,no,no,no,,no,no,,,
Jena,07.06.2023,158,Iris pseudacorus Wasser,no,no,no,,no,y,10,,
Jena,07.06.2023,158,Lamium album,no,no,y,50,no,no,,,
Jena,07.06.2023,158,Lathyrus pratensis,no,no,no,,no,no,,,
Jena,07.06.2023,158,Lavandula angustifolia,no,no,no,,no,no,,,
Jena,07.06.2023,158,Linum perenne,no,no,y,15,no,no,,,
Jena,07.06.2023,158,Lysichiton camtschatcensis,no,no,no,,no,no,,,
Jena,07.06.2023,158,Paeonia delavayi,no,no,y,10,no,no,,,
Jena,07.06.2023,158,Paeonia mlokosewitschii,no,no,no,,no,no,,,
Jena,07.06.2023,158,Paeonia officinalis,no,no,no,,no,no,,,
Jena,07.06.2023,158,Paeonia peregrina,no,no,no,,no,y,5,,
Jena,07.06.2023,158,Petasites hybridus,no,no,no,,no,y,10,,
Jena,07.06.2023,158,Prunella grandiflora,no,no,no,,no,no,,,
Jena,07.06.2023,158,Rheum palmatum,no,no,no,,no,y,5,,
Jena,07.06.2023,158,Rheum rhabarbarum,no,no,no,,y,y,5,,
Jena,07.06.2023,158,Rumex acetosa,no,no,y,15,no,no,,,
Jena,07.06.2023,158,Salvia nemorosa,no,no,no,,no,no,,,
Jena,07.06.2023,158,Salvia pratensis,no,no,y,15,no,no,,,
Jena,07.06.2023,158,Saxifraga paniculata,no,no,no,,no,no,,,
Jena,07.06.2023,158,Scopolia carniolica,no,no,no,,no,y,45,,
Jena,07.06.2023,158,Securigera varia,no,no,no,,no,no,,,
Jena,07.06.2023,158,Sempervivum tectorum,no,y,no,,no,no,,,
Jena,07.06.2023,158,Senecio nemorensis,no,no,no,,no,no,,,
Jena,07.06.2023,158,Silene coronaria,no,no,no,,no,no,,,
Jena,07.06.2023,158,Silene nutans,no,no,y,25,no,no,,,
Jena,07.06.2023,158,Solidago canadensis,no,no,no,,no,no,,,
Jena,07.06.2023,158,Thalictrum minus,no,no,no,,no,no,,,
Jena,07.06.2023,158,Veratrum album,no,no,no,,no,y,5,,
Jena,07.06.2023,158,Veratrum nigrum,no,no,no,,no,y,5,,
Jena,07.06.2023,158,Vinca minor,no,no,no,,no,no,,,
Jena,07.06.2023,158,Vincetoxicum hirundinaria,no,no,y,40,no,no,,,
Jena,14.06.2023,165,Achillea millefolium,no,no,y,5,no,no,,,
Jena,14.06.2023,165,Aconitum lycoctonum,no,no,y,5,no,no,,,
Jena,14.06.2023,165,Actaea spicata,no,no,y,10,no,no,,,
Jena,14.06.2023,165,Agrimonia eupatoria,no,no,no,,no,no,,,
Jena,14.06.2023,165,Anemone nemorosa,no,no,no,,no,y,25,,
Jena,14.06.2023,165,Anemone pulsatilla,no,no,no,,no,y,10,,
Jena,14.06.2023,165,Anemone sylvestris,no,no,no,,no,no,,,
Jena,14.06.2023,165,Antennaria dioica,no,no,no,,no,y,100,,
Jena,14.06.2023,165,Armoracia rusticana,no,no,no,,no,y,5,,
Jena,14.06.2023,165,Asphodelus albus,no,no,no,,no,y,5,,
Jena,14.06.2023,165,Brunnera macrophylla,no,no,no,,no,y,5,,
Jena,14.06.2023,165,Camassia cusickii,no,no,no,,no,y,40,,
Jena,14.06.2023,165,Chelidonium majus,no,no,y,5,y,y,5,,
Jena,14.06.2023,165,Clematis recta,no,no,y,75,no,no,,,
Jena,14.06.2023,165,Crocus speciosus,no,no,no,,no,y,100,,
Jena,14.06.2023,165,Eupatorium cannabinum,no,no,no,,no,no,,,
Jena,14.06.2023,165,Galega officinalis,no,no,no,,no,no,,,
Jena,14.06.2023,165,Galium mollugo,no,no,no,,no,no,,,
Jena,14.06.2023,165,Gaultheria shallon,m,y,y,30,no,no,,,
Jena,14.06.2023,165,Geranium sanguineum,no,no,y,10,no,no,,,
Jena,14.06.2023,165,Geum rivale,no,no,no,,no,y,10,,
Jena,14.06.2023,165,Gunnera manicata,no,no,no,,no,no,,,
Jena,14.06.2023,165,Helichrysum arenarium,no,no,no,,no,no,,,
Jena,14.06.2023,165,Helleborus niger,no,y,no,,no,y,20,,
Jena,14.06.2023,165,Hemerocallis fulva,no,no,no,,no,y,5,,
Jena,14.06.2023,165,Hibiscus moscheutos,no,y,no,,no,no,,,
Jena,14.06.2023,165,Iberis sempervirens,no,no,no,,no,no,,,
Jena,14.06.2023,165,Iris pseudacorus Wasser,no,no,no,,no,y,15,,
Jena,14.06.2023,165,Lamium album,no,no,y,25,no,no,,,
Jena,14.06.2023,165,Lathyrus pratensis,no,no,y,5,no,no,,,
Jena,14.06.2023,165,Lavandula angustifolia,no,no,no,,no,no,,,
Jena,14.06.2023,165,Linum perenne,no,no,y,5,no,y,5,,
Jena,14.06.2023,165,Lysichiton camtschatcensis,no,no,no,,no,no,,,
Jena,14.06.2023,165,Paeonia delavayi,no,no,no,,no,no,,,
Jena,14.06.2023,165,Paeonia mlokosewitschii,no,no,no,,no,no,,,
Jena,14.06.2023,165,Paeonia officinalis,no,no,no,,no,no,,,
Jena,14.06.2023,165,Paeonia peregrina,no,no,no,,no,y,5,,
Jena,14.06.2023,165,Petasites hybridus,no,no,no,,no,y,10,,
Jena,14.06.2023,165,Prunella grandiflora,no,no,y,5,no,no,,,
Jena,14.06.2023,165,Rheum palmatum,no,no,no,,no,no,,,
Jena,14.06.2023,165,Rheum rhabarbarum,no,no,no,,y,y,10,,
Jena,14.06.2023,165,Rumex acetosa,no,no,y,5,y,no,,,
Jena,14.06.2023,165,Salvia nemorosa,no,no,y,5,no,no,,,
Jena,14.06.2023,165,Salvia pratensis,no,no,no,,no,no,,,
Jena,14.06.2023,165,Saxifraga paniculata,no,no,no,,no,no,,,
Jena,14.06.2023,165,Scopolia carniolica,no,no,no,,no,y,70,,
Jena,14.06.2023,165,Securigera varia,no,no,y,5,no,no,,,
Jena,14.06.2023,165,Sempervivum tectorum,no,no,no,,no,no,,,
Jena,14.06.2023,165,Senecio nemorensis,no,no,no,,no,no,,,
Jena,14.06.2023,165,Silene coronaria,no,no,no,,no,y,40,,
Jena,14.06.2023,165,Silene nutans,no,no,no,,no,no,,,
Jena,14.06.2023,165,Solidago canadensis,no,no,no,,no,no,,,
Jena,14.06.2023,165,Thalictrum minus,no,no,y,5,no,no,,,
Jena,14.06.2023,165,Veratrum album,no,no,no,,no,y,5,,
Jena,14.06.2023,165,Veratrum nigrum,no,no,no,,no,y,10,,
Jena,14.06.2023,165,Vinca minor,no,no,no,,no,no,,,
Jena,14.06.2023,165,Vincetoxicum hirundinaria,no,no,y,20,no,no,,,
Jena,21.06.2023,172,Salvia pratensis,no,no,no,,y,no,,,
Jena,21.06.2023,172,Saxifraga paniculata,no,no,no,,no,no,,,
Jena,21.06.2023,172,Scopolia carniolica,no,no,no,,no,y,80,,
Jena,21.06.2023,172,Securigera varia,no,no,y,30,no,no,,,
Jena,21.06.2023,172,Sempervivum tectorum,no,y,no,,no,no,,,
Jena,21.06.2023,172,Senecio nemorensis,no,no,no,,no,no,,,
Jena,21.06.2023,172,Silene coronaria,no,no,no,,no,y,80,,
Jena,21.06.2023,172,Silene nutans,no,no,no,,no,y,5,,
Jena,21.06.2023,172,Solidago canadensis,no,no,no,,no,no,,,
Jena,21.06.2023,172,Thalictrum minus,no,no,y,70,no,no,,,
Jena,21.06.2023,172,Achillea millefolium,no,no,y,15,no,no,,,
Jena,21.06.2023,172,Aconitum lycoctonum,no,no,y,5,no,no,,,
Jena,21.06.2023,172,Actaea spicata,no,no,no,,y,no,,,
Jena,21.06.2023,172,Agrimonia eupatoria,no,no,y,5,no,no,,,
Jena,21.06.2023,172,Anemone nemorosa,no,no,no,,no,y,30,,
Jena,21.06.2023,172,Anemone pulsatilla,no,no,no,,no,y,10,,
Jena,21.06.2023,172,Chelidonium majus,no,no,y,5,y,y,5,,
Jena,21.06.2023,172,Anemone sylvestris,no,no,no,,no,no,,,
Jena,21.06.2023,172,Antennaria dioica,no,no,no,,no,y,100,,
Jena,21.06.2023,172,Armoracia rusticana,no,no,no,,no,y,10,,
Jena,21.06.2023,172,Asphodelus albus,no,no,no,,no,y,5,,
Jena,21.06.2023,172,Brunnera macrophylla,no,no,no,,y,y,5,,
Jena,21.06.2023,172,Camassia cusickii,no,no,no,,y,y,85,,
Jena,21.06.2023,172,Clematis recta,no,no,y,85,no,no,,,
Jena,21.06.2023,172,Crocus speciosus,no,no,no,,no,y,100,,
Jena,21.06.2023,172,Eupatorium cannabinum,no,no,no,,no,no,,,
Jena,21.06.2023,172,Galega officinalis,no,no,y,30,no,no,,,
Jena,21.06.2023,172,Galium mollugo,no,no,y,5,no,no,,,
Jena,21.06.2023,172,Gaultheria shallon,no,no,y,5,no,no,,,
Jena,21.06.2023,172,Geranium sanguineum,no,no,y,5,no,no,,,
Jena,21.06.2023,172,Geum rivale,no,no,no,,y,y,10,,
Jena,21.06.2023,172,Gunnera manicata,no,y,no,,no,no,,,
Jena,21.06.2023,172,Helichrysum arenarium,no,no,no,,no,no,,,
Jena,21.06.2023,172,Helleborus niger,no,y,no,,no,y,20,,
Jena,21.06.2023,172,Hemerocallis fulva,no,no,y,15,no,no,,,
Jena,21.06.2023,172,Hibiscus moscheutos,no,y,no,,no,no,,,
Jena,21.06.2023,172,Iberis sempervirens,no,no,no,,y,y,5,,
Jena,21.06.2023,172,Iris pseudacorus Wasser,no,no,no,,no,y,25,,
Jena,21.06.2023,172,Lamium album,no,no,y,40,no,y,5,,
Jena,21.06.2023,172,Lathyrus pratensis,no,no,y,10,no,no,,,
Jena,21.06.2023,172,Lavandula angustifolia,no,no,y,5,no,no,,,
Jena,21.06.2023,172,Linum perenne,no,no,y,5,no,no,,,
Jena,21.06.2023,172,Lysichiton camtschatcensis,no,no,no,,no,no,,,
Jena,21.06.2023,172,Paeonia delavayi,no,no,no,,no,no,,,
Jena,21.06.2023,172,Paeonia mlokosewitschii,no,no,no,,no,no,,,
Jena,21.06.2023,172,Paeonia officinalis,no,no,no,,no,no,,,
Jena,21.06.2023,172,Paeonia peregrina,no,no,no,,no,y,10,,
Jena,21.06.2023,172,Petasites hybridus,no,no,no,,no,y,10,,
Jena,21.06.2023,172,Prunella grandiflora,no,no,y,30,no,no,,,
Jena,21.06.2023,172,Rheum palmatum,no,no,no,,no,no,,,
Jena,21.06.2023,172,Rheum rhabarbarum,no,no,no,,y,y,15,,
Jena,21.06.2023,172,Rumex acetosa,no,no,no,,y,y,5,,
Jena,21.06.2023,172,Salvia nemorosa,no,no,y,10,no,no,,,
Jena,21.06.2023,172,Veratrum album,no,no,y,5,no,no,,,
Jena,21.06.2023,172,Veratrum nigrum,no,no,no,,no,no,,,
Jena,21.06.2023,172,Vinca minor,no,no,no,,no,no,,,
Jena,21.06.2023,172,Vincetoxicum hirundinaria,no,no,y,15,no,no,,,
Jena,28.06.2023,179,Achillea millefolium,no,no,y,20,no,no,,,
Jena,28.06.2023,179,Aconitum lycoctonum,no,no,y,10,no,no,,,
Jena,28.06.2023,179,Actaea spicata,no,no,no,,y,no,,,
Jena,28.06.2023,179,Agrimonia eupatoria,no,no,y,25,no,no,,,
Jena,28.06.2023,179,Anemone nemorosa,no,no,no,,no,y,50,,
Jena,28.06.2023,179,Anemone pulsatilla,no,no,no,,no,y,10,,
Jena,28.06.2023,179,Anemone sylvestris,no,no,no,,y,no,,,
Jena,28.06.2023,179,Antennaria dioica,no,no,no,,no,y,100,,
Jena,28.06.2023,179,Armoracia rusticana,no,no,no,,no,y,10,,
Jena,28.06.2023,179,Asphodelus albus,no,no,no,,no,y,5,,Samen fast reif
Jena,28.06.2023,179,Brunnera macrophylla,no,no,no,,y,y,10,,
Jena,28.06.2023,179,Camassia cusickii,no,no,no,,y,y,100,,
Jena,28.06.2023,179,Chelidonium majus,no,no,no,,y,y,5,,
Jena,28.06.2023,179,Clematis recta,no,no,y,10,no,no,,,
Jena,28.06.2023,179,Crocus speciosus,no,no,no,,no,y,100,,
Jena,28.06.2023,179,Eupatorium cannabinum,no,no,no,,no,no,,,
Jena,28.06.2023,179,Galega officinalis,no,no,y,60,no,no,,,
Jena,28.06.2023,179,Galium mollugo,no,no,y,50,no,no,,,
Jena,28.06.2023,179,Gaultheria shallon,no,no,no,,no,no,,,
Jena,28.06.2023,179,Geranium sanguineum,no,no,no,,no,no,,,
Jena,28.06.2023,179,Geum rivale,no,no,no,,y,y,10,,
Jena,28.06.2023,179,Gunnera manicata,y,y,no,,no,no,,,
Jena,28.06.2023,179,Helichrysum arenarium,no,no,y,10,no,no,,,
Jena,28.06.2023,179,Helleborus niger,no,y,no,,no,y,15,,
Jena,28.06.2023,179,Hemerocallis fulva,no,no,y,10,no,y,5,,
Jena,28.06.2023,179,Hibiscus moscheutos,no,y,no,,no,no,,,
Jena,28.06.2023,179,Iberis sempervirens,no,no,no,,y,y,5,,
Jena,28.06.2023,179,Iris pseudacorus Wasser,no,no,no,,no,y,30,,
Jena,28.06.2023,179,Lamium album,no,no,y,10,no,y,5,,
Jena,28.06.2023,179,Lathyrus pratensis,no,no,y,5,no,no,,,
Jena,28.06.2023,179,Lavandula angustifolia,no,no,y,40,no,no,,,
Jena,28.06.2023,179,Linum perenne,no,no,no,,no,y,5,,
Jena,28.06.2023,179,Lysichiton camtschatcensis,no,no,no,,no,no,,,
Jena,28.06.2023,179,Paeonia delavayi,no,no,no,,no,no,,,
Jena,28.06.2023,179,Paeonia mlokosewitschii,no,no,no,,no,y,5,,
Jena,28.06.2023,179,Paeonia officinalis,no,no,no,,no,no,,,
Jena,28.06.2023,179,Paeonia peregrina,no,no,no,,no,y,15,,
Jena,28.06.2023,179,Petasites hybridus,no,no,no,,no,y,10,,
Jena,28.06.2023,179,Prunella grandiflora,no,no,y,20,no,no,,,
Jena,28.06.2023,179,Rheum palmatum,no,no,no,,no,no,,,
Jena,28.06.2023,179,Rheum rhabarbarum,no,no,no,,no,y,20,,
Jena,28.06.2023,179,Rumex acetosa,no,no,no,,y,y,15,,
Jena,28.06.2023,179,Salvia nemorosa,no,no,y,30,no,no,,,
Jena,28.06.2023,179,Salvia pratensis,no,no,no,,y,y,5,,
Jena,28.06.2023,179,Saxifraga paniculata,no,no,no,,no,no,,,
Jena,28.06.2023,179,Scopolia carniolica,no,no,no,,no,y,90,,
Jena,28.06.2023,179,Securigera varia,no,no,y,60,no,no,,,
Jena,28.06.2023,179,Sempervivum tectorum,no,y,no,,no,no,,,
Jena,28.06.2023,179,Senecio nemorensis,no,no,no,,no,no,,,
Jena,28.06.2023,179,Silene coronaria,no,no,no,,no,y,95,,
Jena,28.06.2023,179,Silene nutans,no,no,no,,y,y,5,,
Jena,28.06.2023,179,Solidago canadensis,no,no,no,,no,no,,,
Jena,28.06.2023,179,Thalictrum minus,no,no,y,15,no,no,,,
Jena,28.06.2023,179,Veratrum album,no,no,y,60,no,y,10,,
Jena,28.06.2023,179,Veratrum nigrum,no,no,no,,no,y,20,,
Jena,28.06.2023,179,Vinca minor,no,no,no,,no,no,,,
Jena,28.06.2023,179,Vincetoxicum hirundinaria,no,no,y,15,no,no,,,
Jena,05.07.2023,186,Achillea millefolium,no,no,y,60,no,no,,,
Jena,05.07.2023,186,Aconitum lycoctonum,no,no,y,15,no,no,,,
Jena,05.07.2023,186,Actaea spicata,no,no,no,,y,no,,,
Jena,05.07.2023,186,Agrimonia eupatoria,no,no,y,15,no,no,,,
Jena,05.07.2023,186,Anemone nemorosa,no,no,no,,no,y,75,,
Jena,05.07.2023,186,Anemone pulsatilla,no,no,no,,no,y,10,,
Jena,05.07.2023,186,Anemone sylvestris,no,no,no,,y,no,,,
Jena,05.07.2023,186,Antennaria dioica,no,no,no,,no,y,100,,
Jena,05.07.2023,186,Armoracia rusticana,no,no,no,,no,y,10,,
Jena,05.07.2023,186,Asphodelus albus,no,no,no,,no,y,10,,
Jena,05.07.2023,186,Brunnera macrophylla,no,no,no,,y,y,15,,
Jena,05.07.2023,186,Camassia cusickii,no,no,no,,u,y,100,,
Jena,05.07.2023,186,Chelidonium majus,no,no,y,5,y,y,10,,
Jena,05.07.2023,186,Clematis recta,no,no,no,,no,no,,,
Jena,05.07.2023,186,Crocus speciosus,no,no,no,,no,y,100,,
Jena,05.07.2023,186,Eupatorium cannabinum,no,no,y,5,no,no,,,
Jena,05.07.2023,186,Galega officinalis,no,no,y,50,no,no,,,
Jena,05.07.2023,186,Galium mollugo,no,no,y,40,no,no,,,
Jena,05.07.2023,186,Gaultheria shallon,no,no,no,,no,no,,,
Jena,05.07.2023,186,Geranium sanguineum,no,no,no,,no,no,,,
Jena,05.07.2023,186,Geum rivale,no,no,no,,y,y,10,,
Jena,05.07.2023,186,Gunnera manicata,y,y,no,,no,no,,,
Jena,05.07.2023,186,Helichrysum arenarium,no,no,y,80,no,no,,,
Jena,05.07.2023,186,Helleborus niger,no,u,no,,no,y,15,,
Jena,05.07.2023,186,Hemerocallis fulva,no,no,y,10,no,y,10,,
Jena,05.07.2023,186,Hibiscus moscheutos,no,y,no,,no,no,,,
Jena,05.07.2023,186,Iberis sempervirens,no,no,no,,y,y,10,,
Jena,05.07.2023,186,Iris pseudacorus Wasser,no,no,no,,no,y,40,,
Jena,05.07.2023,186,Lamium album,no,no,y,10,no,y,5,,
Jena,05.07.2023,186,Lathyrus pratensis,no,no,no,,no,no,,,
Jena,05.07.2023,186,Lavandula angustifolia,no,no,y,75,no,no,,,
Jena,05.07.2023,186,Linum perenne,no,no,y,5,u,y,5,,
Jena,05.07.2023,186,Lysichiton camtschatcensis,no,no,no,,no,no,,,
Jena,05.07.2023,186,Paeonia delavayi,no,no,no,,no,no,,,
Jena,05.07.2023,186,Paeonia mlokosewitschii,no,no,no,,no,y,5,,
Jena,05.07.2023,186,Paeonia officinalis,no,no,no,,no,no,,,
Jena,05.07.2023,186,Paeonia peregrina,no,no,no,,no,y,15,,
Jena,05.07.2023,186,Petasites hybridus,no,no,no,,no,y,10,,
Jena,05.07.2023,186,Prunella grandiflora,no,no,y,10,no,no,,,
Jena,05.07.2023,186,Rheum palmatum,no,no,no,,no,no,,,
Jena,05.07.2023,186,Rheum rhabarbarum,no,no,no,,no,y,20,,
Jena,05.07.2023,186,Rumex acetosa,no,no,no,,no,y,15,,
Jena,05.07.2023,186,Salvia nemorosa,no,no,y,25,no,no,,,
Jena,05.07.2023,186,Salvia pratensis,no,no,no,,y,y,5,,
Jena,05.07.2023,186,Saxifraga paniculata,no,no,no,,no,no,,,
Jena,05.07.2023,186,Scopolia carniolica,no,no,no,,no,y,90,,
Jena,05.07.2023,186,Securigera varia,no,no,y,50,no,no,,,
Jena,05.07.2023,186,Sempervivum tectorum,no,y,no,,no,no,,,
Jena,05.07.2023,186,Senecio nemorensis,no,no,no,,no,no,,,
Jena,05.07.2023,186,Silene coronaria,no,no,no,,no,y,95,,
Jena,05.07.2023,186,Silene nutans,no,no,no,,y,y,5,,
Jena,05.07.2023,186,Solidago canadensis,no,no,no,,no,no,,,
Jena,05.07.2023,186,Thalictrum minus,no,no,no,,u,no,,,
Jena,05.07.2023,186,Veratrum album,no,no,y,75,no,y,10,,
Jena,05.07.2023,186,Veratrum nigrum,no,no,no,,no,y,30,,
Jena,05.07.2023,186,Vinca minor,no,no,no,,no,no,,,
Jena,05.07.2023,186,Vincetoxicum hirundinaria,no,no,y,20,no,no,,,
Jena,12.07.2023,193,Achillea millefolium,no,y,y,75,no,no,,,
Jena,12.07.2023,193,Aconitum lycoctonum,no,no,y,20,no,no,,,
Jena,12.07.2023,193,Actaea spicata,no,no,no,,y,no,,,
Jena,12.07.2023,193,Agrimonia eupatoria,no,no,y,20,no,no,,,
Jena,12.07.2023,193,Anemone nemorosa,no,no,no,,no,y,85,,
Jena,12.07.2023,193,Anemone pulsatilla,no,no,no,,no,y,10,,
Jena,12.07.2023,193,Anemone sylvestris,no,no,no,,y,no,,,
Jena,12.07.2023,193,Antennaria dioica,no,no,no,,no,y,100,,
Jena,12.07.2023,193,Armoracia rusticana,no,no,no,,no,y,10,,
Jena,12.07.2023,193,Asphodelus albus,no,no,no,,y,y,15,,
Jena,12.07.2023,193,Brunnera macrophylla,no,no,no,,no,y,20,,
Jena,12.07.2023,193,Camassia cusickii,no,no,no,,u,y,100,,
Jena,12.07.2023,193,Chelidonium majus,no,no,y,5,y,y,20,,
Jena,12.07.2023,193,Clematis recta,no,no,no,,no,no,,,
Jena,12.07.2023,193,Crocus speciosus,no,no,no,,no,y,100,,
Jena,12.07.2023,193,Eupatorium cannabinum,no,no,y,20,no,no,,,
Jena,12.07.2023,193,Galega officinalis,no,no,y,40,no,no,,,
Jena,12.07.2023,193,Galium mollugo,no,no,y,25,no,no,,,
Jena,12.07.2023,193,Gaultheria shallon,no,no,no,,no,no,,,
Jena,12.07.2023,193,Geranium sanguineum,no,no,no,,no,no,,,
Jena,12.07.2023,193,Geum rivale,no,no,no,,y,no,,,
Jena,12.07.2023,193,Gunnera manicata,y,y,no,,no,no,,,
Jena,12.07.2023,193,Helichrysum arenarium,no,no,y,50,no,no,,,
Jena,12.07.2023,193,Helleborus niger,no,no,no,,no,y,15,,
Jena,12.07.2023,193,Hemerocallis fulva,no,no,y,10,no,y,10,,
Jena,12.07.2023,193,Hibiscus moscheutos,no,y,no,,no,no,,,
Jena,12.07.2023,193,Iberis sempervirens,no,no,no,,y,y,5,,
Jena,12.07.2023,193,Iris pseudacorus Wasser,no,no,no,,no,y,40,,
Jena,12.07.2023,193,Lamium album,no,no,y,10,no,y,5,,
Jena,12.07.2023,193,Lathyrus pratensis,no,no,no,,y,no,,,
Jena,12.07.2023,193,Lavandula angustifolia,no,no,y,65,no,no,,,
Jena,12.07.2023,193,Linum perenne,no,no,y,5,y,y,5,,
Jena,12.07.2023,193,Lysichiton camtschatcensis,no,no,no,,no,no,,,
Jena,12.07.2023,193,Paeonia delavayi,no,no,no,,no,no,,,
Jena,12.07.2023,193,Paeonia mlokosewitschii,no,no,no,,no,y,5,,
Jena,12.07.2023,193,Paeonia officinalis,no,no,no,,no,no,,,
Jena,12.07.2023,193,Paeonia peregrina,no,no,no,,no,y,15,,
Jena,12.07.2023,193,Petasites hybridus,no,no,no,,no,y,10,,
Jena,12.07.2023,193,Prunella grandiflora,no,no,y,5,no,no,,,
Jena,12.07.2023,193,Rheum palmatum,no,no,no,,no,y,5,,
Jena,12.07.2023,193,Rheum rhabarbarum,no,no,no,,no,y,20,,
Jena,12.07.2023,193,Rumex acetosa,no,no,no,,no,y,15,,
Jena,12.07.2023,193,Salvia nemorosa,no,no,y,20,no,no,,,
Jena,12.07.2023,193,Salvia pratensis,no,no,no,,y,y,5,,
Jena,12.07.2023,193,Saxifraga paniculata,no,no,no,,no,no,,,
Jena,12.07.2023,193,Scopolia carniolica,no,no,no,,no,y,90,,
Jena,12.07.2023,193,Securigera varia,no,no,y,45,no,no,,,
Jena,12.07.2023,193,Sempervivum tectorum,no,y,no,,no,no,,,
Jena,12.07.2023,193,Senecio nemorensis,no,no,no,,no,no,,,
Jena,12.07.2023,193,Silene coronaria,no,no,no,,no,y,95,,
Jena,12.07.2023,193,Silene nutans,no,no,no,,y,y,5,,
Jena,12.07.2023,193,Solidago canadensis,no,no,no,,no,no,,,
Jena,12.07.2023,193,Thalictrum minus,no,no,no,,no,no,,,
Jena,12.07.2023,193,Veratrum album,no,no,y,65,no,y,10,,
Jena,12.07.2023,193,Veratrum nigrum,no,no,no,,no,y,30,,
Jena,12.07.2023,193,Vinca minor,no,no,no,,no,no,,,
Jena,12.07.2023,193,Vincetoxicum hirundinaria,no,no,y,20,no,no,,,
Jena,19.07.2023,200,Achillea millefolium,no,no,y,80,y,no,,,
Jena,19.07.2023,200,Aconitum lycoctonum,no,no,y,20,no,no,,,
Jena,19.07.2023,200,Actaea spicata,no,no,no,,y,y,5,,
Jena,19.07.2023,200,Agrimonia eupatoria,no,no,y,10,no,no,,,
Jena,19.07.2023,200,Anemone nemorosa,no,no,no,,no,y,90,,
Jena,19.07.2023,200,Anemone pulsatilla,no,no,no,,no,y,10,,
Jena,19.07.2023,200,Anemone sylvestris,no,no,no,,y,no,,,
Jena,19.07.2023,200,Antennaria dioica,no,no,no,,no,no,,,
Jena,19.07.2023,200,Armoracia rusticana,y,y,no,,no,y,5,,
Jena,19.07.2023,200,Asphodelus albus,no,no,no,,y,y,25,,
Jena,19.07.2023,200,Brunnera macrophylla,no,no,no,,y,y,30,,
Jena,19.07.2023,200,Camassia cusickii,no,no,no,,no,y,100,,Cut
Jena,19.07.2023,200,Chelidonium majus,no,no,y,5,y,y,20,,
Jena,19.07.2023,200,Clematis recta,no,no,no,,no,no,,,
Jena,19.07.2023,200,Crocus speciosus,no,no,no,,no,y,100,,
Jena,19.07.2023,200,Eupatorium cannabinum,no,no,y,45,no,no,,,
Jena,19.07.2023,200,Galega officinalis,no,no,y,20,no,no,,,
Jena,19.07.2023,200,Galium mollugo,no,no,no,,no,no,,,
Jena,19.07.2023,200,Gaultheria shallon,no,no,no,,no,y,20,,
Jena,19.07.2023,200,Geranium sanguineum,no,no,y,5,y,y,10,,
Jena,19.07.2023,200,Geum rivale,no,no,no,,y,y,5,,
Jena,19.07.2023,200,Gunnera manicata,no,no,no,,no,no,,,
Jena,19.07.2023,200,Helichrysum arenarium,no,no,y,60,no,y,10,,
Jena,19.07.2023,200,Helleborus niger,no,no,no,,no,y,15,,
Jena,19.07.2023,200,Hemerocallis fulva,no,no,no,,no,y,20,,
Jena,19.07.2023,200,Hibiscus moscheutos,no,no,no,,no,no,,,
Jena,19.07.2023,200,Iberis sempervirens,no,no,no,,y,y,5,,
Jena,19.07.2023,200,Iris pseudacorus Wasser,no,no,no,,no,y,85,,
Jena,19.07.2023,200,Lamium album,no,no,y,15,y,y,10,,
Jena,19.07.2023,200,Lathyrus pratensis,no,no,no,,y,y,15,,
Jena,19.07.2023,200,Lavandula angustifolia,no,no,y,25,no,no,,,
Jena,19.07.2023,200,Linum perenne,no,no,y,5,y,y,10,,
Jena,19.07.2023,200,Lysichiton camtschatcensis,no,no,no,,no,no,,,
Jena,19.07.2023,200,Paeonia delavayi,no,no,no,,no,no,,,
Jena,19.07.2023,200,Paeonia mlokosewitschii,no,no,no,,no,y,5,,
Jena,19.07.2023,200,Paeonia officinalis,no,no,no,,no,no,,,
Jena,19.07.2023,200,Paeonia peregrina,no,no,no,,no,y,20,,
Jena,19.07.2023,200,Petasites hybridus,no,no,no,,no,y,10,,
Jena,19.07.2023,200,Prunella grandiflora,no,no,y,5,no,no,,,
Jena,19.07.2023,200,Rheum palmatum,no,no,no,,no,y,80,,
Jena,19.07.2023,200,Rheum rhabarbarum,no,no,no,,no,y,45,,
Jena,19.07.2023,200,Rumex acetosa,no,no,no,,no,y,20,,
Jena,19.07.2023,200,Salvia nemorosa,no,no,y,10,y,no,,,
Jena,19.07.2023,200,Salvia pratensis,no,no,no,,y,y,5,,
Jena,19.07.2023,200,Saxifraga paniculata,no,no,no,,no,no,,,
Jena,19.07.2023,200,Scopolia carniolica,no,no,no,,no,y,90,,
Jena,19.07.2023,200,Securigera varia,no,no,y,60,no,no,,,
Jena,19.07.2023,200,Sempervivum tectorum,no,no,no,,no,no,,,
Jena,19.07.2023,200,Senecio nemorensis,no,no,no,,no,no,,,
Jena,19.07.2023,200,Silene coronaria,no,no,no,,no,y,100,,
Jena,19.07.2023,200,Silene nutans,no,no,no,,y,y,10,,
Jena,19.07.2023,200,Solidago canadensis,no,no,no,,no,no,,,
Jena,19.07.2023,200,Thalictrum minus,no,no,no,,no,y,5,,
Jena,19.07.2023,200,Veratrum album,no,no,y,10,no,y,20,,
Jena,19.07.2023,200,Veratrum nigrum,no,no,y,10,no,y,35,,
Jena,19.07.2023,200,Vinca minor,no,no,no,,no,no,,,
Jena,19.07.2023,200,Vincetoxicum hirundinaria,no,no,y,10,no,no,,,
Jena,26.07.2023,207,Achillea millefolium,no,no,y,80,y,no,,,
Jena,26.07.2023,207,Aconitum lycoctonum,no,no,y,20,y,no,,,
Jena,26.07.2023,207,Actaea spicata,no,no,no,,y,y,5,,
Jena,26.07.2023,207,Agrimonia eupatoria,no,no,y,5,no,no,,,
Jena,26.07.2023,207,Anemone nemorosa,no,no,no,,no,y,90,,
Jena,26.07.2023,207,Anemone pulsatilla,no,no,no,,no,y,10,,
Jena,26.07.2023,207,Anemone sylvestris,no,no,no,,y,no,,,
Jena,26.07.2023,207,Antennaria dioica,no,no,no,,no,no,,,
Jena,26.07.2023,207,Armoracia rusticana,no,y,no,,no,y,5,,
Jena,26.07.2023,207,Asphodelus albus,no,no,no,,y,y,30,,
Jena,26.07.2023,207,Brunnera macrophylla,no,no,no,,u,y,35,,
Jena,26.07.2023,207,Camassia cusickii,no,no,no,,no,y,100,,
Jena,26.07.2023,207,Chelidonium majus,no,no,no,,y,y,15,,
Jena,26.07.2023,207,Clematis recta,no,no,no,,no,no,,,
Jena,26.07.2023,207,Crocus speciosus,no,no,no,,no,y,100,,
Jena,26.07.2023,207,Eupatorium cannabinum,no,no,y,45,no,no,,,
Jena,26.07.2023,207,Galega officinalis,no,no,y,5,no,no,,,
Jena,26.07.2023,207,Galium mollugo,no,no,y,5,no,no,,,
Jena,26.07.2023,207,Gaultheria shallon,no,no,no,,no,y,20,,
Jena,26.07.2023,207,Geranium sanguineum,no,no,y,5,u,y,10,,
Jena,26.07.2023,207,Geum rivale,no,no,no,,y,y,5,,
Jena,26.07.2023,207,Gunnera manicata,no,no,no,,no,no,,,
Jena,26.07.2023,207,Helichrysum arenarium,no,no,y,70,no,y,10,,
Jena,26.07.2023,207,Helleborus niger,no,no,no,,no,y,15,,
Jena,26.07.2023,207,Hemerocallis fulva,no,no,no,,no,y,30,,
Jena,26.07.2023,207,Hibiscus moscheutos,no,no,no,,no,no,,,
Jena,26.07.2023,207,Iberis sempervirens,no,no,no,,y,y,15,,
Jena,26.07.2023,207,Iris pseudacorus Wasser,no,no,no,,no,y,85,,
Jena,26.07.2023,207,Lamium album,no,no,y,5,y,y,10,,
Jena,26.07.2023,207,Lathyrus pratensis,no,no,no,,y,y,20,,
Jena,26.07.2023,207,Lavandula angustifolia,no,no,y,15,no,no,,,
Jena,26.07.2023,207,Linum perenne,no,no,y,5,y,y,10,,
Jena,26.07.2023,207,Lysichiton camtschatcensis,no,no,no,,no,no,,,
Jena,26.07.2023,207,Paeonia delavayi,no,no,no,,no,no,,,
Jena,26.07.2023,207,Paeonia mlokosewitschii,no,no,no,,no,y,5,,
Jena,26.07.2023,207,Paeonia officinalis,no,no,no,,no,no,,,
Jena,26.07.2023,207,Paeonia peregrina,no,no,no,,no,y,20,,
Jena,26.07.2023,207,Petasites hybridus,no,no,no,,no,y,10,,
Jena,26.07.2023,207,Prunella grandiflora,no,no,y,10,u,no,,,
Jena,26.07.2023,207,Rheum palmatum,no,no,no,,no,y,95,,
Jena,26.07.2023,207,Rheum rhabarbarum,no,no,no,,no,y,45,,
Jena,26.07.2023,207,Rumex acetosa,no,no,no,,no,y,10,,
Jena,26.07.2023,207,Salvia nemorosa,no,no,y,5,y,no,,,
Jena,26.07.2023,207,Salvia pratensis,no,no,no,,y,y,5,,
Jena,26.07.2023,207,Saxifraga paniculata,no,no,no,,no,no,,,
Jena,26.07.2023,207,Scopolia carniolica,no,no,no,,no,y,95,,
Jena,26.07.2023,207,Securigera varia,no,no,y,60,no,no,,,
Jena,26.07.2023,207,Sempervivum tectorum,no,u,no,,no,no,,,
Jena,26.07.2023,207,Senecio nemorensis,no,no,no,,no,no,,,
Jena,26.07.2023,207,Silene coronaria,no,no,no,,no,y,100,,
Jena,26.07.2023,207,Silene nutans,no,no,no,,y,y,10,,
Jena,26.07.2023,207,Solidago canadensis,no,no,no,,no,no,,,
Jena,26.07.2023,207,Thalictrum minus,no,no,no,,u,y,5,,
Jena,26.07.2023,207,Veratrum album,no,no,y,10,no,y,20,,
Jena,26.07.2023,207,Veratrum nigrum,no,no,y,10,no,y,35,,
Jena,26.07.2023,207,Vinca minor,no,no,no,,no,no,,,
Jena,26.07.2023,207,Vincetoxicum hirundinaria,no,no,y,10,no,no,,,
Jena,02.08.2023,214,Anemone sylvestris,no,no,no,,y,no,,,
Jena,02.08.2023,214,Antennaria dioica,no,no,no,,no,no,,,
Jena,02.08.2023,214,Armoracia rusticana,no,no,no,,no,no,,,
Jena,02.08.2023,214,Asphodelus albus,no,no,no,,y,y,35,,
Jena,02.08.2023,214,Brunnera macrophylla,no,no,no,,no,y,40,,
Jena,02.08.2023,214,Camassia cusickii,no,no,no,,no,y,100,,
Jena,02.08.2023,214,Chelidonium majus,no,no,y,5,y,y,10,,
Jena,02.08.2023,214,Clematis recta,no,no,y,5,no,no,,,
Jena,02.08.2023,214,Crocus speciosus,no,no,no,,no,y,100,,
Jena,02.08.2023,214,Eupatorium cannabinum,no,no,y,40,no,no,,,
Jena,02.08.2023,214,Galega officinalis,no,no,y,5,y,no,,,
Jena,02.08.2023,214,Galium mollugo,no,no,no,,y,no,,,
Jena,02.08.2023,214,Gaultheria shallon,no,no,no,,no,y,20,,
Jena,02.08.2023,214,Geranium sanguineum,no,no,y,5,y,y,10,,
Jena,02.08.2023,214,Achillea millefolium,no,no,y,60,no,no,,,
Jena,02.08.2023,214,Aconitum lycoctonum,no,no,y,15,y,no,,,
Jena,02.08.2023,214,Actaea spicata,no,no,no,,y,y,5,,
Jena,02.08.2023,214,Agrimonia eupatoria,no,no,y,5,no,no,,,
Jena,02.08.2023,214,Anemone nemorosa,no,no,no,,no,y,95,,
Jena,02.08.2023,214,Anemone pulsatilla,no,no,no,,no,y,10,,
Jena,02.08.2023,214,Geum rivale,no,no,no,,y,y,5,,
Jena,02.08.2023,214,Gunnera manicata,no,no,no,,no,no,,,
Jena,02.08.2023,214,Helichrysum arenarium,no,no,y,45,no,y,15,,
Jena,02.08.2023,214,Helleborus niger,no,no,no,,no,y,15,,
Jena,02.08.2023,214,Hemerocallis fulva,no,no,no,,no,y,60,,
Jena,02.08.2023,214,Hibiscus moscheutos,no,no,no,,no,no,,,
Jena,02.08.2023,214,Iberis sempervirens,no,no,no,,y,y,25,,
Jena,02.08.2023,214,Iris pseudacorus Wasser,no,no,no,,no,y,85,,
Jena,02.08.2023,214,Lamium album,no,no,y,5,y,y,15,,
Jena,02.08.2023,214,Lathyrus pratensis,no,no,no,,y,y,20,,
Jena,02.08.2023,214,Lavandula angustifolia,no,no,y,5,y,no,,,
Jena,02.08.2023,214,Linum perenne,no,no,y,5,y,y,10,,
Jena,02.08.2023,214,Lysichiton camtschatcensis,no,no,no,,no,no,,,
Jena,02.08.2023,214,Paeonia delavayi,no,no,no,,no,no,,,
Jena,02.08.2023,214,Paeonia mlokosewitschii,no,no,no,,y,y,5,,
Jena,02.08.2023,214,Paeonia officinalis,no,no,no,,no,y,5,,
Jena,02.08.2023,214,Paeonia peregrina,no,no,no,,no,y,20,,
Jena,02.08.2023,214,Petasites hybridus,no,no,no,,no,y,10,,
Jena,02.08.2023,214,Prunella grandiflora,no,no,y,5,y,no,,,
Jena,02.08.2023,214,Rheum palmatum,no,no,no,,no,y,95,,
Jena,02.08.2023,214,Rheum rhabarbarum,no,no,no,,no,y,55,,
Jena,02.08.2023,214,Rumex acetosa,no,no,no,,no,y,10,,
Jena,02.08.2023,214,Salvia nemorosa,no,no,y,5,y,no,,,
Jena,02.08.2023,214,Salvia pratensis,no,no,no,,y,y,5,,
Jena,02.08.2023,214,Saxifraga paniculata,no,no,no,,no,no,,,
Jena,02.08.2023,214,Scopolia carniolica,no,no,no,,no,y,95,,
Jena,02.08.2023,214,Securigera varia,no,no,y,20,y,no,,,
Jena,02.08.2023,214,Sempervivum tectorum,no,y,no,,no,no,,,
Jena,02.08.2023,214,Senecio nemorensis,no,no,no,,no,no,,,
Jena,02.08.2023,214,Silene coronaria,no,no,no,,no,y,100,,
Jena,02.08.2023,214,Silene nutans,no,no,no,,y,y,15,,
Jena,02.08.2023,214,Solidago canadensis,no,no,no,,no,no,,,
Jena,02.08.2023,214,Thalictrum minus,no,no,no,,y,y,5,,
Jena,02.08.2023,214,Veratrum album,no,no,y,5,no,y,25,,
Jena,02.08.2023,214,Veratrum nigrum,no,no,y,10,no,y,40,,
Jena,02.08.2023,214,Vinca minor,no,no,no,,no,no,,,
Jena,02.08.2023,214,Vincetoxicum hirundinaria,no,no,y,10,no,no,,,
Jena,09.08.2023,221,Achillea millefolium,no,no,y,20,no,no,,,
Jena,09.08.2023,221,Aconitum lycoctonum,no,no,y,5,y,y,10,,
Jena,09.08.2023,221,Actaea spicata,no,no,no,,y,y,10,,
Jena,09.08.2023,221,Agrimonia eupatoria,no,no,y,5,y,no,,,
Jena,09.08.2023,221,Anemone nemorosa,no,no,no,,no,y,100,,
Jena,09.08.2023,221,Anemone pulsatilla,no,no,no,,no,y,10,,
Jena,09.08.2023,221,Anemone sylvestris,no,no,no,,y,no,,,
Jena,09.08.2023,221,Antennaria dioica,no,no,no,,no,no,,,
Jena,09.08.2023,221,Armoracia rusticana,no,no,no,,no,y,5,,
Jena,09.08.2023,221,Asphodelus albus,no,no,no,,y,y,40,,
Jena,09.08.2023,221,Brunnera macrophylla,no,no,no,,no,y,40,,
Jena,09.08.2023,221,Camassia cusickii,no,no,no,,no,y,100,,
Jena,09.08.2023,221,Chelidonium majus,no,no,y,5,y,y,20,,
Jena,09.08.2023,221,Clematis recta,no,no,no,,no,no,,,
Jena,09.08.2023,221,Crocus speciosus,no,no,no,,no,y,100,,
Jena,09.08.2023,221,Eupatorium cannabinum,no,no,y,25,no,no,,,
Jena,09.08.2023,221,Galega officinalis,no,no,y,5,y,y,5,,
Jena,09.08.2023,221,Galium mollugo,no,no,no,,y,no,,,
Jena,09.08.2023,221,Gaultheria shallon,no,no,no,,y,y,25,,
Jena,09.08.2023,221,Geranium sanguineum,no,no,no,,y,y,10,,
Jena,09.08.2023,221,Geum rivale,no,no,no,,y,y,10,,
Jena,09.08.2023,221,Gunnera manicata,no,no,no,,y,no,,,
Jena,09.08.2023,221,Helichrysum arenarium,no,no,y,10,no,y,20,,
Jena,09.08.2023,221,Helleborus niger,no,y,no,,no,y,10,,
Jena,09.08.2023,221,Hemerocallis fulva,no,no,no,,no,y,65,,
Jena,09.08.2023,221,Hibiscus moscheutos,no,no,no,,no,no,,,
Jena,09.08.2023,221,Iberis sempervirens,no,no,no,,y,y,20,,
Jena,09.08.2023,221,Iris pseudacorus Wasser,no,no,no,,no,y,90,,
Jena,09.08.2023,221,Lamium album,no,no,no,,y,y,20,,
Jena,09.08.2023,221,Lathyrus pratensis,no,no,no,,y,y,30,,
Jena,09.08.2023,221,Lavandula angustifolia,no,no,y,5,y,no,,,
Jena,09.08.2023,221,Linum perenne,no,no,y,5,y,y,10,,
Jena,09.08.2023,221,Lysichiton camtschatcensis,no,no,no,,no,y,5,,
Jena,09.08.2023,221,Paeonia delavayi,no,no,no,,no,no,,,
Jena,09.08.2023,221,Paeonia mlokosewitschii,no,no,no,,y,y,10,,
Jena,09.08.2023,221,Paeonia officinalis,no,no,no,,y,y,5,,
Jena,09.08.2023,221,Paeonia peregrina,no,no,no,,y,y,25,,
Jena,09.08.2023,221,Petasites hybridus,no,no,no,,no,y,10,,
Jena,09.08.2023,221,Prunella grandiflora,no,no,no,,y,no,,,
Jena,09.08.2023,221,Rheum palmatum,no,no,no,,no,y,100,,
Jena,09.08.2023,221,Rheum rhabarbarum,no,no,no,,no,y,75,,
Jena,09.08.2023,221,Rumex acetosa,no,no,no,,no,y,20,,
Jena,09.08.2023,221,Salvia nemorosa,no,no,y,5,y,no,,,
Jena,09.08.2023,221,Salvia pratensis,no,no,no,,y,y,5,,
Jena,09.08.2023,221,Saxifraga paniculata,no,no,no,,no,no,,,
Jena,09.08.2023,221,Scopolia carniolica,no,no,no,,no,y,100,,
Jena,09.08.2023,221,Securigera varia,no,no,y,5,y,no,,,
Jena,09.08.2023,221,Sempervivum tectorum,no,no,no,,no,no,,,
Jena,09.08.2023,221,Senecio nemorensis,no,no,no,,no,no,,,
Jena,09.08.2023,221,Silene coronaria,no,no,no,,no,y,100,,
Jena,09.08.2023,221,Silene nutans,no,no,no,,y,y,20,,
Jena,09.08.2023,221,Solidago canadensis,no,no,no,,no,no,,,
Jena,09.08.2023,221,Thalictrum minus,no,no,no,,y,y,5,,
Jena,09.08.2023,221,Veratrum album,no,no,no,,no,y,40,,
Jena,09.08.2023,221,Veratrum nigrum,no,no,no,,no,y,40,,
Jena,09.08.2023,221,Vinca minor,no,no,no,,no,no,,,
Jena,09.08.2023,221,Vincetoxicum hirundinaria,no,no,y,5,no,no,,,
Jena,16.08.2023,228,Achillea millefolium,no,no,y,10,y,y,20,,
Jena,16.08.2023,228,Aconitum lycoctonum,no,no,no,,y,y,15,,
Jena,16.08.2023,228,Actaea spicata,no,no,no,,y,y,10,,
Jena,16.08.2023,228,Agrimonia eupatoria,no,no,no,,y,y,5,,
Jena,16.08.2023,228,Anemone nemorosa,no,no,no,,no,y,100,,
Jena,16.08.2023,228,Anemone pulsatilla,no,no,no,,no,y,20,,
Jena,16.08.2023,228,Anemone sylvestris,no,y,no,,no,no,,,
Jena,16.08.2023,228,Antennaria dioica,no,no,no,,no,no,,,
Jena,16.08.2023,228,Armoracia rusticana,no,no,no,,no,y,5,,
Jena,16.08.2023,228,Asphodelus albus,no,no,no,,y,y,45,,
Jena,16.08.2023,228,Brunnera macrophylla,no,no,no,,no,y,45,,
Jena,16.08.2023,228,Camassia cusickii,no,no,no,,no,y,100,,
Jena,16.08.2023,228,Chelidonium majus,no,no,no,,y,y,30,,
Jena,16.08.2023,228,Clematis recta,no,no,no,,y,y,5,,
Jena,16.08.2023,228,Crocus speciosus,no,no,no,,no,y,100,,
Jena,16.08.2023,228,Eupatorium cannabinum,no,no,y,10,y,y,5,,
Jena,16.08.2023,228,Galega officinalis,no,no,y,5,y,y,5,,
Jena,16.08.2023,228,Galium mollugo,no,no,no,,y,y,5,,
Jena,16.08.2023,228,Gaultheria shallon,no,no,no,,y,y,35,,
Jena,16.08.2023,228,Geranium sanguineum,no,no,no,,no,y,20,,
Jena,16.08.2023,228,Geum rivale,no,no,no,,y,y,20,,
Jena,16.08.2023,228,Gunnera manicata,no,no,no,,y,y,5,,
Jena,16.08.2023,228,Helichrysum arenarium,no,no,y,5,no,y,35,,
Jena,16.08.2023,228,Helleborus niger,no,no,no,,no,y,10,,
Jena,16.08.2023,228,Hemerocallis fulva,no,no,no,,no,y,65,,
Jena,16.08.2023,228,Hibiscus moscheutos,no,no,no,,no,no,,,
Jena,16.08.2023,228,Iberis sempervirens,no,no,no,,y,y,20,,
Jena,16.08.2023,228,Iris pseudacorus Wasser,no,no,no,,no,y,100,,
Jena,16.08.2023,228,Lamium album,no,no,y,5,no,y,25,,
Jena,16.08.2023,228,Lathyrus pratensis,no,no,no,,y,y,60,,
Jena,16.08.2023,228,Lavandula angustifolia,no,no,no,,y,no,,,
Jena,16.08.2023,228,Linum perenne,no,no,y,5,y,y,10,,
Jena,16.08.2023,228,Lysichiton camtschatcensis,no,no,no,,no,y,5,,
Jena,16.08.2023,228,Paeonia delavayi,no,no,no,,no,y,5,,
Jena,16.08.2023,228,Paeonia mlokosewitschii,no,no,no,,y,y,20,,
Jena,16.08.2023,228,Paeonia officinalis,no,no,no,,y,y,5,,
Jena,16.08.2023,228,Paeonia peregrina,no,no,no,,y,y,25,,
Jena,16.08.2023,228,Petasites hybridus,no,no,no,,no,y,15,,
Jena,16.08.2023,228,Prunella grandiflora,no,no,y,10,y,y,5,,
Jena,16.08.2023,228,Rheum palmatum,no,no,no,,no,y,100,,
Jena,16.08.2023,228,Rheum rhabarbarum,y,no,no,,no,y,90,,
Jena,16.08.2023,228,Rumex acetosa,no,no,no,,no,y,25,,
Jena,16.08.2023,228,Salvia nemorosa,no,no,y,10,y,y,5,,
Jena,16.08.2023,228,Salvia pratensis,no,no,no,,no,y,15,,
Jena,16.08.2023,228,Saxifraga paniculata,no,no,no,,no,y,10,,
Jena,16.08.2023,228,Scopolia carniolica,no,no,no,,no,y,100,,
Jena,16.08.2023,228,Securigera varia,no,no,no,,y,no,,,
Jena,16.08.2023,228,Sempervivum tectorum,no,no,no,,no,no,,,
Jena,16.08.2023,228,Senecio nemorensis,no,no,no,,no,no,,,
Jena,16.08.2023,228,Silene coronaria,no,no,no,,no,y,100,,
Jena,16.08.2023,228,Silene nutans,no,no,no,,y,y,30,,
Jena,16.08.2023,228,Solidago canadensis,no,no,y,5,no,no,,,
Jena,16.08.2023,228,Thalictrum minus,no,no,no,,y,y,5,,
Jena,16.08.2023,228,Veratrum album,no,no,no,,no,y,50,,
Jena,16.08.2023,228,Veratrum nigrum,no,no,no,,no,y,40,,
Jena,16.08.2023,228,Vinca minor,no,no,no,,no,no,,,
Jena,16.08.2023,228,Vincetoxicum hirundinaria,no,no,y,5,no,no,,,
Jena,23.08.2023,235,Achillea millefolium,no,no,y,5,y,y,40,,
Jena,23.08.2023,235,Aconitum lycoctonum,no,no,no,,y,y,25,,
Jena,23.08.2023,235,Actaea spicata,no,no,no,,y,y,25,,
Jena,23.08.2023,235,Agrimonia eupatoria,no,no,y,5,y,y,5,,
Jena,23.08.2023,235,Anemone nemorosa,no,no,no,,no,y,100,,
Jena,23.08.2023,235,Anemone pulsatilla,no,no,no,,no,y,20,,
Jena,23.08.2023,235,Anemone sylvestris,no,y,no,,no,no,,,
Jena,23.08.2023,235,Antennaria dioica,no,no,no,,no,no,,,
Jena,23.08.2023,235,Armoracia rusticana,no,no,no,,no,y,5,,
Jena,23.08.2023,235,Asphodelus albus,no,no,no,,no,y,10,cut partly,
Jena,23.08.2023,235,Brunnera macrophylla,no,no,no,,no,y,50,,
Jena,23.08.2023,235,Camassia cusickii,no,no,no,,no,y,100,,
Jena,23.08.2023,235,Chelidonium majus,no,no,y,5,y,y,30,,
Jena,23.08.2023,235,Clematis recta,no,no,no,,y,y,5,,
Jena,23.08.2023,235,Crocus speciosus,no,no,no,,no,y,100,,
Jena,23.08.2023,235,Eupatorium cannabinum,no,no,no,,y,y,5,,
Jena,23.08.2023,235,Galega officinalis,no,no,y,5,y,y,10,,
Jena,23.08.2023,235,Galium mollugo,no,no,no,,y,y,5,,
Jena,23.08.2023,235,Gaultheria shallon,no,y,no,,y,y,35,,
Jena,23.08.2023,235,Geranium sanguineum,no,no,y,5,no,y,25,,
Jena,23.08.2023,235,Geum rivale,no,no,no,,y,y,20,,
Jena,23.08.2023,235,Gunnera manicata,no,no,no,,y,y,5,,
Jena,23.08.2023,235,Helichrysum arenarium,no,no,y,5,no,y,40,,
Jena,23.08.2023,235,Helleborus niger,no,no,no,,no,y,10,,
Jena,23.08.2023,235,Hemerocallis fulva,no,no,no,,no,y,65,,
Jena,23.08.2023,235,Hibiscus moscheutos,no,no,no,,no,no,,,Knospen
Jena,23.08.2023,235,Iberis sempervirens,no,no,no,,y,y,20,,
Jena,23.08.2023,235,Iris pseudacorus Wasser,no,no,no,,no,y,100,,
Jena,23.08.2023,235,Lamium album,no,no,y,5,y,y,25,,
Jena,23.08.2023,235,Lathyrus pratensis,no,no,no,,y,y,90,,
Jena,23.08.2023,235,Lavandula angustifolia,no,no,no,,y,no,,,
Jena,23.08.2023,235,Linum perenne,no,no,y,5,y,y,10,,
Jena,23.08.2023,235,Lysichiton camtschatcensis,no,no,no,,no,y,5,,
Jena,23.08.2023,235,Paeonia delavayi,no,no,no,,y,y,10,,
Jena,23.08.2023,235,Paeonia mlokosewitschii,no,no,no,,y,y,20,,
Jena,23.08.2023,235,Paeonia officinalis,no,no,no,,y,y,10,,
Jena,23.08.2023,235,Paeonia peregrina,no,no,no,,y,y,35,,
Jena,23.08.2023,235,Petasites hybridus,no,no,no,,no,y,15,,
Jena,23.08.2023,235,Prunella grandiflora,no,no,y,10,y,y,5,,
Jena,23.08.2023,235,Rheum palmatum,no,no,no,,no,y,100,,
Jena,23.08.2023,235,Rheum rhabarbarum,no,y,no,,no,y,90,,
Jena,23.08.2023,235,Rumex acetosa,no,y,no,,no,y,25,,
Jena,23.08.2023,235,Salvia nemorosa,no,no,y,5,y,y,10,,
Jena,23.08.2023,235,Salvia pratensis,no,no,no,,no,y,15,,
Jena,23.08.2023,235,Saxifraga paniculata,no,no,no,,no,y,10,,
Jena,23.08.2023,235,Scopolia carniolica,no,no,no,,no,y,100,,
Jena,23.08.2023,235,Securigera varia,no,y,no,,y,no,,,
Jena,23.08.2023,235,Sempervivum tectorum,no,no,no,,no,no,,,
Jena,23.08.2023,235,Senecio nemorensis,no,no,no,,no,no,,,
Jena,23.08.2023,235,Silene coronaria,no,no,no,,no,y,100,,
Jena,23.08.2023,235,Silene nutans,no,no,no,,y,y,30,,
Jena,23.08.2023,235,Solidago canadensis,no,no,y,95,no,no,,,
Jena,23.08.2023,235,Thalictrum minus,no,no,no,,y,y,5,,
Jena,23.08.2023,235,Veratrum album,no,no,no,,no,y,55,,
Jena,23.08.2023,235,Veratrum nigrum,no,no,no,,no,y,40,,
Jena,23.08.2023,235,Vinca minor,no,no,no,,no,no,,,
Jena,23.08.2023,235,Vincetoxicum hirundinaria,no,no,y,5,no,no,,,
Jena,30.08.2023,242,Lavandula angustifolia,no,no,no,,y,no,,,
Jena,30.08.2023,242,Linum perenne,no,no,no,,y,y,10,,
Jena,30.08.2023,242,Lysichiton camtschatcensis,no,no,no,,no,y,5,,
Jena,30.08.2023,242,Paeonia delavayi,no,no,no,,no,y,10,,
Jena,30.08.2023,242,Paeonia mlokosewitschii,no,no,no,,y,y,20,,
Jena,30.08.2023,242,Paeonia officinalis,no,no,no,,no,y,15,,
Jena,30.08.2023,242,Paeonia peregrina,no,no,no,,no,y,40,,
Jena,30.08.2023,242,Petasites hybridus,no,no,no,,no,y,15,,
Jena,30.08.2023,242,Prunella grandiflora,no,no,y,15,y,y,5,,
Jena,30.08.2023,242,Rheum palmatum,no,no,no,,no,y,100,,
Jena,30.08.2023,242,Rheum rhabarbarum,y,y,no,,no,y,90,,
Jena,30.08.2023,242,Rumex acetosa,no,y,no,,no,y,25,,
Jena,30.08.2023,242,Salvia nemorosa,no,no,no,,y,y,10,,
Jena,30.08.2023,242,Salvia pratensis,no,no,no,,no,y,15,,
Jena,30.08.2023,242,Saxifraga paniculata,no,no,no,,no,y,10,,
Jena,30.08.2023,242,Scopolia carniolica,no,no,no,,no,y,100,,
Jena,30.08.2023,242,Securigera varia,no,no,no,,y,no,,,
Jena,30.08.2023,242,Sempervivum tectorum,no,no,no,,no,no,,,
Jena,30.08.2023,242,Senecio nemorensis,no,no,no,,no,no,,,
Jena,30.08.2023,242,Silene coronaria,no,no,no,,no,y,100,,
Jena,30.08.2023,242,Silene nutans,no,no,no,,y,y,30,,
Jena,30.08.2023,242,Solidago canadensis,no,no,y,95,no,no,,,
Jena,30.08.2023,242,Thalictrum minus,no,no,no,,y,y,5,,
Jena,30.08.2023,242,Veratrum album,no,no,no,,no,y,60,,
Jena,30.08.2023,242,Achillea millefolium,no,no,y,10,y,y,45,,
Jena,30.08.2023,242,Aconitum lycoctonum,no,no,no,,y,y,25,,
Jena,30.08.2023,242,Actaea spicata,no,no,no,,y,y,30,,
Jena,30.08.2023,242,Agrimonia eupatoria,no,no,no,,y,y,5,,
Jena,30.08.2023,242,Anemone nemorosa,no,no,no,,no,y,100,,
Jena,30.08.2023,242,Anemone pulsatilla,no,no,no,,no,y,20,,
Jena,30.08.2023,242,Anemone sylvestris,no,no,no,,no,no,,,
Jena,30.08.2023,242,Antennaria dioica,no,no,no,,no,no,,,
Jena,30.08.2023,242,Armoracia rusticana,no,no,no,,no,y,5,,
Jena,30.08.2023,242,Asphodelus albus,no,no,no,,no,y,15,,
Jena,30.08.2023,242,Brunnera macrophylla,no,no,no,,no,y,50,,
Jena,30.08.2023,242,Camassia cusickii,no,no,no,,no,y,100,,
Jena,30.08.2023,242,Chelidonium majus,no,no,y,5,y,y,20,,
Jena,30.08.2023,242,Clematis recta,no,no,no,,y,y,5,,
Jena,30.08.2023,242,Crocus speciosus,no,no,no,,no,y,100,,
Jena,30.08.2023,242,Eupatorium cannabinum,no,no,no,,y,y,5,,
Jena,30.08.2023,242,Galega officinalis,no,no,y,5,y,y,20,,
Jena,30.08.2023,242,Galium mollugo,no,no,no,,y,y,5,,
Jena,30.08.2023,242,Gaultheria shallon,no,y,no,,y,y,35,,
Jena,30.08.2023,242,Geranium sanguineum,no,no,no,,no,y,30,,
Jena,30.08.2023,242,Geum rivale,no,no,no,,y,y,25,,
Jena,30.08.2023,242,Gunnera manicata,no,no,no,,y,y,5,,
Jena,30.08.2023,242,Helichrysum arenarium,no,no,no,,no,y,40,,
Jena,30.08.2023,242,Helleborus niger,no,no,no,,no,y,10,,
Jena,30.08.2023,242,Hemerocallis fulva,no,y,no,,no,y,20,,
Jena,30.08.2023,242,Hibiscus moscheutos,no,no,no,,no,no,,,
Jena,30.08.2023,242,Iberis sempervirens,no,y,no,,no,y,10,,
Jena,30.08.2023,242,Iris pseudacorus Wasser,no,no,no,,no,y,100,,
Jena,30.08.2023,242,Lamium album,no,y,y,5,y,y,15,,
Jena,30.08.2023,242,Lathyrus pratensis,no,no,no,,no,y,90,,
Jena,30.08.2023,242,Veratrum nigrum,no,no,no,,no,y,45,,
Jena,30.08.2023,242,Vinca minor,no,no,no,,no,no,,,
Jena,30.08.2023,242,Vincetoxicum hirundinaria,no,no,no,,y,y,5,,
Jena,04.01.2023,4,Aegopodium podagraria,no,no,no,,no,y,100,,
Jena,04.01.2023,4,Allium victorialis,no,no,no,,no,y,100,,
Jena,04.01.2023,4,Arum italicum,y,y,no,,no,no,,,
Jena,04.01.2023,4,Asarum europaeum,no,no,no,,no,y,85,,
Jena,04.01.2023,4,Bergenia purpurascens,no,no,no,,no,y,100,,
Jena,04.01.2023,4,Cyclamen coum,no,no,y,10,no,y,5,,
Jena,04.01.2023,4,Dianthus superbus,no,no,no,,no,y,100,,
Jena,04.01.2023,4,Dryas octopetala,y,y,no,,no,no,,,
Jena,04.01.2023,4,Galanthus nivalis,y,no,no,,no,no,,,
Jena,04.01.2023,4,Globularia cordifolia,no,no,no,,y,y,30,,
Jena,04.01.2023,4,Helianthemum nummularium subsp.glabrum,y,y,no,,no,y,50,,Treibt aus alten Triebspitzen aus
Jena,04.01.2023,4,Homogyne sylvestris,no,no,no,,no,y,100,,
Jena,04.01.2023,4,Hypericum olympicum,no,no,no,,no,y,30,,
Jena,04.01.2023,4,Polygonatum multiflorum,no,no,no,,no,y,100,,
Jena,04.01.2023,4,Primula denticulata,no,no,no,,no,no,,,Wegen Umbau entfernt
Jena,04.01.2023,4,Primula vulgaris,y,y,no,,no,no,,,
Jena,12.01.2023,12,Aegopodium podagraria,no,no,no,,no,y,100,,
Jena,12.01.2023,12,Allium victorialis,no,no,no,,no,y,100,,
Jena,12.01.2023,12,Arum italicum,no,y,no,,no,no,,,
Jena,12.01.2023,12,Asarum europaeum,m,y,no,,no,y,85,,Keimlinge unsicher ob Asarum
Jena,12.01.2023,12,Bergenia purpurascens,y,no,no,,no,no,,,
Jena,12.01.2023,12,Dianthus superbus,no,no,no,,no,y,100,,
Jena,12.01.2023,12,Dryas octopetala,y,y,no,,no,no,,,
Jena,12.01.2023,12,Galanthus nivalis,no,y,no,,no,no,,,Blütenknospen
Jena,12.01.2023,12,Globularia cordifolia,no,no,no,,y,y,35,,
Jena,12.01.2023,12,Helianthemum nummularium subsp.glabrum,no,y,no,,no,no,,,
Jena,12.01.2023,12,Homogyne sylvestris,no,no,no,,no,y,100,,
Jena,12.01.2023,12,Cyclamen coum,no,no,y,25,no,no,,,
Jena,12.01.2023,12,Hypericum olympicum,y,y,no,,no,no,,,
Jena,12.01.2023,12,Polygonatum multiflorum,no,no,no,,no,y,100,,
Jena,12.01.2023,12,Primula denticulata,no,no,no,,no,no,,,Wegen Umbau entfernt
Jena,12.01.2023,12,Primula vulgaris,y,y,no,,no,no,,,
Jena,19.01.2023,19,Aegopodium podagraria,no,no,no,,no,y,100,,
Jena,19.01.2023,19,Allium victorialis,no,no,no,,no,y,100,,
Jena,19.01.2023,19,Arum italicum,no,no,no,,no,no,,,
Jena,19.01.2023,19,Asarum europaeum,no,no,no,,no,no,,,
Jena,19.01.2023,19,Bergenia purpurascens,no,y,no,,no,no,,,
Jena,19.01.2023,19,Cyclamen coum,no,no,y,40,no,no,,,
Jena,19.01.2023,19,Dianthus superbus,no,no,no,,no,y,100,,
Jena,19.01.2023,19,Dryas octopetala,no,y,no,,no,no,,,
Jena,19.01.2023,19,Galanthus nivalis,no,no,y,5,no,no,,,
Jena,19.01.2023,19,Globularia cordifolia,no,no,no,,y,y,35,,
Jena,19.01.2023,19,Helianthemum nummularium subsp.glabrum,no,no,no,,no,no,,,
Jena,19.01.2023,19,Homogyne sylvestris,no,no,no,,no,y,100,,
Jena,19.01.2023,19,Hypericum olympicum,no,y,no,,no,no,,,
Jena,19.01.2023,19,Polygonatum multiflorum,no,no,no,,no,y,100,,
Jena,19.01.2023,19,Primula denticulata,no,no,no,,no,no,,,Wegen Umbau entfernt
Jena,19.01.2023,19,Primula vulgaris,no,y,no,,no,no,,,
Jena,25.01.2023,25,Aegopodium podagraria,no,no,no,,no,no,,,covered with snow
Jena,25.01.2023,25,Allium victorialis,no,no,no,,no,no,,,covered with snow
Jena,25.01.2023,25,Arum italicum,no,no,no,,no,no,,,covered with snow
Jena,25.01.2023,25,Asarum europaeum,no,no,no,,no,no,,,covered with snow
Jena,25.01.2023,25,Bergenia purpurascens,no,no,no,,no,no,,,covered with snow
Jena,25.01.2023,25,Cyclamen coum,no,no,no,,no,no,,,covered with snow
Jena,25.01.2023,25,Dianthus superbus,no,no,no,,no,no,,,covered with snow
Jena,25.01.2023,25,Dryas octopetala,no,no,no,,no,no,,,covered with snow
Jena,25.01.2023,25,Galanthus nivalis,no,no,no,,no,no,,,covered with snow
Jena,25.01.2023,25,Globularia cordifolia,no,no,no,,no,no,,,covered with snow
Jena,25.01.2023,25,Helianthemum nummularium subsp.glabrum,no,no,no,,no,no,,,covered with snow
Jena,25.01.2023,25,Homogyne sylvestris,no,no,no,,no,no,,,covered with snow
Jena,25.01.2023,25,Hypericum olympicum,no,no,no,,no,no,,,covered with snow
Jena,25.01.2023,25,Polygonatum multiflorum,no,no,no,,no,no,,,covered with snow
Jena,25.01.2023,25,Primula denticulata,no,no,no,,no,no,,,covered with snow
Jena,25.01.2023,25,Primula vulgaris,no,no,no,,no,no,,,covered with snow
Jena,01.02.2023,32,Aegopodium podagraria,no,no,no,,no,no,,,
Jena,01.02.2023,32,Allium victorialis,no,no,no,,no,no,,,
Jena,01.02.2023,32,Arum italicum,y,no,no,,no,no,,,
Jena,01.02.2023,32,Asarum europaeum,no,no,no,,no,no,,,
Jena,01.02.2023,32,Bergenia purpurascens,no,no,no,,no,no,,,
Jena,01.02.2023,32,Cyclamen coum,no,no,y,60,no,no,,,
Jena,01.02.2023,32,Dianthus superbus,no,no,no,,no,no,,,
Jena,01.02.2023,32,Dryas octopetala,no,no,no,,no,no,,,
Jena,01.02.2023,32,Galanthus nivalis,no,no,y,5,no,no,,,
Jena,01.02.2023,32,Globularia cordifolia,no,no,no,,no,y,40,,
Jena,01.02.2023,32,Helianthemum nummularium subsp.glabrum,no,no,no,,no,no,,,
Jena,01.02.2023,32,Homogyne sylvestris,no,no,no,,no,no,,,
Jena,01.02.2023,32,Hypericum olympicum,no,y,no,,no,no,,,
Jena,01.02.2023,32,Polygonatum multiflorum,no,no,no,,no,no,,,
Jena,01.02.2023,32,Primula denticulata,y,no,no,,no,no,,,
Jena,01.02.2023,32,Primula vulgaris,no,y,y,5,no,no,,,
Jena,08.02.2023,39,Aegopodium podagraria,no,no,no,,no,no,,,
Jena,08.02.2023,39,Allium victorialis,no,no,no,,no,no,,,
Jena,08.02.2023,39,Arum italicum,no,y,no,,no,no,,,
Jena,08.02.2023,39,Asarum europaeum,no,no,no,,no,no,,covered natural,
Jena,08.02.2023,39,Bergenia purpurascens,no,no,no,,no,no,,,
Jena,08.02.2023,39,Cyclamen coum,no,no,y,70,no,no,,,
Jena,08.02.2023,39,Dianthus superbus,no,no,no,,no,no,,,
Jena,08.02.2023,39,Dryas octopetala,no,no,no,,no,no,,,
Jena,08.02.2023,39,Galanthus nivalis,no,no,y,90,no,no,,,
Jena,08.02.2023,39,Globularia cordifolia,no,no,no,,no,y,40,,
Jena,08.02.2023,39,Helianthemum nummularium subsp.glabrum,no,no,no,,no,no,,,
Jena,08.02.2023,39,Homogyne sylvestris,no,no,no,,no,no,,,
Jena,08.02.2023,39,Hypericum olympicum,no,no,no,,no,no,,,
Jena,08.02.2023,39,Polygonatum multiflorum,no,no,no,,no,no,,,
Jena,08.02.2023,39,Primula denticulata,no,no,no,,no,no,,,
Jena,08.02.2023,39,Primula vulgaris,no,y,y,5,no,no,,,
Jena,16.02.2023,47,Aegopodium podagraria,y,y,no,,no,no,,,
Jena,16.02.2023,47,Allium victorialis,no,no,no,,no,no,,,
Jena,16.02.2023,47,Arum italicum,no,y,no,,no,no,,,
Jena,16.02.2023,47,Asarum europaeum,y,no,no,,no,no,,,
Jena,16.02.2023,47,Bergenia purpurascens,y,no,no,,no,no,,,
Jena,16.02.2023,47,Cyclamen coum,no,no,y,90,no,no,,,
Jena,16.02.2023,47,Dianthus superbus,no,no,no,,no,no,,,
Jena,16.02.2023,47,Dryas octopetala,y,no,no,,no,no,,,
Jena,16.02.2023,47,Galanthus nivalis,no,no,y,95,no,no,,,
Jena,16.02.2023,47,Globularia cordifolia,no,no,no,,no,y,40,,
Jena,16.02.2023,47,Helianthemum nummularium subsp.glabrum,y,no,no,,no,no,,,
Jena,16.02.2023,47,Homogyne sylvestris,no,no,no,,no,no,,,
Jena,16.02.2023,47,Hypericum olympicum,no,y,no,,no,no,,,
Jena,16.02.2023,47,Polygonatum multiflorum,no,no,no,,no,no,,,
Jena,16.02.2023,47,Primula denticulata,y,no,no,,no,no,,,
Jena,16.02.2023,47,Primula vulgaris,no,y,y,15,no,no,,,
Jena,22.02.2023,53,Aegopodium podagraria,y,y,no,,no,no,,,
Jena,22.02.2023,53,Allium victorialis,no,no,no,,no,no,,,
Jena,22.02.2023,53,Arum italicum,no,no,no,,no,no,,,
Jena,22.02.2023,53,Asarum europaeum,y,no,no,,no,no,,,
Jena,22.02.2023,53,Bergenia purpurascens,no,no,no,,no,no,,,
Jena,22.02.2023,53,Cyclamen coum,no,no,y,95,no,no,,,
Jena,22.02.2023,53,Dianthus superbus,no,no,no,,no,no,,,
Jena,22.02.2023,53,Dryas octopetala,y,no,no,,no,no,,,
Jena,22.02.2023,53,Galanthus nivalis,no,no,y,100,no,no,,,
Jena,22.02.2023,53,Globularia cordifolia,no,y,no,,no,no,,,
Jena,22.02.2023,53,Helianthemum nummularium subsp.glabrum,y,no,no,,no,no,,,
Jena,22.02.2023,53,Homogyne sylvestris,no,no,no,,no,no,,,
Jena,22.02.2023,53,Hypericum olympicum,no,y,no,,no,no,,,
Jena,22.02.2023,53,Polygonatum multiflorum,no,no,no,,no,no,,,
Jena,22.02.2023,53,Primula denticulata,no,no,y,5,no,no,,,
Jena,22.02.2023,53,Primula vulgaris,no,no,y,40,no,no,,,
Jena,01.03.2023,60,Aegopodium podagraria,no,y,no,,no,no,,,
Jena,01.03.2023,60,Allium victorialis,no,no,no,,no,no,,,
Jena,01.03.2023,60,Arum italicum,no,no,no,,no,no,,,
Jena,01.03.2023,60,Asarum europaeum,no,no,no,,no,no,,,
Jena,01.03.2023,60,Bergenia purpurascens,y,no,no,,no,no,,,
Jena,01.03.2023,60,Cyclamen coum,no,no,y,95,no,y,5,,
Jena,01.03.2023,60,Dianthus superbus,no,no,no,,no,no,,,
Jena,01.03.2023,60,Dryas octopetala,y,no,no,,no,no,,,
Jena,01.03.2023,60,Galanthus nivalis,no,no,y,25,no,no,,,
Jena,01.03.2023,60,Globularia cordifolia,no,y,no,,no,no,,,
Jena,01.03.2023,60,Helianthemum nummularium subsp.glabrum,y,y,no,,no,no,,,
Jena,01.03.2023,60,Homogyne sylvestris,no,no,no,,no,no,,,
Jena,01.03.2023,60,Hypericum olympicum,no,y,no,,no,no,,,
Jena,01.03.2023,60,Polygonatum multiflorum,no,no,no,,no,no,,,
Jena,01.03.2023,60,Primula denticulata,y,no,y,5,no,no,,,
Jena,01.03.2023,60,Primula vulgaris,no,y,y,65,no,no,,,
Jena,09.03.2023,68,Aegopodium podagraria,no,y,no,,no,no,,,
Jena,09.03.2023,68,Allium victorialis,y,no,no,,no,no,,,
Jena,09.03.2023,68,Arum italicum,no,no,no,,no,no,,,
Jena,09.03.2023,68,Asarum europaeum,no,no,no,,no,no,,,
Jena,09.03.2023,68,Bergenia purpurascens,no,no,no,,no,no,,,
Jena,09.03.2023,68,Cyclamen coum,no,no,y,85,no,y,5,,
Jena,09.03.2023,68,Dianthus superbus,y,no,no,,no,no,,,
Jena,09.03.2023,68,Dryas octopetala,y,y,no,,no,no,,,
Jena,09.03.2023,68,Galanthus nivalis,no,no,y,5,no,no,,,
Jena,09.03.2023,68,Globularia cordifolia,no,no,no,,no,no,,,
Jena,09.03.2023,68,Helianthemum nummularium subsp.glabrum,no,no,no,,no,no,,,
Jena,09.03.2023,68,Homogyne sylvestris,no,no,no,,no,no,,,
Jena,09.03.2023,68,Hypericum olympicum,no,y,no,,no,no,,,
Jena,09.03.2023,68,Polygonatum multiflorum,no,no,no,,no,no,,,
Jena,09.03.2023,68,Primula denticulata,no,y,y,5,no,no,,,
Jena,09.03.2023,68,Primula vulgaris,no,no,y,80,no,no,,,
Jena,14.03.2023,73,Aegopodium podagraria,no,no,no,,no,no,,,
Jena,14.03.2023,73,Allium victorialis,y,no,no,,no,no,,,
Jena,14.03.2023,73,Arum italicum,no,no,no,,no,no,,,
Jena,14.03.2023,73,Asarum europaeum,no,no,no,,no,no,,,
Jena,14.03.2023,73,Bergenia purpurascens,y,no,no,,no,no,,,
Jena,14.03.2023,73,Cyclamen coum,no,no,y,70,no,y,5,,
Jena,14.03.2023,73,Dianthus superbus,y,no,no,,no,no,,,
Jena,14.03.2023,73,Dryas octopetala,no,y,no,,no,no,,,
Jena,14.03.2023,73,Galanthus nivalis,no,no,no,,no,no,,,
Jena,14.03.2023,73,Globularia cordifolia,y,no,no,,no,no,,,
Jena,14.03.2023,73,Helianthemum nummularium subsp.glabrum,y,no,no,,no,no,,,
Jena,14.03.2023,73,Homogyne sylvestris,no,no,no,,no,no,,,
Jena,14.03.2023,73,Hypericum olympicum,no,y,no,,no,no,,,
Jena,14.03.2023,73,Polygonatum multiflorum,no,no,no,,no,no,,,
Jena,14.03.2023,73,Primula denticulata,no,y,y,10,no,no,,,
Jena,14.03.2023,73,Primula vulgaris,no,y,y,90,no,no,,,
Jena,22.03.2023,81,Aegopodium podagraria,no,no,no,,no,no,,,
Jena,22.03.2023,81,Allium victorialis,y,no,no,,no,no,,,
Jena,22.03.2023,81,Arum italicum,no,no,no,,no,no,,,
Jena,22.03.2023,81,Asarum europaeum,y,no,no,,no,no,,,
Jena,22.03.2023,81,Bergenia purpurascens,y,no,no,,no,no,,,
Jena,22.03.2023,81,Cyclamen coum,no,no,y,15,no,y,10,,
Jena,22.03.2023,81,Dianthus superbus,y,y,no,,no,no,,,
Jena,22.03.2023,81,Dryas octopetala,no,y,no,,no,no,,,
Jena,22.03.2023,81,Galanthus nivalis,no,no,no,,no,no,,,
Jena,22.03.2023,81,Globularia cordifolia,no,y,no,,no,no,,,
Jena,22.03.2023,81,Helianthemum nummularium subsp.glabrum,y,y,no,,no,no,,,
Jena,22.03.2023,81,Homogyne sylvestris,no,no,no,,no,no,,,
Jena,22.03.2023,81,Hypericum olympicum,no,y,no,,no,no,,,
Jena,22.03.2023,81,Polygonatum multiflorum,no,no,no,,no,no,,,
Jena,22.03.2023,81,Primula denticulata,no,y,y,35,no,no,,,
Jena,22.03.2023,81,Primula vulgaris,no,y,y,95,no,no,,,
Jena,29.03.2023,88,Aegopodium podagraria,no,no,no,,no,no,,,
Jena,29.03.2023,88,Allium victorialis,no,y,no,,no,no,,,
Jena,29.03.2023,88,Arum italicum,no,no,no,,no,no,,,
Jena,29.03.2023,88,Asarum europaeum,no,y,no,,no,no,,,
Jena,29.03.2023,88,Bergenia purpurascens,y,no,no,,no,no,,,Blütenknospen
Jena,29.03.2023,88,Cyclamen coum,no,no,y,5,no,y,10,,
Jena,29.03.2023,88,Dianthus superbus,no,y,no,,no,no,,,
Jena,29.03.2023,88,Dryas octopetala,no,no,no,,no,no,,,
Jena,29.03.2023,88,Galanthus nivalis,no,no,no,,no,no,,,
Jena,29.03.2023,88,Globularia cordifolia,no,y,no,,no,no,,,
Jena,29.03.2023,88,Helianthemum nummularium subsp.glabrum,no,y,no,,no,no,,,
Jena,29.03.2023,88,Homogyne sylvestris,no,no,no,,no,no,,,
Jena,29.03.2023,88,Hypericum olympicum,no,no,no,,no,no,,,
Jena,29.03.2023,88,Polygonatum multiflorum,no,no,no,,no,no,,,
Jena,29.03.2023,88,Primula denticulata,no,no,y,50,no,no,,,
Jena,29.03.2023,88,Primula vulgaris,no,no,y,85,no,no,,,
Jena,04.04.2023,94,Aegopodium podagraria,no,no,no,,no,no,,,
Jena,04.04.2023,94,Allium victorialis,no,y,no,,no,no,,,
Jena,04.04.2023,94,Arum italicum,no,no,no,,no,no,,,
Jena,04.04.2023,94,Asarum europaeum,no,y,no,,no,no,,,
Jena,04.04.2023,94,Bergenia purpurascens,y,no,no,,no,no,,,
Jena,04.04.2023,94,Cyclamen coum,no,no,no,,no,y,10,,
Jena,04.04.2023,94,Dianthus superbus,no,y,no,,no,no,,,
Jena,04.04.2023,94,Dryas octopetala,no,y,no,,no,no,,,
Jena,04.04.2023,94,Galanthus nivalis,no,no,no,,no,no,,,
Jena,04.04.2023,94,Globularia cordifolia,no,y,no,,no,no,,,
Jena,04.04.2023,94,Helianthemum nummularium subsp.glabrum,no,y,no,,no,no,,,
Jena,04.04.2023,94,Homogyne sylvestris,no,no,no,,no,no,,,
Jena,04.04.2023,94,Hypericum olympicum,no,y,no,,no,no,,,
Jena,04.04.2023,94,Polygonatum multiflorum,no,no,no,,no,no,,,
Jena,04.04.2023,94,Primula denticulata,no,no,y,70,no,no,,,
Jena,04.04.2023,94,Primula vulgaris,no,no,y,90,no,no,,,
Jena,12.04.2023,102,Aegopodium podagraria,no,no,no,,no,no,,,
Jena,12.04.2023,102,Allium victorialis,no,no,no,,no,no,,,
Jena,12.04.2023,102,Arum italicum,no,no,no,,no,no,,,
Jena,12.04.2023,102,Asarum europaeum,no,y,y,50,no,no,,,
Jena,12.04.2023,102,Bergenia purpurascens,no,no,y,30,no,no,,,
Jena,12.04.2023,102,Cyclamen coum,no,no,no,,no,y,10,,
Jena,12.04.2023,102,Dianthus superbus,no,no,no,,no,no,,,
Jena,12.04.2023,102,Dryas octopetala,no,no,no,,no,no,,,
Jena,12.04.2023,102,Galanthus nivalis,no,no,no,,no,no,,,
Jena,12.04.2023,102,Globularia cordifolia,no,no,no,,no,no,,,
Jena,12.04.2023,102,Helianthemum nummularium subsp.glabrum,no,no,no,,no,no,,,
Jena,12.04.2023,102,Homogyne sylvestris,y,no,no,,no,no,,,
Jena,12.04.2023,102,Hypericum olympicum,no,no,no,,no,no,,,
Jena,12.04.2023,102,Polygonatum multiflorum,y,no,no,,no,no,,,
Jena,12.04.2023,102,Primula denticulata,no,no,y,50,no,no,,,
Jena,12.04.2023,102,Primula vulgaris,no,no,y,60,no,no,,,
Jena,19.04.2023,109,Aegopodium podagraria,no,no,no,,no,no,,,
Jena,19.04.2023,109,Allium victorialis,no,y,no,,no,no,,,
Jena,19.04.2023,109,Arum italicum,no,no,no,,no,no,,,
Jena,19.04.2023,109,Asarum europaeum,no,y,y,80,no,no,,,
Jena,19.04.2023,109,Bergenia purpurascens,no,no,y,35,no,no,,,
Jena,19.04.2023,109,Cyclamen coum,no,no,no,,no,y,10,,
Jena,19.04.2023,109,Dianthus superbus,no,no,no,,no,no,,,
Jena,19.04.2023,109,Dryas octopetala,no,no,no,,no,no,,,
Jena,19.04.2023,109,Galanthus nivalis,no,no,no,,no,y,20,,
Jena,19.04.2023,109,Globularia cordifolia,no,y,no,,no,no,,,
Jena,19.04.2023,109,Helianthemum nummularium subsp.glabrum,y,y,no,,no,no,,,
Jena,19.04.2023,109,Homogyne sylvestris,y,no,no,,no,no,,,
Jena,19.04.2023,109,Hypericum olympicum,no,no,no,,no,no,,,
Jena,19.04.2023,109,Polygonatum multiflorum,y,no,no,,no,no,,,
Jena,19.04.2023,109,Primula denticulata,no,no,y,40,no,no,,,
Jena,19.04.2023,109,Primula vulgaris,no,no,y,30,no,no,,,
Jena,26.04.2023,116,Aegopodium podagraria,no,no,no,,no,no,,,
Jena,26.04.2023,116,Allium victorialis,no,no,no,,no,no,,,
Jena,26.04.2023,116,Arum italicum,no,no,no,,no,no,,,
Jena,26.04.2023,116,Asarum europaeum,no,no,y,90,no,no,,,
Jena,26.04.2023,116,Bergenia purpurascens,no,no,y,55,no,no,,,
Jena,26.04.2023,116,Cyclamen coum,no,no,no,,no,y,20,,
Jena,26.04.2023,116,Dianthus superbus,no,no,no,,no,no,,,
Jena,26.04.2023,116,Dryas octopetala,no,no,no,,no,no,,,
Jena,26.04.2023,116,Galanthus nivalis,no,no,no,,no,y,40,,
Jena,26.04.2023,116,Globularia cordifolia,no,y,no,,no,no,,,
Jena,26.04.2023,116,Helianthemum nummularium subsp.glabrum,no,no,no,,no,no,,,
Jena,26.04.2023,116,Homogyne sylvestris,y,y,no,,no,no,,,
Jena,26.04.2023,116,Hypericum olympicum,no,no,no,,no,no,,,
Jena,26.04.2023,116,Polygonatum multiflorum,no,y,no,,no,no,,,
Jena,26.04.2023,116,Primula denticulata,no,no,y,30,no,no,,,
Jena,26.04.2023,116,Primula vulgaris,no,no,y,15,no,no,,,
Jena,03.05.2023,123,Globularia cordifolia,no,no,no,,no,no,,,
Jena,03.05.2023,123,Aegopodium podagraria,no,no,no,,no,no,,,
Jena,03.05.2023,123,Allium victorialis,no,no,no,,no,no,,,
Jena,03.05.2023,123,Arum italicum,no,no,no,,no,no,,,
Jena,03.05.2023,123,Asarum europaeum,no,no,y,90,no,no,,,
Jena,03.05.2023,123,Bergenia purpurascens,no,no,y,60,no,no,,,
Jena,03.05.2023,123,Cyclamen coum,no,no,no,,no,y,30,,
Jena,03.05.2023,123,Dianthus superbus,no,no,no,,no,no,,,
Jena,03.05.2023,123,Dryas octopetala,no,no,no,,no,no,,,
Jena,03.05.2023,123,Galanthus nivalis,no,no,no,,no,y,85,,
Jena,03.05.2023,123,Helianthemum nummularium subsp.glabrum,no,y,no,,no,no,,,
Jena,03.05.2023,123,Homogyne sylvestris,no,y,no,,no,no,,,Nur Keimlinge
Jena,03.05.2023,123,Hypericum olympicum,no,no,no,,no,no,,,
Jena,03.05.2023,123,Polygonatum multiflorum,no,y,no,,no,no,,,
Jena,03.05.2023,123,Primula denticulata,no,y,y,5,no,no,,,
Jena,03.05.2023,123,Primula vulgaris,no,no,no,,no,no,,,
Jena,09.05.2023,129,Aegopodium podagraria,no,no,no,,no,no,,,
Jena,09.05.2023,129,Allium victorialis,no,no,no,,no,no,,,
Jena,09.05.2023,129,Arum italicum,no,no,no,,no,no,,,
Jena,09.05.2023,129,Asarum europaeum,no,no,y,90,no,no,,,
Jena,09.05.2023,129,Bergenia purpurascens,no,no,y,5,no,no,,,
Jena,09.05.2023,129,Cyclamen coum,no,no,no,,no,y,40,,
Jena,09.05.2023,129,Dianthus superbus,no,no,no,,no,no,,,
Jena,09.05.2023,129,Dryas octopetala,no,no,y,35,no,no,,,
Jena,09.05.2023,129,Galanthus nivalis,no,no,no,,no,y,90,,
Jena,09.05.2023,129,Globularia cordifolia,no,no,y,50,no,no,,,
Jena,09.05.2023,129,Helianthemum nummularium subsp.glabrum,no,no,no,,no,no,,,
Jena,09.05.2023,129,Homogyne sylvestris,no,y,no,,no,no,,,
Jena,09.05.2023,129,Hypericum olympicum,no,no,no,,no,no,,,
Jena,09.05.2023,129,Polygonatum multiflorum,no,no,no,,no,no,,,
Jena,09.05.2023,129,Primula denticulata,no,no,no,,no,no,,,
Jena,09.05.2023,129,Primula vulgaris,no,no,no,,no,no,,,
Jena,17.05.2023,137,Aegopodium podagraria,no,no,no,,no,no,,,
Jena,17.05.2023,137,Allium victorialis,no,no,y,40,no,no,,,
Jena,17.05.2023,137,Arum italicum,no,no,no,,no,no,,,
Jena,17.05.2023,137,Asarum europaeum,no,no,no,,no,no,,,
Jena,17.05.2023,137,Bergenia purpurascens,no,no,no,,no,no,,,
Jena,17.05.2023,137,Cyclamen coum,no,no,no,,no,y,60,,
Jena,17.05.2023,137,Dianthus superbus,no,no,no,,no,no,,,
Jena,17.05.2023,137,Dryas octopetala,no,no,y,25,no,no,,,
Jena,17.05.2023,137,Galanthus nivalis,no,no,no,,no,y,95,,
Jena,17.05.2023,137,Globularia cordifolia,no,no,y,90,no,no,,,
Jena,17.05.2023,137,Helianthemum nummularium subsp.glabrum,no,no,y,5,no,no,,,
Jena,17.05.2023,137,Homogyne sylvestris,no,y,no,,no,no,,,
Jena,17.05.2023,137,Hypericum olympicum,no,no,no,,no,no,,,
Jena,17.05.2023,137,Polygonatum multiflorum,no,no,no,,no,no,,,
Jena,17.05.2023,137,Primula denticulata,no,no,no,,y,no,,,
Jena,17.05.2023,137,Primula vulgaris,no,no,no,,no,no,,,
Jena,25.05.2023,145,Aegopodium podagraria,no,no,no,,no,no,,,
Jena,25.05.2023,145,Allium victorialis,no,no,y,20,no,no,,,
Jena,25.05.2023,145,Arum italicum,no,no,no,,no,no,,,
Jena,25.05.2023,145,Asarum europaeum,no,no,no,,no,no,,,
Jena,25.05.2023,145,Bergenia purpurascens,no,no,no,,no,no,,,
Jena,25.05.2023,145,Cyclamen coum,no,no,no,,no,y,80,,
Jena,25.05.2023,145,Dianthus superbus,no,no,no,,no,no,,,
Jena,25.05.2023,145,Dryas octopetala,no,no,no,,no,no,,,
Jena,25.05.2023,145,Galanthus nivalis,no,no,no,,no,y,100,,
Jena,25.05.2023,145,Globularia cordifolia,no,no,y,40,no,no,,,
Jena,25.05.2023,145,Helianthemum nummularium subsp.glabrum,no,no,y,10,no,no,,,
Jena,25.05.2023,145,Homogyne sylvestris,no,no,no,,no,no,,,Nur kleine Keimlinge
Jena,25.05.2023,145,Hypericum olympicum,no,no,no,,no,no,,,
Jena,25.05.2023,145,Polygonatum multiflorum,no,no,y,5,no,no,,,
Jena,25.05.2023,145,Primula denticulata,no,no,no,,y,no,,,
Jena,25.05.2023,145,Primula vulgaris,no,no,no,,no,no,,,
Jena,01.06.2023,152,Aegopodium podagraria,no,no,y,20,no,no,,,
Jena,01.06.2023,152,Allium victorialis,no,no,y,20,no,no,,,
Jena,01.06.2023,152,Arum italicum,no,no,no,,no,no,,,
Jena,01.06.2023,152,Asarum europaeum,no,no,no,,no,no,,,
Jena,01.06.2023,152,Bergenia purpurascens,no,no,no,,no,no,,,
Jena,01.06.2023,152,Cyclamen coum,no,no,no,,no,y,95,,
Jena,01.06.2023,152,Dianthus superbus,no,no,no,,no,no,,,
Jena,01.06.2023,152,Dryas octopetala,no,no,no,,y,no,,,
Jena,01.06.2023,152,Galanthus nivalis,no,no,no,,no,y,100,,
Jena,01.06.2023,152,Globularia cordifolia,no,no,y,30,no,no,,,
Jena,01.06.2023,152,Helianthemum nummularium subsp.glabrum,no,no,y,10,no,no,,,
Jena,01.06.2023,152,Homogyne sylvestris,no,no,no,,no,no,,,
Jena,01.06.2023,152,Hypericum olympicum,no,no,no,,no,no,,,Buds
Jena,01.06.2023,152,Polygonatum multiflorum,no,no,y,5,no,no,,,
Jena,01.06.2023,152,Primula denticulata,no,no,no,,y,no,,,
Jena,01.06.2023,152,Primula vulgaris,no,no,no,,no,no,,,
Jena,07.06.2023,158,Aegopodium podagraria,no,no,y,25,no,no,,,
Jena,07.06.2023,158,Allium victorialis,no,no,y,15,no,no,,,
Jena,07.06.2023,158,Arum italicum,no,no,no,,no,no,,,
Jena,07.06.2023,158,Asarum europaeum,no,no,no,,no,no,,,
Jena,07.06.2023,158,Bergenia purpurascens,no,no,no,,no,y,5,,
Jena,07.06.2023,158,Cyclamen coum,no,no,no,,y,y,100,,
Jena,07.06.2023,158,Dianthus superbus,no,no,no,,no,no,,,
Jena,07.06.2023,158,Dryas octopetala,no,no,no,,y,no,,,
Jena,07.06.2023,158,Galanthus nivalis,no,no,no,,y,y,100,,
Jena,07.06.2023,158,Globularia cordifolia,no,no,no,,y,no,,,
Jena,07.06.2023,158,Helianthemum nummularium subsp.glabrum,no,no,y,25,no,no,,,
Jena,07.06.2023,158,Homogyne sylvestris,no,no,no,,no,no,,,
Jena,07.06.2023,158,Hypericum olympicum,no,no,y,20,no,no,,,
Jena,07.06.2023,158,Polygonatum multiflorum,no,no,y,5,no,no,,,
Jena,07.06.2023,158,Primula denticulata,no,no,no,,y,no,,,
Jena,07.06.2023,158,Primula vulgaris,no,no,no,,no,no,,,
Jena,14.06.2023,165,Globularia cordifolia,no,no,no,,y,no,,,
Jena,14.06.2023,165,Helianthemum nummularium subsp.glabrum,no,no,y,10,no,no,,,
Jena,14.06.2023,165,Homogyne sylvestris,no,no,no,,no,no,,,
Jena,14.06.2023,165,Hypericum olympicum,no,no,y,15,no,no,,,
Jena,14.06.2023,165,Polygonatum multiflorum,no,no,y,5,no,no,,,
Jena,14.06.2023,165,Primula denticulata,no,no,no,,y,no,,,
Jena,14.06.2023,165,Primula vulgaris,no,no,no,,no,y,5,,
Jena,14.06.2023,165,Aegopodium podagraria,no,no,y,30,no,no,,,
Jena,14.06.2023,165,Allium victorialis,no,no,no,,no,no,,,
Jena,14.06.2023,165,Arum italicum,no,no,no,,no,no,,,
Jena,14.06.2023,165,Asarum europaeum,no,no,no,,no,no,,,
Jena,14.06.2023,165,Bergenia purpurascens,no,no,no,,no,y,10,,
Jena,14.06.2023,165,Cyclamen coum,no,no,no,,y,y,100,,
Jena,14.06.2023,165,Dianthus superbus,no,no,no,,no,no,,,
Jena,14.06.2023,165,Dryas octopetala,no,no,no,,y,no,,,
Jena,14.06.2023,165,Galanthus nivalis,no,no,no,,y,y,100,,
Jena,21.06.2023,172,Aegopodium podagraria,no,no,y,20,no,no,,,
Jena,21.06.2023,172,Allium victorialis,no,no,no,,no,no,,,
Jena,21.06.2023,172,Arum italicum,no,no,no,,no,y,30,,
Jena,21.06.2023,172,Asarum europaeum,no,no,no,,no,no,,,
Jena,21.06.2023,172,Bergenia purpurascens,no,no,no,,no,y,10,,
Jena,21.06.2023,172,Cyclamen coum,no,no,no,,y,no,,,
Jena,21.06.2023,172,Dianthus superbus,no,no,no,,no,no,,,
Jena,21.06.2023,172,Dryas octopetala,no,no,no,,y,no,,,
Jena,21.06.2023,172,Galanthus nivalis,no,no,no,,y,y,100,,
Jena,21.06.2023,172,Globularia cordifolia,no,no,no,,y,no,,,
Jena,21.06.2023,172,Helianthemum nummularium subsp.glabrum,no,no,y,10,no,no,,,
Jena,21.06.2023,172,Homogyne sylvestris,no,no,no,,no,no,,,
Jena,21.06.2023,172,Hypericum olympicum,no,no,no,,no,no,,,
Jena,21.06.2023,172,Polygonatum multiflorum,no,no,no,,no,no,,,
Jena,21.06.2023,172,Primula denticulata,no,no,no,,y,no,,,
Jena,21.06.2023,172,Primula vulgaris,no,no,no,,no,y,5,,
Jena,28.06.2023,179,Aegopodium podagraria,no,no,no,,no,no,,,
Jena,28.06.2023,179,Allium victorialis,no,no,no,,no,no,,,
Jena,28.06.2023,179,Arum italicum,no,no,no,,no,y,100,,
Jena,28.06.2023,179,Asarum europaeum,no,no,no,,no,no,,,
Jena,28.06.2023,179,Bergenia purpurascens,no,no,no,,no,y,15,,
Jena,28.06.2023,179,Cyclamen coum,no,no,no,,y,no,,,
Jena,28.06.2023,179,Dianthus superbus,no,no,no,,no,no,,,Blütenknospen
Jena,28.06.2023,179,Dryas octopetala,no,no,no,,y,no,,,
Jena,28.06.2023,179,Galanthus nivalis,no,no,no,,y,y,100,,
Jena,28.06.2023,179,Globularia cordifolia,no,no,no,,y,no,,,
Jena,28.06.2023,179,Helianthemum nummularium subsp.glabrum,no,no,y,5,y,no,,,
Jena,28.06.2023,179,Homogyne sylvestris,no,no,no,,no,no,,,
Jena,28.06.2023,179,Hypericum olympicum,no,no,no,,no,no,,,
Jena,28.06.2023,179,Polygonatum multiflorum,no,no,no,,no,no,,,
Jena,28.06.2023,179,Primula denticulata,no,no,no,,no,no,,,
Jena,28.06.2023,179,Primula vulgaris,no,no,no,,no,y,5,,
Jena,05.07.2023,186,Aegopodium podagraria,no,no,no,,no,no,,,
Jena,05.07.2023,186,Allium victorialis,no,no,no,,y,no,,,
Jena,05.07.2023,186,Arum italicum,no,no,no,,no,y,100,,
Jena,05.07.2023,186,Asarum europaeum,no,no,no,,no,no,,,
Jena,05.07.2023,186,Bergenia purpurascens,no,no,no,,no,y,15,,
Jena,05.07.2023,186,Cyclamen coum,no,no,no,,y,no,,,
Jena,05.07.2023,186,Dianthus superbus,no,no,no,,no,no,,,Blütenknospen
Jena,05.07.2023,186,Dryas octopetala,no,no,no,,y,no,,,
Jena,05.07.2023,186,Galanthus nivalis,no,no,no,,y,y,100,,
Jena,05.07.2023,186,Globularia cordifolia,no,no,no,,y,no,,,
Jena,05.07.2023,186,Helianthemum nummularium subsp.glabrum,no,no,no,,y,no,,,
Jena,05.07.2023,186,Homogyne sylvestris,no,no,no,,no,no,,,
Jena,05.07.2023,186,Hypericum olympicum,no,no,no,,no,no,,,
Jena,05.07.2023,186,Polygonatum multiflorum,no,no,no,,no,no,,,
Jena,05.07.2023,186,Primula denticulata,no,no,no,,no,no,,,
Jena,05.07.2023,186,Primula vulgaris,no,no,no,,no,y,5,,
Jena,13.07.2023,194,Aegopodium podagraria,no,no,no,,no,y,15,,Seneszenz faengt bei einigen Pflanzen an
Jena,13.07.2023,194,Allium victorialis,no,no,no,,y,no,,,
Jena,13.07.2023,194,Arum italicum,no,no,no,,no,y,100,,
Jena,13.07.2023,194,Asarum europaeum,no,no,no,,no,no,,,
Jena,13.07.2023,194,Bergenia purpurascens,no,no,no,,no,y,15,,
Jena,13.07.2023,194,Cyclamen coum,no,no,no,,y,no,,,
Jena,13.07.2023,194,Dianthus superbus,no,no,y,75,no,no,,,
Jena,13.07.2023,194,Dryas octopetala,no,no,no,,y,no,,,
Jena,13.07.2023,194,Galanthus nivalis,no,no,no,,y,y,100,,
Jena,13.07.2023,194,Globularia cordifolia,no,no,no,,y,no,,,
Jena,13.07.2023,194,Helianthemum nummularium subsp.glabrum,no,no,y,5,y,no,,,
Jena,13.07.2023,194,Homogyne sylvestris,no,no,no,,no,y,100,,
Jena,13.07.2023,194,Hypericum olympicum,no,no,no,,no,y,10,,
Jena,13.07.2023,194,Polygonatum multiflorum,no,no,no,,no,no,,,
Jena,13.07.2023,194,Primula denticulata,no,no,no,,no,no,,,
Jena,13.07.2023,194,Primula vulgaris,no,no,no,,no,y,5,,
Jena,19.07.2023,200,Aegopodium podagraria,y,y,no,,y,y,20,,
Jena,19.07.2023,200,Allium victorialis,no,no,no,,y,no,,,
Jena,19.07.2023,200,Arum italicum,no,no,no,,no,y,100,,
Jena,19.07.2023,200,Asarum europaeum,no,no,no,,no,y,5,,
Jena,19.07.2023,200,Bergenia purpurascens,no,no,no,,no,y,25,,
Jena,19.07.2023,200,Cyclamen coum,no,no,no,,y,no,,,
Jena,19.07.2023,200,Dianthus superbus,no,no,y,30,no,no,,,
Jena,19.07.2023,200,Dryas octopetala,no,no,no,,y,no,,,
Jena,19.07.2023,200,Galanthus nivalis,no,no,no,,no,y,100,,
Jena,19.07.2023,200,Globularia cordifolia,no,no,no,,y,no,,,
Jena,19.07.2023,200,Helianthemum nummularium subsp.glabrum,no,no,y,5,y,no,,,
Jena,19.07.2023,200,Homogyne sylvestris,no,no,no,,no,y,100,,
Jena,19.07.2023,200,Hypericum olympicum,no,no,no,,no,y,10,,
Jena,19.07.2023,200,Polygonatum multiflorum,no,no,no,,no,no,,,
Jena,19.07.2023,200,Primula denticulata,no,no,no,,no,y,5,,
Jena,19.07.2023,200,Primula vulgaris,no,no,no,,no,y,20,,
Jena,26.07.2023,207,Aegopodium podagraria,no,y,no,,y,y,20,,
Jena,26.07.2023,207,Allium victorialis,no,no,no,,y,no,,,
Jena,26.07.2023,207,Arum italicum,no,no,no,,no,y,100,,
Jena,26.07.2023,207,Asarum europaeum,no,no,no,,no,y,5,,
Jena,26.07.2023,207,Bergenia purpurascens,no,no,no,,no,y,25,,
Jena,26.07.2023,207,Cyclamen coum,no,no,no,,y,no,,,
Jena,26.07.2023,207,Dianthus superbus,no,no,y,30,no,no,,,
Jena,26.07.2023,207,Dryas octopetala,no,no,no,,y,no,,,
Jena,26.07.2023,207,Galanthus nivalis,no,no,no,,no,y,100,,
Jena,26.07.2023,207,Globularia cordifolia,no,no,no,,u,no,,,
Jena,26.07.2023,207,Helianthemum nummularium subsp.glabrum,no,no,no,,y,no,,,
Jena,26.07.2023,207,Homogyne sylvestris,no,no,no,,no,y,100,,
Jena,26.07.2023,207,Hypericum olympicum,no,no,no,,no,y,10,,
Jena,26.07.2023,207,Polygonatum multiflorum,no,no,no,,no,no,,,
Jena,26.07.2023,207,Primula denticulata,no,no,no,,no,y,5,,
Jena,26.07.2023,207,Primula vulgaris,no,no,no,,no,y,25,,
Jena,02.08.2023,214,Aegopodium podagraria,no,y,no,,y,y,20,,
Jena,02.08.2023,214,Allium victorialis,no,no,no,,y,no,,,
Jena,02.08.2023,214,Arum italicum,no,no,no,,no,y,100,,
Jena,02.08.2023,214,Asarum europaeum,no,no,no,,no,y,5,,
Jena,02.08.2023,214,Bergenia purpurascens,no,no,no,,no,y,25,,
Jena,02.08.2023,214,Cyclamen coum,no,no,no,,no,no,,,
Jena,02.08.2023,214,Dianthus superbus,no,no,no,,no,no,,,
Jena,02.08.2023,214,Dryas octopetala,no,no,no,,y,no,,,
Jena,02.08.2023,214,Galanthus nivalis,no,no,no,,no,y,100,,
Jena,02.08.2023,214,Primula vulgaris,no,no,no,,no,y,25,,
Jena,02.08.2023,214,Globularia cordifolia,no,no,no,,no,no,,,
Jena,02.08.2023,214,Helianthemum nummularium subsp.glabrum,no,no,y,5,y,no,,,
Jena,02.08.2023,214,Homogyne sylvestris,no,no,no,,no,y,100,,
Jena,02.08.2023,214,Hypericum olympicum,no,no,no,,no,y,10,,
Jena,02.08.2023,214,Polygonatum multiflorum,no,no,no,,y,no,,,
Jena,02.08.2023,214,Primula denticulata,no,no,no,,no,y,5,,
Jena,09.08.2023,221,Aegopodium podagraria,no,y,no,,y,y,20,,
Jena,09.08.2023,221,Allium victorialis,no,no,no,,y,no,,,
Jena,09.08.2023,221,Arum italicum,no,no,no,,no,y,100,,
Jena,09.08.2023,221,Asarum europaeum,no,no,no,,no,y,10,,
Jena,09.08.2023,221,Bergenia purpurascens,no,no,no,,no,y,25,,
Jena,09.08.2023,221,Cyclamen coum,no,no,no,,no,no,,,
Jena,09.08.2023,221,Dianthus superbus,no,no,y,5,no,no,,,
Jena,09.08.2023,221,Dryas octopetala,no,no,no,,y,y,5,,
Jena,09.08.2023,221,Galanthus nivalis,no,no,no,,no,y,100,,
Jena,09.08.2023,221,Globularia cordifolia,no,no,no,,no,no,,,
Jena,09.08.2023,221,Helianthemum nummularium subsp.glabrum,no,no,y,5,y,y,5,,
Jena,09.08.2023,221,Homogyne sylvestris,no,no,no,,no,y,100,,
Jena,09.08.2023,221,Hypericum olympicum,y,y,no,,no,y,5,,
Jena,09.08.2023,221,Polygonatum multiflorum,no,no,no,,y,y,5,,
Jena,09.08.2023,221,Primula denticulata,no,no,no,,no,y,5,,
Jena,09.08.2023,221,Primula vulgaris,no,no,no,,no,y,25,,
Jena,16.08.2023,228,Aegopodium podagraria,no,no,no,,y,y,15,,
Jena,16.08.2023,228,Allium victorialis,no,no,no,,y,y,5,,
Jena,16.08.2023,228,Arum italicum,no,no,no,,no,y,100,,
Jena,16.08.2023,228,Asarum europaeum,no,no,no,,no,y,15,,
Jena,16.08.2023,228,Bergenia purpurascens,no,no,no,,no,y,20,,
Jena,16.08.2023,228,Cyclamen coum,no,no,no,,no,no,,,
Jena,16.08.2023,228,Dianthus superbus,no,no,no,,y,no,,,
Jena,16.08.2023,228,Dryas octopetala,no,no,no,,y,y,15,,
Jena,16.08.2023,228,Galanthus nivalis,no,no,no,,no,y,100,,
Jena,16.08.2023,228,Globularia cordifolia,no,no,no,,no,no,,,
Jena,16.08.2023,228,Helianthemum nummularium subsp.glabrum,no,no,y,5,y,y,5,,
Jena,16.08.2023,228,Homogyne sylvestris,no,no,no,,no,y,100,,
Jena,16.08.2023,228,Hypericum olympicum,no,y,no,,y,y,5,,
Jena,16.08.2023,228,Polygonatum multiflorum,no,no,no,,y,y,5,,
Jena,16.08.2023,228,Primula denticulata,no,no,no,,no,y,15,,
Jena,16.08.2023,228,Primula vulgaris,no,no,no,,no,y,25,,
Jena,23.08.2023,235,Aegopodium podagraria,no,no,no,,y,y,15,,
Jena,23.08.2023,235,Allium victorialis,no,no,no,,y,y,10,,
Jena,23.08.2023,235,Arum italicum,no,no,no,,no,y,100,,
Jena,23.08.2023,235,Asarum europaeum,no,no,no,,no,y,15,,
Jena,23.08.2023,235,Bergenia purpurascens,no,no,no,,no,y,20,,
Jena,23.08.2023,235,Cyclamen coum,no,no,no,,no,no,,,
Jena,23.08.2023,235,Dianthus superbus,no,no,no,,y,no,,,
Jena,23.08.2023,235,Dryas octopetala,no,no,no,,y,y,20,,
Jena,23.08.2023,235,Galanthus nivalis,no,no,no,,no,y,100,,
Jena,23.08.2023,235,Globularia cordifolia,no,no,no,,no,no,,,
Jena,23.08.2023,235,Helianthemum nummularium subsp.glabrum,no,no,y,5,y,y,5,,
Jena,23.08.2023,235,Homogyne sylvestris,no,no,no,,no,y,100,,
Jena,23.08.2023,235,Hypericum olympicum,no,y,no,,y,y,5,,
Jena,23.08.2023,235,Polygonatum multiflorum,no,no,no,,y,y,5,,
Jena,23.08.2023,235,Primula denticulata,no,no,no,,no,y,15,,
Jena,23.08.2023,235,Primula vulgaris,no,no,no,,no,y,25,,
Jena,30.08.2023,242,Aegopodium podagraria,no,no,no,,no,y,20,,
Jena,30.08.2023,242,Allium victorialis,no,no,no,,y,y,10,,
Jena,30.08.2023,242,Arum italicum,no,no,no,,no,y,100,,
Jena,30.08.2023,242,Asarum europaeum,no,no,no,,no,y,25,,
Jena,30.08.2023,242,Bergenia purpurascens,no,no,no,,no,y,20,,
Jena,30.08.2023,242,Cyclamen coum,no,no,no,,no,no,,,
Jena,30.08.2023,242,Dianthus superbus,no,no,y,5,y,no,,,
Jena,30.08.2023,242,Dryas octopetala,no,no,no,,y,y,25,,
Jena,30.08.2023,242,Galanthus nivalis,no,no,no,,no,y,100,,
Jena,30.08.2023,242,Globularia cordifolia,no,no,no,,no,no,,,
Jena,30.08.2023,242,Helianthemum nummularium subsp.glabrum,no,no,y,5,y,y,5,,
Jena,30.08.2023,242,Homogyne sylvestris,no,no,no,,no,y,100,,
Jena,30.08.2023,242,Hypericum olympicum,no,y,no,,y,no,,,
Jena,30.08.2023,242,Polygonatum multiflorum,no,no,no,,y,y,5,,
Jena,30.08.2023,242,Primula denticulata,no,no,no,,no,y,15,,
Jena,30.08.2023,242,Primula vulgaris,no,no,no,,no,y,25,,
Jena,04.01.2023,4,Arnica longifolia,no,no,no,,no,y,100,,
Jena,04.01.2023,4,Centaurea jacea,y,y,no,,no,y,80,,
Jena,04.01.2023,4,Centaurea scabiosa,no,no,no,,no,y,100,,
Jena,04.01.2023,4,Helleborus orientalis,y,no,no,,no,y,50,,
Jena,04.01.2023,4,Hepatica nobilis,no,no,no,,no,y,60,,
Jena,04.01.2023,4,Knautia arvensis,y,y,no,,no,y,80,,
Jena,04.01.2023,4,Phlomis russeliana,no,no,no,,no,y,5,,
Jena,04.01.2023,4,Acorus calamus,no,no,no,,no,no,,covered artificial,
Jena,04.01.2023,4,Calla palustris,no,no,no,,no,no,,covered artificial,
Jena,04.01.2023,4,Comarum palustre,no,no,no,,no,no,,covered artificial,
Jena,04.01.2023,4,Dactylorhiza majalis,no,no,no,,no,no,,covered artificial,
Jena,04.01.2023,4,Erica tetralix,no,no,no,,y,y,70,,
Jena,04.01.2023,4,Gratiola officinalis,no,no,no,,no,no,,covered artificial,
Jena,04.01.2023,4,Hydrocotyle vulgaris,no,no,no,,no,no,,covered artificial,
Jena,04.01.2023,4,Menyanthes trifoliata,no,no,no,,no,no,,covered artificial,
Jena,04.01.2023,4,Rubus chamaemorus,no,no,no,,no,y,100,,
Jena,04.01.2023,4,Vaccinium oxycoccos,no,no,no,,no,y,80,,
Jena,04.01.2023,4,Trapa natans,no,no,no,,no,no,,covered artificial,
Jena,04.01.2023,4,Adonis vernalis,no,no,no,,no,y,100,,
Jena,04.01.2023,4,Alchemilla xanthochlora,no,no,no,,no,y,100,,
Jena,04.01.2023,4,Althaea officinalis,no,no,no,,no,y,100,,
Jena,04.01.2023,4,Convallaria majalis,no,no,no,,no,y,100,,
Jena,04.01.2023,4,Fragaria vesca,no,no,no,,no,y,80,,
Jena,04.01.2023,4,Ranunculus acris,y,y,no,,no,no,,,
Jena,04.01.2023,4,Tulipa sylvestris,y,no,no,,no,no,,,
Jena,04.01.2023,4,Glechoma hederocea,y,y,no,,no,no,,,
Jena,04.01.2023,4,Persicaria bistorta,y,no,no,,no,no,,,
Jena,04.01.2023,4,Ranunculus lanuginosus,y,y,no,,no,y,20,,
Jena,04.01.2023,4,Sanguisorba minor,no,y,no,,no,y,60,,
Jena,04.01.2023,4,Silene vulgaris,no,no,no,,no,y,100,,
Jena,04.01.2023,4,Silphium integrifolium,no,no,no,,y,y,100,,
Jena,11.01.2023,11,Arnica longifolia,no,no,no,,no,y,100,,
Jena,11.01.2023,11,Centaurea jacea,no,y,no,,no,y,80,,
Jena,11.01.2023,11,Centaurea scabiosa,y,no,no,,no,no,,,
Jena,11.01.2023,11,Helleborus orientalis,y,no,no,,no,y,50,covered natural,
Jena,11.01.2023,11,Hepatica nobilis,no,no,no,,no,y,70,,
Jena,11.01.2023,11,Knautia arvensis,no,y,no,,no,no,,,
Jena,11.01.2023,11,Phlomis russeliana,y,no,no,,no,y,5,,
Jena,11.01.2023,11,Acorus calamus,no,no,no,,no,no,,covered artificial,
Jena,11.01.2023,11,Calla palustris,no,no,no,,no,no,,covered artificial,
Jena,11.01.2023,11,Comarum palustre,no,no,no,,no,no,,covered artificial,
Jena,11.01.2023,11,Dactylorhiza majalis,no,no,no,,no,no,,covered artificial,
Jena,11.01.2023,11,Erica tetralix,no,no,no,,y,y,80,,
Jena,11.01.2023,11,Gratiola officinalis,no,no,no,,no,no,,covered artificial,
Jena,11.01.2023,11,Hydrocotyle vulgaris,no,no,no,,no,no,,covered artificial,
Jena,11.01.2023,11,Menyanthes trifoliata,no,no,no,,no,no,,covered artificial,
Jena,11.01.2023,11,Rubus chamaemorus,no,no,no,,no,y,100,,
Jena,11.01.2023,11,Trapa natans,no,no,no,,no,no,,covered artificial,
Jena,11.01.2023,11,Vaccinium oxycoccos,no,no,no,,no,y,80,,
Jena,11.01.2023,11,Adonis vernalis,no,no,no,,no,y,100,,
Jena,11.01.2023,11,Alchemilla xanthochlora,no,no,no,,no,y,100,,
Jena,11.01.2023,11,Althaea officinalis,no,no,no,,no,y,100,,
Jena,11.01.2023,11,Convallaria majalis,no,no,no,,no,y,100,,
Jena,11.01.2023,11,Fragaria vesca,no,no,no,,no,y,80,,
Jena,11.01.2023,11,Ranunculus acris,y,y,no,,no,no,,,
Jena,11.01.2023,11,Tulipa sylvestris,no,no,no,,no,no,,,
Jena,11.01.2023,11,Glechoma hederocea,no,y,no,,no,no,,,
Jena,11.01.2023,11,Persicaria bistorta,y,no,no,,no,no,,,
Jena,11.01.2023,11,Ranunculus lanuginosus,no,y,no,,no,no,,,
Jena,11.01.2023,11,Sanguisorba minor,no,y,no,,no,y,70,,
Jena,11.01.2023,11,Silene vulgaris,y,no,no,,no,no,,,
Jena,11.01.2023,11,Silphium integrifolium,no,no,no,,y,y,100,,
Jena,18.01.2023,18,Arnica longifolia,no,no,no,,no,y,100,,
Jena,18.01.2023,18,Centaurea jacea,no,y,no,,no,y,80,,
Jena,18.01.2023,18,Centaurea scabiosa,y,no,no,,no,no,,,
Jena,18.01.2023,18,Helleborus orientalis,y,no,no,,no,y,50,covered natural,
Jena,18.01.2023,18,Hepatica nobilis,no,no,no,,no,y,70,covered natural,
Jena,18.01.2023,18,Knautia arvensis,no,no,no,,no,no,,covered natural,
Jena,18.01.2023,18,Phlomis russeliana,y,no,no,,no,y,5,covered natural,
Jena,18.01.2023,18,Acorus calamus,no,no,no,,no,no,,covered artificial,
Jena,18.01.2023,18,Calla palustris,no,no,no,,no,no,,covered artificial,
Jena,18.01.2023,18,Comarum palustre,no,no,no,,no,no,,covered artificial,
Jena,18.01.2023,18,Dactylorhiza majalis,no,no,no,,no,no,,covered artificial,
Jena,18.01.2023,18,Erica tetralix,no,no,no,,y,y,80,covered natural,
Jena,18.01.2023,18,Gratiola officinalis,no,no,no,,no,no,,covered artificial,
Jena,18.01.2023,18,Persicaria bistorta,y,no,no,,no,no,,covered natural,
Jena,18.01.2023,18,Ranunculus lanuginosus,no,y,no,,no,no,,,
Jena,18.01.2023,18,Hydrocotyle vulgaris,no,no,no,,no,no,,covered artificial,
Jena,18.01.2023,18,Menyanthes trifoliata,no,no,no,,no,no,,covered artificial,
Jena,18.01.2023,18,Rubus chamaemorus,no,no,no,,no,y,100,,
Jena,18.01.2023,18,Trapa natans,no,no,no,,no,no,,covered artificial,
Jena,18.01.2023,18,Vaccinium oxycoccos,no,no,no,,no,y,80,covered natural,
Jena,18.01.2023,18,Adonis vernalis,no,no,no,,no,y,100,covered natural,
Jena,18.01.2023,18,Alchemilla xanthochlora,no,no,no,,no,y,100,,
Jena,18.01.2023,18,Althaea officinalis,no,no,no,,no,y,100,covered natural,
Jena,18.01.2023,18,Convallaria majalis,no,no,no,,no,y,100,covered natural,
Jena,18.01.2023,18,Fragaria vesca,no,no,no,,no,y,80,covered natural,
Jena,18.01.2023,18,Ranunculus acris,y,y,no,,no,no,,covered natural,
Jena,18.01.2023,18,Tulipa sylvestris,no,no,no,,no,no,,covered natural,
Jena,18.01.2023,18,Glechoma hederocea,no,y,no,,no,no,,,
Jena,18.01.2023,18,Sanguisorba minor,no,y,no,,no,y,70,covered natural,
Jena,18.01.2023,18,Silene vulgaris,y,no,no,,no,no,,covered natural,
Jena,18.01.2023,18,Silphium integrifolium,no,no,no,,y,y,100,covered natural,
Jena,01.02.2023,32,Arnica longifolia,no,no,no,,no,y,100,,
Jena,01.02.2023,32,Centaurea jacea,no,y,no,,no,no,,,
Jena,01.02.2023,32,Centaurea scabiosa,y,no,no,,no,no,,,
Jena,01.02.2023,32,Helleborus orientalis,y,y,no,,no,y,50,,
Jena,01.02.2023,32,Hepatica nobilis,no,no,no,,no,y,70,,
Jena,01.02.2023,32,Knautia arvensis,y,y,no,,no,no,,,
Jena,01.02.2023,32,Phlomis russeliana,y,no,no,,no,y,5,,
Jena,01.02.2023,32,Acorus calamus,no,no,no,,no,no,,covered artificial,
Jena,01.02.2023,32,Calla palustris,no,no,no,,no,no,,covered artificial,
Jena,01.02.2023,32,Comarum palustre,no,no,no,,no,no,,covered artificial,
Jena,01.02.2023,32,Dactylorhiza majalis,no,no,no,,no,no,,covered artificial,
Jena,01.02.2023,32,Erica tetralix,no,no,no,,no,no,,covered artificial,
Jena,01.02.2023,32,Gratiola officinalis,no,no,no,,no,no,,covered artificial,
Jena,01.02.2023,32,Hydrocotyle vulgaris,no,no,no,,no,no,,,
Jena,01.02.2023,32,Menyanthes trifoliata,no,no,no,,no,no,,covered natural,
Jena,01.02.2023,32,Rubus chamaemorus,no,no,no,,no,y,100,,
Jena,01.02.2023,32,Trapa natans,no,no,no,,no,no,,covered artificial,
Jena,01.02.2023,32,Vaccinium oxycoccos,no,no,no,,no,y,80,,
Jena,01.02.2023,32,Adonis vernalis,no,no,no,,no,y,100,,
Jena,01.02.2023,32,Alchemilla xanthochlora,no,no,no,,no,y,100,,
Jena,01.02.2023,32,Althaea officinalis,no,no,no,,no,y,100,,
Jena,01.02.2023,32,Convallaria majalis,no,no,no,,no,y,100,,
Jena,01.02.2023,32,Fragaria vesca,no,no,no,,no,y,80,,
Jena,01.02.2023,32,Ranunculus acris,y,y,no,,no,no,,,
Jena,01.02.2023,32,Tulipa sylvestris,y,y,no,,no,no,,,
Jena,01.02.2023,32,Glechoma hederocea,no,y,no,,no,no,,,
Jena,01.02.2023,32,Persicaria bistorta,y,no,no,,no,no,,,
Jena,01.02.2023,32,Ranunculus lanuginosus,no,y,no,,no,no,,,
Jena,01.02.2023,32,Sanguisorba minor,no,y,no,,no,y,70,,
Jena,01.02.2023,32,Silene vulgaris,y,no,no,,no,no,,,
Jena,01.02.2023,32,Silphium integrifolium,no,no,no,,y,y,100,,
Jena,08.02.2023,39,Arnica longifolia,no,no,no,,no,y,100,,
Jena,08.02.2023,39,Centaurea jacea,no,y,no,,no,no,,,
Jena,08.02.2023,39,Centaurea scabiosa,y,no,no,,no,no,,,
Jena,08.02.2023,39,Helleborus orientalis,y,y,no,,no,y,50,,
Jena,08.02.2023,39,Hepatica nobilis,no,no,no,,no,y,70,,
Jena,08.02.2023,39,Knautia arvensis,y,y,no,,no,no,,,
Jena,08.02.2023,39,Phlomis russeliana,y,no,no,,no,y,5,,
Jena,08.02.2023,39,Acorus calamus,no,no,no,,no,no,,covered artificial,
Jena,08.02.2023,39,Calla palustris,no,no,no,,no,no,,covered artificial,
Jena,08.02.2023,39,Comarum palustre,no,no,no,,no,no,,covered artificial,
Jena,08.02.2023,39,Dactylorhiza majalis,no,no,no,,no,no,,covered artificial,
Jena,08.02.2023,39,Erica tetralix,no,no,no,,no,no,,covered natural,
Jena,08.02.2023,39,Gratiola officinalis,no,no,no,,no,no,,covered artificial,
Jena,08.02.2023,39,Hydrocotyle vulgaris,no,no,no,,no,no,,covered artificial,
Jena,08.02.2023,39,Menyanthes trifoliata,no,no,no,,no,no,,covered natural,
Jena,08.02.2023,39,Rubus chamaemorus,no,no,no,,no,y,100,,
Jena,08.02.2023,39,Trapa natans,no,no,no,,no,no,,covered artificial,
Jena,08.02.2023,39,Vaccinium oxycoccos,no,no,no,,no,y,80,,
Jena,08.02.2023,39,Adonis vernalis,no,no,no,,no,y,100,,
Jena,08.02.2023,39,Alchemilla xanthochlora,no,no,no,,no,y,100,,
Jena,08.02.2023,39,Althaea officinalis,no,no,no,,no,y,100,,
Jena,08.02.2023,39,Convallaria majalis,no,no,no,,no,y,100,,
Jena,08.02.2023,39,Fragaria vesca,no,no,no,,no,y,80,,
Jena,08.02.2023,39,Ranunculus acris,y,y,no,,no,no,,,
Jena,08.02.2023,39,Tulipa sylvestris,y,y,no,,no,no,,,
Jena,08.02.2023,39,Glechoma hederocea,no,y,no,,no,no,,,
Jena,08.02.2023,39,Persicaria bistorta,y,no,no,,no,no,,,
Jena,08.02.2023,39,Ranunculus lanuginosus,no,y,no,,no,no,,,
Jena,08.02.2023,39,Sanguisorba minor,no,y,no,,no,y,70,,
Jena,08.02.2023,39,Silene vulgaris,y,no,no,,no,no,,,
Jena,08.02.2023,39,Silphium integrifolium,no,no,no,,y,y,100,,
Jena,15.02.2023,46,Knautia arvensis,y,y,no,,no,no,,,
Jena,15.02.2023,46,Phlomis russeliana,y,y,no,,no,y,5,,
Jena,15.02.2023,46,Acorus calamus,no,no,no,,no,no,,covered artificial,
Jena,15.02.2023,46,Calla palustris,no,no,no,,no,no,,covered artificial,
Jena,15.02.2023,46,Comarum palustre,no,no,no,,no,no,,covered artificial,
Jena,15.02.2023,46,Dactylorhiza majalis,no,no,no,,no,no,,covered artificial,
Jena,15.02.2023,46,Erica tetralix,no,no,no,,no,no,,,
Jena,15.02.2023,46,Gratiola officinalis,no,no,no,,no,no,,covered artificial,
Jena,15.02.2023,46,Hydrocotyle vulgaris,no,no,no,,no,no,,covered artificial,
Jena,15.02.2023,46,Menyanthes trifoliata,no,no,no,,no,no,,,
Jena,15.02.2023,46,Rubus chamaemorus,no,no,no,,no,y,100,,
Jena,15.02.2023,46,Trapa natans,no,no,no,,no,no,,covered artificial,
Jena,15.02.2023,46,Vaccinium oxycoccos,no,no,no,,no,y,80,,
Jena,15.02.2023,46,Adonis vernalis,no,no,no,,no,y,100,,
Jena,15.02.2023,46,Alchemilla xanthochlora,no,no,no,,no,y,100,,
Jena,15.02.2023,46,Althaea officinalis,no,no,no,,no,y,100,,
Jena,15.02.2023,46,Convallaria majalis,no,no,no,,no,y,100,,
Jena,15.02.2023,46,Fragaria vesca,y,y,no,,no,no,,,
Jena,15.02.2023,46,Ranunculus acris,y,y,no,,no,no,,,
Jena,15.02.2023,46,Tulipa sylvestris,y,y,no,,no,no,,,
Jena,15.02.2023,46,Glechoma hederocea,no,y,no,,no,no,,,
Jena,15.02.2023,46,Persicaria bistorta,y,no,no,,no,no,,,
Jena,15.02.2023,46,Ranunculus lanuginosus,no,y,no,,no,no,,,
Jena,15.02.2023,46,Sanguisorba minor,no,y,no,,no,no,,,
Jena,15.02.2023,46,Silene vulgaris,y,no,no,,no,no,,,
Jena,15.02.2023,46,Silphium integrifolium,no,no,no,,no,y,100,,
Jena,15.02.2023,46,Arnica longifolia,no,no,no,,no,y,100,,
Jena,15.02.2023,46,Centaurea jacea,no,y,no,,no,no,,,
Jena,15.02.2023,46,Centaurea scabiosa,no,y,no,,no,no,,,
Jena,15.02.2023,46,Helleborus orientalis,y,y,no,,no,no,,,
Jena,15.02.2023,46,Hepatica nobilis,no,no,no,,no,y,70,,
Jena,22.02.2023,53,Arnica longifolia,no,no,no,,no,y,100,,
Jena,22.02.2023,53,Centaurea jacea,no,y,no,,no,no,,,
Jena,22.02.2023,53,Centaurea scabiosa,no,y,no,,no,no,,,
Jena,22.02.2023,53,Helleborus orientalis,no,y,y,20,no,no,,,
Jena,22.02.2023,53,Hepatica nobilis,m,y,y,10,no,no,,,
Jena,22.02.2023,53,Knautia arvensis,y,y,no,,no,no,,,
Jena,22.02.2023,53,Phlomis russeliana,y,y,no,,no,y,5,,
Jena,22.02.2023,53,Acorus calamus,no,no,no,,no,no,,covered artificial,
Jena,22.02.2023,53,Calla palustris,no,no,no,,no,no,,covered artificial,
Jena,22.02.2023,53,Comarum palustre,no,no,no,,no,no,,covered artificial,
Jena,22.02.2023,53,Dactylorhiza majalis,no,no,no,,no,no,,covered artificial,
Jena,22.02.2023,53,Erica tetralix,no,no,no,,no,no,,,
Jena,22.02.2023,53,Gratiola officinalis,no,no,no,,no,no,,covered artificial,
Jena,22.02.2023,53,Hydrocotyle vulgaris,no,no,no,,no,no,,covered artificial,
Jena,22.02.2023,53,Menyanthes trifoliata,no,no,no,,no,no,,,
Jena,22.02.2023,53,Rubus chamaemorus,no,no,no,,no,y,100,,
Jena,22.02.2023,53,Trapa natans,no,no,no,,no,no,,covered artificial,
Jena,22.02.2023,53,Vaccinium oxycoccos,no,no,no,,y,y,80,,
Jena,22.02.2023,53,Adonis vernalis,no,no,no,,no,y,100,,
Jena,22.02.2023,53,Alchemilla xanthochlora,no,no,no,,no,y,100,,
Jena,22.02.2023,53,Althaea officinalis,no,no,no,,no,y,100,,
Jena,22.02.2023,53,Convallaria majalis,y,no,no,,no,no,,,
Jena,22.02.2023,53,Fragaria vesca,y,y,no,,no,no,,,
Jena,22.02.2023,53,Ranunculus acris,y,y,no,,no,no,,,
Jena,22.02.2023,53,Tulipa sylvestris,y,y,no,,no,no,,,
Jena,22.02.2023,53,Glechoma hederocea,no,y,no,,no,no,,,
Jena,22.02.2023,53,Persicaria bistorta,y,no,no,,no,no,,,
Jena,22.02.2023,53,Ranunculus lanuginosus,no,y,no,,no,no,,,
Jena,22.02.2023,53,Sanguisorba minor,no,y,no,,no,no,,,
Jena,22.02.2023,53,Silene vulgaris,y,no,no,,no,no,,,
Jena,22.02.2023,53,Silphium integrifolium,y,no,no,,no,y,100,,
Jena,01.03.2023,60,Arnica longifolia,no,no,no,,no,y,100,,
Jena,01.03.2023,60,Centaurea jacea,no,y,no,,no,no,,,
Jena,01.03.2023,60,Centaurea scabiosa,no,y,no,,no,no,,,
Jena,01.03.2023,60,Helleborus orientalis,no,y,y,20,no,no,,,
Jena,01.03.2023,60,Hepatica nobilis,m,y,y,10,no,no,,,
Jena,01.03.2023,60,Knautia arvensis,y,y,no,,no,no,,,
Jena,01.03.2023,60,Phlomis russeliana,y,y,no,,no,no,,,
Jena,01.03.2023,60,Acorus calamus,no,no,no,,no,no,,covered artificial,
Jena,01.03.2023,60,Calla palustris,no,no,no,,no,no,,covered artificial,
Jena,01.03.2023,60,Comarum palustre,no,no,no,,no,no,,covered artificial,
Jena,01.03.2023,60,Dactylorhiza majalis,no,no,no,,no,no,,covered artificial,
Jena,01.03.2023,60,Erica tetralix,no,no,no,,no,no,,,
Jena,01.03.2023,60,Gratiola officinalis,no,no,no,,no,no,,covered artificial,
Jena,01.03.2023,60,Hydrocotyle vulgaris,no,no,no,,no,no,,covered artificial,
Jena,01.03.2023,60,Menyanthes trifoliata,no,no,no,,no,no,,covered artificial,
Jena,01.03.2023,60,Rubus chamaemorus,no,no,no,,no,y,100,,
Jena,01.03.2023,60,Trapa natans,no,no,no,,no,no,,covered artificial,
Jena,01.03.2023,60,Vaccinium oxycoccos,no,no,no,,y,y,80,,
Jena,01.03.2023,60,Adonis vernalis,no,no,no,,no,y,100,,
Jena,01.03.2023,60,Alchemilla xanthochlora,no,no,no,,no,y,100,,
Jena,01.03.2023,60,Althaea officinalis,no,no,no,,no,y,100,,
Jena,01.03.2023,60,Convallaria majalis,y,no,no,,no,no,,,
Jena,01.03.2023,60,Fragaria vesca,y,y,no,,no,no,,,
Jena,01.03.2023,60,Ranunculus acris,no,y,no,,no,no,,,
Jena,01.03.2023,60,Tulipa sylvestris,no,y,no,,no,no,,,
Jena,01.03.2023,60,Glechoma hederocea,no,y,no,,no,no,,,
Jena,01.03.2023,60,Persicaria bistorta,y,no,no,,no,no,,,
Jena,01.03.2023,60,Ranunculus lanuginosus,no,y,no,,no,no,,,
Jena,01.03.2023,60,Sanguisorba minor,no,y,no,,no,no,,,
Jena,01.03.2023,60,Silene vulgaris,y,no,no,,no,no,,,
Jena,01.03.2023,60,Silphium integrifolium,y,no,no,,no,y,100,,
Jena,09.03.2023,68,Arnica longifolia,no,no,no,,no,no,,,
Jena,09.03.2023,68,Centaurea jacea,no,y,no,,no,no,,,
Jena,09.03.2023,68,Centaurea scabiosa,no,y,no,,no,no,,,
Jena,09.03.2023,68,Helleborus orientalis,no,y,y,30,no,no,,,
Jena,09.03.2023,68,Hepatica nobilis,no,y,y,10,no,no,,,
Jena,09.03.2023,68,Knautia arvensis,no,y,no,,no,no,,,
Jena,09.03.2023,68,Phlomis russeliana,no,y,no,,no,no,,,
Jena,09.03.2023,68,Acorus calamus,no,no,no,,no,no,,covered artificial,
Jena,09.03.2023,68,Calla palustris,no,no,no,,no,no,,covered artificial,
Jena,09.03.2023,68,Comarum palustre,no,no,no,,no,no,,covered artificial,
Jena,09.03.2023,68,Dactylorhiza majalis,no,no,no,,no,no,,covered artificial,
Jena,09.03.2023,68,Erica tetralix,no,no,no,,no,no,,covered artificial,
Jena,09.03.2023,68,Gratiola officinalis,no,no,no,,no,no,,covered artificial,
Jena,09.03.2023,68,Hydrocotyle vulgaris,no,no,no,,no,no,,covered artificial,
Jena,09.03.2023,68,Menyanthes trifoliata,no,no,no,,no,no,,covered artificial,
Jena,09.03.2023,68,Rubus chamaemorus,no,no,no,,no,no,,,
Jena,09.03.2023,68,Trapa natans,no,no,no,,no,no,,covered artificial,
Jena,09.03.2023,68,Vaccinium oxycoccos,no,no,no,,no,y,80,,
Jena,09.03.2023,68,Adonis vernalis,no,no,no,,no,no,,,
Jena,09.03.2023,68,Alchemilla xanthochlora,y,no,no,,no,no,,,
Jena,09.03.2023,68,Althaea officinalis,no,no,no,,no,no,,,
Jena,09.03.2023,68,Convallaria majalis,y,no,no,,no,no,,,
Jena,09.03.2023,68,Fragaria vesca,y,y,no,,no,no,,,
Jena,09.03.2023,68,Ranunculus acris,no,y,no,,no,no,,,
Jena,09.03.2023,68,Tulipa sylvestris,no,y,no,,no,no,,,
Jena,09.03.2023,68,Glechoma hederocea,no,y,no,,no,no,,,
Jena,09.03.2023,68,Persicaria bistorta,y,no,no,,no,no,,,
Jena,09.03.2023,68,Ranunculus lanuginosus,no,y,no,,no,no,,,
Jena,09.03.2023,68,Sanguisorba minor,no,y,no,,no,no,,,
Jena,09.03.2023,68,Silene vulgaris,y,no,no,,no,no,,,
Jena,09.03.2023,68,Silphium integrifolium,y,no,no,,no,y,100,,
Jena,14.03.2023,73,Arnica longifolia,no,no,no,,no,no,,,
Jena,14.03.2023,73,Centaurea jacea,no,y,no,,no,no,,,
Jena,14.03.2023,73,Centaurea scabiosa,y,y,no,,no,no,,,
Jena,14.03.2023,73,Helleborus orientalis,no,no,y,70,no,no,,,
Jena,14.03.2023,73,Hepatica nobilis,no,no,y,40,no,no,,,
Jena,14.03.2023,73,Knautia arvensis,no,y,no,,no,no,,,
Jena,14.03.2023,73,Phlomis russeliana,y,y,no,,no,no,,,
Jena,14.03.2023,73,Acorus calamus,no,no,no,,no,no,,covered artificial,
Jena,14.03.2023,73,Erica tetralix,no,no,no,,no,no,,,
Jena,14.03.2023,73,Ranunculus lanuginosus,y,y,no,,no,no,,,
Jena,14.03.2023,73,Sanguisorba minor,no,y,no,,no,no,,,
Jena,14.03.2023,73,Silene vulgaris,y,no,no,,no,no,,,
Jena,14.03.2023,73,Silphium integrifolium,y,no,no,,no,no,,,
Jena,14.03.2023,73,Calla palustris,no,no,no,,no,no,,covered artificial,
Jena,14.03.2023,73,Comarum palustre,no,no,no,,no,no,,covered artificial,
Jena,14.03.2023,73,Dactylorhiza majalis,no,no,no,,no,no,,covered artificial,
Jena,14.03.2023,73,Gratiola officinalis,no,no,no,,no,no,,covered artificial,
Jena,14.03.2023,73,Hydrocotyle vulgaris,no,no,no,,no,no,,covered artificial,
Jena,14.03.2023,73,Menyanthes trifoliata,no,no,no,,no,no,,covered artificial,
Jena,14.03.2023,73,Rubus chamaemorus,no,no,no,,no,no,,,
Jena,14.03.2023,73,Trapa natans,no,no,no,,no,no,,covered artificial,
Jena,14.03.2023,73,Vaccinium oxycoccos,no,no,no,,no,y,80,,
Jena,14.03.2023,73,Adonis vernalis,no,no,no,,no,no,,,
Jena,14.03.2023,73,Alchemilla xanthochlora,no,no,no,,no,no,,,
Jena,14.03.2023,73,Althaea officinalis,no,no,no,,no,no,,,
Jena,14.03.2023,73,Convallaria majalis,y,no,no,,no,no,,,
Jena,14.03.2023,73,Fragaria vesca,y,y,no,,no,no,,,
Jena,14.03.2023,73,Ranunculus acris,y,y,no,,no,no,,,
Jena,14.03.2023,73,Tulipa sylvestris,no,no,no,,no,no,,,
Jena,14.03.2023,73,Glechoma hederocea,y,y,no,,no,no,,,
Jena,14.03.2023,73,Persicaria bistorta,y,no,no,,no,no,,,
Jena,22.03.2023,81,Arnica longifolia,no,no,no,,no,no,,,
Jena,22.03.2023,81,Centaurea jacea,no,y,no,,no,no,,,
Jena,22.03.2023,81,Centaurea scabiosa,no,y,no,,no,no,,,
Jena,22.03.2023,81,Helleborus orientalis,no,no,y,80,no,no,,,
Jena,22.03.2023,81,Hepatica nobilis,no,no,y,60,no,no,,,
Jena,22.03.2023,81,Knautia arvensis,no,y,no,,no,no,,,
Jena,22.03.2023,81,Phlomis russeliana,no,y,no,,no,no,,,
Jena,22.03.2023,81,Acorus calamus,no,no,no,,no,no,,covered artificial,
Jena,22.03.2023,81,Calla palustris,no,no,no,,no,no,,covered artificial,
Jena,22.03.2023,81,Comarum palustre,no,no,no,,no,no,,covered artificial,
Jena,22.03.2023,81,Dactylorhiza majalis,no,no,no,,no,no,,covered artificial,
Jena,22.03.2023,81,Erica tetralix,no,no,no,,no,no,,,
Jena,22.03.2023,81,Gratiola officinalis,no,no,no,,no,no,,covered artificial,
Jena,22.03.2023,81,Hydrocotyle vulgaris,no,no,no,,no,no,,covered artificial,
Jena,22.03.2023,81,Menyanthes trifoliata,no,no,no,,no,no,,covered artificial,
Jena,22.03.2023,81,Rubus chamaemorus,no,no,no,,no,no,,,
Jena,22.03.2023,81,Trapa natans,no,no,no,,no,no,,covered artificial,
Jena,22.03.2023,81,Vaccinium oxycoccos,no,no,no,,no,y,80,,
Jena,22.03.2023,81,Adonis vernalis,no,no,no,,no,no,,,
Jena,22.03.2023,81,Alchemilla xanthochlora,no,no,no,,no,no,,,
Jena,22.03.2023,81,Althaea officinalis,no,no,no,,no,no,,,
Jena,22.03.2023,81,Convallaria majalis,y,no,no,,no,no,,,
Jena,22.03.2023,81,Fragaria vesca,no,y,no,,no,no,,,
Jena,22.03.2023,81,Ranunculus acris,no,y,no,,no,no,,,
Jena,22.03.2023,81,Tulipa sylvestris,no,no,no,,no,no,,,
Jena,22.03.2023,81,Glechoma hederocea,y,y,no,,no,no,,,
Jena,22.03.2023,81,Persicaria bistorta,y,no,no,,no,no,,,
Jena,22.03.2023,81,Ranunculus lanuginosus,no,y,no,,no,no,,,
Jena,22.03.2023,81,Sanguisorba minor,no,y,no,,no,no,,,
Jena,22.03.2023,81,Silene vulgaris,y,y,no,,no,no,,,
Jena,22.03.2023,81,Silphium integrifolium,y,y,no,,no,no,,,
Jena,29.03.2023,88,Arnica longifolia,no,no,no,,no,no,,,
Jena,29.03.2023,88,Centaurea jacea,no,y,no,,no,no,,,
Jena,29.03.2023,88,Centaurea scabiosa,no,y,no,,no,no,,,
Jena,29.03.2023,88,Helleborus orientalis,no,no,y,100,no,no,,,
Jena,29.03.2023,88,Hepatica nobilis,no,no,y,90,no,no,,,
Jena,29.03.2023,88,Knautia arvensis,no,y,no,,no,no,,,
Jena,29.03.2023,88,Phlomis russeliana,no,y,no,,no,no,,,
Jena,29.03.2023,88,Acorus calamus,no,no,no,,no,no,,,
Jena,29.03.2023,88,Calla palustris,no,no,no,,no,no,,,
Jena,29.03.2023,88,Comarum palustre,no,no,no,,no,no,,covered artificial,
Jena,29.03.2023,88,Dactylorhiza majalis,no,no,no,,no,no,,covered artificial,
Jena,29.03.2023,88,Erica tetralix,no,no,no,,no,no,,,
Jena,29.03.2023,88,Gratiola officinalis,no,no,no,,no,no,,covered artificial,
Jena,29.03.2023,88,Hydrocotyle vulgaris,no,no,no,,no,no,,covered artificial,
Jena,29.03.2023,88,Menyanthes trifoliata,no,no,no,,no,no,,covered artificial,
Jena,29.03.2023,88,Rubus chamaemorus,no,no,no,,no,no,,,
Jena,29.03.2023,88,Trapa natans,no,no,no,,no,no,,covered artificial,
Jena,29.03.2023,88,Vaccinium oxycoccos,no,no,no,,no,y,80,,
Jena,29.03.2023,88,Adonis vernalis,no,no,no,,no,no,,,
Jena,29.03.2023,88,Alchemilla xanthochlora,no,no,no,,no,no,,,
Jena,29.03.2023,88,Althaea officinalis,no,no,no,,no,no,,,
Jena,29.03.2023,88,Convallaria majalis,y,no,no,,no,no,,,
Jena,29.03.2023,88,Fragaria vesca,no,y,no,,no,no,,,
Jena,29.03.2023,88,Ranunculus acris,no,y,no,,no,no,,,
Jena,29.03.2023,88,Tulipa sylvestris,no,no,no,,no,no,,,
Jena,29.03.2023,88,Glechoma hederocea,no,y,no,,no,no,,,
Jena,29.03.2023,88,Persicaria bistorta,no,y,no,,no,no,,,
Jena,29.03.2023,88,Ranunculus lanuginosus,no,y,no,,no,no,,,
Jena,29.03.2023,88,Sanguisorba minor,no,y,no,,no,no,,,
Jena,29.03.2023,88,Silene vulgaris,no,y,no,,no,no,,,
Jena,29.03.2023,88,Silphium integrifolium,no,y,no,,no,no,,,
Jena,05.04.2023,95,Arnica longifolia,no,no,no,,no,no,,,
Jena,05.04.2023,95,Centaurea jacea,no,y,no,,no,no,,,
Jena,05.04.2023,95,Centaurea scabiosa,no,y,no,,no,no,,,
Jena,05.04.2023,95,Helleborus orientalis,no,no,y,100,no,no,,,
Jena,05.04.2023,95,Hepatica nobilis,no,no,y,90,no,no,,,
Jena,05.04.2023,95,Knautia arvensis,no,y,no,,no,no,,,
Jena,05.04.2023,95,Phlomis russeliana,no,y,no,,no,no,,,
Jena,05.04.2023,95,Acorus calamus,no,no,no,,no,no,,,
Jena,05.04.2023,95,Calla palustris,m,y,no,,no,no,,,
Jena,05.04.2023,95,Comarum palustre,m,y,no,,no,no,,,
Jena,05.04.2023,95,Dactylorhiza majalis,no,no,no,,no,no,,,
Jena,05.04.2023,95,Erica tetralix,no,no,no,,no,no,,,
Jena,05.04.2023,95,Gratiola officinalis,y,no,no,,no,no,,,
Jena,05.04.2023,95,Hydrocotyle vulgaris,u,u,no,,no,no,,,
Jena,05.04.2023,95,Menyanthes trifoliata,y,no,no,,no,no,,,
Jena,05.04.2023,95,Rubus chamaemorus,no,no,no,,no,no,,,
Jena,05.04.2023,95,Trapa natans,no,no,no,,no,no,,,
Jena,05.04.2023,95,Vaccinium oxycoccos,no,no,no,,no,y,80,,
Jena,05.04.2023,95,Adonis vernalis,no,no,no,,no,no,,,
Jena,05.04.2023,95,Alchemilla xanthochlora,no,no,no,,no,no,,,
Jena,05.04.2023,95,Althaea officinalis,no,no,no,,no,no,,,
Jena,05.04.2023,95,Convallaria majalis,y,no,no,,no,no,,,
Jena,05.04.2023,95,Fragaria vesca,no,y,no,,no,no,,,
Jena,05.04.2023,95,Ranunculus acris,no,y,no,,no,no,,,
Jena,05.04.2023,95,Tulipa sylvestris,no,no,y,5,no,no,,,
Jena,05.04.2023,95,Glechoma hederocea,no,y,no,,no,no,,,
Jena,05.04.2023,95,Persicaria bistorta,no,y,no,,no,no,,,
Jena,05.04.2023,95,Ranunculus lanuginosus,no,y,no,,no,no,,,
Jena,05.04.2023,95,Sanguisorba minor,no,y,no,,no,no,,,
Jena,05.04.2023,95,Silene vulgaris,no,y,no,,no,no,,,
Jena,05.04.2023,95,Silphium integrifolium,no,y,no,,no,no,,,
Jena,19.04.2023,109,Arnica longifolia,no,no,no,,no,no,,,
Jena,19.04.2023,109,Centaurea jacea,no,y,no,,no,no,,,
Jena,19.04.2023,109,Centaurea scabiosa,no,y,no,,no,no,,,
Jena,19.04.2023,109,Helleborus orientalis,no,no,no,,no,no,,,
Jena,19.04.2023,109,Hepatica nobilis,no,no,y,80,no,no,,,
Jena,19.04.2023,109,Knautia arvensis,no,y,no,,no,no,,,
Jena,19.04.2023,109,Phlomis russeliana,no,y,no,,no,no,,,
Jena,19.04.2023,109,Acorus calamus,y,y,no,,no,no,,,
Jena,19.04.2023,109,Calla palustris,no,y,no,,no,no,,,
Jena,19.04.2023,109,Comarum palustre,m,y,no,,no,no,,,
Jena,19.04.2023,109,Dactylorhiza majalis,y,no,no,,no,no,,,
Jena,19.04.2023,109,Erica tetralix,no,no,no,,no,no,,,
Jena,19.04.2023,109,Gratiola officinalis,no,y,no,,no,no,,,
Jena,19.04.2023,109,Hydrocotyle vulgaris,y,y,no,,no,no,,,
Jena,19.04.2023,109,Menyanthes trifoliata,y,no,no,,no,no,,,
Jena,19.04.2023,109,Persicaria bistorta,no,y,no,,no,no,,,
Jena,19.04.2023,109,Ranunculus lanuginosus,no,y,y,10,no,no,,,
Jena,19.04.2023,109,Sanguisorba minor,no,y,no,,no,no,,,
Jena,19.04.2023,109,Silene vulgaris,no,y,no,,no,no,,,
Jena,19.04.2023,109,Silphium integrifolium,no,y,no,,no,no,,,
Jena,19.04.2023,109,Ranunculus acris,no,y,no,,no,no,,,
Jena,19.04.2023,109,Tulipa sylvestris,no,no,y,5,no,y,10,,
Jena,19.04.2023,109,Glechoma hederocea,no,y,no,,no,no,,,
Jena,19.04.2023,109,Rubus chamaemorus,no,no,no,,no,no,,,
Jena,19.04.2023,109,Trapa natans,no,no,no,,no,no,,,
Jena,19.04.2023,109,Vaccinium oxycoccos,no,no,no,,no,y,80,,
Jena,19.04.2023,109,Adonis vernalis,no,y,no,,no,no,,,
Jena,19.04.2023,109,Alchemilla xanthochlora,y,y,no,,no,no,,,
Jena,19.04.2023,109,Althaea officinalis,no,no,no,,no,no,,,
Jena,19.04.2023,109,Convallaria majalis,y,y,no,,no,no,,,
Jena,19.04.2023,109,Fragaria vesca,no,y,no,,no,no,,,
Jena,26.04.2023,116,Arnica longifolia,no,no,no,,no,no,,,
Jena,26.04.2023,116,Centaurea jacea,no,no,no,,no,no,,,
Jena,26.04.2023,116,Centaurea scabiosa,no,no,no,,no,no,,,
Jena,26.04.2023,116,Helleborus orientalis,no,no,y,95,no,no,,,
Jena,26.04.2023,116,Hepatica nobilis,no,no,y,30,no,no,,,
Jena,26.04.2023,116,Knautia arvensis,no,no,no,,no,no,,,
Jena,26.04.2023,116,Phlomis russeliana,no,y,no,,no,no,,,
Jena,26.04.2023,116,Acorus calamus,no,y,no,,no,no,,,
Jena,26.04.2023,116,Calla palustris,no,y,no,,no,no,,,
Jena,26.04.2023,116,Comarum palustre,no,y,no,,no,no,,,
Jena,26.04.2023,116,Dactylorhiza majalis,y,y,no,,no,no,,,
Jena,26.04.2023,116,Erica tetralix,no,y,no,,no,no,,,
Jena,26.04.2023,116,Gratiola officinalis,no,y,no,,no,no,,,
Jena,26.04.2023,116,Hydrocotyle vulgaris,no,y,no,,no,no,,,
Jena,26.04.2023,116,Menyanthes trifoliata,y,y,no,,no,no,,,
Jena,26.04.2023,116,Rubus chamaemorus,no,no,no,,no,no,,,
Jena,26.04.2023,116,Trapa natans,no,no,no,,no,no,,,
Jena,26.04.2023,116,Vaccinium oxycoccos,no,no,no,,no,y,80,,
Jena,26.04.2023,116,Adonis vernalis,no,y,no,,no,no,,,
Jena,26.04.2023,116,Alchemilla xanthochlora,no,y,no,,no,no,,,
Jena,26.04.2023,116,Althaea officinalis,y,no,no,,no,no,,,
Jena,26.04.2023,116,Convallaria majalis,no,y,no,,no,no,,,
Jena,26.04.2023,116,Fragaria vesca,no,y,no,,no,no,,,
Jena,26.04.2023,116,Ranunculus acris,no,no,no,,no,no,,,
Jena,26.04.2023,116,Tulipa sylvestris,no,no,no,,no,y,80,,
Jena,26.04.2023,116,Glechoma hederocea,no,no,y,40,no,no,,,
Jena,26.04.2023,116,Persicaria bistorta,no,no,no,,no,no,,,
Jena,26.04.2023,116,Ranunculus lanuginosus,no,no,y,35,no,no,,,
Jena,26.04.2023,116,Sanguisorba minor,no,no,no,,no,no,,,
Jena,26.04.2023,116,Silene vulgaris,no,no,no,,no,no,,,
Jena,26.04.2023,116,Silphium integrifolium,no,no,no,,no,no,,,
Jena,03.05.2023,123,Arnica longifolia,no,no,no,,no,no,,,
Jena,03.05.2023,123,Centaurea jacea,no,no,no,,no,no,,,
Jena,03.05.2023,123,Centaurea scabiosa,no,no,no,,no,no,,,
Jena,03.05.2023,123,Helleborus orientalis,no,no,no,,no,no,,,
Jena,03.05.2023,123,Hepatica nobilis,no,no,y,5,no,no,,,
Jena,03.05.2023,123,Knautia arvensis,no,no,no,,no,no,,,
Jena,03.05.2023,123,Phlomis russeliana,no,no,no,,no,no,,,
Jena,03.05.2023,123,Acorus calamus,no,y,no,,no,no,,,
Jena,03.05.2023,123,Calla palustris,no,y,no,,no,no,,,
Jena,03.05.2023,123,Comarum palustre,no,y,no,,no,no,,,
Jena,03.05.2023,123,Dactylorhiza majalis,y,y,no,,no,no,,,
Jena,03.05.2023,123,Erica tetralix,no,y,no,,no,no,,,
Jena,03.05.2023,123,Gratiola officinalis,no,y,no,,no,no,,,
Jena,03.05.2023,123,Hydrocotyle vulgaris,no,y,no,,no,no,,,
Jena,03.05.2023,123,Menyanthes trifoliata,y,y,no,,no,no,,,
Jena,03.05.2023,123,Rubus chamaemorus,no,no,no,,no,no,,,
Jena,03.05.2023,123,Trapa natans,no,no,no,,no,no,,,
Jena,03.05.2023,123,Vaccinium oxycoccos,no,no,no,,no,y,80,,
Jena,03.05.2023,123,Adonis vernalis,no,y,no,,no,no,,,
Jena,03.05.2023,123,Alchemilla xanthochlora,no,y,no,,no,no,,,
Jena,03.05.2023,123,Althaea officinalis,y,no,no,,no,no,,,
Jena,03.05.2023,123,Convallaria majalis,no,y,no,,no,no,,,
Jena,03.05.2023,123,Fragaria vesca,no,y,no,,no,no,,,
Jena,03.05.2023,123,Ranunculus acris,no,no,no,,no,no,,,
Jena,03.05.2023,123,Tulipa sylvestris,no,no,no,,no,y,80,,
Jena,03.05.2023,123,Glechoma hederocea,no,no,y,40,no,no,,,
Jena,03.05.2023,123,Persicaria bistorta,no,no,no,,no,no,,,
Jena,03.05.2023,123,Ranunculus lanuginosus,no,no,y,50,no,no,,,
Jena,03.05.2023,123,Sanguisorba minor,no,no,no,,no,no,,,
Jena,03.05.2023,123,Silene vulgaris,no,no,no,,no,no,,,
Jena,03.05.2023,123,Silphium integrifolium,no,no,no,,no,no,,,
Jena,09.05.2023,129,Silene vulgaris,no,no,no,,no,no,,,
Jena,09.05.2023,129,Silphium integrifolium,no,no,no,,no,no,,,
Jena,09.05.2023,129,Arnica longifolia,no,no,no,,no,no,,,
Jena,09.05.2023,129,Centaurea jacea,no,no,no,,no,no,,,
Jena,09.05.2023,129,Centaurea scabiosa,no,no,no,,no,no,,,
Jena,09.05.2023,129,Helleborus orientalis,no,no,no,,no,no,,,
Jena,09.05.2023,129,Hepatica nobilis,no,no,y,5,no,no,,,
Jena,09.05.2023,129,Knautia arvensis,no,no,no,,no,no,,,
Jena,09.05.2023,129,Phlomis russeliana,no,no,no,,no,no,,,
Jena,09.05.2023,129,Acorus calamus,no,y,no,,no,no,,,
Jena,09.05.2023,129,Calla palustris,no,y,no,,no,no,,,
Jena,09.05.2023,129,Comarum palustre,no,y,no,,no,no,,,
Jena,09.05.2023,129,Dactylorhiza majalis,no,y,no,,no,no,,,
Jena,09.05.2023,129,Erica tetralix,y,y,no,,no,no,,,
Jena,09.05.2023,129,Gratiola officinalis,no,y,no,,no,no,,,
Jena,09.05.2023,129,Hydrocotyle vulgaris,no,y,no,,no,no,,,
Jena,09.05.2023,129,Menyanthes trifoliata,no,y,y,10,no,no,,,
Jena,09.05.2023,129,Rubus chamaemorus,m,y,no,,no,no,,,
Jena,09.05.2023,129,Trapa natans,no,no,no,,no,no,,,
Jena,09.05.2023,129,Vaccinium oxycoccos,y,no,no,,no,no,,,
Jena,09.05.2023,129,Adonis vernalis,no,no,no,,no,no,,,
Jena,09.05.2023,129,Alchemilla xanthochlora,no,y,y,15,no,no,,,
Jena,09.05.2023,129,Althaea officinalis,no,y,no,,no,no,,,
Jena,09.05.2023,129,Convallaria majalis,no,no,no,,no,no,,,
Jena,09.05.2023,129,Fragaria vesca,no,no,no,,no,no,,,
Jena,09.05.2023,129,Ranunculus acris,no,no,no,,no,no,,,
Jena,09.05.2023,129,Tulipa sylvestris,no,no,no,,no,y,90,,
Jena,09.05.2023,129,Glechoma hederocea,no,no,y,90,no,no,,,
Jena,09.05.2023,129,Persicaria bistorta,no,no,no,,no,no,,,
Jena,09.05.2023,129,Ranunculus lanuginosus,no,no,y,45,no,no,,,
Jena,09.05.2023,129,Sanguisorba minor,no,no,no,,no,no,,,
Jena,17.05.2023,137,Althaea officinalis,no,no,no,,no,no,,,
Jena,17.05.2023,137,Convallaria majalis,no,no,y,45,no,no,,,
Jena,17.05.2023,137,Fragaria vesca,no,no,y,15,no,no,,,
Jena,17.05.2023,137,Ranunculus acris,no,no,y,30,no,no,,,
Jena,17.05.2023,137,Tulipa sylvestris,no,no,no,,no,y,95,,
Jena,17.05.2023,137,Glechoma hederocea,no,no,y,90,no,no,,,
Jena,17.05.2023,137,Comarum palustre,no,y,no,,no,no,,,
Jena,17.05.2023,137,Dactylorhiza majalis,no,y,no,,no,no,,,
Jena,17.05.2023,137,Erica tetralix,no,y,no,,no,no,,,
Jena,17.05.2023,137,Gratiola officinalis,no,y,no,,no,no,,,
Jena,17.05.2023,137,Hydrocotyle vulgaris,no,y,no,,no,no,,,
Jena,17.05.2023,137,Menyanthes trifoliata,no,y,y,10,no,no,,,
Jena,17.05.2023,137,Rubus chamaemorus,m,y,no,,no,no,,,
Jena,17.05.2023,137,Trapa natans,no,no,no,,no,no,,,
Jena,17.05.2023,137,Vaccinium oxycoccos,y,no,y,5,no,no,,,
Jena,17.05.2023,137,Adonis vernalis,no,y,no,,no,no,,,
Jena,17.05.2023,137,Alchemilla xanthochlora,no,no,no,,no,no,,,
Jena,17.05.2023,137,Arnica longifolia,no,y,no,,no,no,,,
Jena,17.05.2023,137,Centaurea jacea,no,no,no,,no,no,,,
Jena,17.05.2023,137,Centaurea scabiosa,no,no,no,,no,no,,,
Jena,17.05.2023,137,Helleborus orientalis,no,no,no,,no,no,,,
Jena,17.05.2023,137,Hepatica nobilis,no,no,y,5,no,no,,,
Jena,17.05.2023,137,Knautia arvensis,no,no,no,,no,no,,,
Jena,17.05.2023,137,Phlomis russeliana,no,no,no,,no,no,,,
Jena,17.05.2023,137,Acorus calamus,no,y,no,,no,no,,,
Jena,17.05.2023,137,Calla palustris,no,y,no,,no,no,,,
Jena,17.05.2023,137,Persicaria bistorta,no,no,no,,no,no,,,
Jena,17.05.2023,137,Ranunculus lanuginosus,no,no,y,50,no,no,,,
Jena,17.05.2023,137,Sanguisorba minor,no,no,no,,no,no,,,
Jena,17.05.2023,137,Silene vulgaris,no,y,no,,no,no,,,
Jena,17.05.2023,137,Silphium integrifolium,no,no,no,,no,no,,,
Jena,24.05.2023,144,Arnica longifolia,no,y,no,,no,no,,,
Jena,24.05.2023,144,Centaurea jacea,no,no,no,,no,no,,,
Jena,24.05.2023,144,Centaurea scabiosa,no,no,no,,no,no,,,
Jena,24.05.2023,144,Helleborus orientalis,no,no,no,,no,no,,,
Jena,24.05.2023,144,Hepatica nobilis,no,no,no,,no,no,,,
Jena,24.05.2023,144,Knautia arvensis,no,no,no,,no,no,,,
Jena,24.05.2023,144,Phlomis russeliana,no,no,no,,no,no,,,
Jena,24.05.2023,144,Acorus calamus,no,y,no,,no,no,,,
Jena,24.05.2023,144,Menyanthes trifoliata,no,y,y,10,no,no,,,
Jena,24.05.2023,144,Rubus chamaemorus,no,y,no,,no,no,,,
Jena,24.05.2023,144,Trapa natans,no,no,no,,no,no,,,
Jena,24.05.2023,144,Vaccinium oxycoccos,no,no,y,5,no,no,,,
Jena,24.05.2023,144,Adonis vernalis,no,y,no,,no,no,,,
Jena,24.05.2023,144,Alchemilla xanthochlora,no,no,no,,no,no,,,
Jena,24.05.2023,144,Calla palustris,no,y,no,,no,no,,,
Jena,24.05.2023,144,Comarum palustre,no,y,no,,no,no,,,
Jena,24.05.2023,144,Dactylorhiza majalis,no,y,no,,no,no,,,
Jena,24.05.2023,144,Erica tetralix,no,y,no,,no,no,,,
Jena,24.05.2023,144,Gratiola officinalis,no,y,no,,no,no,,,
Jena,24.05.2023,144,Hydrocotyle vulgaris,no,y,no,,no,no,,,
Jena,24.05.2023,144,Althaea officinalis,no,no,no,,no,no,,,
Jena,24.05.2023,144,Convallaria majalis,no,no,y,45,no,no,,,
Jena,24.05.2023,144,Fragaria vesca,no,no,y,30,no,no,,,
Jena,24.05.2023,144,Ranunculus acris,no,no,y,80,no,no,,,
Jena,24.05.2023,144,Tulipa sylvestris,no,no,no,,no,y,95,,
Jena,24.05.2023,144,Glechoma hederocea,no,no,y,80,no,no,,,
Jena,24.05.2023,144,Persicaria bistorta,no,no,no,,no,no,,,
Jena,24.05.2023,144,Ranunculus lanuginosus,no,no,y,45,no,no,,,
Jena,24.05.2023,144,Sanguisorba minor,no,no,y,45,no,no,,,
Jena,24.05.2023,144,Silene vulgaris,no,y,no,,no,no,,,
Jena,24.05.2023,144,Silphium integrifolium,no,no,no,,no,no,,,
Jena,31.05.2023,151,Dactylorhiza majalis,no,y,no,,no,no,,,
Jena,31.05.2023,151,Erica tetralix,no,y,no,,no,no,,,
Jena,31.05.2023,151,Gratiola officinalis,no,y,no,,no,no,,,
Jena,31.05.2023,151,Hydrocotyle vulgaris,no,y,no,,no,no,,,
Jena,31.05.2023,151,Menyanthes trifoliata,no,y,y,10,no,no,,,
Jena,31.05.2023,151,Arnica longifolia,no,y,no,,no,no,,,
Jena,31.05.2023,151,Centaurea jacea,no,no,no,,no,no,,,
Jena,31.05.2023,151,Centaurea scabiosa,no,no,no,,no,no,,,
Jena,31.05.2023,151,Helleborus orientalis,no,no,no,,y,no,,,
Jena,31.05.2023,151,Hepatica nobilis,no,no,no,,no,no,,,
Jena,31.05.2023,151,Knautia arvensis,no,no,y,35,no,no,,,
Jena,31.05.2023,151,Phlomis russeliana,no,no,no,,no,no,,,
Jena,31.05.2023,151,Acorus calamus,no,y,no,,no,no,,,
Jena,31.05.2023,151,Calla palustris,no,y,y,60,no,no,,,
Jena,31.05.2023,151,Comarum palustre,no,y,y,50,no,no,,,
Jena,31.05.2023,151,Fragaria vesca,no,no,y,30,no,no,,,
Jena,31.05.2023,151,Ranunculus acris,no,no,y,80,no,no,,,
Jena,31.05.2023,151,Tulipa sylvestris,no,no,no,,no,y,100,,
Jena,31.05.2023,151,Glechoma hederocea,no,no,y,40,no,no,,,
Jena,31.05.2023,151,Persicaria bistorta,no,no,y,30,no,no,,,
Jena,31.05.2023,151,Rubus chamaemorus,no,y,no,,no,no,,,
Jena,31.05.2023,151,Trapa natans,no,no,no,,no,no,,,
Jena,31.05.2023,151,Vaccinium oxycoccos,no,no,y,5,no,no,,,
Jena,31.05.2023,151,Adonis vernalis,no,y,no,,no,no,,,
Jena,31.05.2023,151,Alchemilla xanthochlora,no,no,no,,no,no,,,
Jena,31.05.2023,151,Althaea officinalis,no,no,no,,no,no,,,
Jena,31.05.2023,151,Convallaria majalis,no,no,y,40,no,no,,,
Jena,31.05.2023,151,Ranunculus lanuginosus,no,no,y,25,no,no,,,
Jena,31.05.2023,151,Sanguisorba minor,no,no,y,45,no,no,,,
Jena,31.05.2023,151,Silene vulgaris,no,y,no,,no,no,,,
Jena,31.05.2023,151,Silphium integrifolium,no,no,no,,no,no,,,
Jena,07.06.2023,158,Arnica longifolia,no,no,no,,no,no,,,
Jena,07.06.2023,158,Centaurea jacea,no,no,no,,no,no,,,
Jena,07.06.2023,158,Centaurea scabiosa,no,no,no,,no,no,,,
Jena,07.06.2023,158,Helleborus orientalis,no,no,no,,y,no,,,
Jena,07.06.2023,158,Hepatica nobilis,no,no,no,,y,no,,,
Jena,07.06.2023,158,Knautia arvensis,no,no,y,10,no,no,,,
Jena,07.06.2023,158,Phlomis russeliana,no,no,no,,no,no,,,
Jena,07.06.2023,158,Acorus calamus,no,no,y,100,no,no,,,
Jena,07.06.2023,158,Calla palustris,no,no,y,30,no,y,10,,
Jena,07.06.2023,158,Comarum palustre,no,no,y,25,no,no,,,
Jena,07.06.2023,158,Dactylorhiza majalis,no,no,no,,no,no,,,
Jena,07.06.2023,158,Erica tetralix,no,y,no,,no,no,,,
Jena,07.06.2023,158,Gratiola officinalis,no,no,y,10,no,no,,,
Jena,07.06.2023,158,Hydrocotyle vulgaris,no,no,no,,no,no,,,
Jena,07.06.2023,158,Menyanthes trifoliata,no,no,no,,no,no,,,
Jena,07.06.2023,158,Rubus chamaemorus,no,no,no,,no,no,,,
Jena,07.06.2023,158,Trapa natans,no,no,no,,no,no,,,
Jena,07.06.2023,158,Vaccinium oxycoccos,no,no,y,60,no,no,,,
Jena,07.06.2023,158,Adonis vernalis,no,no,no,,no,no,,,
Jena,07.06.2023,158,Alchemilla xanthochlora,no,no,y,25,no,no,,,
Jena,07.06.2023,158,Althaea officinalis,no,no,no,,no,no,,,
Jena,07.06.2023,158,Convallaria majalis,no,no,no,,no,no,,,
Jena,07.06.2023,158,Fragaria vesca,no,no,y,5,no,no,,,
Jena,07.06.2023,158,Ranunculus acris,no,no,y,40,no,no,,,
Jena,07.06.2023,158,Tulipa sylvestris,no,no,no,,no,y,100,,
Jena,07.06.2023,158,Glechoma hederocea,no,no,no,,no,no,,,
Jena,07.06.2023,158,Persicaria bistorta,no,no,y,60,no,no,,,
Jena,07.06.2023,158,Ranunculus lanuginosus,no,no,y,5,y,y,10,,
Jena,07.06.2023,158,Sanguisorba minor,no,no,no,,no,no,,,
Jena,07.06.2023,158,Silene vulgaris,no,no,no,,no,no,,,
Jena,07.06.2023,158,Silphium integrifolium,no,no,no,,no,no,,,
Jena,14.06.2023,165,Arnica longifolia,no,no,no,,no,no,,,
Jena,14.06.2023,165,Centaurea jacea,no,no,no,,no,no,,,
Jena,14.06.2023,165,Centaurea scabiosa,no,no,y,5,no,no,,,
Jena,14.06.2023,165,Helleborus orientalis,no,no,no,,no,no,,,
Jena,14.06.2023,165,Hepatica nobilis,no,no,no,,no,no,,,
Jena,14.06.2023,165,Knautia arvensis,no,no,y,5,no,no,,,
Jena,14.06.2023,165,Phlomis russeliana,no,no,no,,no,no,,,
Jena,14.06.2023,165,Acorus calamus,no,no,y,20,no,no,,,
Jena,14.06.2023,165,Glechoma hederocea,no,no,no,,no,no,,,
Jena,14.06.2023,165,Persicaria bistorta,no,no,y,50,y,no,,,
Jena,14.06.2023,165,Ranunculus lanuginosus,no,no,no,,y,y,20,,
Jena,14.06.2023,165,Sanguisorba minor,no,no,no,,no,no,,,
Jena,14.06.2023,165,Silene vulgaris,no,no,y,10,no,no,,,
Jena,14.06.2023,165,Silphium integrifolium,no,no,no,,no,no,,,
Jena,14.06.2023,165,Calla palustris,no,no,y,20,no,y,15,,
Jena,14.06.2023,165,Comarum palustre,no,no,no,,y,no,,,
Jena,14.06.2023,165,Dactylorhiza majalis,no,no,no,,no,no,,,Entfernt
Jena,14.06.2023,165,Erica tetralix,no,no,no,,no,no,,,
Jena,14.06.2023,165,Gratiola officinalis,no,no,y,30,no,no,,,
Jena,14.06.2023,165,Hydrocotyle vulgaris,no,no,no,,no,no,,,
Jena,14.06.2023,165,Menyanthes trifoliata,no,no,no,,no,no,,,
Jena,14.06.2023,165,Rubus chamaemorus,no,no,no,,no,no,,,
Jena,14.06.2023,165,Trapa natans,no,no,no,,no,no,,,
Jena,14.06.2023,165,Vaccinium oxycoccos,no,no,y,40,no,no,,,
Jena,14.06.2023,165,Adonis vernalis,no,no,no,,no,no,,,
Jena,14.06.2023,165,Alchemilla xanthochlora,no,no,no,,no,no,,,
Jena,14.06.2023,165,Althaea officinalis,no,no,no,,no,no,,,
Jena,14.06.2023,165,Convallaria majalis,no,no,no,,no,no,,,
Jena,14.06.2023,165,Fragaria vesca,no,no,no,,no,no,,,
Jena,14.06.2023,165,Ranunculus acris,no,no,y,10,no,y,15,,
Jena,14.06.2023,165,Tulipa sylvestris,no,no,no,,no,no,,,
Jena,21.06.2023,172,Calla palustris,no,no,no,,no,y,20,,
Jena,21.06.2023,172,Comarum palustre,no,no,no,,y,no,,,
Jena,21.06.2023,172,Dactylorhiza majalis,no,no,no,,no,no,,,Entfernt
Jena,21.06.2023,172,Erica tetralix,no,no,y,20,no,no,,,
Jena,21.06.2023,172,Gratiola officinalis,no,no,y,20,no,no,,,
Jena,21.06.2023,172,Hydrocotyle vulgaris,no,no,no,,no,no,,,
Jena,21.06.2023,172,Menyanthes trifoliata,no,no,no,,y,no,,,
Jena,21.06.2023,172,Rubus chamaemorus,no,no,no,,no,y,10,,
Jena,21.06.2023,172,Trapa natans,no,no,no,,no,y,5,,
Jena,21.06.2023,172,Vaccinium oxycoccos,no,no,y,20,no,no,,,
Jena,21.06.2023,172,Adonis vernalis,no,no,no,,no,no,,,
Jena,21.06.2023,172,Alchemilla xanthochlora,no,no,no,,no,no,,,
Jena,21.06.2023,172,Althaea officinalis,no,no,no,,no,no,,,
Jena,21.06.2023,172,Convallaria majalis,no,no,no,,no,no,,,
Jena,21.06.2023,172,Fragaria vesca,no,no,no,,no,no,,,
Jena,21.06.2023,172,Ranunculus acris,no,no,no,,y,y,20,,
Jena,21.06.2023,172,Tulipa sylvestris,no,no,no,,y,y,100,,
Jena,21.06.2023,172,Glechoma hederocea,no,no,no,,no,no,,,
Jena,21.06.2023,172,Persicaria bistorta,no,no,no,,y,no,,,
Jena,21.06.2023,172,Ranunculus lanuginosus,no,no,no,,y,y,25,,
Jena,21.06.2023,172,Sanguisorba minor,no,no,no,,y,y,5,,
Jena,21.06.2023,172,Silene vulgaris,no,no,y,30,no,no,,,
Jena,21.06.2023,172,Silphium integrifolium,no,no,no,,no,no,,,
Jena,21.06.2023,172,Arnica longifolia,no,no,no,,no,no,,,
Jena,21.06.2023,172,Centaurea jacea,no,no,no,,no,no,,,
Jena,21.06.2023,172,Centaurea scabiosa,no,no,y,10,no,no,,,
Jena,21.06.2023,172,Helleborus orientalis,no,no,no,,no,y,10,,
Jena,21.06.2023,172,Hepatica nobilis,no,no,no,,no,no,,,
Jena,21.06.2023,172,Knautia arvensis,no,no,no,,y,no,,,
Jena,21.06.2023,172,Phlomis russeliana,no,no,no,,no,no,,,
Jena,21.06.2023,172,Acorus calamus,no,no,y,5,no,y,5,,
Jena,28.06.2023,179,Arnica longifolia,no,no,y,15,no,no,,,
Jena,28.06.2023,179,Centaurea jacea,no,no,no,,no,no,,,
Jena,28.06.2023,179,Centaurea scabiosa,no,no,y,5,no,no,,,
Jena,28.06.2023,179,Helleborus orientalis,no,no,no,,no,y,10,,
Jena,28.06.2023,179,Hepatica nobilis,no,no,no,,no,no,,,
Jena,28.06.2023,179,Knautia arvensis,no,no,no,,y,no,,,
Jena,28.06.2023,179,Phlomis russeliana,no,no,no,,no,no,,,
Jena,28.06.2023,179,Acorus calamus,no,no,y,5,no,y,5,,
Jena,28.06.2023,179,Calla palustris,no,no,no,,no,y,20,,
Jena,28.06.2023,179,Comarum palustre,no,no,no,,y,no,,,
Jena,28.06.2023,179,Dactylorhiza majalis,no,no,no,,no,no,,,
Jena,28.06.2023,179,Erica tetralix,no,no,y,10,no,no,,,
Jena,28.06.2023,179,Gratiola officinalis,no,no,y,35,no,no,,,
Jena,28.06.2023,179,Hydrocotyle vulgaris,no,no,no,,no,no,,,
Jena,28.06.2023,179,Menyanthes trifoliata,no,no,no,,y,no,,,
Jena,28.06.2023,179,Rubus chamaemorus,no,no,no,,no,y,10,,
Jena,28.06.2023,179,Trapa natans,no,no,no,,no,y,5,,
Jena,28.06.2023,179,Vaccinium oxycoccos,no,no,y,65,y,no,,,
Jena,28.06.2023,179,Adonis vernalis,no,no,no,,no,no,,,
Jena,28.06.2023,179,Alchemilla xanthochlora,no,no,no,,no,no,,,
Jena,28.06.2023,179,Althaea officinalis,no,no,no,,no,no,,,
Jena,28.06.2023,179,Convallaria majalis,no,no,no,,no,no,,,
Jena,28.06.2023,179,Fragaria vesca,no,no,no,,no,no,,,
Jena,28.06.2023,179,Ranunculus acris,no,no,no,,y,y,20,,
Jena,28.06.2023,179,Tulipa sylvestris,no,no,no,,no,y,100,,
Jena,28.06.2023,179,Glechoma hederocea,no,no,no,,no,no,,,
Jena,28.06.2023,179,Persicaria bistorta,no,no,no,,y,no,,,
Jena,28.06.2023,179,Ranunculus lanuginosus,no,no,no,,y,y,25,,
Jena,28.06.2023,179,Sanguisorba minor,no,no,no,,y,y,5,,
Jena,28.06.2023,179,Silene vulgaris,no,no,y,60,no,no,,,
Jena,28.06.2023,179,Silphium integrifolium,no,no,no,,no,no,,,
Jena,05.07.2023,186,Arnica longifolia,no,no,y,45,no,no,,,
Jena,05.07.2023,186,Centaurea jacea,no,no,no,,no,no,,,
Jena,05.07.2023,186,Centaurea scabiosa,no,no,y,30,no,no,,,
Jena,05.07.2023,186,Helleborus orientalis,no,no,no,,no,y,10,,
Jena,05.07.2023,186,Hepatica nobilis,no,no,no,,no,no,,,
Jena,05.07.2023,186,Knautia arvensis,no,no,no,,y,no,,,
Jena,05.07.2023,186,Phlomis russeliana,no,no,no,,no,no,,,
Jena,05.07.2023,186,Acorus calamus,no,no,y,5,no,y,5,,
Jena,05.07.2023,186,Calla palustris,no,no,no,,no,y,20,,
Jena,05.07.2023,186,Comarum palustre,no,no,no,,no,no,,,
Jena,05.07.2023,186,Dactylorhiza majalis,no,no,no,,no,no,,,
Jena,05.07.2023,186,Erica tetralix,no,no,y,10,no,no,,,
Jena,05.07.2023,186,Gratiola officinalis,no,no,y,35,no,no,,,
Jena,05.07.2023,186,Hydrocotyle vulgaris,no,no,no,,no,no,,,
Jena,05.07.2023,186,Menyanthes trifoliata,no,no,no,,y,no,,,
Jena,05.07.2023,186,Rubus chamaemorus,no,no,no,,no,y,10,,
Jena,05.07.2023,186,Trapa natans,no,no,no,,no,no,,,
Jena,05.07.2023,186,Vaccinium oxycoccos,no,no,y,65,y,no,,,
Jena,05.07.2023,186,Adonis vernalis,no,no,no,,no,no,,,
Jena,05.07.2023,186,Alchemilla xanthochlora,no,no,no,,no,no,,,
Jena,05.07.2023,186,Althaea officinalis,no,no,no,,no,no,,,
Jena,05.07.2023,186,Convallaria majalis,no,no,no,,no,y,10,,
Jena,05.07.2023,186,Fragaria vesca,no,no,no,,no,no,,,
Jena,05.07.2023,186,Ranunculus acris,no,no,no,,y,no,,,
Jena,05.07.2023,186,Tulipa sylvestris,no,no,no,,no,y,100,,
Jena,05.07.2023,186,Glechoma hederocea,no,no,no,,no,no,,,
Jena,05.07.2023,186,Persicaria bistorta,no,no,no,,y,no,,,
Jena,05.07.2023,186,Ranunculus lanuginosus,no,no,no,,y,y,25,,
Jena,05.07.2023,186,Sanguisorba minor,no,no,no,,no,no,,,
Jena,05.07.2023,186,Silene vulgaris,no,no,y,80,no,no,,,
Jena,05.07.2023,186,Silphium integrifolium,no,no,y,5,no,no,,,
Jena,11.07.2023,192,Arnica longifolia,no,no,y,40,no,no,,,
Jena,11.07.2023,192,Centaurea jacea,no,no,y,25,no,no,,,
Jena,11.07.2023,192,Centaurea scabiosa,no,no,y,50,no,no,,,
Jena,11.07.2023,192,Helleborus orientalis,no,no,no,,no,y,10,,
Jena,11.07.2023,192,Hepatica nobilis,no,no,no,,no,no,,,
Jena,11.07.2023,192,Knautia arvensis,no,no,y,5,y,no,,,
Jena,11.07.2023,192,Phlomis russeliana,no,no,no,,no,no,,,
Jena,11.07.2023,192,Acorus calamus,no,no,no,,no,y,5,,
Jena,11.07.2023,192,Calla palustris,no,no,y,75,no,y,15,,
Jena,11.07.2023,192,Comarum palustre,no,no,no,,no,no,,,
Jena,11.07.2023,192,Dactylorhiza majalis,no,no,no,,no,no,,,
Jena,11.07.2023,192,Erica tetralix,no,no,y,25,no,no,,,
Jena,11.07.2023,192,Gratiola officinalis,no,no,y,35,no,no,,,
Jena,11.07.2023,192,Hydrocotyle vulgaris,no,no,no,,no,no,,,
Jena,11.07.2023,192,Menyanthes trifoliata,no,no,no,,u,y,5,,
Jena,11.07.2023,192,Rubus chamaemorus,no,no,no,,no,y,10,,
Jena,11.07.2023,192,Trapa natans,no,no,no,,no,no,,,
Jena,11.07.2023,192,Vaccinium oxycoccos,no,no,no,,no,no,,,
Jena,11.07.2023,192,Adonis vernalis,no,no,no,,no,no,,,
Jena,11.07.2023,192,Alchemilla xanthochlora,no,no,no,,no,no,,,
Jena,11.07.2023,192,Althaea officinalis,no,no,y,5,no,no,,,
Jena,11.07.2023,192,Convallaria majalis,no,no,no,,no,y,10,,
Jena,11.07.2023,192,Fragaria vesca,no,y,no,,no,no,,,
Jena,11.07.2023,192,Ranunculus acris,no,no,y,5,y,y,5,,
Jena,11.07.2023,192,Tulipa sylvestris,no,no,no,,no,y,100,,
Jena,11.07.2023,192,Glechoma hederocea,no,no,no,,no,no,,,
Jena,11.07.2023,192,Persicaria bistorta,no,no,no,,y,no,,,
Jena,11.07.2023,192,Ranunculus lanuginosus,no,no,no,,no,y,40,,
Jena,11.07.2023,192,Sanguisorba minor,u,no,no,,no,no,,,
Jena,11.07.2023,192,Silene vulgaris,no,no,y,25,no,no,,,
Jena,11.07.2023,192,Silphium integrifolium,no,no,y,5,no,no,,,
Jena,19.07.2023,200,Arnica longifolia,no,no,y,40,no,no,,,
Jena,19.07.2023,200,Centaurea jacea,no,no,y,25,no,no,,,
Jena,19.07.2023,200,Centaurea scabiosa,no,no,y,50,no,no,,,
Jena,19.07.2023,200,Helleborus orientalis,no,no,no,,no,y,10,,
Jena,19.07.2023,200,Hepatica nobilis,no,no,no,,no,no,,,
Jena,19.07.2023,200,Knautia arvensis,no,no,y,5,y,no,,,
Jena,19.07.2023,200,Phlomis russeliana,no,no,no,,no,no,,,
Jena,19.07.2023,200,Acorus calamus,no,no,no,,no,y,5,,
Jena,19.07.2023,200,Calla palustris,no,no,y,35,no,y,15,,
Jena,19.07.2023,200,Comarum palustre,no,no,no,,no,no,,,
Jena,19.07.2023,200,Dactylorhiza majalis,no,no,no,,no,no,,,
Jena,19.07.2023,200,Erica tetralix,no,no,y,45,no,no,,,
Jena,19.07.2023,200,Gratiola officinalis,no,no,y,25,no,no,,,
Jena,19.07.2023,200,Hydrocotyle vulgaris,no,no,no,,no,no,,,
Jena,19.07.2023,200,Menyanthes trifoliata,no,no,no,,u,y,10,,
Jena,19.07.2023,200,Rubus chamaemorus,no,no,no,,no,y,10,,
Jena,19.07.2023,200,Trapa natans,no,no,no,,no,no,,,
Jena,19.07.2023,200,Vaccinium oxycoccos,no,no,no,,no,no,,,
Jena,19.07.2023,200,Adonis vernalis,no,no,no,,no,no,,,
Jena,19.07.2023,200,Alchemilla xanthochlora,no,no,no,,no,no,,,
Jena,19.07.2023,200,Althaea officinalis,no,no,no,,no,no,,,
Jena,19.07.2023,200,Convallaria majalis,no,no,no,,no,y,30,,
Jena,19.07.2023,200,Fragaria vesca,no,y,no,,no,no,,,
Jena,19.07.2023,200,Ranunculus acris,no,no,y,5,y,y,30,,
Jena,19.07.2023,200,Tulipa sylvestris,no,no,no,,no,y,100,,
Jena,19.07.2023,200,Glechoma hederocea,no,no,no,,no,no,,,
Jena,19.07.2023,200,Persicaria bistorta,no,no,y,10,y,no,,,
Jena,19.07.2023,200,Ranunculus lanuginosus,no,no,no,,no,y,40,,
Jena,19.07.2023,200,Sanguisorba minor,no,no,no,,no,y,15,,
Jena,19.07.2023,200,Silene vulgaris,no,no,y,25,no,no,,,
Jena,19.07.2023,200,Silphium integrifolium,no,no,y,80,no,no,,,
Jena,26.07.2023,207,Arnica longifolia,no,no,y,20,no,no,,,
Jena,26.07.2023,207,Centaurea jacea,no,no,y,50,no,no,,,
Jena,26.07.2023,207,Centaurea scabiosa,no,no,y,25,no,no,,,
Jena,26.07.2023,207,Helleborus orientalis,no,no,no,,no,y,10,,
Jena,26.07.2023,207,Hepatica nobilis,no,no,no,,no,no,,,
Jena,26.07.2023,207,Knautia arvensis,no,no,no,,y,no,,,
Jena,26.07.2023,207,Phlomis russeliana,no,no,no,,no,no,,,
Jena,26.07.2023,207,Acorus calamus,no,no,no,,no,y,5,,
Jena,26.07.2023,207,Calla palustris,no,no,y,35,no,y,15,,
Jena,26.07.2023,207,Comarum palustre,no,no,no,,no,no,,,
Jena,26.07.2023,207,Dactylorhiza majalis,no,no,no,,no,no,,,
Jena,26.07.2023,207,Erica tetralix,no,no,y,65,no,no,,,
Jena,26.07.2023,207,Gratiola officinalis,no,no,y,15,no,no,,,
Jena,26.07.2023,207,Hydrocotyle vulgaris,no,no,no,,no,no,,,
Jena,26.07.2023,207,Menyanthes trifoliata,no,no,no,,u,y,10,,
Jena,26.07.2023,207,Rubus chamaemorus,no,no,no,,no,y,10,,
Jena,26.07.2023,207,Trapa natans,no,no,no,,no,no,,,
Jena,26.07.2023,207,Vaccinium oxycoccos,no,no,no,,no,no,,,
Jena,26.07.2023,207,Adonis vernalis,no,no,no,,no,no,,,
Jena,26.07.2023,207,Alchemilla xanthochlora,no,no,no,,no,no,,,
Jena,26.07.2023,207,Althaea officinalis,no,no,no,,no,no,,,
Jena,26.07.2023,207,Convallaria majalis,no,no,no,,no,y,35,,
Jena,26.07.2023,207,Fragaria vesca,no,y,no,,no,no,,,
Jena,26.07.2023,207,Ranunculus acris,no,no,no,,y,y,30,,
Jena,26.07.2023,207,Tulipa sylvestris,no,no,no,,no,y,100,,
Jena,26.07.2023,207,Glechoma hederocea,no,no,no,,no,no,,,
Jena,26.07.2023,207,Persicaria bistorta,no,no,no,,y,no,,,
Jena,26.07.2023,207,Ranunculus lanuginosus,no,no,no,,no,y,40,,
Jena,26.07.2023,207,Sanguisorba minor,no,no,no,,no,y,15,,
Jena,26.07.2023,207,Silene vulgaris,no,no,y,25,no,no,,,
Jena,26.07.2023,207,Silphium integrifolium,no,no,y,100,no,no,,,
Jena,02.08.2023,214,Sanguisorba minor,no,no,no,,no,y,15,,
Jena,02.08.2023,214,Silene vulgaris,no,no,no,,no,no,,,
Jena,02.08.2023,214,Silphium integrifolium,no,no,y,95,no,no,,,
Jena,02.08.2023,214,Arnica longifolia,no,no,no,,no,no,,,
Jena,02.08.2023,214,Centaurea jacea,no,no,y,50,no,no,,,
Jena,02.08.2023,214,Centaurea scabiosa,no,no,y,25,no,no,,,
Jena,02.08.2023,214,Helleborus orientalis,no,no,no,,no,y,10,,
Jena,02.08.2023,214,Hepatica nobilis,no,no,no,,no,no,,,
Jena,02.08.2023,214,Knautia arvensis,no,no,no,,y,no,,,
Jena,02.08.2023,214,Phlomis russeliana,no,no,no,,no,no,,,
Jena,02.08.2023,214,Acorus calamus,no,no,no,,no,y,5,,
Jena,02.08.2023,214,Calla palustris,no,no,y,35,no,y,15,,
Jena,02.08.2023,214,Comarum palustre,no,no,no,,no,no,,,
Jena,02.08.2023,214,Dactylorhiza majalis,no,no,no,,no,no,,,
Jena,02.08.2023,214,Erica tetralix,no,no,y,45,no,no,,,
Jena,02.08.2023,214,Gratiola officinalis,no,no,y,15,no,no,,,
Jena,02.08.2023,214,Hydrocotyle vulgaris,no,no,no,,no,no,,,
Jena,02.08.2023,214,Menyanthes trifoliata,no,no,no,,no,y,10,,
Jena,02.08.2023,214,Rubus chamaemorus,no,no,no,,no,y,15,,
Jena,02.08.2023,214,Trapa natans,no,no,no,,no,no,,,
Jena,02.08.2023,214,Vaccinium oxycoccos,no,no,no,,y,no,,,
Jena,02.08.2023,214,Adonis vernalis,no,no,no,,no,no,,,
Jena,02.08.2023,214,Alchemilla xanthochlora,no,no,no,,no,no,,,
Jena,02.08.2023,214,Althaea officinalis,no,no,no,,no,no,,,
Jena,02.08.2023,214,Convallaria majalis,no,no,no,,no,y,35,,
Jena,02.08.2023,214,Fragaria vesca,no,y,no,,no,no,,,
Jena,02.08.2023,214,Ranunculus acris,no,no,no,,y,y,30,,
Jena,02.08.2023,214,Tulipa sylvestris,no,no,no,,no,y,100,,
Jena,02.08.2023,214,Glechoma hederocea,no,no,no,,no,no,,,
Jena,02.08.2023,214,Persicaria bistorta,no,no,no,,y,no,,,
Jena,02.08.2023,214,Ranunculus lanuginosus,no,no,no,,no,y,40,,
Jena,09.08.2023,221,Arnica longifolia,no,no,y,5,no,no,,,
Jena,09.08.2023,221,Centaurea jacea,no,no,y,20,no,no,,,
Jena,09.08.2023,221,Centaurea scabiosa,no,no,y,10,no,no,,,
Jena,09.08.2023,221,Helleborus orientalis,no,no,no,,no,y,15,,
Jena,09.08.2023,221,Hepatica nobilis,no,no,no,,no,no,,,
Jena,09.08.2023,221,Knautia arvensis,no,no,no,,y,no,,,
Jena,09.08.2023,221,Phlomis russeliana,no,no,no,,no,no,,,
Jena,09.08.2023,221,Gratiola officinalis,no,no,y,5,no,no,,,
Jena,09.08.2023,221,Hydrocotyle vulgaris,no,no,no,,no,no,,,
Jena,09.08.2023,221,Menyanthes trifoliata,no,no,no,,no,y,10,,
Jena,09.08.2023,221,Rubus chamaemorus,no,no,no,,no,y,15,,
Jena,09.08.2023,221,Trapa natans,no,no,no,,no,no,,,
Jena,09.08.2023,221,Vaccinium oxycoccos,no,no,no,,y,no,,,
Jena,09.08.2023,221,Adonis vernalis,no,no,no,,no,y,5,,
Jena,09.08.2023,221,Alchemilla xanthochlora,no,no,no,,no,no,,,
Jena,09.08.2023,221,Althaea officinalis,no,no,no,,no,no,,,
Jena,09.08.2023,221,Convallaria majalis,no,no,no,,no,y,35,,
Jena,09.08.2023,221,Fragaria vesca,no,y,no,,no,no,,,
Jena,09.08.2023,221,Ranunculus acris,no,no,no,,y,y,30,,
Jena,09.08.2023,221,Tulipa sylvestris,no,no,no,,no,y,100,,
Jena,09.08.2023,221,Glechoma hederocea,no,no,no,,no,no,,,
Jena,09.08.2023,221,Persicaria bistorta,no,no,no,,y,no,,,
Jena,09.08.2023,221,Ranunculus lanuginosus,no,no,no,,no,y,40,,
Jena,09.08.2023,221,Sanguisorba minor,no,no,no,,no,no,,,
Jena,09.08.2023,221,Silene vulgaris,no,no,no,,no,no,,,
Jena,09.08.2023,221,Silphium integrifolium,no,no,y,80,no,no,,,
Jena,09.08.2023,221,Acorus calamus,no,no,no,,no,y,5,,
Jena,09.08.2023,221,Calla palustris,no,no,y,15,no,y,15,,
Jena,09.08.2023,221,Comarum palustre,no,no,no,,no,no,,,
Jena,09.08.2023,221,Dactylorhiza majalis,no,no,no,,no,no,,,
Jena,09.08.2023,221,Erica tetralix,no,no,y,15,no,no,,,
Jena,16.08.2023,228,Arnica longifolia,no,no,y,5,no,no,,,
Jena,16.08.2023,228,Centaurea jacea,no,no,no,,no,no,,,
Jena,16.08.2023,228,Centaurea scabiosa,no,no,no,,no,no,,,
Jena,16.08.2023,228,Helleborus orientalis,no,no,no,,no,y,15,,
Jena,16.08.2023,228,Hepatica nobilis,no,no,no,,no,no,,,
Jena,16.08.2023,228,Knautia arvensis,no,no,no,,y,no,,,
Jena,16.08.2023,228,Phlomis russeliana,no,no,no,,no,no,,,
Jena,16.08.2023,228,Acorus calamus,no,no,no,,no,y,5,,
Jena,16.08.2023,228,Calla palustris,no,no,y,10,no,y,15,,
Jena,16.08.2023,228,Comarum palustre,no,no,no,,no,no,,,
Jena,16.08.2023,228,Dactylorhiza majalis,no,no,no,,no,no,,,
Jena,16.08.2023,228,Erica tetralix,no,no,y,5,no,no,,,
Jena,16.08.2023,228,Gratiola officinalis,no,no,no,,no,no,,,
Jena,16.08.2023,228,Hydrocotyle vulgaris,no,no,no,,no,no,,,
Jena,16.08.2023,228,Menyanthes trifoliata,no,no,no,,no,y,10,,
Jena,16.08.2023,228,Rubus chamaemorus,no,no,no,,no,y,15,,
Jena,16.08.2023,228,Trapa natans,no,no,no,,no,no,,,
Jena,16.08.2023,228,Vaccinium oxycoccos,no,no,no,,y,no,,,
Jena,16.08.2023,228,Adonis vernalis,no,no,no,,no,y,5,,
Jena,16.08.2023,228,Alchemilla xanthochlora,no,no,no,,no,no,,,
Jena,16.08.2023,228,Althaea officinalis,no,no,no,,no,no,,,
Jena,16.08.2023,228,Convallaria majalis,no,no,no,,no,y,35,,
Jena,16.08.2023,228,Fragaria vesca,no,y,no,,no,no,,,
Jena,16.08.2023,228,Ranunculus acris,no,no,no,,y,y,35,,
Jena,16.08.2023,228,Tulipa sylvestris,no,no,no,,no,y,100,,
Jena,16.08.2023,228,Glechoma hederocea,no,no,no,,no,no,,,
Jena,16.08.2023,228,Persicaria bistorta,no,no,no,,y,no,,,
Jena,16.08.2023,228,Ranunculus lanuginosus,no,no,no,,no,y,40,,
Jena,16.08.2023,228,Sanguisorba minor,no,no,no,,no,y,25,,
Jena,16.08.2023,228,Silene vulgaris,no,no,no,,no,no,,,
Jena,16.08.2023,228,Silphium integrifolium,no,no,y,60,no,no,,,
Jena,23.08.2023,235,Sanguisorba minor,no,no,no,,no,no,,,
Jena,23.08.2023,235,Hepatica nobilis,no,no,no,,no,no,,,
Jena,23.08.2023,235,Knautia arvensis,no,no,y,5,y,no,,,
Jena,23.08.2023,235,Arnica longifolia,no,no,y,35,no,no,,,
Jena,23.08.2023,235,Centaurea jacea,no,no,no,,y,no,,,
Jena,23.08.2023,235,Centaurea scabiosa,no,no,y,5,no,no,,,
Jena,23.08.2023,235,Helleborus orientalis,no,no,no,,no,y,15,,
Jena,23.08.2023,235,Silene vulgaris,no,no,no,,y,no,,,
Jena,23.08.2023,235,Silphium integrifolium,no,no,y,80,no,no,,,
Jena,23.08.2023,235,Phlomis russeliana,no,no,no,,no,y,5,,
Jena,23.08.2023,235,Acorus calamus,no,no,no,,no,y,5,,
Jena,23.08.2023,235,Calla palustris,no,no,y,10,u,y,15,,
Jena,23.08.2023,235,Comarum palustre,no,no,no,,no,no,,,
Jena,23.08.2023,235,Dactylorhiza majalis,no,no,no,,no,no,,,
Jena,23.08.2023,235,Erica tetralix,no,no,y,5,no,no,,,
Jena,23.08.2023,235,Gratiola officinalis,no,no,y,5,no,no,,,
Jena,23.08.2023,235,Hydrocotyle vulgaris,no,no,no,,no,no,,,
Jena,23.08.2023,235,Menyanthes trifoliata,no,no,no,,no,y,10,,
Jena,23.08.2023,235,Rubus chamaemorus,no,no,no,,no,y,15,,
Jena,23.08.2023,235,Trapa natans,no,no,no,,no,no,,,
Jena,23.08.2023,235,Vaccinium oxycoccos,no,no,no,,y,no,,,
Jena,23.08.2023,235,Adonis vernalis,no,no,no,,no,y,20,,
Jena,23.08.2023,235,Alchemilla xanthochlora,no,no,no,,no,no,,,
Jena,23.08.2023,235,Althaea officinalis,no,no,y,5,y,y,5,,
Jena,23.08.2023,235,Convallaria majalis,no,no,no,,no,y,25,,
Jena,23.08.2023,235,Fragaria vesca,no,no,no,,no,no,,,
Jena,23.08.2023,235,Ranunculus acris,no,no,y,5,no,y,35,,
Jena,23.08.2023,235,Tulipa sylvestris,no,no,no,,no,y,100,,
Jena,23.08.2023,235,Glechoma hederocea,no,no,no,,no,no,,,
Jena,23.08.2023,235,Persicaria bistorta,no,no,y,5,y,no,,,
Jena,23.08.2023,235,Ranunculus lanuginosus,no,no,no,,no,y,40,,
Jena,30.08.2023,242,Arnica longifolia,no,no,y,30,y,no,,,
Jena,30.08.2023,242,Centaurea jacea,no,no,no,,y,no,,,
Jena,30.08.2023,242,Centaurea scabiosa,no,no,y,5,no,no,,,
Jena,30.08.2023,242,Helleborus orientalis,no,y,no,,no,y,15,,
Jena,30.08.2023,242,Hepatica nobilis,no,no,no,,no,y,5,,
Jena,30.08.2023,242,Knautia arvensis,no,no,no,,y,y,10,,
Jena,30.08.2023,242,Phlomis russeliana,no,no,no,,no,y,5,,
Jena,30.08.2023,242,Acorus calamus,no,no,no,,no,y,15,,
Jena,30.08.2023,242,Calla palustris,no,no,no,,y,y,20,,
Jena,30.08.2023,242,Comarum palustre,no,no,no,,no,y,10,,
Jena,30.08.2023,242,Dactylorhiza majalis,no,no,no,,no,no,,,
Jena,30.08.2023,242,Erica tetralix,no,no,no,,y,no,,,
Jena,30.08.2023,242,Gratiola officinalis,no,no,no,,no,y,45,,
Jena,30.08.2023,242,Hydrocotyle vulgaris,no,no,no,,no,y,10,,
Jena,30.08.2023,242,Menyanthes trifoliata,no,no,no,,no,y,10,,
Jena,30.08.2023,242,Rubus chamaemorus,no,no,no,,no,no,,,weg
Jena,30.08.2023,242,Trapa natans,no,no,no,,no,y,10,,
Jena,30.08.2023,242,Vaccinium oxycoccos,no,no,no,,y,no,,,
Jena,30.08.2023,242,Adonis vernalis,no,no,no,,no,y,35,,
Jena,30.08.2023,242,Alchemilla xanthochlora,y,y,no,,no,no,,,
Jena,30.08.2023,242,Althaea officinalis,no,no,no,,y,y,10,,
Jena,30.08.2023,242,Convallaria majalis,no,no,no,,no,y,30,,
Jena,30.08.2023,242,Fragaria vesca,no,no,no,,no,y,10,,
Jena,30.08.2023,242,Ranunculus acris,no,no,y,5,y,y,20,,
Jena,30.08.2023,242,Tulipa sylvestris,no,no,no,,no,y,100,,
Jena,30.08.2023,242,Glechoma hederocea,no,no,no,,no,no,,,
Jena,30.08.2023,242,Persicaria bistorta,no,no,no,,no,y,100,,
Jena,30.08.2023,242,Ranunculus lanuginosus,no,no,no,,no,y,30,,
Jena,30.08.2023,242,Sanguisorba minor,no,y,no,,no,no,,,
Jena,30.08.2023,242,Silene vulgaris,no,no,no,,y,no,,,
Jena,30.08.2023,242,Silphium integrifolium,no,no,y,30,no,y,5,,
Jena,03.01.2023,3,Allium ursinum,no,no,no,,no,no,,,
Jena,03.01.2023,3,Angelica archangelica,no,no,no,,no,y,100,,
Jena,03.01.2023,3,Aquilegia vulgaris,no,no,no,,no,y,100,,
Jena,03.01.2023,3,Arctostaphylos uva-ursi,y,no,no,,no,no,,covered natural,
Jena,03.01.2023,3,Artemisia absinthium,y,y,no,,y,y,90,,
Jena,03.01.2023,3,Betonica officinalis,no,no,no,,y,y,55,,
Jena,03.01.2023,3,Campanula rotundifolia,no,no,no,,no,y,100,,
Jena,03.01.2023,3,Centranthus ruber,y,y,no,,no,y,100,,
Jena,03.01.2023,3,Colchicum autumnale,y,no,no,,no,no,,,
Jena,03.01.2023,3,Conium maculatum,no,no,no,,no,no,,,
Jena,03.01.2023,3,Dictamnus albus,no,no,no,,no,y,100,,
Jena,03.01.2023,3,Epilobium angustifolium,no,no,no,,no,y,100,,
Jena,03.01.2023,3,Eranthis hyemalis,y,no,no,,no,no,,,
Jena,03.01.2023,3,Galium odoratum,y,y,no,,no,y,40,,
Jena,03.01.2023,3,Solidago virgaurea,no,no,no,,no,y,100,,
Jena,03.01.2023,3,Tanacetum vulgare,y,no,no,,no,no,,,
Jena,03.01.2023,3,Thymus praecox,no,no,no,,y,y,20,,
Jena,03.01.2023,3,Thymus pulegioides,no,no,no,,y,y,20,,
Jena,03.01.2023,3,Thymus serpyllum,no,no,no,,y,y,15,,
Jena,03.01.2023,3,Trillium sessile,no,no,no,,no,y,100,,
Jena,03.01.2023,3,Urtica dioica,y,y,no,,no,y,100,,
Jena,03.01.2023,3,Vaccinium x intermedium,no,no,no,,no,y,85,,
Jena,03.01.2023,3,Genista tinctoria,no,no,no,,no,y,90,,
Jena,03.01.2023,3,Gentiana cruciata,u,no,no,,no,y,100,,2gelbe Triebspitzen
Jena,03.01.2023,3,Glycyrrhiza glabra,no,no,no,,no,y,100,,
Jena,03.01.2023,3,Hypericum perforatum,y,no,no,,no,y,100,,
Jena,03.01.2023,3,Lathyrus vernus,no,no,no,,no,y,100,,
Jena,03.01.2023,3,Lotus maritimus,no,no,no,,no,y,100,,
Jena,03.01.2023,3,Oenothera biennis,no,no,no,,no,y,100,,
Jena,03.01.2023,3,Origanum vulgare,no,no,no,,y,y,90,,
Jena,03.01.2023,3,Plantago lanceolata,y,no,no,,no,y,40,,
Jena,03.01.2023,3,Primula veris,y,y,no,,no,y,50,,
Jena,03.01.2023,3,Salvia officinalis,m,y,no,,no,y,85,,
Jena,03.01.2023,3,Sanguisorba officinalis,no,no,no,,no,y,100,,
Jena,03.01.2023,3,Saponaria officinalis,no,no,no,,no,y,100,,
Jena,03.01.2023,3,Vaccinium myrtillus,no,no,no,,no,y,100,,
Jena,03.01.2023,3,Humulus lupulus,no,no,no,,no,y,100,,
Jena,03.01.2023,3,Leonurus cardiaca,no,no,no,,y,y,100,,
Jena,11.01.2023,11,Allium ursinum,no,no,no,,no,no,,,
Jena,11.01.2023,11,Angelica archangelica,y,no,no,,no,y,100,,
Jena,11.01.2023,11,Aquilegia vulgaris,no,no,no,,no,y,100,,
Jena,11.01.2023,11,Arctostaphylos uva-ursi,y,no,no,,no,no,,covered natural,
Jena,11.01.2023,11,Artemisia absinthium,no,y,no,,y,y,90,,
Jena,11.01.2023,11,Betonica officinalis,y,no,no,,no,no,,,
Jena,11.01.2023,11,Campanula rotundifolia,y,no,no,,no,y,100,,
Jena,11.01.2023,11,Centranthus ruber,no,y,no,,no,y,100,,
Jena,11.01.2023,11,Colchicum autumnale,y,no,no,,no,no,,,
Jena,11.01.2023,11,Conium maculatum,no,no,no,,no,no,,,
Jena,11.01.2023,11,Dictamnus albus,no,no,no,,no,y,100,,
Jena,11.01.2023,11,Epilobium angustifolium,no,no,no,,no,y,100,,
Jena,11.01.2023,11,Eranthis hyemalis,y,no,no,,no,no,,,
Jena,11.01.2023,11,Galium odoratum,y,y,no,,no,y,40,,
Jena,11.01.2023,11,Genista tinctoria,no,no,no,,no,y,95,,
Jena,11.01.2023,11,Gentiana cruciata,no,no,no,,no,y,100,,
Jena,11.01.2023,11,Glycyrrhiza glabra,no,no,no,,no,y,100,,
Jena,11.01.2023,11,Hypericum perforatum,y,y,no,,no,y,100,,
Jena,11.01.2023,11,Lathyrus vernus,no,no,no,,no,y,100,,
Jena,11.01.2023,11,Lotus maritimus,y,no,no,,no,y,100,,
Jena,11.01.2023,11,Oenothera biennis,no,no,no,,no,y,100,,
Jena,11.01.2023,11,Origanum vulgare,no,no,no,,y,y,90,,
Jena,11.01.2023,11,Plantago lanceolata,y,no,no,,no,no,,,
Jena,11.01.2023,11,Primula veris,no,y,no,,no,no,,,
Jena,11.01.2023,11,Salvia officinalis,no,y,no,,no,y,85,,
Jena,11.01.2023,11,Sanguisorba officinalis,no,no,no,,no,y,100,,
Jena,11.01.2023,11,Saponaria officinalis,no,no,no,,no,y,100,,
Jena,11.01.2023,11,Solidago virgaurea,y,no,no,,no,no,,,
Jena,11.01.2023,11,Tanacetum vulgare,y,no,no,,no,no,,,
Jena,11.01.2023,11,Thymus praecox,no,no,no,,y,y,20,,
Jena,11.01.2023,11,Thymus pulegioides,no,no,no,,y,y,20,,
Jena,11.01.2023,11,Thymus serpyllum,no,no,no,,y,y,20,,
Jena,11.01.2023,11,Trillium sessile,no,no,no,,no,y,100,,
Jena,11.01.2023,11,Urtica dioica,no,y,no,,no,no,,,
Jena,11.01.2023,11,Vaccinium x intermedium,no,no,no,,no,y,90,,
Jena,11.01.2023,11,Vaccinium myrtillus,y,no,no,,no,y,100,,
Jena,11.01.2023,11,Humulus lupulus,y,no,no,,no,no,,,
Jena,11.01.2023,11,Leonurus cardiaca,no,no,no,,y,y,100,,
Jena,18.01.2023,18,Arctostaphylos uva-ursi,y,no,no,,no,no,,covered natural,
Jena,18.01.2023,18,Artemisia absinthium,no,y,no,,y,no,,,
Jena,18.01.2023,18,Allium ursinum,no,no,no,,no,no,,,
Jena,18.01.2023,18,Angelica archangelica,y,no,no,,no,no,,,
Jena,18.01.2023,18,Aquilegia vulgaris,no,no,no,,no,y,100,,
Jena,18.01.2023,18,Betonica officinalis,y,no,no,,no,no,,,
Jena,18.01.2023,18,Campanula rotundifolia,y,no,no,,no,y,100,,
Jena,18.01.2023,18,Centranthus ruber,no,y,no,,no,no,,,
Jena,18.01.2023,18,Colchicum autumnale,y,no,no,,no,no,,,
Jena,18.01.2023,18,Conium maculatum,no,no,no,,no,no,,,
Jena,18.01.2023,18,Dictamnus albus,no,no,no,,no,y,100,,
Jena,18.01.2023,18,Epilobium angustifolium,no,no,no,,no,y,100,covered natural,
Jena,18.01.2023,18,Eranthis hyemalis,y,y,no,,no,no,,,
Jena,18.01.2023,18,Galium odoratum,y,y,no,,no,no,,,
Jena,18.01.2023,18,Genista tinctoria,no,no,no,,no,y,95,,
Jena,18.01.2023,18,Gentiana cruciata,no,no,no,,no,y,100,,
Jena,18.01.2023,18,Glycyrrhiza glabra,no,no,no,,no,y,100,,
Jena,18.01.2023,18,Hypericum perforatum,no,no,no,,no,no,,,
Jena,18.01.2023,18,Lathyrus vernus,no,no,no,,no,y,100,,
Jena,18.01.2023,18,Lotus maritimus,y,no,no,,no,y,100,,
Jena,18.01.2023,18,Oenothera biennis,no,no,no,,no,y,100,,
Jena,18.01.2023,18,Origanum vulgare,no,no,no,,y,y,90,,
Jena,18.01.2023,18,Plantago lanceolata,y,no,no,,no,no,,,
Jena,18.01.2023,18,Primula veris,no,y,no,,no,no,,,
Jena,18.01.2023,18,Salvia officinalis,no,y,no,,no,y,85,,
Jena,18.01.2023,18,Sanguisorba officinalis,no,no,no,,no,y,100,,
Jena,18.01.2023,18,Saponaria officinalis,no,no,no,,no,y,100,,
Jena,18.01.2023,18,Solidago virgaurea,y,no,no,,no,no,,,
Jena,18.01.2023,18,Tanacetum vulgare,y,y,no,,no,no,,,
Jena,18.01.2023,18,Thymus praecox,no,no,no,,y,y,20,,
Jena,18.01.2023,18,Thymus pulegioides,no,no,no,,y,y,20,,
Jena,18.01.2023,18,Thymus serpyllum,no,no,no,,y,y,20,,
Jena,18.01.2023,18,Trillium sessile,no,no,no,,no,y,100,,
Jena,18.01.2023,18,Urtica dioica,no,y,no,,no,no,,,
Jena,18.01.2023,18,Vaccinium x intermedium,no,no,no,,no,y,90,,
Jena,18.01.2023,18,Vaccinium myrtillus,y,no,no,,no,y,100,,
Jena,18.01.2023,18,Humulus lupulus,y,no,no,,no,no,,,
Jena,18.01.2023,18,Leonurus cardiaca,no,no,no,,y,y,100,,
Jena,01.02.2023,32,Allium ursinum,no,no,no,,no,no,,,
Jena,01.02.2023,32,Angelica archangelica,y,no,no,,no,no,,,
Jena,01.02.2023,32,Aquilegia vulgaris,no,no,no,,no,y,100,,
Jena,01.02.2023,32,Arctostaphylos uva-ursi,y,no,no,,no,no,,,
Jena,01.02.2023,32,Artemisia absinthium,no,y,no,,y,no,,,
Jena,01.02.2023,32,Betonica officinalis,y,no,no,,no,no,,,
Jena,01.02.2023,32,Campanula rotundifolia,y,no,no,,no,no,,,
Jena,01.02.2023,32,Centranthus ruber,no,y,no,,no,no,,,
Jena,01.02.2023,32,Colchicum autumnale,y,no,no,,no,no,,,
Jena,01.02.2023,32,Conium maculatum,no,no,no,,no,no,,,
Jena,01.02.2023,32,Dictamnus albus,y,no,no,,no,no,,,
Jena,01.02.2023,32,Epilobium angustifolium,no,no,no,,no,y,100,,
Jena,01.02.2023,32,Eranthis hyemalis,y,y,y,5,no,no,,,
Jena,01.02.2023,32,Galium odoratum,y,y,no,,no,no,,,
Jena,01.02.2023,32,Genista tinctoria,no,no,no,,no,y,95,,
Jena,01.02.2023,32,Gentiana cruciata,no,no,no,,no,y,100,,
Jena,01.02.2023,32,Glycyrrhiza glabra,no,no,no,,no,y,100,,
Jena,01.02.2023,32,Hypericum perforatum,no,no,no,,no,no,,,
Jena,01.02.2023,32,Lathyrus vernus,y,no,no,,no,no,,,
Jena,01.02.2023,32,Lotus maritimus,y,no,no,,no,y,100,,
Jena,01.02.2023,32,Oenothera biennis,no,no,no,,no,y,100,,
Jena,01.02.2023,32,Origanum vulgare,no,no,no,,y,y,90,,
Jena,01.02.2023,32,Plantago lanceolata,y,no,no,,no,no,,,
Jena,01.02.2023,32,Primula veris,no,y,no,,no,no,,,
Jena,01.02.2023,32,Salvia officinalis,no,y,no,,no,y,85,,
Jena,01.02.2023,32,Sanguisorba officinalis,no,no,no,,no,no,,,
Jena,01.02.2023,32,Saponaria officinalis,no,no,no,,no,y,100,,
Jena,01.02.2023,32,Solidago virgaurea,y,no,no,,no,no,,,
Jena,01.02.2023,32,Tanacetum vulgare,y,y,no,,no,no,,,
Jena,01.02.2023,32,Thymus praecox,no,no,no,,y,y,20,,
Jena,01.02.2023,32,Thymus pulegioides,no,no,no,,y,y,20,,
Jena,01.02.2023,32,Thymus serpyllum,no,no,no,,y,y,20,,
Jena,01.02.2023,32,Trillium sessile,no,no,no,,no,no,,,
Jena,01.02.2023,32,Urtica dioica,no,y,no,,no,no,,,
Jena,01.02.2023,32,Vaccinium x intermedium,no,no,no,,no,y,90,,
Jena,01.02.2023,32,Vaccinium myrtillus,y,no,no,,no,y,100,,
Jena,01.02.2023,32,Humulus lupulus,y,no,no,,no,no,,,
Jena,01.02.2023,32,Leonurus cardiaca,no,no,no,,y,y,100,,
Jena,08.02.2023,39,Allium ursinum,y,no,no,,no,no,,,
Jena,08.02.2023,39,Angelica archangelica,y,y,no,,no,no,,,
Jena,08.02.2023,39,Aquilegia vulgaris,no,no,no,,no,y,100,,
Jena,08.02.2023,39,Arctostaphylos uva-ursi,y,no,no,,no,no,,,
Jena,08.02.2023,39,Artemisia absinthium,no,y,no,,y,no,,,
Jena,08.02.2023,39,Betonica officinalis,y,no,no,,no,no,,,
Jena,08.02.2023,39,Campanula rotundifolia,y,no,no,,no,no,,,
Jena,08.02.2023,39,Centranthus ruber,no,y,no,,no,no,,,
Jena,08.02.2023,39,Trillium sessile,no,no,no,,no,no,,,
Jena,08.02.2023,39,Urtica dioica,no,y,no,,no,no,,,
Jena,08.02.2023,39,Vaccinium x intermedium,no,no,no,,no,y,90,,
Jena,08.02.2023,39,Vaccinium myrtillus,y,no,no,,no,y,100,,
Jena,08.02.2023,39,Humulus lupulus,y,no,no,,no,no,,,
Jena,08.02.2023,39,Leonurus cardiaca,no,no,no,,y,y,100,,
Jena,08.02.2023,39,Colchicum autumnale,y,no,no,,no,no,,,
Jena,08.02.2023,39,Conium maculatum,no,no,no,,no,no,,,
Jena,08.02.2023,39,Dictamnus albus,y,no,no,,no,no,,,
Jena,08.02.2023,39,Epilobium angustifolium,no,no,no,,no,y,100,,
Jena,08.02.2023,39,Eranthis hyemalis,y,y,y,50,no,no,,,
Jena,08.02.2023,39,Galium odoratum,y,y,no,,no,no,,,
Jena,08.02.2023,39,Genista tinctoria,y,no,no,,no,no,,,
Jena,08.02.2023,39,Gentiana cruciata,no,no,no,,no,y,100,,
Jena,08.02.2023,39,Glycyrrhiza glabra,no,no,no,,no,y,100,,
Jena,08.02.2023,39,Hypericum perforatum,y,y,no,,no,no,,,
Jena,08.02.2023,39,Lathyrus vernus,y,no,no,,no,no,,,
Jena,08.02.2023,39,Lotus maritimus,y,no,no,,no,y,100,,
Jena,08.02.2023,39,Oenothera biennis,no,no,no,,no,y,100,,
Jena,08.02.2023,39,Origanum vulgare,no,no,no,,y,y,90,,
Jena,08.02.2023,39,Plantago lanceolata,y,y,no,,no,no,,,
Jena,08.02.2023,39,Primula veris,no,y,no,,no,no,,,
Jena,08.02.2023,39,Salvia officinalis,no,y,no,,no,y,85,,
Jena,08.02.2023,39,Sanguisorba officinalis,no,no,no,,no,no,,,
Jena,08.02.2023,39,Saponaria officinalis,no,no,no,,no,y,100,,
Jena,08.02.2023,39,Solidago virgaurea,y,no,no,,no,no,,,
Jena,08.02.2023,39,Tanacetum vulgare,y,y,no,,no,no,,,
Jena,08.02.2023,39,Thymus praecox,no,no,no,,y,y,20,,
Jena,08.02.2023,39,Thymus pulegioides,no,no,no,,y,y,20,,
Jena,08.02.2023,39,Thymus serpyllum,y,no,no,,no,no,,,
Jena,15.02.2023,46,Campanula rotundifolia,y,no,no,,no,no,,,
Jena,15.02.2023,46,Centranthus ruber,no,y,no,,no,no,,,
Jena,15.02.2023,46,Allium ursinum,y,no,no,,no,no,,,
Jena,15.02.2023,46,Angelica archangelica,y,y,no,,no,no,,,
Jena,15.02.2023,46,Aquilegia vulgaris,y,no,no,,no,no,,,
Jena,15.02.2023,46,Arctostaphylos uva-ursi,y,no,no,,no,no,,,
Jena,15.02.2023,46,Artemisia absinthium,no,y,no,,y,no,,,
Jena,15.02.2023,46,Betonica officinalis,y,no,no,,no,no,,,
Jena,15.02.2023,46,Colchicum autumnale,y,y,no,,no,no,,,
Jena,15.02.2023,46,Conium maculatum,no,no,no,,no,y,45,,
Jena,15.02.2023,46,Dictamnus albus,y,no,no,,no,no,,,
Jena,15.02.2023,46,Epilobium angustifolium,no,no,no,,no,y,100,,
Jena,15.02.2023,46,Eranthis hyemalis,no,y,y,80,no,no,,,
Jena,15.02.2023,46,Galium odoratum,y,y,no,,no,no,,,
Jena,15.02.2023,46,Genista tinctoria,y,no,no,,no,no,,,
Jena,15.02.2023,46,Gentiana cruciata,no,no,no,,no,y,100,,
Jena,15.02.2023,46,Glycyrrhiza glabra,y,no,no,,no,no,,,
Jena,15.02.2023,46,Hypericum perforatum,y,no,no,,no,no,,,
Jena,15.02.2023,46,Lathyrus vernus,y,no,no,,no,no,,,
Jena,15.02.2023,46,Lotus maritimus,y,no,no,,no,y,100,,
Jena,15.02.2023,46,Oenothera biennis,no,no,no,,no,y,100,,
Jena,15.02.2023,46,Origanum vulgare,y,no,no,,no,no,,,
Jena,15.02.2023,46,Leonurus cardiaca,no,no,no,,y,y,100,,
Jena,15.02.2023,46,Plantago lanceolata,y,y,no,,no,no,,,
Jena,15.02.2023,46,Primula veris,no,y,no,,no,no,,,
Jena,15.02.2023,46,Salvia officinalis,no,y,no,,no,y,85,,
Jena,15.02.2023,46,Sanguisorba officinalis,no,no,no,,no,no,,,
Jena,15.02.2023,46,Saponaria officinalis,no,no,no,,no,y,100,,
Jena,15.02.2023,46,Solidago virgaurea,y,no,no,,no,no,,,
Jena,15.02.2023,46,Tanacetum vulgare,y,y,no,,no,no,,,
Jena,15.02.2023,46,Thymus praecox,no,no,no,,y,y,20,,
Jena,15.02.2023,46,Thymus pulegioides,no,no,no,,y,y,20,,
Jena,15.02.2023,46,Thymus serpyllum,y,no,no,,no,no,,,
Jena,15.02.2023,46,Trillium sessile,no,no,no,,no,no,,,
Jena,15.02.2023,46,Urtica dioica,no,y,no,,no,no,,,
Jena,15.02.2023,46,Vaccinium x intermedium,no,no,no,,no,y,90,,
Jena,15.02.2023,46,Vaccinium myrtillus,y,no,no,,no,y,100,,
Jena,15.02.2023,46,Humulus lupulus,y,no,no,,no,no,,,
Jena,22.02.2023,53,Lotus maritimus,y,no,no,,no,y,100,,
Jena,22.02.2023,53,Oenothera biennis,no,no,no,,no,y,100,,
Jena,22.02.2023,53,Origanum vulgare,y,no,no,,no,no,,,
Jena,22.02.2023,53,Plantago lanceolata,y,y,no,,no,no,,,
Jena,22.02.2023,53,Primula veris,no,y,no,,no,no,,,
Jena,22.02.2023,53,Salvia officinalis,no,y,no,,no,no,,,
Jena,22.02.2023,53,Sanguisorba officinalis,y,y,no,,no,no,,,
Jena,22.02.2023,53,Saponaria officinalis,no,no,no,,no,y,100,,
Jena,22.02.2023,53,Solidago virgaurea,y,no,no,,no,no,,,
Jena,22.02.2023,53,Tanacetum vulgare,y,y,no,,no,no,,,
Jena,22.02.2023,53,Thymus praecox,no,no,no,,y,y,20,,
Jena,22.02.2023,53,Thymus pulegioides,no,no,no,,y,y,20,,
Jena,22.02.2023,53,Thymus serpyllum,y,y,no,,no,no,,,
Jena,22.02.2023,53,Trillium sessile,no,no,no,,no,no,,,
Jena,22.02.2023,53,Urtica dioica,no,y,no,,no,no,,,
Jena,22.02.2023,53,Vaccinium x intermedium,y,y,no,,no,y,90,,
Jena,22.02.2023,53,Vaccinium myrtillus,y,no,no,,no,y,100,,
Jena,22.02.2023,53,Humulus lupulus,y,no,no,,no,no,,,
Jena,22.02.2023,53,Leonurus cardiaca,no,no,no,,no,no,,,
Jena,22.02.2023,53,Allium ursinum,y,y,no,,no,no,,,
Jena,22.02.2023,53,Angelica archangelica,y,y,no,,no,no,,,
Jena,22.02.2023,53,Aquilegia vulgaris,y,no,no,,no,no,,,
Jena,22.02.2023,53,Arctostaphylos uva-ursi,y,y,no,,no,no,,,
Jena,22.02.2023,53,Artemisia absinthium,no,y,no,,y,no,,,
Jena,22.02.2023,53,Betonica officinalis,y,no,no,,no,no,,,
Jena,22.02.2023,53,Campanula rotundifolia,y,no,no,,no,no,,,
Jena,22.02.2023,53,Centranthus ruber,no,y,no,,no,no,,,
Jena,22.02.2023,53,Colchicum autumnale,y,y,no,,no,no,,,
Jena,22.02.2023,53,Conium maculatum,no,no,no,,no,y,45,,
Jena,22.02.2023,53,Lathyrus vernus,y,no,no,,no,no,,,
Jena,22.02.2023,53,Dictamnus albus,no,no,no,,no,no,,,
Jena,22.02.2023,53,Epilobium angustifolium,no,no,no,,no,y,100,,
Jena,22.02.2023,53,Eranthis hyemalis,no,no,y,100,no,no,,,
Jena,22.02.2023,53,Galium odoratum,y,y,no,,no,no,,,
Jena,22.02.2023,53,Genista tinctoria,y,y,no,,no,no,,,
Jena,22.02.2023,53,Gentiana cruciata,no,no,no,,no,y,100,,
Jena,22.02.2023,53,Glycyrrhiza glabra,y,no,no,,no,no,,,
Jena,22.02.2023,53,Hypericum perforatum,y,no,no,,no,no,,,
Jena,01.03.2023,60,Allium ursinum,no,y,no,,no,no,,,
Jena,01.03.2023,60,Angelica archangelica,no,y,no,,no,no,,,
Jena,01.03.2023,60,Aquilegia vulgaris,y,no,no,,no,no,,,
Jena,01.03.2023,60,Arctostaphylos uva-ursi,no,y,no,,no,no,,,
Jena,01.03.2023,60,Artemisia absinthium,no,y,no,,no,no,,,
Jena,01.03.2023,60,Betonica officinalis,y,no,no,,no,no,,,
Jena,01.03.2023,60,Campanula rotundifolia,y,no,no,,no,no,,,
Jena,01.03.2023,60,Centranthus ruber,no,y,no,,no,no,,,
Jena,01.03.2023,60,Colchicum autumnale,y,y,no,,no,no,,,
Jena,01.03.2023,60,Conium maculatum,no,no,no,,no,y,45,,
Jena,01.03.2023,60,Dictamnus albus,no,no,no,,no,no,,,
Jena,01.03.2023,60,Epilobium angustifolium,no,no,no,,no,y,100,,
Jena,01.03.2023,60,Eranthis hyemalis,no,no,y,95,no,no,,,
Jena,01.03.2023,60,Galium odoratum,no,y,no,,no,no,,,
Jena,01.03.2023,60,Genista tinctoria,y,no,no,,no,no,,,
Jena,01.03.2023,60,Gentiana cruciata,no,no,no,,no,y,100,,
Jena,01.03.2023,60,Glycyrrhiza glabra,y,no,no,,no,no,,,
Jena,01.03.2023,60,Hypericum perforatum,y,no,no,,no,no,,,
Jena,01.03.2023,60,Lathyrus vernus,y,no,no,,no,no,,,
Jena,01.03.2023,60,Lotus maritimus,y,no,no,,no,no,,,
Jena,01.03.2023,60,Oenothera biennis,no,no,no,,no,no,,,
Jena,01.03.2023,60,Origanum vulgare,y,y,no,,no,no,,,
Jena,01.03.2023,60,Plantago lanceolata,y,y,no,,no,no,,,
Jena,01.03.2023,60,Primula veris,no,y,no,,no,no,,,
Jena,01.03.2023,60,Salvia officinalis,no,y,no,,no,no,,,
Jena,01.03.2023,60,Sanguisorba officinalis,no,no,no,,no,no,,,
Jena,01.03.2023,60,Saponaria officinalis,y,no,no,,no,no,,,
Jena,01.03.2023,60,Solidago virgaurea,y,no,no,,no,no,,,
Jena,01.03.2023,60,Tanacetum vulgare,no,y,no,,no,no,,,
Jena,01.03.2023,60,Thymus praecox,no,no,no,,no,y,20,,
Jena,01.03.2023,60,Thymus pulegioides,y,no,no,,no,no,,,
Jena,01.03.2023,60,Thymus serpyllum,no,y,no,,no,no,,,
Jena,01.03.2023,60,Trillium sessile,y,no,no,,no,no,,,
Jena,01.03.2023,60,Urtica dioica,no,y,no,,no,no,,,
Jena,01.03.2023,60,Vaccinium x intermedium,no,y,no,,no,no,,,
Jena,01.03.2023,60,Vaccinium myrtillus,y,no,no,,no,no,,,
Jena,01.03.2023,60,Humulus lupulus,y,no,no,,no,no,,,
Jena,01.03.2023,60,Leonurus cardiaca,y,no,no,,no,no,,,
Jena,09.03.2023,68,Allium ursinum,no,y,no,,no,no,,,
Jena,09.03.2023,68,Angelica archangelica,no,y,no,,no,no,,,
Jena,09.03.2023,68,Aquilegia vulgaris,y,no,no,,no,no,,,
Jena,09.03.2023,68,Arctostaphylos uva-ursi,no,y,no,,no,no,,,
Jena,09.03.2023,68,Artemisia absinthium,no,no,no,,no,no,,,
Jena,09.03.2023,68,Betonica officinalis,y,no,no,,no,no,,,
Jena,09.03.2023,68,Campanula rotundifolia,y,y,no,,no,no,,,
Jena,09.03.2023,68,Centranthus ruber,no,y,no,,no,no,,,
Jena,09.03.2023,68,Colchicum autumnale,y,y,no,,no,no,,,
Jena,09.03.2023,68,Conium maculatum,no,no,no,,no,no,,cut total,
Jena,09.03.2023,68,Dictamnus albus,no,no,no,,no,no,,,
Jena,09.03.2023,68,Epilobium angustifolium,no,no,no,,no,no,,,
Jena,09.03.2023,68,Eranthis hyemalis,no,no,y,30,no,no,,,
Jena,09.03.2023,68,Galium odoratum,no,y,no,,no,no,,,
Jena,09.03.2023,68,Genista tinctoria,y,no,no,,no,no,,,
Jena,09.03.2023,68,Gentiana cruciata,y,no,no,,no,no,,,
Jena,09.03.2023,68,Glycyrrhiza glabra,y,no,no,,no,no,,,
Jena,09.03.2023,68,Hypericum perforatum,y,y,no,,no,no,,,
Jena,09.03.2023,68,Lathyrus vernus,y,no,no,,no,no,,,
Jena,09.03.2023,68,Lotus maritimus,y,no,no,,no,no,,,
Jena,09.03.2023,68,Oenothera biennis,no,no,no,,no,no,,,
Jena,09.03.2023,68,Origanum vulgare,y,y,no,,no,no,,,
Jena,09.03.2023,68,Plantago lanceolata,y,y,no,,no,no,,,
Jena,09.03.2023,68,Primula veris,no,y,no,,no,no,,,
Jena,09.03.2023,68,Salvia officinalis,no,y,no,,no,no,,,
Jena,09.03.2023,68,Sanguisorba officinalis,y,no,no,,no,no,,,
Jena,09.03.2023,68,Saponaria officinalis,y,no,no,,no,no,,,
Jena,09.03.2023,68,Solidago virgaurea,y,no,no,,no,no,,,
Jena,09.03.2023,68,Tanacetum vulgare,no,y,no,,no,no,,,
Jena,09.03.2023,68,Thymus praecox,y,no,no,,no,no,,,
Jena,09.03.2023,68,Thymus pulegioides,no,y,no,,no,no,,,
Jena,09.03.2023,68,Thymus serpyllum,no,y,no,,no,no,,,
Jena,09.03.2023,68,Trillium sessile,y,no,no,,no,no,,,
Jena,09.03.2023,68,Urtica dioica,no,y,no,,no,no,,,
Jena,09.03.2023,68,Vaccinium x intermedium,no,y,no,,no,no,,,
Jena,09.03.2023,68,Vaccinium myrtillus,y,no,no,,no,no,,,
Jena,09.03.2023,68,Humulus lupulus,y,no,no,,no,no,,,
Jena,09.03.2023,68,Leonurus cardiaca,y,no,no,,no,no,,,
Jena,09.03.2023,68,Bunias orientalis Oeko,no,no,no,,no,no,,,Steht wo?? 
Jena,14.03.2023,73,Allium ursinum,no,y,no,,no,no,,,
Jena,14.03.2023,73,Angelica archangelica,no,y,no,,no,no,,,
Jena,14.03.2023,73,Aquilegia vulgaris,y,y,no,,no,no,,,
Jena,14.03.2023,73,Arctostaphylos uva-ursi,no,no,no,,no,no,,,
Jena,14.03.2023,73,Artemisia absinthium,y,y,no,,no,no,,,
Jena,14.03.2023,73,Betonica officinalis,y,y,no,,no,no,,,
Jena,14.03.2023,73,Campanula rotundifolia,no,y,no,,no,no,,,
Jena,14.03.2023,73,Centranthus ruber,no,y,no,,no,no,,,
Jena,14.03.2023,73,Colchicum autumnale,no,y,no,,no,no,,,
Jena,14.03.2023,73,Conium maculatum,y,no,no,,no,no,,,
Jena,14.03.2023,73,Dictamnus albus,no,no,no,,no,no,,,
Jena,14.03.2023,73,Epilobium angustifolium,no,no,no,,no,no,,,
Jena,14.03.2023,73,Eranthis hyemalis,no,no,y,5,no,no,,,
Jena,14.03.2023,73,Galium odoratum,no,y,no,,no,no,,,
Jena,14.03.2023,73,Genista tinctoria,y,no,no,,no,no,,,
Jena,14.03.2023,73,Origanum vulgare,no,y,no,,no,no,,,
Jena,14.03.2023,73,Plantago lanceolata,no,y,no,,no,no,,,
Jena,14.03.2023,73,Primula veris,no,y,no,,no,no,,,
Jena,14.03.2023,73,Salvia officinalis,no,no,no,,no,no,,,
Jena,14.03.2023,73,Sanguisorba officinalis,y,no,no,,no,no,,,
Jena,14.03.2023,73,Saponaria officinalis,y,no,no,,no,no,,,
Jena,14.03.2023,73,Solidago virgaurea,y,no,no,,no,no,,,
Jena,14.03.2023,73,Tanacetum vulgare,no,y,no,,no,no,,,
Jena,14.03.2023,73,Thymus praecox,no,y,no,,no,no,,,
Jena,14.03.2023,73,Thymus pulegioides,no,y,no,,no,no,,,
Jena,14.03.2023,73,Thymus serpyllum,no,y,no,,no,no,,,
Jena,14.03.2023,73,Trillium sessile,no,no,no,,no,no,,,
Jena,14.03.2023,73,Urtica dioica,no,y,no,,no,no,,,
Jena,14.03.2023,73,Vaccinium x intermedium,no,no,no,,no,no,,,
Jena,14.03.2023,73,Vaccinium myrtillus,y,no,no,,no,no,,,
Jena,14.03.2023,73,Humulus lupulus,y,no,no,,no,no,,,
Jena,14.03.2023,73,Leonurus cardiaca,y,y,no,,no,no,,,
Jena,14.03.2023,73,Gentiana cruciata,y,no,no,,no,no,,,
Jena,14.03.2023,73,Glycyrrhiza glabra,y,no,no,,no,no,,,
Jena,14.03.2023,73,Hypericum perforatum,no,y,no,,no,no,,,
Jena,14.03.2023,73,Lathyrus vernus,no,no,no,,no,no,,,
Jena,14.03.2023,73,Lotus maritimus,y,no,no,,no,no,,,
Jena,14.03.2023,73,Oenothera biennis,no,no,no,,no,no,,,
Jena,14.03.2023,73,Bunias orientalis Oeko,y,no,no,,no,no,,,
Jena,22.03.2023,81,Allium ursinum,no,y,no,,no,no,,,
Jena,22.03.2023,81,Angelica archangelica,no,y,no,,no,no,,,
Jena,22.03.2023,81,Aquilegia vulgaris,no,y,no,,no,no,,,
Jena,22.03.2023,81,Arctostaphylos uva-ursi,no,no,no,,no,no,,,
Jena,22.03.2023,81,Artemisia absinthium,no,y,no,,no,no,,,
Jena,22.03.2023,81,Betonica officinalis,no,y,no,,no,no,,,
Jena,22.03.2023,81,Campanula rotundifolia,no,y,no,,no,no,,,
Jena,22.03.2023,81,Centranthus ruber,no,y,no,,no,no,,,
Jena,22.03.2023,81,Colchicum autumnale,no,y,no,,no,no,,,
Jena,22.03.2023,81,Conium maculatum,y,no,no,,no,no,,,
Jena,22.03.2023,81,Dictamnus albus,no,no,no,,no,no,,,
Jena,22.03.2023,81,Epilobium angustifolium,no,no,no,,no,no,,,
Jena,22.03.2023,81,Eranthis hyemalis,no,no,no,,no,no,,,
Jena,22.03.2023,81,Galium odoratum,no,y,no,,no,no,,,
Jena,22.03.2023,81,Genista tinctoria,y,no,no,,no,no,,,
Jena,22.03.2023,81,Gentiana cruciata,y,no,no,,no,no,,,
Jena,22.03.2023,81,Glycyrrhiza glabra,y,no,no,,no,no,,,
Jena,22.03.2023,81,Hypericum perforatum,no,y,no,,no,no,,,
Jena,22.03.2023,81,Lathyrus vernus,no,no,no,,no,no,,,
Jena,22.03.2023,81,Lotus maritimus,y,no,no,,no,no,,,
Jena,22.03.2023,81,Oenothera biennis,no,no,no,,no,no,,,
Jena,22.03.2023,81,Origanum vulgare,no,y,no,,no,no,,,
Jena,22.03.2023,81,Plantago lanceolata,no,y,no,,no,no,,,
Jena,22.03.2023,81,Primula veris,no,y,no,,no,no,,,
Jena,22.03.2023,81,Salvia officinalis,no,y,no,,no,no,,,
Jena,22.03.2023,81,Sanguisorba officinalis,y,no,no,,no,no,,,
Jena,22.03.2023,81,Saponaria officinalis,y,y,no,,no,no,,,
Jena,22.03.2023,81,Solidago virgaurea,y,no,no,,no,no,,,
Jena,22.03.2023,81,Tanacetum vulgare,no,y,no,,no,no,,,
Jena,22.03.2023,81,Thymus praecox,no,y,no,,no,no,,,
Jena,22.03.2023,81,Thymus pulegioides,no,y,no,,no,no,,,
Jena,22.03.2023,81,Thymus serpyllum,no,y,no,,no,no,,,
Jena,22.03.2023,81,Trillium sessile,y,y,no,,no,no,,,
Jena,22.03.2023,81,Urtica dioica,no,y,no,,no,no,,,
Jena,22.03.2023,81,Vaccinium x intermedium,no,no,no,,no,no,,,
Jena,22.03.2023,81,Vaccinium myrtillus,y,no,no,,no,no,,,
Jena,22.03.2023,81,Humulus lupulus,y,no,no,,no,no,,,
Jena,22.03.2023,81,Leonurus cardiaca,no,y,no,,no,no,,,
Jena,22.03.2023,81,Bunias orientalis Oeko,y,y,no,,no,no,,,
Jena,29.03.2023,88,Allium ursinum,no,y,no,,no,no,,,
Jena,29.03.2023,88,Epilobium angustifolium,no,no,no,,no,no,,,
Jena,29.03.2023,88,Eranthis hyemalis,no,no,no,,no,no,,,
Jena,29.03.2023,88,Galium odoratum,no,y,no,,no,no,,,
Jena,29.03.2023,88,Genista tinctoria,y,no,no,,no,no,,,
Jena,29.03.2023,88,Gentiana cruciata,y,no,no,,no,no,,,
Jena,29.03.2023,88,Glycyrrhiza glabra,y,no,no,,no,no,,,
Jena,29.03.2023,88,Hypericum perforatum,no,y,no,,no,no,,,
Jena,29.03.2023,88,Lathyrus vernus,no,no,no,,no,no,,,
Jena,29.03.2023,88,Lotus maritimus,y,no,no,,no,no,,,
Jena,29.03.2023,88,Oenothera biennis,no,no,no,,no,no,,,
Jena,29.03.2023,88,Origanum vulgare,no,y,no,,no,no,,,
Jena,29.03.2023,88,Plantago lanceolata,no,y,no,,no,no,,,
Jena,29.03.2023,88,Primula veris,no,y,y,30,no,no,,,
Jena,29.03.2023,88,Salvia officinalis,no,y,no,,no,no,,,
Jena,29.03.2023,88,Sanguisorba officinalis,no,y,no,,no,no,,,
Jena,29.03.2023,88,Saponaria officinalis,no,y,no,,no,no,,,
Jena,29.03.2023,88,Angelica archangelica,no,y,no,,no,no,,,
Jena,29.03.2023,88,Aquilegia vulgaris,no,y,no,,no,no,,,
Jena,29.03.2023,88,Arctostaphylos uva-ursi,no,no,no,,no,no,,,
Jena,29.03.2023,88,Artemisia absinthium,no,y,no,,no,no,,,
Jena,29.03.2023,88,Betonica officinalis,no,y,no,,no,no,,,
Jena,29.03.2023,88,Campanula rotundifolia,no,y,no,,no,no,,,
Jena,29.03.2023,88,Centranthus ruber,no,y,no,,no,no,,,
Jena,29.03.2023,88,Colchicum autumnale,no,y,no,,no,no,,,
Jena,29.03.2023,88,Conium maculatum,no,no,no,,no,no,,,
Jena,29.03.2023,88,Dictamnus albus,no,no,no,,no,no,,,
Jena,29.03.2023,88,Solidago virgaurea,no,y,no,,no,no,,,
Jena,29.03.2023,88,Tanacetum vulgare,no,y,no,,no,no,,,
Jena,29.03.2023,88,Thymus praecox,no,y,no,,no,no,,,
Jena,29.03.2023,88,Thymus pulegioides,no,y,no,,no,no,,,
Jena,29.03.2023,88,Thymus serpyllum,no,y,no,,no,no,,,
Jena,29.03.2023,88,Trillium sessile,no,y,no,,no,no,,,
Jena,29.03.2023,88,Urtica dioica,no,y,no,,no,no,,,
Jena,29.03.2023,88,Vaccinium x intermedium,no,no,no,,no,no,,,
Jena,29.03.2023,88,Vaccinium myrtillus,y,no,no,,no,no,,,
Jena,29.03.2023,88,Humulus lupulus,no,y,no,,no,no,,,
Jena,29.03.2023,88,Leonurus cardiaca,no,y,no,,no,no,,,
Jena,29.03.2023,88,Bunias orientalis Oeko,no,y,no,,no,no,,,
Jena,05.04.2023,95,Hypericum perforatum,no,y,no,,no,no,,,
Jena,05.04.2023,95,Lathyrus vernus,m,y,no,,no,no,,,
Jena,05.04.2023,95,Lotus maritimus,y,no,no,,no,no,,,
Jena,05.04.2023,95,Oenothera biennis,no,no,no,,no,no,,,
Jena,05.04.2023,95,Origanum vulgare,no,y,no,,no,no,,,
Jena,05.04.2023,95,Plantago lanceolata,no,y,no,,no,no,,,
Jena,05.04.2023,95,Primula veris,no,no,y,55,no,no,,,
Jena,05.04.2023,95,Salvia officinalis,no,y,no,,no,no,,,
Jena,05.04.2023,95,Sanguisorba officinalis,no,y,no,,no,no,,,
Jena,05.04.2023,95,Saponaria officinalis,no,y,no,,no,no,,,
Jena,05.04.2023,95,Solidago virgaurea,no,y,no,,no,no,,,
Jena,05.04.2023,95,Tanacetum vulgare,no,y,no,,no,no,,,
Jena,05.04.2023,95,Thymus praecox,no,y,no,,no,no,,,
Jena,05.04.2023,95,Thymus pulegioides,no,y,no,,no,no,,,
Jena,05.04.2023,95,Thymus serpyllum,no,y,no,,no,no,,,
Jena,05.04.2023,95,Trillium sessile,no,y,no,,no,no,,,
Jena,05.04.2023,95,Urtica dioica,no,y,no,,no,no,,,
Jena,05.04.2023,95,Vaccinium x intermedium,no,no,no,,no,no,,,
Jena,05.04.2023,95,Vaccinium myrtillus,y,y,no,,no,no,,,
Jena,05.04.2023,95,Humulus lupulus,no,y,no,,no,no,,,
Jena,05.04.2023,95,Leonurus cardiaca,no,y,no,,no,no,,,
Jena,05.04.2023,95,Bunias orientalis Oeko,no,y,no,,no,no,,,
Jena,05.04.2023,95,Allium ursinum,no,y,no,,no,no,,,
Jena,05.04.2023,95,Angelica archangelica,no,y,no,,no,no,,,
Jena,05.04.2023,95,Aquilegia vulgaris,no,y,no,,no,no,,,
Jena,05.04.2023,95,Arctostaphylos uva-ursi,no,no,no,,no,no,,,
Jena,05.04.2023,95,Artemisia absinthium,no,y,no,,no,no,,,
Jena,05.04.2023,95,Betonica officinalis,no,y,no,,no,no,,,
Jena,05.04.2023,95,Campanula rotundifolia,no,y,no,,no,no,,,
Jena,05.04.2023,95,Centranthus ruber,no,y,no,,no,no,,,
Jena,05.04.2023,95,Colchicum autumnale,no,no,no,,no,no,,,
Jena,05.04.2023,95,Conium maculatum,no,no,no,,no,no,,,
Jena,05.04.2023,95,Dictamnus albus,no,no,no,,no,no,,,
Jena,05.04.2023,95,Epilobium angustifolium,y,no,no,,no,no,,,
Jena,05.04.2023,95,Eranthis hyemalis,no,no,no,,no,no,,,
Jena,05.04.2023,95,Galium odoratum,no,y,no,,no,no,,,
Jena,05.04.2023,95,Genista tinctoria,no,y,no,,no,no,,,
Jena,05.04.2023,95,Gentiana cruciata,y,no,no,,no,no,,,
Jena,05.04.2023,95,Glycyrrhiza glabra,y,no,no,,no,no,,,
Jena,19.04.2023,109,Allium ursinum,no,y,no,,no,no,,,
Jena,19.04.2023,109,Angelica archangelica,no,y,no,,no,no,,,
Jena,19.04.2023,109,Aquilegia vulgaris,no,y,no,,no,no,,,
Jena,19.04.2023,109,Arctostaphylos uva-ursi,no,no,no,,no,no,,,
Jena,19.04.2023,109,Artemisia absinthium,no,y,no,,no,no,,,
Jena,19.04.2023,109,Betonica officinalis,no,y,no,,no,no,,,
Jena,19.04.2023,109,Campanula rotundifolia,no,y,no,,no,no,,,
Jena,19.04.2023,109,Centranthus ruber,no,y,no,,no,no,,,
Jena,19.04.2023,109,Colchicum autumnale,no,no,no,,no,no,,,
Jena,19.04.2023,109,Conium maculatum,no,no,no,,no,no,,,
Jena,19.04.2023,109,Dictamnus albus,y,no,no,,no,no,,,
Jena,19.04.2023,109,Epilobium angustifolium,no,y,no,,no,no,,,
Jena,19.04.2023,109,Eranthis hyemalis,no,no,no,,no,no,,,
Jena,19.04.2023,109,Galium odoratum,no,y,no,,no,no,,,
Jena,19.04.2023,109,Genista tinctoria,no,y,no,,no,no,,,
Jena,19.04.2023,109,Gentiana cruciata,no,y,no,,no,no,,,
Jena,19.04.2023,109,Glycyrrhiza glabra,y,y,no,,no,no,,,
Jena,19.04.2023,109,Hypericum perforatum,no,y,no,,no,no,,,
Jena,19.04.2023,109,Lathyrus vernus,no,y,y,30,no,no,,,
Jena,19.04.2023,109,Lotus maritimus,no,y,no,,no,no,,,
Jena,19.04.2023,109,Oenothera biennis,no,no,no,,no,no,,,
Jena,19.04.2023,109,Origanum vulgare,no,y,no,,no,no,,,
Jena,19.04.2023,109,Plantago lanceolata,no,y,no,,no,no,,,
Jena,19.04.2023,109,Primula veris,no,no,y,100,no,no,,,
Jena,19.04.2023,109,Salvia officinalis,no,y,no,,no,no,,,
Jena,19.04.2023,109,Sanguisorba officinalis,no,y,no,,no,no,,,
Jena,19.04.2023,109,Saponaria officinalis,no,y,no,,no,no,,,
Jena,19.04.2023,109,Solidago virgaurea,no,y,no,,no,no,,,
Jena,19.04.2023,109,Tanacetum vulgare,no,y,no,,no,no,,,
Jena,19.04.2023,109,Thymus praecox,no,y,no,,no,no,,,
Jena,19.04.2023,109,Thymus pulegioides,no,y,no,,no,no,,,
Jena,19.04.2023,109,Thymus serpyllum,no,y,no,,no,no,,,
Jena,19.04.2023,109,Trillium sessile,no,y,y,40,no,no,,,
Jena,19.04.2023,109,Urtica dioica,no,y,no,,no,no,,,
Jena,19.04.2023,109,Vaccinium x intermedium,no,no,no,,no,no,,,
Jena,19.04.2023,109,Vaccinium myrtillus,no,y,no,,no,no,,,
Jena,19.04.2023,109,Humulus lupulus,no,y,no,,no,no,,,
Jena,19.04.2023,109,Leonurus cardiaca,no,y,no,,no,no,,,
Jena,19.04.2023,109,Bunias orientalis Oeko,no,y,no,,no,no,,,
Jena,26.04.2023,116,Allium ursinum,no,no,y,5,no,no,,,
Jena,26.04.2023,116,Angelica archangelica,no,y,no,,no,no,,,
Jena,26.04.2023,116,Aquilegia vulgaris,no,y,no,,no,no,,,
Jena,26.04.2023,116,Arctostaphylos uva-ursi,no,no,no,,no,no,,,
Jena,26.04.2023,116,Artemisia absinthium,no,y,no,,no,no,,,
Jena,26.04.2023,116,Betonica officinalis,no,y,no,,no,no,,,
Jena,26.04.2023,116,Campanula rotundifolia,no,y,no,,no,no,,,
Jena,26.04.2023,116,Centranthus ruber,no,y,no,,no,no,,,
Jena,26.04.2023,116,Colchicum autumnale,no,no,no,,no,no,,,
Jena,26.04.2023,116,Conium maculatum,no,no,no,,no,no,,,
Jena,26.04.2023,116,Dictamnus albus,y,no,no,,no,no,,,
Jena,26.04.2023,116,Epilobium angustifolium,no,y,no,,no,no,,,
Jena,26.04.2023,116,Eranthis hyemalis,no,no,no,,no,no,,,
Jena,26.04.2023,116,Galium odoratum,no,y,no,,no,no,,,
Jena,26.04.2023,116,Genista tinctoria,no,y,no,,no,no,,,
Jena,26.04.2023,116,Gentiana cruciata,no,y,no,,no,no,,,
Jena,26.04.2023,116,Glycyrrhiza glabra,no,y,no,,no,no,,,
Jena,26.04.2023,116,Hypericum perforatum,no,y,no,,no,no,,,
Jena,26.04.2023,116,Lathyrus vernus,no,no,y,80,no,no,,,
Jena,26.04.2023,116,Lotus maritimus,no,y,no,,no,no,,,
Jena,26.04.2023,116,Oenothera biennis,no,no,no,,no,no,,,
Jena,26.04.2023,116,Origanum vulgare,no,y,no,,no,no,,,
Jena,26.04.2023,116,Plantago lanceolata,no,y,no,,no,no,,,
Jena,26.04.2023,116,Primula veris,no,no,y,100,no,no,,,
Jena,26.04.2023,116,Salvia officinalis,no,y,no,,no,no,,,
Jena,26.04.2023,116,Sanguisorba officinalis,no,y,no,,no,no,,,
Jena,26.04.2023,116,Saponaria officinalis,no,y,no,,no,no,,,
Jena,26.04.2023,116,Solidago virgaurea,no,y,no,,no,no,,,
Jena,26.04.2023,116,Tanacetum vulgare,no,y,no,,no,no,,,
Jena,26.04.2023,116,Thymus praecox,no,y,no,,no,no,,,
Jena,26.04.2023,116,Thymus pulegioides,no,y,no,,no,no,,,
Jena,26.04.2023,116,Thymus serpyllum,no,y,no,,no,no,,,
Jena,26.04.2023,116,Trillium sessile,no,y,y,60,no,no,,,
Jena,26.04.2023,116,Urtica dioica,no,y,no,,no,no,,,
Jena,26.04.2023,116,Vaccinium x intermedium,no,no,no,,no,no,,,
Jena,26.04.2023,116,Vaccinium myrtillus,no,y,no,,no,no,,,
Jena,26.04.2023,116,Humulus lupulus,no,y,no,,no,no,,,
Jena,26.04.2023,116,Leonurus cardiaca,no,y,no,,no,no,,,
Jena,26.04.2023,116,Bunias orientalis Oeko,no,y,no,,no,no,,,
Jena,03.05.2023,123,Sanguisorba officinalis,no,y,no,,no,no,,,
Jena,03.05.2023,123,Saponaria officinalis,no,y,no,,no,no,,,
Jena,03.05.2023,123,Solidago virgaurea,no,y,no,,no,no,,,
Jena,03.05.2023,123,Tanacetum vulgare,no,no,no,,no,no,,,
Jena,03.05.2023,123,Thymus praecox,no,y,no,,no,no,,,
Jena,03.05.2023,123,Allium ursinum,no,no,y,55,no,no,,,
Jena,03.05.2023,123,Angelica archangelica,no,y,no,,no,no,,,
Jena,03.05.2023,123,Aquilegia vulgaris,no,no,no,,no,no,,,
Jena,03.05.2023,123,Arctostaphylos uva-ursi,no,no,no,,no,no,,,
Jena,03.05.2023,123,Artemisia absinthium,no,y,no,,no,no,,,
Jena,03.05.2023,123,Betonica officinalis,no,y,no,,no,no,,,
Jena,03.05.2023,123,Campanula rotundifolia,no,y,no,,no,no,,,
Jena,03.05.2023,123,Centranthus ruber,no,no,no,,no,no,,,
Jena,03.05.2023,123,Colchicum autumnale,no,no,no,,no,no,,,
Jena,03.05.2023,123,Conium maculatum,no,no,no,,no,no,,,
Jena,03.05.2023,123,Dictamnus albus,y,no,no,,no,no,,,
Jena,03.05.2023,123,Epilobium angustifolium,no,y,no,,no,no,,,
Jena,03.05.2023,123,Eranthis hyemalis,no,no,no,,y,no,,,
Jena,03.05.2023,123,Galium odoratum,no,no,y,25,no,no,,,
Jena,03.05.2023,123,Genista tinctoria,no,y,no,,no,no,,,
Jena,03.05.2023,123,Gentiana cruciata,no,y,no,,no,no,,,
Jena,03.05.2023,123,Glycyrrhiza glabra,no,y,no,,no,no,,,
Jena,03.05.2023,123,Hypericum perforatum,no,y,no,,no,no,,,
Jena,03.05.2023,123,Lathyrus vernus,no,no,y,85,no,no,,,
Jena,03.05.2023,123,Lotus maritimus,no,y,no,,no,no,,,
Jena,03.05.2023,123,Oenothera biennis,no,no,no,,no,no,,,
Jena,03.05.2023,123,Origanum vulgare,no,y,no,,no,no,,,
Jena,03.05.2023,123,Plantago lanceolata,no,y,no,,no,no,,,
Jena,03.05.2023,123,Primula veris,no,no,y,75,no,no,,,
Jena,03.05.2023,123,Salvia officinalis,no,y,no,,no,no,,,
Jena,03.05.2023,123,Thymus pulegioides,no,y,no,,no,no,,,
Jena,03.05.2023,123,Thymus serpyllum,no,y,no,,no,no,,,
Jena,03.05.2023,123,Trillium sessile,no,no,y,100,no,no,,,
Jena,03.05.2023,123,Urtica dioica,no,y,no,,no,no,,,
Jena,03.05.2023,123,Vaccinium x intermedium,no,no,no,,no,no,,,
Jena,03.05.2023,123,Vaccinium myrtillus,no,y,no,,no,no,,,
Jena,03.05.2023,123,Humulus lupulus,no,y,no,,no,no,,,
Jena,03.05.2023,123,Leonurus cardiaca,no,y,no,,no,no,,,
Jena,03.05.2023,123,Bunias orientalis Oeko,no,y,no,,no,no,,,
Jena,09.05.2023,129,Hypericum perforatum,no,y,no,,no,no,,,
Jena,09.05.2023,129,Lathyrus vernus,no,no,y,70,y,no,,,
Jena,09.05.2023,129,Lotus maritimus,no,y,no,,no,no,,,
Jena,09.05.2023,129,Oenothera biennis,no,no,no,,no,no,,,Not growing? 
Jena,09.05.2023,129,Origanum vulgare,no,y,no,,no,no,,,
Jena,09.05.2023,129,Plantago lanceolata,no,y,y,30,no,no,,,
Jena,09.05.2023,129,Primula veris,no,no,y,5,no,y,5,,
Jena,09.05.2023,129,Salvia officinalis,no,y,no,,no,no,,,
Jena,09.05.2023,129,Sanguisorba officinalis,no,y,no,,no,no,,,
Jena,09.05.2023,129,Saponaria officinalis,no,y,no,,no,no,,,
Jena,09.05.2023,129,Solidago virgaurea,no,y,no,,no,no,,,Buds
Jena,09.05.2023,129,Tanacetum vulgare,no,y,no,,no,no,,,
Jena,09.05.2023,129,Thymus praecox,no,y,no,,no,no,,,
Jena,09.05.2023,129,Allium ursinum,no,no,y,95,no,no,,,
Jena,09.05.2023,129,Angelica archangelica,no,y,no,,no,no,,,
Jena,09.05.2023,129,Aquilegia vulgaris,no,no,y,20,no,no,,,
Jena,09.05.2023,129,Arctostaphylos uva-ursi,no,no,no,,no,y,15,,
Jena,09.05.2023,129,Artemisia absinthium,no,y,no,,no,no,,,
Jena,09.05.2023,129,Betonica officinalis,no,y,no,,no,no,,,
Jena,09.05.2023,129,Campanula rotundifolia,no,y,no,,no,no,,,
Jena,09.05.2023,129,Centranthus ruber,no,no,no,,no,y,20,,
Jena,09.05.2023,129,Colchicum autumnale,no,no,no,,no,no,,,
Jena,09.05.2023,129,Conium maculatum,no,no,no,,no,no,,,
Jena,09.05.2023,129,Dictamnus albus,no,y,no,,no,no,,,
Jena,09.05.2023,129,Epilobium angustifolium,no,y,no,,no,no,,,
Jena,09.05.2023,129,Eranthis hyemalis,no,no,no,,y,y,20,,
Jena,09.05.2023,129,Galium odoratum,no,no,y,90,no,no,,,
Jena,09.05.2023,129,Genista tinctoria,no,y,no,,no,no,,,
Jena,09.05.2023,129,Gentiana cruciata,no,y,no,,no,no,,,
Jena,09.05.2023,129,Glycyrrhiza glabra,no,y,no,,no,no,,,
Jena,09.05.2023,129,Thymus pulegioides,no,y,no,,no,no,,,
Jena,09.05.2023,129,Thymus serpyllum,no,y,no,,no,no,,,
Jena,09.05.2023,129,Trillium sessile,no,no,y,100,no,no,,,
Jena,09.05.2023,129,Urtica dioica,no,y,no,,no,no,,,
Jena,09.05.2023,129,Vaccinium x intermedium,no,y,no,,no,no,,,
Jena,09.05.2023,129,Vaccinium myrtillus,no,y,no,,no,no,,,
Jena,09.05.2023,129,Humulus lupulus,no,y,no,,no,no,,,
Jena,09.05.2023,129,Leonurus cardiaca,no,y,no,,no,no,,,
Jena,09.05.2023,129,Bunias orientalis Oeko,no,y,y,5,no,no,,,
Jena,17.05.2023,137,Allium ursinum,no,no,y,95,no,no,,,
Jena,17.05.2023,137,Angelica archangelica,no,y,no,,no,no,,,
Jena,17.05.2023,137,Tanacetum vulgare,no,y,no,,no,no,,,
Jena,17.05.2023,137,Thymus praecox,no,y,no,,no,no,,,
Jena,17.05.2023,137,Thymus pulegioides,no,y,no,,no,no,,,
Jena,17.05.2023,137,Aquilegia vulgaris,no,no,y,20,no,no,,,
Jena,17.05.2023,137,Arctostaphylos uva-ursi,no,no,no,,no,y,15,,
Jena,17.05.2023,137,Artemisia absinthium,no,no,no,,no,no,,,
Jena,17.05.2023,137,Betonica officinalis,no,y,no,,no,no,,,
Jena,17.05.2023,137,Campanula rotundifolia,no,y,no,,no,no,,,
Jena,17.05.2023,137,Centranthus ruber,no,no,no,,no,no,,,
Jena,17.05.2023,137,Colchicum autumnale,no,no,no,,no,no,,,
Jena,17.05.2023,137,Conium maculatum,no,no,no,,no,no,,,
Jena,17.05.2023,137,Dictamnus albus,no,y,no,,no,no,,,
Jena,17.05.2023,137,Epilobium angustifolium,no,y,no,,no,no,,,
Jena,17.05.2023,137,Eranthis hyemalis,no,no,no,,y,y,50,,
Jena,17.05.2023,137,Galium odoratum,no,no,y,95,no,no,,,
Jena,17.05.2023,137,Genista tinctoria,no,y,no,,no,no,,,
Jena,17.05.2023,137,Gentiana cruciata,no,y,no,,no,no,,,
Jena,17.05.2023,137,Glycyrrhiza glabra,no,y,no,,no,no,,,
Jena,17.05.2023,137,Hypericum perforatum,no,no,no,,no,no,,,
Jena,17.05.2023,137,Lathyrus vernus,no,no,y,70,y,no,,,
Jena,17.05.2023,137,Lotus maritimus,no,y,no,,no,no,,,
Jena,17.05.2023,137,Oenothera biennis,no,no,no,,no,no,,,
Jena,17.05.2023,137,Origanum vulgare,no,y,no,,no,no,,,
Jena,17.05.2023,137,Plantago lanceolata,no,no,no,,no,no,,,
Jena,17.05.2023,137,Primula veris,no,no,no,,no,y,5,,
Jena,17.05.2023,137,Salvia officinalis,no,y,no,,no,no,,,
Jena,17.05.2023,137,Sanguisorba officinalis,no,y,no,,no,no,,,
Jena,17.05.2023,137,Saponaria officinalis,no,y,no,,no,no,,,
Jena,17.05.2023,137,Solidago virgaurea,no,y,y,5,no,no,,,
Jena,17.05.2023,137,Thymus serpyllum,no,y,no,,no,no,,,
Jena,17.05.2023,137,Trillium sessile,no,no,y,70,no,no,,,
Jena,17.05.2023,137,Urtica dioica,no,no,no,,no,no,,,
Jena,17.05.2023,137,Vaccinium x intermedium,no,y,no,,no,no,,,
Jena,17.05.2023,137,Vaccinium myrtillus,no,y,no,,no,no,,,
Jena,17.05.2023,137,Humulus lupulus,no,y,no,,no,no,,,
Jena,17.05.2023,137,Leonurus cardiaca,no,y,no,,no,no,,,
Jena,17.05.2023,137,Bunias orientalis Oeko,no,no,y,45,no,no,,,
Jena,24.05.2023,144,Aquilegia vulgaris,no,no,y,80,no,no,,,
Jena,24.05.2023,144,Arctostaphylos uva-ursi,no,no,no,,no,y,20,,
Jena,24.05.2023,144,Artemisia absinthium,no,no,no,,no,no,,,
Jena,24.05.2023,144,Betonica officinalis,no,y,no,,no,no,,,
Jena,24.05.2023,144,Campanula rotundifolia,no,y,no,,no,no,,,Buds
Jena,24.05.2023,144,Centranthus ruber,no,no,no,,no,no,,,Flowers soon
Jena,24.05.2023,144,Colchicum autumnale,no,no,no,,no,no,,,
Jena,24.05.2023,144,Conium maculatum,no,no,no,,no,no,,,
Jena,24.05.2023,144,Allium ursinum,no,no,y,5,no,no,,,
Jena,24.05.2023,144,Angelica archangelica,no,y,no,,no,no,,,
Jena,24.05.2023,144,Dictamnus albus,no,y,no,,no,no,,,Buds
Jena,24.05.2023,144,Epilobium angustifolium,no,y,no,,no,no,,,
Jena,24.05.2023,144,Eranthis hyemalis,no,no,no,,y,y,95,,
Jena,24.05.2023,144,Galium odoratum,no,no,y,50,no,no,,,
Jena,24.05.2023,144,Genista tinctoria,no,y,no,,no,no,,,
Jena,24.05.2023,144,Gentiana cruciata,no,y,no,,no,no,,,
Jena,24.05.2023,144,Glycyrrhiza glabra,no,y,no,,no,no,,,
Jena,24.05.2023,144,Hypericum perforatum,no,no,no,,no,no,,,
Jena,24.05.2023,144,Lathyrus vernus,no,no,no,,y,no,,,
Jena,24.05.2023,144,Lotus maritimus,no,y,y,5,no,no,,,
Jena,24.05.2023,144,Oenothera biennis,no,no,no,,no,no,,,
Jena,24.05.2023,144,Origanum vulgare,no,y,no,,no,no,,,
Jena,24.05.2023,144,Plantago lanceolata,no,no,y,50,no,no,,,
Jena,24.05.2023,144,Primula veris,no,no,no,,no,y,15,,
Jena,24.05.2023,144,Salvia officinalis,no,y,y,15,no,no,,,
Jena,24.05.2023,144,Sanguisorba officinalis,no,y,no,,no,no,,,
Jena,24.05.2023,144,Saponaria officinalis,no,y,no,,no,no,,,
Jena,24.05.2023,144,Solidago virgaurea,no,y,y,50,no,no,,,
Jena,24.05.2023,144,Tanacetum vulgare,no,y,no,,no,no,,,
Jena,24.05.2023,144,Thymus praecox,no,y,no,,no,no,,,
Jena,24.05.2023,144,Thymus pulegioides,no,y,no,,no,no,,,
Jena,24.05.2023,144,Thymus serpyllum,no,y,no,,no,no,,,
Jena,24.05.2023,144,Trillium sessile,no,no,y,60,no,no,,,
Jena,24.05.2023,144,Urtica dioica,no,no,no,,no,no,,,
Jena,24.05.2023,144,Vaccinium x intermedium,no,y,no,,no,no,,,
Jena,24.05.2023,144,Vaccinium myrtillus,no,y,no,,no,no,,,
Jena,24.05.2023,144,Humulus lupulus,no,y,no,,no,no,,,
Jena,24.05.2023,144,Leonurus cardiaca,no,y,no,,no,no,,,
Jena,24.05.2023,144,Bunias orientalis Oeko,no,no,y,60,no,no,,,
Jena,31.05.2023,151,Allium ursinum,no,no,no,,no,no,,,
Jena,31.05.2023,151,Angelica archangelica,no,y,no,,no,no,,,
Jena,31.05.2023,151,Aquilegia vulgaris,no,no,y,80,no,no,,,
Jena,31.05.2023,151,Arctostaphylos uva-ursi,no,no,no,,no,y,20,,
Jena,31.05.2023,151,Artemisia absinthium,no,no,no,,no,no,,,
Jena,31.05.2023,151,Betonica officinalis,no,y,no,,no,no,,,
Jena,31.05.2023,151,Campanula rotundifolia,no,no,y,75,no,no,,,
Jena,31.05.2023,151,Centranthus ruber,no,no,y,65,no,no,,,
Jena,31.05.2023,151,Colchicum autumnale,no,no,no,,no,y,10,,
Jena,31.05.2023,151,Conium maculatum,no,no,no,,no,no,,,
Jena,31.05.2023,151,Dictamnus albus,no,y,no,,no,no,,,
Jena,31.05.2023,151,Epilobium angustifolium,no,y,no,,no,no,,,
Jena,31.05.2023,151,Eranthis hyemalis,no,no,no,,y,y,100,,
Jena,31.05.2023,151,Galium odoratum,no,no,y,40,no,no,,,
Jena,31.05.2023,151,Genista tinctoria,no,y,no,,no,no,,,
Jena,31.05.2023,151,Gentiana cruciata,no,y,no,,no,no,,,
Jena,31.05.2023,151,Glycyrrhiza glabra,no,y,no,,no,no,,,
Jena,31.05.2023,151,Hypericum perforatum,no,no,no,,no,no,,,
Jena,31.05.2023,151,Lathyrus vernus,no,no,no,,y,no,,,
Jena,31.05.2023,151,Lotus maritimus,no,y,y,5,no,no,,,
Jena,31.05.2023,151,Oenothera biennis,no,no,no,,no,no,,,
Jena,31.05.2023,151,Origanum vulgare,no,y,no,,no,no,,,
Jena,31.05.2023,151,Plantago lanceolata,no,no,y,30,no,no,,,
Jena,31.05.2023,151,Primula veris,no,no,no,,no,y,15,,
Jena,31.05.2023,151,Salvia officinalis,no,y,y,15,no,no,,,
Jena,31.05.2023,151,Sanguisorba officinalis,no,y,no,,no,no,,,
Jena,31.05.2023,151,Saponaria officinalis,no,y,no,,no,no,,,
Jena,31.05.2023,151,Solidago virgaurea,no,no,y,85,no,no,,,
Jena,31.05.2023,151,Tanacetum vulgare,no,y,no,,no,no,,,
Jena,31.05.2023,151,Thymus praecox,no,y,no,,no,no,,,
Jena,31.05.2023,151,Thymus pulegioides,no,y,no,,no,no,,,
Jena,31.05.2023,151,Thymus serpyllum,no,y,no,,no,no,,,
Jena,31.05.2023,151,Trillium sessile,no,no,y,20,no,no,,,
Jena,31.05.2023,151,Urtica dioica,no,no,no,,no,no,,,
Jena,31.05.2023,151,Vaccinium x intermedium,no,y,no,,no,no,,,
Jena,31.05.2023,151,Vaccinium myrtillus,no,y,no,,no,no,,,
Jena,31.05.2023,151,Humulus lupulus,no,y,no,,no,no,,,
Jena,31.05.2023,151,Leonurus cardiaca,no,y,no,,no,no,,,
Jena,31.05.2023,151,Bunias orientalis Oeko,no,no,y,50,no,no,,,
Jena,06.06.2023,157,Allium ursinum,no,no,no,,y,y,20,,
Jena,06.06.2023,157,Angelica archangelica,no,y,no,,no,no,,,
Jena,06.06.2023,157,Aquilegia vulgaris,no,no,y,20,no,no,,,
Jena,06.06.2023,157,Arctostaphylos uva-ursi,no,no,no,,no,y,20,,
Jena,06.06.2023,157,Artemisia absinthium,no,no,no,,no,no,,,
Jena,06.06.2023,157,Betonica officinalis,no,y,no,,no,no,,,Buds
Jena,06.06.2023,157,Campanula rotundifolia,no,no,y,80,no,no,,,
Jena,06.06.2023,157,Centranthus ruber,no,no,y,80,no,no,,,
Jena,06.06.2023,157,Colchicum autumnale,no,no,no,,no,y,25,,
Jena,06.06.2023,157,Conium maculatum,no,no,no,,no,no,,,
Jena,06.06.2023,157,Dictamnus albus,no,y,y,50,no,no,,,
Jena,06.06.2023,157,Epilobium angustifolium,no,y,no,,no,no,,,Buds
Jena,06.06.2023,157,Eranthis hyemalis,no,no,no,,no,y,100,,
Jena,06.06.2023,157,Galium odoratum,no,no,y,5,no,y,5,,
Jena,06.06.2023,157,Genista tinctoria,no,y,no,,no,no,,,
Jena,06.06.2023,157,Gentiana cruciata,no,y,no,,no,no,,,
Jena,06.06.2023,157,Glycyrrhiza glabra,no,y,no,,no,no,,,
Jena,06.06.2023,157,Hypericum perforatum,no,no,no,,no,no,,,
Jena,06.06.2023,157,Lathyrus vernus,no,no,no,,y,no,,,
Jena,06.06.2023,157,Lotus maritimus,no,y,y,50,no,no,,,
Jena,06.06.2023,157,Oenothera biennis,no,no,no,,no,no,,,nur Keimlinge
Jena,06.06.2023,157,Thymus pulegioides,no,y,no,,no,no,,,
Jena,06.06.2023,157,Thymus serpyllum,no,y,no,,no,no,,,
Jena,06.06.2023,157,Trillium sessile,no,no,no,,no,no,,,Viele verblüht
Jena,06.06.2023,157,Urtica dioica,no,no,no,,no,y,5,,
Jena,06.06.2023,157,Vaccinium x intermedium,no,y,no,,no,no,,,
Jena,06.06.2023,157,Vaccinium myrtillus,no,y,no,,no,no,,,
Jena,06.06.2023,157,Humulus lupulus,no,y,no,,no,no,,,
Jena,06.06.2023,157,Leonurus cardiaca,no,y,y,5,no,no,,,
Jena,06.06.2023,157,Bunias orientalis Oeko,no,no,y,50,no,no,,,Intensity nicht so hoch da viele Blüten schon verblüht
Jena,06.06.2023,157,Origanum vulgare,no,y,no,,no,no,,,
Jena,06.06.2023,157,Plantago lanceolata,no,no,y,40,no,no,,,
Jena,06.06.2023,157,Primula veris,no,no,no,,no,y,30,,
Jena,06.06.2023,157,Salvia officinalis,no,y,y,25,no,no,,,
Jena,06.06.2023,157,Sanguisorba officinalis,no,no,y,10,no,no,,,
Jena,06.06.2023,157,Saponaria officinalis,no,y,no,,no,no,,,
Jena,06.06.2023,157,Solidago virgaurea,no,no,y,70,no,no,,,
Jena,06.06.2023,157,Tanacetum vulgare,no,y,no,,no,no,,,
Jena,06.06.2023,157,Thymus praecox,no,y,no,,no,no,,,
Jena,14.06.2023,165,Allium ursinum,no,no,no,,y,y,20,,
Jena,14.06.2023,165,Angelica archangelica,no,no,no,,no,y,5,,
Jena,14.06.2023,165,Aquilegia vulgaris,no,no,y,5,no,no,,,
Jena,14.06.2023,165,Arctostaphylos uva-ursi,y,y,no,,no,no,,,
Jena,14.06.2023,165,Artemisia absinthium,no,no,no,,no,y,5,,
Jena,14.06.2023,165,Betonica officinalis,no,no,no,,no,no,,,
Jena,14.06.2023,165,Campanula rotundifolia,no,no,y,10,no,no,,,
Jena,14.06.2023,165,Centranthus ruber,no,no,y,90,no,no,,,
Jena,14.06.2023,165,Colchicum autumnale,no,no,no,,no,y,70,,
Jena,14.06.2023,165,Conium maculatum,no,no,no,,no,no,,,Entfernt
Jena,14.06.2023,165,Dictamnus albus,no,no,y,25,no,no,,,
Jena,14.06.2023,165,Epilobium angustifolium,no,no,y,5,no,y,5,,
Jena,14.06.2023,165,Eranthis hyemalis,no,no,no,,no,y,100,,
Jena,14.06.2023,165,Galium odoratum,no,no,no,,no,y,10,,
Jena,14.06.2023,165,Genista tinctoria,no,no,y,15,no,no,,,
Jena,14.06.2023,165,Gentiana cruciata,no,no,no,,no,no,,,
Jena,14.06.2023,165,Glycyrrhiza glabra,no,no,no,,no,no,,,
Jena,14.06.2023,165,Hypericum perforatum,no,no,no,,no,no,,,
Jena,14.06.2023,165,Lathyrus vernus,no,no,no,,no,no,,,
Jena,14.06.2023,165,Lotus maritimus,no,no,y,5,no,no,,,
Jena,14.06.2023,165,Oenothera biennis,no,no,no,,no,no,,,
Jena,14.06.2023,165,Origanum vulgare,no,no,no,,no,no,,,
Jena,14.06.2023,165,Plantago lanceolata,no,no,y,15,no,no,,,
Jena,14.06.2023,165,Primula veris,no,no,no,,no,y,40,,
Jena,14.06.2023,165,Salvia officinalis,no,no,y,30,no,y,5,,
Jena,14.06.2023,165,Sanguisorba officinalis,no,no,y,25,no,y,10,,
Jena,14.06.2023,165,Saponaria officinalis,no,no,no,,no,no,,,
Jena,14.06.2023,165,Solidago virgaurea,no,no,y,10,no,no,,,
Jena,14.06.2023,165,Tanacetum vulgare,no,no,no,,no,no,,,
Jena,14.06.2023,165,Thymus praecox,no,no,no,,no,no,,,
Jena,14.06.2023,165,Thymus pulegioides,no,no,no,,no,no,,,
Jena,14.06.2023,165,Thymus serpyllum,no,no,no,,no,no,,,
Jena,14.06.2023,165,Trillium sessile,no,no,no,,no,y,10,,
Jena,14.06.2023,165,Urtica dioica,no,no,no,,no,y,10,,
Jena,14.06.2023,165,Vaccinium x intermedium,no,no,no,,no,no,,,
Jena,14.06.2023,165,Vaccinium myrtillus,no,no,no,,no,no,,,
Jena,14.06.2023,165,Humulus lupulus,no,no,no,,no,y,5,,
Jena,14.06.2023,165,Leonurus cardiaca,no,no,y,20,no,no,,,
Jena,14.06.2023,165,Bunias orientalis Oeko,no,no,y,15,no,no,,,
Jena,21.06.2023,172,Allium ursinum,no,no,no,,y,y,30,,
Jena,21.06.2023,172,Angelica archangelica,no,no,no,,no,y,5,,
Jena,21.06.2023,172,Aquilegia vulgaris,no,no,no,,no,no,,,
Jena,21.06.2023,172,Arctostaphylos uva-ursi,no,y,no,,no,no,,,
Jena,21.06.2023,172,Artemisia absinthium,no,no,no,,no,y,5,,
Jena,21.06.2023,172,Betonica officinalis,no,no,no,,no,no,,,
Jena,21.06.2023,172,Campanula rotundifolia,no,no,y,5,no,no,,,
Jena,21.06.2023,172,Centranthus ruber,no,no,y,80,no,no,,,
Jena,21.06.2023,172,Plantago lanceolata,no,no,y,5,y,no,,,
Jena,21.06.2023,172,Primula veris,no,no,no,,no,y,40,,
Jena,21.06.2023,172,Salvia officinalis,no,no,y,5,no,no,,,
Jena,21.06.2023,172,Sanguisorba officinalis,no,no,y,80,no,no,,,
Jena,21.06.2023,172,Saponaria officinalis,no,no,no,,no,no,,,
Jena,21.06.2023,172,Solidago virgaurea,no,no,y,5,no,no,,,
Jena,21.06.2023,172,Tanacetum vulgare,no,no,no,,no,no,,,
Jena,21.06.2023,172,Thymus praecox,no,no,no,,no,no,,,
Jena,21.06.2023,172,Colchicum autumnale,no,no,no,,no,y,90,,
Jena,21.06.2023,172,Conium maculatum,no,no,no,,no,no,,,Entfernt
Jena,21.06.2023,172,Dictamnus albus,no,no,no,,no,no,,,
Jena,21.06.2023,172,Epilobium angustifolium,no,no,y,15,no,y,15,,
Jena,21.06.2023,172,Eranthis hyemalis,no,no,no,,no,y,100,,
Jena,21.06.2023,172,Galium odoratum,no,no,no,,y,y,10,,
Jena,21.06.2023,172,Genista tinctoria,no,no,y,30,no,no,,,
Jena,21.06.2023,172,Gentiana cruciata,no,no,no,,no,no,,,
Jena,21.06.2023,172,Glycyrrhiza glabra,no,no,no,,no,no,,,
Jena,21.06.2023,172,Hypericum perforatum,no,no,y,15,no,no,,,
Jena,21.06.2023,172,Lathyrus vernus,no,no,no,,no,no,,,
Jena,21.06.2023,172,Lotus maritimus,no,no,no,,no,no,,,
Jena,21.06.2023,172,Oenothera biennis,no,no,no,,no,no,,,
Jena,21.06.2023,172,Origanum vulgare,no,no,no,,no,no,,,
Jena,21.06.2023,172,Thymus pulegioides,no,no,no,,no,no,,,
Jena,21.06.2023,172,Thymus serpyllum,no,no,no,,no,no,,,
Jena,21.06.2023,172,Trillium sessile,no,no,no,,no,y,15,,
Jena,21.06.2023,172,Urtica dioica,no,no,no,,y,y,10,,
Jena,21.06.2023,172,Vaccinium x intermedium,no,no,no,,no,no,,,
Jena,21.06.2023,172,Vaccinium myrtillus,no,no,no,,no,no,,,
Jena,21.06.2023,172,Humulus lupulus,no,no,no,,no,y,5,,
Jena,21.06.2023,172,Leonurus cardiaca,no,no,y,70,no,no,,,
Jena,21.06.2023,172,Bunias orientalis Oeko,no,no,y,5,no,no,,,
Jena,28.06.2023,179,Allium ursinum,no,no,no,,y,y,40,,
Jena,28.06.2023,179,Angelica archangelica,no,no,no,,no,y,5,,
Jena,28.06.2023,179,Aquilegia vulgaris,no,no,no,,no,no,,,
Jena,28.06.2023,179,Arctostaphylos uva-ursi,no,y,no,,no,no,,,
Jena,28.06.2023,179,Artemisia absinthium,no,no,no,,no,y,5,,
Jena,28.06.2023,179,Betonica officinalis,no,no,no,,no,no,,,
Jena,28.06.2023,179,Campanula rotundifolia,no,no,y,30,no,no,,,
Jena,28.06.2023,179,Centranthus ruber,no,no,y,80,no,no,,,
Jena,28.06.2023,179,Colchicum autumnale,no,no,no,,no,y,100,,
Jena,28.06.2023,179,Conium maculatum,no,no,no,,no,no,,,
Jena,28.06.2023,179,Dictamnus albus,no,no,no,,no,no,,,
Jena,28.06.2023,179,Epilobium angustifolium,no,no,y,25,no,y,15,,
Jena,28.06.2023,179,Eranthis hyemalis,no,no,no,,no,y,100,,
Jena,28.06.2023,179,Galium odoratum,no,no,no,,y,y,10,,
Jena,28.06.2023,179,Genista tinctoria,no,no,y,60,no,no,,,
Jena,28.06.2023,179,Gentiana cruciata,no,no,no,,no,no,,,
Jena,28.06.2023,179,Glycyrrhiza glabra,no,no,no,,no,no,,,
Jena,28.06.2023,179,Hypericum perforatum,no,no,y,55,no,no,,,
Jena,28.06.2023,179,Lathyrus vernus,no,no,no,,no,no,,,
Jena,28.06.2023,179,Lotus maritimus,no,no,no,,no,no,,,
Jena,28.06.2023,179,Oenothera biennis,no,no,no,,no,no,,,
Jena,28.06.2023,179,Origanum vulgare,no,no,y,5,no,no,,,
Jena,28.06.2023,179,Plantago lanceolata,no,no,y,5,y,no,,,
Jena,28.06.2023,179,Primula veris,no,no,no,,no,y,40,,
Jena,28.06.2023,179,Salvia officinalis,no,no,no,,no,no,,,
Jena,28.06.2023,179,Sanguisorba officinalis,no,no,y,80,no,no,,,
Jena,28.06.2023,179,Saponaria officinalis,no,no,no,,no,no,,,
Jena,28.06.2023,179,Solidago virgaurea,no,no,no,,no,no,,,
Jena,28.06.2023,179,Tanacetum vulgare,no,no,no,,no,no,,,
Jena,28.06.2023,179,Thymus praecox,no,no,y,5,no,no,,,
Jena,28.06.2023,179,Thymus pulegioides,no,no,no,,no,no,,,
Jena,28.06.2023,179,Thymus serpyllum,no,no,no,,no,no,,,
Jena,28.06.2023,179,Trillium sessile,no,no,no,,no,y,20,,
Jena,28.06.2023,179,Urtica dioica,no,no,no,,y,y,10,,
Jena,28.06.2023,179,Vaccinium x intermedium,no,no,no,,no,no,,,
Jena,28.06.2023,179,Vaccinium myrtillus,no,no,no,,no,no,,,
Jena,28.06.2023,179,Humulus lupulus,no,no,no,,no,no,,,
Jena,28.06.2023,179,Leonurus cardiaca,no,no,no,,no,no,,,
Jena,28.06.2023,179,Bunias orientalis Oeko,no,no,no,,no,no,,,
Jena,05.07.2023,186,Allium ursinum,no,no,no,,y,y,40,,
Jena,05.07.2023,186,Angelica archangelica,no,no,no,,no,no,,,
Jena,05.07.2023,186,Aquilegia vulgaris,no,no,no,,y,no,,,
Jena,05.07.2023,186,Arctostaphylos uva-ursi,no,y,no,,no,no,,,
Jena,05.07.2023,186,Artemisia absinthium,no,no,no,,no,y,5,,
Jena,05.07.2023,186,Betonica officinalis,no,no,no,,no,no,,,
Jena,05.07.2023,186,Campanula rotundifolia,no,no,y,55,no,no,,,
Jena,05.07.2023,186,Centranthus ruber,no,no,y,5,no,no,,,
Jena,05.07.2023,186,Colchicum autumnale,no,no,no,,no,y,100,,
Jena,05.07.2023,186,Conium maculatum,no,no,no,,no,no,,,
Jena,05.07.2023,186,Dictamnus albus,no,no,no,,no,no,,,
Jena,05.07.2023,186,Epilobium angustifolium,no,no,y,5,no,y,15,,
Jena,05.07.2023,186,Eranthis hyemalis,no,no,no,,no,y,100,,
Jena,05.07.2023,186,Galium odoratum,no,no,no,,y,y,15,,
Jena,05.07.2023,186,Genista tinctoria,no,no,y,40,no,no,,,
Jena,05.07.2023,186,Gentiana cruciata,no,no,no,,no,no,,,
Jena,05.07.2023,186,Glycyrrhiza glabra,no,no,y,5,no,no,,,
Jena,05.07.2023,186,Hypericum perforatum,no,no,y,55,no,no,,,
Jena,05.07.2023,186,Lathyrus vernus,no,no,no,,no,no,,,
Jena,05.07.2023,186,Lotus maritimus,no,no,y,10,no,no,,,
Jena,05.07.2023,186,Oenothera biennis,no,no,no,,no,no,,,
Jena,05.07.2023,186,Origanum vulgare,no,no,y,65,no,no,,,
Jena,05.07.2023,186,Plantago lanceolata,no,no,y,5,y,no,,,
Jena,05.07.2023,186,Primula veris,no,no,no,,no,y,50,,
Jena,05.07.2023,186,Salvia officinalis,no,no,no,,no,no,,,
Jena,05.07.2023,186,Sanguisorba officinalis,no,no,y,80,no,no,,,
Jena,05.07.2023,186,Saponaria officinalis,no,no,y,30,no,no,,,
Jena,05.07.2023,186,Solidago virgaurea,no,no,no,,no,no,,,
Jena,05.07.2023,186,Tanacetum vulgare,no,no,no,,no,no,,,
Jena,05.07.2023,186,Thymus praecox,no,no,y,65,no,no,,,
Jena,05.07.2023,186,Thymus pulegioides,no,no,y,5,no,no,,,
Jena,05.07.2023,186,Thymus serpyllum,no,no,no,,no,no,,,
Jena,05.07.2023,186,Trillium sessile,no,no,no,,no,y,20,,
Jena,05.07.2023,186,Urtica dioica,no,no,no,,y,y,10,,
Jena,05.07.2023,186,Vaccinium x intermedium,no,no,no,,no,no,,,
Jena,05.07.2023,186,Vaccinium myrtillus,no,no,no,,no,no,,,
Jena,05.07.2023,186,Humulus lupulus,no,no,no,,no,no,,,
Jena,05.07.2023,186,Leonurus cardiaca,no,no,y,10,no,no,,,
Jena,05.07.2023,186,Bunias orientalis Oeko,no,no,no,,no,no,,,
Jena,11.07.2023,192,Allium ursinum,no,no,no,,y,y,60,,
Jena,11.07.2023,192,Angelica archangelica,no,no,no,,no,no,,,
Jena,11.07.2023,192,Aquilegia vulgaris,no,no,no,,y,y,5,,
Jena,11.07.2023,192,Arctostaphylos uva-ursi,no,no,no,,no,no,,,
Jena,11.07.2023,192,Artemisia absinthium,no,no,no,,no,y,10,,
Jena,11.07.2023,192,Betonica officinalis,no,no,y,90,no,no,,,
Jena,11.07.2023,192,Campanula rotundifolia,no,no,y,25,no,no,,,
Jena,11.07.2023,192,Centranthus ruber,no,no,y,5,no,no,,,
Jena,11.07.2023,192,Colchicum autumnale,no,no,no,,no,y,100,,
Jena,11.07.2023,192,Conium maculatum,no,no,no,,no,no,,,
Jena,11.07.2023,192,Dictamnus albus,no,no,no,,no,no,,,
Jena,11.07.2023,192,Epilobium angustifolium,no,no,y,10,no,y,15,,
Jena,11.07.2023,192,Eranthis hyemalis,no,no,no,,no,y,100,,
Jena,11.07.2023,192,Galium odoratum,no,no,no,,y,y,20,,
Jena,11.07.2023,192,Genista tinctoria,no,no,y,10,no,no,,,Fruechte bald reif
Jena,11.07.2023,192,Gentiana cruciata,no,no,no,,no,no,,,Fruechte bald reif
Jena,11.07.2023,192,Glycyrrhiza glabra,no,y,no,,no,no,,,
Jena,11.07.2023,192,Hypericum perforatum,no,no,y,40,no,no,,,
Jena,11.07.2023,192,Lathyrus vernus,no,no,no,,no,no,,,
Jena,11.07.2023,192,Lotus maritimus,no,no,y,5,u,no,,,
Jena,11.07.2023,192,Oenothera biennis,no,no,no,,no,no,,,
Jena,11.07.2023,192,Origanum vulgare,no,no,y,50,no,no,,,
Jena,11.07.2023,192,Plantago lanceolata,no,no,y,5,y,no,,,
Jena,11.07.2023,192,Primula veris,no,no,no,,no,y,75,,
Jena,11.07.2023,192,Salvia officinalis,no,no,no,,no,no,,,
Jena,11.07.2023,192,Sanguisorba officinalis,no,no,y,20,y,no,,,
Jena,11.07.2023,192,Saponaria officinalis,no,no,y,60,no,no,,,
Jena,11.07.2023,192,Solidago virgaurea,no,no,no,,no,y,5,,
Jena,11.07.2023,192,Tanacetum vulgare,no,no,no,,no,no,,,Knospen
Jena,11.07.2023,192,Thymus praecox,no,no,y,50,no,no,,,
Jena,11.07.2023,192,Thymus pulegioides,no,no,y,10,no,no,,,
Jena,11.07.2023,192,Thymus serpyllum,no,no,y,50,no,no,,,
Jena,11.07.2023,192,Trillium sessile,no,no,no,,no,y,25,,
Jena,11.07.2023,192,Urtica dioica,no,no,no,,y,y,10,,
Jena,11.07.2023,192,Vaccinium x intermedium,no,no,no,,no,no,,,Sieht nicht gut aus
Jena,11.07.2023,192,Vaccinium myrtillus,no,no,no,,no,no,,,
Jena,11.07.2023,192,Humulus lupulus,no,y,no,,no,no,,,Knospen
Jena,11.07.2023,192,Leonurus cardiaca,no,no,y,10,no,no,,,Fruechte bald reif
Jena,11.07.2023,192,Bunias orientalis Oeko,no,no,no,,no,y,5,,
Jena,19.07.2023,200,Allium ursinum,no,no,no,,y,y,65,,
Jena,19.07.2023,200,Angelica archangelica,no,no,no,,no,no,,,
Jena,19.07.2023,200,Aquilegia vulgaris,no,no,no,,y,y,5,,
Jena,19.07.2023,200,Arctostaphylos uva-ursi,no,no,no,,no,no,,,
Jena,19.07.2023,200,Artemisia absinthium,no,no,no,,no,y,10,,
Jena,19.07.2023,200,Betonica officinalis,no,no,y,90,no,no,,,
Jena,19.07.2023,200,Campanula rotundifolia,no,no,y,25,no,no,,,
Jena,19.07.2023,200,Centranthus ruber,no,no,y,5,no,no,,,
Jena,19.07.2023,200,Colchicum autumnale,no,no,no,,no,y,100,,
Jena,19.07.2023,200,Conium maculatum,no,no,no,,no,no,,,
Jena,19.07.2023,200,Dictamnus albus,no,no,no,,no,no,,,
Jena,19.07.2023,200,Epilobium angustifolium,no,no,no,,no,y,15,,
Jena,19.07.2023,200,Eranthis hyemalis,no,no,no,,no,y,100,,
Jena,19.07.2023,200,Galium odoratum,no,no,no,,y,y,20,,
Jena,19.07.2023,200,Genista tinctoria,no,no,no,,no,no,,,
Jena,19.07.2023,200,Gentiana cruciata,no,no,y,5,no,no,,,
Jena,19.07.2023,200,Glycyrrhiza glabra,no,no,no,,no,no,,,
Jena,19.07.2023,200,Hypericum perforatum,no,no,no,,no,no,,,
Jena,19.07.2023,200,Lathyrus vernus,no,no,no,,no,no,,,
Jena,19.07.2023,200,Lotus maritimus,no,no,no,,u,no,,,
Jena,19.07.2023,200,Oenothera biennis,no,no,no,,no,no,,,
Jena,19.07.2023,200,Origanum vulgare,no,no,y,50,no,no,,,
Jena,19.07.2023,200,Plantago lanceolata,no,no,no,,y,no,,,
Jena,19.07.2023,200,Primula veris,no,no,no,,no,y,75,,
Jena,19.07.2023,200,Salvia officinalis,no,no,no,,no,no,,,
Jena,19.07.2023,200,Sanguisorba officinalis,no,no,no,,y,no,,,
Jena,19.07.2023,200,Saponaria officinalis,no,no,y,60,no,no,,,
Jena,19.07.2023,200,Solidago virgaurea,no,no,no,,no,y,5,,
Jena,19.07.2023,200,Tanacetum vulgare,no,no,no,,no,no,,,
Jena,19.07.2023,200,Thymus praecox,no,no,y,50,no,no,,,
Jena,19.07.2023,200,Thymus pulegioides,no,no,y,10,no,no,,,
Jena,19.07.2023,200,Thymus serpyllum,no,no,y,50,no,no,,,
Jena,19.07.2023,200,Trillium sessile,no,no,no,,no,y,5,,
Jena,19.07.2023,200,Urtica dioica,no,no,no,,y,y,10,,
Jena,19.07.2023,200,Vaccinium x intermedium,no,no,no,,no,no,,,
Jena,19.07.2023,200,Vaccinium myrtillus,no,no,no,,no,no,,,
Jena,19.07.2023,200,Humulus lupulus,no,y,no,,no,no,,,
Jena,19.07.2023,200,Leonurus cardiaca,no,no,no,,no,y,5,,
Jena,19.07.2023,200,Bunias orientalis Oeko,no,no,no,,no,y,5,,
Jena,26.07.2023,207,Origanum vulgare,no,no,y,65,no,no,,,
Jena,26.07.2023,207,Plantago lanceolata,no,no,no,,y,y,5,,
Jena,26.07.2023,207,Allium ursinum,no,no,no,,no,no,,,
Jena,26.07.2023,207,Angelica archangelica,no,no,no,,no,no,,,
Jena,26.07.2023,207,Aquilegia vulgaris,no,no,y,5,no,no,,,
Jena,26.07.2023,207,Arctostaphylos uva-ursi,no,no,no,,no,no,,,
Jena,26.07.2023,207,Artemisia absinthium,no,no,no,,no,no,,,
Jena,26.07.2023,207,Betonica officinalis,no,no,y,90,no,no,,,
Jena,26.07.2023,207,Campanula rotundifolia,no,no,y,25,no,no,,,
Jena,26.07.2023,207,Centranthus ruber,no,no,no,,no,no,,,
Jena,26.07.2023,207,Colchicum autumnale,no,no,no,,no,y,100,,
Jena,26.07.2023,207,Conium maculatum,no,no,no,,no,no,,,
Jena,26.07.2023,207,Dictamnus albus,no,no,no,,no,no,,,
Jena,26.07.2023,207,Epilobium angustifolium,no,no,no,,no,y,15,,
Jena,26.07.2023,207,Eranthis hyemalis,no,no,no,,no,y,100,,
Jena,26.07.2023,207,Galium odoratum,no,no,no,,y,y,20,,
Jena,26.07.2023,207,Genista tinctoria,no,no,no,,no,no,,,
Jena,26.07.2023,207,Gentiana cruciata,no,no,y,5,no,no,,,
Jena,26.07.2023,207,Glycyrrhiza glabra,no,no,no,,no,no,,,
Jena,26.07.2023,207,Hypericum perforatum,no,no,no,,no,no,,,
Jena,26.07.2023,207,Lathyrus vernus,no,no,no,,no,no,,,
Jena,26.07.2023,207,Lotus maritimus,no,no,no,,u,no,,,
Jena,26.07.2023,207,Oenothera biennis,no,no,no,,no,no,,,
Jena,26.07.2023,207,Primula veris,no,no,no,,no,y,75,,
Jena,26.07.2023,207,Salvia officinalis,no,no,no,,no,no,,,
Jena,26.07.2023,207,Sanguisorba officinalis,no,no,no,,no,no,,,
Jena,26.07.2023,207,Saponaria officinalis,no,no,y,60,no,no,,,
Jena,26.07.2023,207,Solidago virgaurea,no,no,no,,no,y,5,,
Jena,26.07.2023,207,Tanacetum vulgare,no,no,no,,no,no,,,
Jena,26.07.2023,207,Thymus praecox,no,no,y,60,no,no,,,
Jena,26.07.2023,207,Thymus pulegioides,no,no,y,50,no,no,,,
Jena,26.07.2023,207,Thymus serpyllum,no,no,y,50,no,no,,,
Jena,26.07.2023,207,Trillium sessile,no,no,no,,no,y,15,,
Jena,26.07.2023,207,Urtica dioica,no,no,no,,y,y,10,,
Jena,26.07.2023,207,Vaccinium x intermedium,no,no,no,,no,no,,,
Jena,26.07.2023,207,Vaccinium myrtillus,no,no,no,,no,no,,,
Jena,26.07.2023,207,Humulus lupulus,no,y,no,,no,no,,,
Jena,26.07.2023,207,Leonurus cardiaca,no,no,no,,no,y,5,,
Jena,26.07.2023,207,Bunias orientalis Oeko,no,no,no,,no,y,5,,
Jena,02.08.2023,214,Allium ursinum,no,no,no,,no,no,,,
Jena,02.08.2023,214,Angelica archangelica,no,no,no,,no,no,,,
Jena,02.08.2023,214,Aquilegia vulgaris,no,no,no,,no,no,,,
Jena,02.08.2023,214,Arctostaphylos uva-ursi,no,no,no,,no,no,,,
Jena,02.08.2023,214,Artemisia absinthium,no,no,no,,no,y,5,,
Jena,02.08.2023,214,Solidago virgaurea,no,no,no,,no,no,,,
Jena,02.08.2023,214,Tanacetum vulgare,no,no,y,70,no,no,,,
Jena,02.08.2023,214,Thymus praecox,no,no,y,60,no,no,,,
Jena,02.08.2023,214,Thymus pulegioides,no,no,y,20,no,no,,,
Jena,02.08.2023,214,Betonica officinalis,no,no,y,35,no,no,,,
Jena,02.08.2023,214,Campanula rotundifolia,no,no,y,25,no,no,,,
Jena,02.08.2023,214,Centranthus ruber,no,no,no,,no,no,,,
Jena,02.08.2023,214,Colchicum autumnale,no,no,no,,no,y,100,,
Jena,02.08.2023,214,Conium maculatum,no,no,no,,no,no,,,
Jena,02.08.2023,214,Dictamnus albus,no,no,no,,no,no,,,
Jena,02.08.2023,214,Epilobium angustifolium,no,no,no,,no,y,20,,
Jena,02.08.2023,214,Eranthis hyemalis,no,no,no,,no,y,100,,
Jena,02.08.2023,214,Galium odoratum,no,no,no,,y,y,20,,
Jena,02.08.2023,214,Genista tinctoria,no,no,no,,no,y,5,,
Jena,02.08.2023,214,Gentiana cruciata,no,no,no,,no,no,,,
Jena,02.08.2023,214,Glycyrrhiza glabra,no,no,no,,no,no,,,
Jena,02.08.2023,214,Hypericum perforatum,no,no,no,,no,no,,,
Jena,02.08.2023,214,Lathyrus vernus,no,no,no,,no,no,,,
Jena,02.08.2023,214,Lotus maritimus,no,no,no,,no,no,,,
Jena,02.08.2023,214,Oenothera biennis,no,no,no,,no,no,,,
Jena,02.08.2023,214,Origanum vulgare,no,no,y,20,no,no,,,
Jena,02.08.2023,214,Plantago lanceolata,no,no,no,,y,y,15,,
Jena,02.08.2023,214,Primula veris,no,no,no,,no,y,75,cut partly,
Jena,02.08.2023,214,Salvia officinalis,no,no,no,,no,no,,,
Jena,02.08.2023,214,Sanguisorba officinalis,no,no,no,,no,no,,,
Jena,02.08.2023,214,Saponaria officinalis,no,no,y,60,no,y,5,,
Jena,02.08.2023,214,Thymus serpyllum,no,no,y,15,no,no,,,
Jena,02.08.2023,214,Trillium sessile,no,no,no,,no,y,35,,
Jena,02.08.2023,214,Urtica dioica,no,no,no,,y,y,15,,
Jena,02.08.2023,214,Vaccinium x intermedium,no,no,no,,no,y,20,,
Jena,02.08.2023,214,Vaccinium myrtillus,no,no,no,,no,y,5,,
Jena,02.08.2023,214,Humulus lupulus,no,no,u,,no,no,,,
Jena,02.08.2023,214,Leonurus cardiaca,no,no,no,,no,y,10,,
Jena,02.08.2023,214,Bunias orientalis Oeko,no,no,no,,no,y,20,,
Jena,09.08.2023,221,Thymus praecox,no,no,y,10,no,no,,,
Jena,09.08.2023,221,Thymus pulegioides,no,no,y,5,no,no,,,
Jena,09.08.2023,221,Thymus serpyllum,no,no,y,15,no,no,,,
Jena,09.08.2023,221,Trillium sessile,no,no,no,,no,y,55,,
Jena,09.08.2023,221,Urtica dioica,no,no,no,,y,y,20,,
Jena,09.08.2023,221,Vaccinium x intermedium,no,no,no,,no,y,20,,
Jena,09.08.2023,221,Vaccinium myrtillus,no,no,no,,no,y,10,,
Jena,09.08.2023,221,Humulus lupulus,no,no,u,,no,no,,,
Jena,09.08.2023,221,Leonurus cardiaca,no,no,no,,no,y,10,,
Jena,09.08.2023,221,Bunias orientalis Oeko,no,no,no,,no,y,50,,
Jena,09.08.2023,221,Allium ursinum,no,no,no,,no,no,,,
Jena,09.08.2023,221,Angelica archangelica,no,no,no,,no,no,,,
Jena,09.08.2023,221,Aquilegia vulgaris,no,no,no,,no,no,,,
Jena,09.08.2023,221,Arctostaphylos uva-ursi,no,no,no,,no,no,,,
Jena,09.08.2023,221,Artemisia absinthium,no,no,no,,no,y,10,,
Jena,09.08.2023,221,Betonica officinalis,no,no,y,35,no,no,,,
Jena,09.08.2023,221,Campanula rotundifolia,no,no,y,25,no,no,,,
Jena,09.08.2023,221,Centranthus ruber,no,no,y,10,no,no,,,
Jena,09.08.2023,221,Colchicum autumnale,no,no,no,,no,y,100,,
Jena,09.08.2023,221,Conium maculatum,no,no,no,,no,no,,,
Jena,09.08.2023,221,Dictamnus albus,no,no,no,,no,no,,,
Jena,09.08.2023,221,Epilobium angustifolium,no,no,no,,no,y,20,,
Jena,09.08.2023,221,Eranthis hyemalis,no,no,no,,no,y,100,,
Jena,09.08.2023,221,Galium odoratum,no,no,no,,y,y,20,,
Jena,09.08.2023,221,Genista tinctoria,no,no,no,,no,y,10,,
Jena,09.08.2023,221,Gentiana cruciata,no,no,no,,no,no,,,
Jena,09.08.2023,221,Glycyrrhiza glabra,no,no,no,,no,no,,,
Jena,09.08.2023,221,Hypericum perforatum,no,no,no,,no,no,,,
Jena,09.08.2023,221,Lathyrus vernus,no,no,no,,no,no,,,
Jena,09.08.2023,221,Lotus maritimus,no,no,no,,no,no,,,
Jena,09.08.2023,221,Oenothera biennis,no,no,no,,no,no,,,
Jena,09.08.2023,221,Origanum vulgare,no,no,y,5,no,no,,,
Jena,09.08.2023,221,Plantago lanceolata,no,no,no,,y,y,15,,
Jena,09.08.2023,221,Primula veris,no,no,no,,no,y,75,cut partly,
Jena,09.08.2023,221,Salvia officinalis,no,no,no,,no,no,,,
Jena,09.08.2023,221,Sanguisorba officinalis,no,no,no,,no,y,5,,
Jena,09.08.2023,221,Saponaria officinalis,no,no,y,40,no,y,5,,
Jena,09.08.2023,221,Solidago virgaurea,no,no,no,,no,no,,,
Jena,09.08.2023,221,Tanacetum vulgare,no,no,y,65,no,no,,,
Jena,16.08.2023,228,Allium ursinum,no,no,no,,no,no,,,
Jena,16.08.2023,228,Angelica archangelica,no,no,no,,no,no,,,
Jena,16.08.2023,228,Aquilegia vulgaris,no,no,no,,no,no,,,
Jena,16.08.2023,228,Arctostaphylos uva-ursi,no,no,no,,no,no,,,
Jena,16.08.2023,228,Artemisia absinthium,no,no,no,,no,y,10,,
Jena,16.08.2023,228,Betonica officinalis,no,no,y,5,no,no,,,
Jena,16.08.2023,228,Campanula rotundifolia,no,no,y,10,no,no,,,
Jena,16.08.2023,228,Centranthus ruber,no,no,y,5,no,no,,,
Jena,16.08.2023,228,Colchicum autumnale,no,no,no,,no,y,100,,
Jena,16.08.2023,228,Conium maculatum,no,no,no,,no,no,,,
Jena,16.08.2023,228,Dictamnus albus,no,no,no,,no,no,,,
Jena,16.08.2023,228,Epilobium angustifolium,no,no,no,,no,y,20,,
Jena,16.08.2023,228,Eranthis hyemalis,no,no,no,,no,y,100,,
Jena,16.08.2023,228,Galium odoratum,no,no,no,,y,y,30,,
Jena,16.08.2023,228,Genista tinctoria,no,no,no,,no,y,20,,
Jena,16.08.2023,228,Gentiana cruciata,no,no,no,,no,no,,,
Jena,16.08.2023,228,Glycyrrhiza glabra,no,no,no,,no,y,10,,
Jena,16.08.2023,228,Hypericum perforatum,no,no,no,,no,no,,,
Jena,16.08.2023,228,Lathyrus vernus,no,no,no,,no,no,,,
Jena,16.08.2023,228,Lotus maritimus,no,no,no,,no,no,,,
Jena,16.08.2023,228,Oenothera biennis,no,no,no,,no,no,,,
Jena,16.08.2023,228,Origanum vulgare,no,no,y,5,no,no,,,
Jena,16.08.2023,228,Plantago lanceolata,no,no,no,,y,y,15,,
Jena,16.08.2023,228,Primula veris,no,y,no,,no,y,15,cut partly,
Jena,16.08.2023,228,Salvia officinalis,no,no,no,,no,no,,,
Jena,16.08.2023,228,Sanguisorba officinalis,no,no,no,,no,y,10,,
Jena,16.08.2023,228,Saponaria officinalis,no,no,y,25,no,y,20,,
Jena,16.08.2023,228,Solidago virgaurea,no,no,no,,no,no,,,
Jena,16.08.2023,228,Tanacetum vulgare,no,no,y,50,no,y,15,,
Jena,16.08.2023,228,Thymus praecox,no,no,y,5,no,no,,,
Jena,16.08.2023,228,Thymus pulegioides,no,no,y,5,no,no,,,
Jena,16.08.2023,228,Thymus serpyllum,no,no,y,15,no,no,,,
Jena,16.08.2023,228,Trillium sessile,no,no,no,,no,y,60,,
Jena,16.08.2023,228,Urtica dioica,no,no,no,,y,y,20,,
Jena,16.08.2023,228,Vaccinium x intermedium,no,no,no,,no,y,40,,
Jena,16.08.2023,228,Vaccinium myrtillus,no,no,no,,no,y,20,,
Jena,16.08.2023,228,Humulus lupulus,no,no,y,50,no,no,,,
Jena,16.08.2023,228,Leonurus cardiaca,no,no,no,,no,y,10,,
Jena,16.08.2023,228,Bunias orientalis Oeko,no,no,no,,no,y,55,,
Jena,23.08.2023,235,Allium ursinum,no,no,no,,no,no,,,
Jena,23.08.2023,235,Angelica archangelica,no,no,no,,no,no,,,
Jena,23.08.2023,235,Aquilegia vulgaris,no,no,no,,no,y,15,,
Jena,23.08.2023,235,Arctostaphylos uva-ursi,no,no,no,,no,y,10,,
Jena,23.08.2023,235,Artemisia absinthium,no,no,no,,no,y,15,,
Jena,23.08.2023,235,Betonica officinalis,no,no,no,,y,no,,,
Jena,23.08.2023,235,Campanula rotundifolia,no,no,y,15,y,y,40,,
Jena,23.08.2023,235,Centranthus ruber,no,no,y,5,y,y,10,,
Jena,23.08.2023,235,Colchicum autumnale,y,no,no,,no,y,100,,
Jena,23.08.2023,235,Conium maculatum,no,no,no,,no,no,,,
Jena,23.08.2023,235,Dictamnus albus,no,no,no,,no,no,,,
Jena,23.08.2023,235,Epilobium angustifolium,no,no,no,,y,y,20,,
Jena,23.08.2023,235,Eranthis hyemalis,no,no,no,,no,y,100,,
Jena,23.08.2023,235,Galium odoratum,no,no,no,,y,y,40,,
Jena,23.08.2023,235,Genista tinctoria,no,no,no,,y,y,10,,
Jena,23.08.2023,235,Gentiana cruciata,no,no,no,,y,y,20,,
Jena,23.08.2023,235,Glycyrrhiza glabra,no,no,no,,no,no,,,
Jena,23.08.2023,235,Hypericum perforatum,no,no,no,,y,no,,,
Jena,23.08.2023,235,Lathyrus vernus,no,no,no,,no,no,,,
Jena,23.08.2023,235,Lotus maritimus,no,y,no,,y,no,,,
Jena,23.08.2023,235,Oenothera biennis,no,no,no,,no,no,,,
Jena,23.08.2023,235,Origanum vulgare,no,no,no,,y,y,10,,
Jena,23.08.2023,235,Plantago lanceolata,no,no,no,,y,y,20,,
Jena,23.08.2023,235,Primula veris,no,no,no,,no,y,75,cut partly,
Jena,23.08.2023,235,Salvia officinalis,no,no,no,,no,no,,,
Jena,23.08.2023,235,Sanguisorba officinalis,no,no,no,,y,y,5,,
Jena,23.08.2023,235,Saponaria officinalis,no,no,y,15,y,y,15,,
Jena,23.08.2023,235,Solidago virgaurea,no,no,no,,y,no,,,
Jena,23.08.2023,235,Tanacetum vulgare,no,no,y,20,y,y,25,,
Jena,23.08.2023,235,Thymus praecox,no,no,no,,y,no,,,
Jena,23.08.2023,235,Thymus pulegioides,no,no,y,5,y,no,,,
Jena,23.08.2023,235,Thymus serpyllum,no,no,y,10,no,no,,,
Jena,23.08.2023,235,Trillium sessile,no,no,no,,no,y,100,,
Jena,23.08.2023,235,Urtica dioica,no,no,no,,y,y,30,,
Jena,23.08.2023,235,Vaccinium x intermedium,no,no,no,,no,y,50,,
Jena,23.08.2023,235,Vaccinium myrtillus,no,no,no,,no,y,20,,
Jena,23.08.2023,235,Humulus lupulus,no,no,y,50,no,no,,,
Jena,23.08.2023,235,Leonurus cardiaca,no,no,no,,y,y,10,,
Jena,23.08.2023,235,Bunias orientalis Oeko,no,no,no,,y,y,50,,
Jena,30.08.2023,242,Bunias orientalis Oeko,no,no,no,,y,y,50,,
Jena,30.08.2023,242,Hypericum perforatum,no,no,no,,y,no,,,
Jena,30.08.2023,242,Lathyrus vernus,no,no,no,,no,y,5,,
Jena,30.08.2023,242,Lotus maritimus,no,no,no,,y,no,,,
Jena,30.08.2023,242,Oenothera biennis,no,no,no,,no,no,,,
Jena,30.08.2023,242,Origanum vulgare,no,no,no,,y,y,5,,
Jena,30.08.2023,242,Plantago lanceolata,no,no,no,,y,y,20,,
Jena,30.08.2023,242,Primula veris,no,y,no,,no,y,10,,
Jena,30.08.2023,242,Salvia officinalis,no,y,no,,no,y,5,,
Jena,30.08.2023,242,Sanguisorba officinalis,no,no,no,,y,y,10,,
Jena,30.08.2023,242,Saponaria officinalis,no,no,y,10,no,y,20,,
Jena,30.08.2023,242,Solidago virgaurea,no,no,no,,y,no,,,
Jena,30.08.2023,242,Tanacetum vulgare,no,no,y,10,y,y,30,,
Jena,30.08.2023,242,Thymus praecox,no,no,no,,y,no,,,
Jena,30.08.2023,242,Thymus pulegioides,no,no,no,,y,no,,,
Jena,30.08.2023,242,Thymus serpyllum,no,no,y,5,no,no,,,
Jena,30.08.2023,242,Trillium sessile,no,no,no,,no,y,100,,
Jena,30.08.2023,242,Urtica dioica,no,no,no,,y,y,30,,
Jena,30.08.2023,242,Vaccinium x intermedium,no,no,no,,no,y,80,,
Jena,30.08.2023,242,Vaccinium myrtillus,no,no,no,,no,y,25,,
Jena,30.08.2023,242,Humulus lupulus,no,no,y,60,no,y,10,,
Jena,30.08.2023,242,Leonurus cardiaca,no,no,no,,y,y,10,,
Jena,30.08.2023,242,Allium ursinum,no,no,no,,no,no,,,
Jena,30.08.2023,242,Angelica archangelica,no,no,no,,no,y,5,,
Jena,30.08.2023,242,Aquilegia vulgaris,no,no,no,,no,y,20,,
Jena,30.08.2023,242,Arctostaphylos uva-ursi,no,no,no,,no,y,10,,
Jena,30.08.2023,242,Artemisia absinthium,no,no,no,,no,y,20,,
Jena,30.08.2023,242,Betonica officinalis,no,no,no,,y,no,,,
Jena,30.08.2023,242,Campanula rotundifolia,no,no,y,5,y,y,80,,
Jena,30.08.2023,242,Centranthus ruber,no,no,no,,y,y,10,,
Jena,30.08.2023,242,Colchicum autumnale,y,no,y,5,no,no,,,
Jena,30.08.2023,242,Conium maculatum,no,no,no,,no,no,,,
Jena,30.08.2023,242,Dictamnus albus,no,no,no,,no,y,10,,
Jena,30.08.2023,242,Epilobium angustifolium,no,no,no,,y,y,45,,
Jena,30.08.2023,242,Eranthis hyemalis,no,no,no,,no,y,100,,
Jena,30.08.2023,242,Galium odoratum,no,no,no,,y,y,50,,
Jena,30.08.2023,242,Genista tinctoria,no,no,no,,y,y,10,,
Jena,30.08.2023,242,Gentiana cruciata,no,no,no,,y,y,40,,
Jena,30.08.2023,242,Glycyrrhiza glabra,no,no,no,,y,y,5,,