Botanical_garden,Species,Number_unique_spp,Replicate,Compatibility,Reference_compatibility_level,Aut_selfing_qualitative,Selfing_fruit_number,Selfing_seed_number,Source
Leipzig,Cyclamen coum,1,1,Self_compatible,Bot_garden,high,NA,NA,Bot_garden
Leipzig,Cyclamen coum,1,2,Self_compatible,Bot_garden,high,NA,NA,Bot_garden
Leipzig,Cyclamen coum,1,3,Self_compatible,Bot_garden,high,NA,NA,Bot_garden
Leipzig,Tussilago farfara,2,1,Self_incompatible,https://doi.org/10.1127/0006-8152/2003/0124-0273,none,0,0,Literature
Leipzig,Helleborus foetidus,3,1,Partially_self_compatible,https://doi.org/10.1080/11263500012331358464,medium,0,0,Bot_garden
Leipzig,Helleborus foetidus,3,2,Partially_self_compatible,https://doi.org/10.1080/11263500012331358464,medium,1,18,Bot_garden
Leipzig,Helleborus foetidus,3,3,Partially_self_compatible,https://doi.org/10.1080/11263500012331358464,medium,1,6,Bot_garden
Leipzig,Helleborus foetidus,3,4,Partially_self_compatible,https://doi.org/10.1080/11263500012331358464,medium,1,20,Bot_garden
Leipzig,Helleborus foetidus,3,5,Partially_self_compatible,https://doi.org/10.1080/11263500012331358464,medium,0,0,Bot_garden
Leipzig,Helleborus foetidus,3,6,Partially_self_compatible,https://doi.org/10.1080/11263500012331358464,medium,0,0,Bot_garden
Leipzig,Helleborus foetidus,3,7,Partially_self_compatible,https://doi.org/10.1080/11263500012331358464,medium,1,12,Bot_garden
Leipzig,Scopolia carniolica,4,1,Partially_self_compatible,http://dx.doi.org/10.5586/asbp.3486,none,0,0,Bot_garden
Leipzig,Scopolia carniolica,4,2,Partially_self_compatible,http://dx.doi.org/10.5586/asbp.3486,none,0,0,Bot_garden
Leipzig,Scopolia carniolica,4,3,Partially_self_compatible,http://dx.doi.org/10.5586/asbp.3486,none,0,0,Bot_garden
Leipzig,Scopolia carniolica,4,4,Partially_self_compatible,http://dx.doi.org/10.5586/asbp.3486,none,0,0,Bot_garden
Leipzig,Scopolia carniolica,4,5,Partially_self_compatible,http://dx.doi.org/10.5586/asbp.3486,none,0,0,Bot_garden
Leipzig,Scopolia carniolica,4,6,Partially_self_compatible,http://dx.doi.org/10.5586/asbp.3486,none,0,0,Bot_garden
Leipzig,Scopolia carniolica,4,7,Partially_self_compatible,http://dx.doi.org/10.5586/asbp.3486,none,0,0,Bot_garden
Leipzig,Scopolia carniolica,4,8,Partially_self_compatible,http://dx.doi.org/10.5586/asbp.3486,none,0,0,Bot_garden
Leipzig,Vinca minor,5,1,Self_incompatible,Bot_garden,none,0,0,Bot_garden
Leipzig,Vinca minor,5,2,Self_incompatible,Bot_garden,none,0,0,Bot_garden
Leipzig,Vinca minor,5,3,Self_incompatible,Bot_garden,none,0,0,Bot_garden
Leipzig,Vinca minor,5,4,Self_incompatible,Bot_garden,none,0,0,Bot_garden
Leipzig,Vinca minor,5,5,Self_incompatible,Bot_garden,none,0,0,Bot_garden
Halle,Viola odorata,6,1,Self_compatible,"Banasinska, A., & Kuta, E. (1996). Allogamy in Viola odorata L. Acta Biologica Cracoviensia. Series Botanica, (38).",medium,1,7,Bot_garden_&_Literature
Halle,Viola odorata,6,2,Self_compatible,"Banasinska, A., & Kuta, E. (1996). Allogamy in Viola odorata L. Acta Biologica Cracoviensia. Series Botanica, (38).",medium,0,0,Bot_garden_&_Literature
Halle,Puschkinia scilloides,7,,Partially_self_compatible,https://doi.org/10.1111/evo.13501,low,NA,NA,Literature_family_level
Jena,Hepatica nobilis,8,1,Self_compatible,"Kameoka et al., 2019 Bull. Natl. Mus. Nat. Sci., Ser. B, 45(1), pp. 17–27; https://naturalist-club.org/wp-content/uploads/2017/02/Hepatica-Hepatica-nobilis.pdf",high,NA,NA,Literature
Jena,Primula denticulata,9,1,Self_incompatible,Bot_garden,none,0,0,Bot_garden
Jena,Primula denticulata,9,2,Self_incompatible,Bot_garden,none,0,0,Bot_garden
Jena,Primula denticulata,9,3,Self_incompatible,Bot_garden,none,0,0,Bot_garden
Jena,Primula denticulata,9,4,Self_incompatible,Bot_garden,none,0,0,Bot_garden
Jena,Primula denticulata,9,5,Self_incompatible,Bot_garden,none,0,0,Bot_garden
Jena,Primula denticulata,9,6,Self_incompatible,Bot_garden,none,0,0,Bot_garden
Jena,Primula denticulata,9,7,Self_incompatible,Bot_garden,none,0,0,Bot_garden
Jena,Primula denticulata,9,8,Self_incompatible,Bot_garden,none,0,0,Bot_garden
Jena,Primula denticulata,9,9,Self_incompatible,Bot_garden,none,0,0,Bot_garden
Jena,Primula denticulata,9,10,Self_incompatible,Bot_garden,none,0,0,Bot_garden
Jena,Primula denticulata,9,11,Self_incompatible,Bot_garden,none,0,0,Bot_garden
Jena,Primula denticulata,9,12,Self_incompatible,Bot_garden,none,0,0,Bot_garden
Jena,Primula denticulata,9,13,Self_incompatible,Bot_garden,none,0,0,Bot_garden
Jena,Primula denticulata,9,14,Self_incompatible,Bot_garden,none,0,0,Bot_garden
Jena,Primula denticulata,9,15,Self_incompatible,Bot_garden,none,0,0,Bot_garden
Leipzig,Pulsatilla vulgaris,10,2,Self_compatible,https://doi.org/10.2307/2258467,none,0,0,Bot_garden
Leipzig,Pulsatilla vulgaris,10,3,Self_compatible,https://doi.org/10.2307/2258467,none,0,0,Bot_garden
Leipzig,Pulsatilla vulgaris,10,4,Self_compatible,https://doi.org/10.2307/2258467,none,0,0,Bot_garden
Leipzig,Pulsatilla vulgaris,10,5,Self_compatible,https://doi.org/10.2307/2258467,none,0,0,Bot_garden
Leipzig,Pulsatilla vulgaris,10,6,Self_compatible,https://doi.org/10.2307/2258467,none,0,0,Bot_garden
Leipzig,Pulsatilla vulgaris,10,7,Self_compatible,https://doi.org/10.2307/2258467,none,0,0,Bot_garden
Leipzig,Pulsatilla vulgaris,10,8,Self_compatible,https://doi.org/10.2307/2258467,none,0,0,Bot_garden
Leipzig,Iberis sempervirens,11,1,Self_incompatible,Bot_garden,none,0,0,Bot_garden
Leipzig,Iberis sempervirens,11,2,Self_incompatible,Bot_garden,none,0,0,Bot_garden
Leipzig,Iberis sempervirens,11,3,Self_incompatible,Bot_garden,none,0,0,Bot_garden
Leipzig,Iberis sempervirens,11,4,Self_incompatible,Bot_garden,none,0,0,Bot_garden
Leipzig,Iberis sempervirens,11,5,Self_incompatible,Bot_garden,none,0,0,Bot_garden
Leipzig,Iberis sempervirens,11,6,Self_incompatible,Bot_garden,none,0,0,Bot_garden
Leipzig,Iberis sempervirens,11,7,Self_incompatible,Bot_garden,none,0,0,Bot_garden
Leipzig,Iberis sempervirens,11,8,Self_incompatible,Bot_garden,none,0,0,Bot_garden
Leipzig,Iberis sempervirens,11,9,Self_incompatible,Bot_garden,none,0,0,Bot_garden
Leipzig,Iberis sempervirens,11,10,Self_incompatible,Bot_garden,none,0,0,Bot_garden
Halle,Narcissus pseudonarcissus,12,1,Self_incompatible,https://doi.org/10.1038/sj.hdy.6800441,none,0,0,Literature
Halle,Lathyrus vernus,13,1,Self_compatible,https://doi.org/10.2307/3545307,none,0,0,Bot_garden
Halle,Lathyrus vernus,13,2,Self_compatible,https://doi.org/10.2307/3545307,none,0,0,Bot_garden
Halle,Lathyrus vernus,13,3,Self_compatible,https://doi.org/10.2307/3545307,none,0,0,Bot_garden
Halle,Lathyrus vernus,13,4,Self_compatible,https://doi.org/10.2307/3545307,none,0,0,Bot_garden
Halle,Lathyrus vernus,13,5,Self_compatible,https://doi.org/10.2307/3545307,none,0,0,Bot_garden
Halle,Lathyrus vernus,13,6,Self_compatible,https://doi.org/10.2307/3545307,none,0,0,Bot_garden
Halle,Lathyrus vernus,13,7,Self_compatible,https://doi.org/10.2307/3545307,none,0,0,Bot_garden
Halle,Lathyrus vernus,13,8,Self_compatible,https://doi.org/10.2307/3545307,none,0,0,Bot_garden
Halle,Lathyrus vernus,13,9,Self_compatible,https://doi.org/10.2307/3545307,none,0,0,Bot_garden
Halle,Lathyrus vernus,13,10,Self_compatible,https://doi.org/10.2307/3545307,none,0,0,Bot_garden
Halle,Lathyrus vernus,13,11,Self_compatible,https://doi.org/10.2307/3545307,none,0,0,Bot_garden
Halle,Lathyrus vernus,13,12,Self_compatible,https://doi.org/10.2307/3545307,none,0,0,Bot_garden
Halle,Lathyrus vernus,13,13,Self_compatible,https://doi.org/10.2307/3545307,none,0,0,Bot_garden
Halle,Lathyrus vernus,13,14,Self_compatible,https://doi.org/10.2307/3545307,none,0,0,Bot_garden
Halle,Lathyrus vernus,13,15,Self_compatible,https://doi.org/10.2307/3545307,none,0,0,Bot_garden
Jena,Anemonoides nemorosa,14,1,Self_incompatible,https://doi.org/10.1111/plb.13702,none,0,0,Literature_genus_level
Leipzig,Primula veris,15,1,Self_incompatible,Bot_garden,none,0,0,Bot_garden
Leipzig,Primula veris,15,2,Self_incompatible,Bot_garden,none,0,0,Bot_garden
Leipzig,Primula veris,15,3,Self_incompatible,Bot_garden,none,0,0,Bot_garden
Leipzig,Primula veris,15,4,Self_incompatible,Bot_garden,none,0,0,Bot_garden
Leipzig,Primula veris,15,5,Self_incompatible,Bot_garden,none,0,0,Bot_garden
Leipzig,Primula veris,15,6,Self_incompatible,Bot_garden,none,0,0,Bot_garden
Leipzig,Primula veris,15,7,Self_incompatible,Bot_garden,none,0,0,Bot_garden
Leipzig,Primula veris,15,8,Self_incompatible,Bot_garden,none,0,0,Bot_garden
Leipzig,Primula veris,15,9,Self_incompatible,Bot_garden,none,0,0,Bot_garden
Leipzig,Primula veris,15,10,Self_incompatible,Bot_garden,none,0,0,Bot_garden
Leipzig,Caltha palustris,16,1,Partially_self_compatible,https://doi.org/10.1111/j.1601-5223.1992.tb00168.x,medium,1,21,Bot_garden
Leipzig,Caltha palustris,16,2,Partially_self_compatible,https://doi.org/10.1111/j.1601-5223.1992.tb00168.x,medium,1,4,Bot_garden
Leipzig,Caltha palustris,16,3,Partially_self_compatible,https://doi.org/10.1111/j.1601-5223.1992.tb00168.x,medium,0,0,Bot_garden
Leipzig,Caltha palustris,16,4,Partially_self_compatible,https://doi.org/10.1111/j.1601-5223.1992.tb00168.x,medium,1,14,Bot_garden
Leipzig,Caltha palustris,16,5,Partially_self_compatible,https://doi.org/10.1111/j.1601-5223.1992.tb00168.x,medium,0,0,Bot_garden
Halle,Tulipa sylvestris,17,1,Self_incompatible,Bot_garden,none,0,0,Bot_garden
Halle,Tulipa sylvestris,17,2,Self_incompatible,Bot_garden,none,0,0,Bot_garden
Halle,Tulipa sylvestris,17,3,Self_incompatible,Bot_garden,none,0,0,Bot_garden
Halle,Tulipa sylvestris,17,4,Self_incompatible,Bot_garden,none,0,0,Bot_garden
Halle,Tulipa sylvestris,17,5,Self_incompatible,Bot_garden,none,0,0,Bot_garden
Leipzig,Trillium sessile,18,1,Self_compatible,https://doi.org/10.1111/j.1442-1984.1990.tb00194.x,high,NA,NA,Literature_genus_level
Halle,Oxalis acetosella,19,1,Self_compatible,https://doi.org/10.1016/S1146-609X(00)00118-1,none,0,0,Bot_garden
Halle,Oxalis acetosella,19,2,Self_compatible,https://doi.org/10.1016/S1146-609X(00)00118-1,none,0,0,Bot_garden
Halle,Silene viscaria,20,1,Self_compatible,https://doi.org/10.1093/aob/mcv078,none,0,0,Bot_garden
Halle,Silene viscaria,20,2,Self_compatible,https://doi.org/10.1093/aob/mcv078,none,0,0,Bot_garden
Halle,Silene viscaria,20,3,Self_compatible,https://doi.org/10.1093/aob/mcv078,none,0,0,Bot_garden
Halle,Silene viscaria,20,4,Self_compatible,https://doi.org/10.1093/aob/mcv078,none,0,0,Bot_garden
Halle,Silene viscaria,20,5,Self_compatible,https://doi.org/10.1093/aob/mcv078,none,0,0,Bot_garden
Halle,Silene viscaria,20,6,Self_compatible,https://doi.org/10.1093/aob/mcv078,none,0,0,Bot_garden
Halle,Silene viscaria,20,7,Self_compatible,https://doi.org/10.1093/aob/mcv078,none,0,0,Bot_garden
Halle,Silene viscaria,20,8,Self_compatible,https://doi.org/10.1093/aob/mcv078,none,0,0,Bot_garden
Halle,Silene viscaria,20,9,Self_compatible,https://doi.org/10.1093/aob/mcv078,none,0,0,Bot_garden
Halle,Silene viscaria,20,10,Self_compatible,https://doi.org/10.1093/aob/mcv078,none,0,0,Bot_garden
Halle,Silene viscaria,20,11,Self_compatible,https://doi.org/10.1093/aob/mcv078,none,0,0,Bot_garden
Halle,Silene viscaria,20,12,Self_compatible,https://doi.org/10.1093/aob/mcv078,none,0,0,Bot_garden
Halle,Silene viscaria,20,13,Self_compatible,https://doi.org/10.1093/aob/mcv078,none,0,0,Bot_garden
Halle,Silene viscaria,20,14,Self_compatible,https://doi.org/10.1093/aob/mcv078,none,0,0,Bot_garden
Halle,Silene viscaria,20,15,Self_compatible,https://doi.org/10.1093/aob/mcv078,none,0,0,Bot_garden
Halle,Lamium album,21,1,Self_compatible,https://doi.org/10.5091/plecevo.2021.1642,none,0,0,Bot_garten
Halle,Lamium album,21,2,Self_compatible,https://doi.org/10.5091/plecevo.2021.1642,none,0,0,Bot_garten
Halle,Lamium album,21,3,Self_compatible,https://doi.org/10.5091/plecevo.2021.1642,none,0,0,Bot_garten
Halle,Lamium album,21,4,Self_compatible,https://doi.org/10.5091/plecevo.2021.1642,none,0,0,Bot_garten
Halle,Lamium album,21,5,Self_compatible,https://doi.org/10.5091/plecevo.2021.1642,none,0,0,Bot_garten
Halle,Lamium album,21,6,Self_compatible,https://doi.org/10.5091/plecevo.2021.1642,none,0,0,Bot_garten
Halle,Lamium album,21,7,Self_compatible,https://doi.org/10.5091/plecevo.2021.1642,none,0,0,Bot_garten
Halle,Lamium album,21,8,Self_compatible,https://doi.org/10.5091/plecevo.2021.1642,none,0,0,Bot_garten
Halle,Lamium album,21,9,Self_compatible,https://doi.org/10.5091/plecevo.2021.1642,none,0,0,Bot_garten
Halle,Lamium album,21,10,Self_compatible,https://doi.org/10.5091/plecevo.2021.1642,none,0,0,Bot_garten
Halle,Lamium album,21,11,Self_compatible,https://doi.org/10.5091/plecevo.2021.1642,none,0,0,Bot_garten
Halle,Lamium album,21,12,Self_compatible,https://doi.org/10.5091/plecevo.2021.1642,none,0,0,Bot_garten
Halle,Lamium album,21,13,Self_compatible,https://doi.org/10.5091/plecevo.2021.1642,none,0,0,Bot_garten
Halle,Lamium album,21,14,Self_compatible,https://doi.org/10.5091/plecevo.2021.1642,none,0,0,Bot_garten
Halle,Lamium album,21,15,Self_compatible,https://doi.org/10.5091/plecevo.2021.1642,none,0,0,Bot_garten
Halle,Fragaria vesca,22,1,Self_compatible,https://doi.org/10.1007/s00425-011-1562-1,none,0,0,Bot_garden
Halle,Fragaria vesca,22,2,Self_compatible,https://doi.org/10.1007/s00425-011-1562-1,none,0,0,Bot_garden
Halle,Fragaria vesca,22,3,Self_compatible,https://doi.org/10.1007/s00425-011-1562-1,none,0,0,Bot_garden
Halle,Fragaria vesca,22,4,Self_compatible,https://doi.org/10.1007/s00425-011-1562-1,none,0,0,Bot_garden
Halle,Fragaria vesca,22,5,Self_compatible,https://doi.org/10.1007/s00425-011-1562-1,none,0,0,Bot_garden
Jena,Bergenia purpurascens,23,1,Self_incompatible,https://doi.org/10.2307/4117326,none,0,0,Bot_garden
Jena,Bergenia purpurascens,23,2,Self_incompatible,https://doi.org/10.2307/4117326,none,0,0,Bot_garden
Jena,Bergenia purpurascens,23,3,Self_incompatible,https://doi.org/10.2307/4117326,none,0,0,Bot_garden
Jena,Bergenia purpurascens,23,4,Self_incompatible,https://doi.org/10.2307/4117326,none,0,0,Bot_garden
Jena,Bergenia purpurascens,23,5,Self_incompatible,https://doi.org/10.2307/4117326,none,0,0,Bot_garden
Jena,Bergenia purpurascens,23,6,Self_incompatible,https://doi.org/10.2307/4117326,none,0,0,Bot_garden
Jena,Bergenia purpurascens,23,7,Self_incompatible,https://doi.org/10.2307/4117326,none,0,0,Bot_garden
Jena,Bergenia purpurascens,23,8,Self_incompatible,https://doi.org/10.2307/4117326,none,0,0,Bot_garden
Jena,Bergenia purpurascens,23,9,Self_incompatible,https://doi.org/10.2307/4117326,none,0,0,Bot_garden
Jena,Bergenia purpurascens,23,10,Self_incompatible,https://doi.org/10.2307/4117326,none,0,0,Bot_garden
Halle,Geum rivale,24,1,Self_compatible,https://doi.org/10.1111/mec.14426,low,1,16,Bot_garden
Halle,Geum rivale,24,2,Self_compatible,https://doi.org/10.1111/mec.14426,low,0,0,Bot_garden
Halle,Geum rivale,24,3,Self_compatible,https://doi.org/10.1111/mec.14426,low,0,0,Bot_garden
Halle,Geum rivale,24,4,Self_compatible,https://doi.org/10.1111/mec.14426,low,0,0,Bot_garden
Halle,Geum rivale,24,5,Self_compatible,https://doi.org/10.1111/mec.14426,low,0,0,Bot_garden
Halle,Geum rivale,24,6,Self_compatible,https://doi.org/10.1111/mec.14426,low,0,0,Bot_garden
Halle,Geum rivale,24,7,Self_compatible,https://doi.org/10.1111/mec.14426,low,0,0,Bot_garden
Halle,Geum rivale,24,8,Self_compatible,https://doi.org/10.1111/mec.14426,low,0,0,Bot_garden
Halle,Geum rivale,24,9,Self_compatible,https://doi.org/10.1111/mec.14426,low,0,0,Bot_garden
Halle,Geum rivale,24,10,Self_compatible,https://doi.org/10.1111/mec.14426,low,0,0,Bot_garden
Leipzig,Dryas octopetala,25,1,Self_compatible,https://doi.org/10.2307/2258146,high,1,28,Bot_garden
Leipzig,Dryas octopetala,25,2,Self_compatible,https://doi.org/10.2307/2258146,high,0,0,Bot_garden
Leipzig,Dryas octopetala,25,3,Self_compatible,https://doi.org/10.2307/2258146,high,1,26,Bot_garden
Leipzig,Dryas octopetala,25,4,Self_compatible,https://doi.org/10.2307/2258146,high,1,25,Bot_garden
Leipzig,Dryas octopetala,25,5,Self_compatible,https://doi.org/10.2307/2258146,high,1,36,Bot_garden
Leipzig,Asarum caudatum,26,1,Self_compatible,https://doi.org/10.2307/2418323,high,NA,NA,Literature
Jena,Brunnera macrophylla,27,1,Self_incompatible,https://doi.org/10.1093/aob/mcl167,none,0,0,Bot_garden
Jena,Brunnera macrophylla,27,2,Self_incompatible,https://doi.org/10.1093/aob/mcl167,none,0,0,Bot_garden
Jena,Brunnera macrophylla,27,3,Self_incompatible,https://doi.org/10.1093/aob/mcl167,none,0,0,Bot_garden
Jena,Brunnera macrophylla,27,4,Self_incompatible,https://doi.org/10.1093/aob/mcl167,none,0,0,Bot_garden
Jena,Brunnera macrophylla,27,5,Self_incompatible,https://doi.org/10.1093/aob/mcl167,none,0,0,Bot_garden
Jena,Brunnera macrophylla,27,6,Self_incompatible,https://doi.org/10.1093/aob/mcl167,none,0,0,Bot_garden
Jena,Brunnera macrophylla,27,7,Self_incompatible,https://doi.org/10.1093/aob/mcl167,none,0,0,Bot_garden
Jena,Brunnera macrophylla,27,8,Self_incompatible,https://doi.org/10.1093/aob/mcl167,none,0,0,Bot_garden
Jena,Brunnera macrophylla,27,9,Self_incompatible,https://doi.org/10.1093/aob/mcl167,none,0,0,Bot_garden
Jena,Brunnera macrophylla,27,10,Self_incompatible,https://doi.org/10.1093/aob/mcl167,none,0,0,Bot_garden
Jena,Brunnera macrophylla,27,11,Self_incompatible,https://doi.org/10.1093/aob/mcl167,none,0,0,Bot_garden
Jena,Brunnera macrophylla,27,12,Self_incompatible,https://doi.org/10.1093/aob/mcl167,none,0,0,Bot_garden
Jena,Brunnera macrophylla,27,13,Self_incompatible,https://doi.org/10.1093/aob/mcl167,none,0,0,Bot_garden
Jena,Brunnera macrophylla,27,14,Self_incompatible,https://doi.org/10.1093/aob/mcl167,none,0,0,Bot_garden
Jena,Brunnera macrophylla,27,15,Self_incompatible,https://doi.org/10.1093/aob/mcl167,none,0,0,Bot_garden
Jena,Brunnera macrophylla,27,16,Self_incompatible,https://doi.org/10.1093/aob/mcl167,none,0,0,Bot_garden
Jena,Brunnera macrophylla,27,17,Self_incompatible,https://doi.org/10.1093/aob/mcl167,none,0,0,Bot_garden
Jena,Brunnera macrophylla,27,18,Self_incompatible,https://doi.org/10.1093/aob/mcl167,none,0,0,Bot_garden
Jena,Brunnera macrophylla,27,19,Self_incompatible,https://doi.org/10.1093/aob/mcl167,none,0,0,Bot_garden
Jena,Brunnera macrophylla,27,20,Self_incompatible,https://doi.org/10.1093/aob/mcl167,none,0,0,Bot_garden
Jena,Brunnera macrophylla,27,21,Self_incompatible,https://doi.org/10.1093/aob/mcl167,none,0,0,Bot_garden
Jena,Brunnera macrophylla,27,22,Self_incompatible,https://doi.org/10.1093/aob/mcl167,none,0,0,Bot_garden
Jena,Brunnera macrophylla,27,23,Self_incompatible,https://doi.org/10.1093/aob/mcl167,none,0,0,Bot_garden
Jena,Brunnera macrophylla,27,24,Self_incompatible,https://doi.org/10.1093/aob/mcl167,none,0,0,Bot_garden
Jena,Brunnera macrophylla,27,25,Self_incompatible,https://doi.org/10.1093/aob/mcl167,none,0,0,Bot_garden
Jena,Paeonia officinalis,28,1,Partially_self_compatible,https://doi.org/10.1007/s00442-007-0662-x,low,1,15,Bot_garden
Jena,Paeonia officinalis,28,2,Partially_self_compatible,https://doi.org/10.1007/s00442-007-0662-x,low,1,8,Bot_garden
Jena,Paeonia officinalis,28,3,Partially_self_compatible,https://doi.org/10.1007/s00442-007-0662-x,low,1,2,Bot_garden
Leipzig,Menyanthes trifoliata,29,1,Self_incompatible,https://doi.org/10.1111/j.1095-8339.1989.tb01726.x,none,0,0,Bot_garden
Leipzig,Menyanthes trifoliata,29,2,Self_incompatible,https://doi.org/10.1111/j.1095-8339.1989.tb01726.x,none,0,0,Bot_garden
Leipzig,Menyanthes trifoliata,29,3,Self_incompatible,https://doi.org/10.1111/j.1095-8339.1989.tb01726.x,none,0,0,Bot_garden
Leipzig,Menyanthes trifoliata,29,4,Self_incompatible,https://doi.org/10.1111/j.1095-8339.1989.tb01726.x,none,0,0,Bot_garden
Leipzig,Menyanthes trifoliata,29,5,Self_incompatible,https://doi.org/10.1111/j.1095-8339.1989.tb01726.x,none,0,0,Bot_garden
Leipzig,Menyanthes trifoliata,29,6,Self_incompatible,https://doi.org/10.1111/j.1095-8339.1989.tb01726.x,none,0,0,Bot_garden
Leipzig,Menyanthes trifoliata,29,7,Self_incompatible,https://doi.org/10.1111/j.1095-8339.1989.tb01726.x,none,0,0,Bot_garden
Leipzig,Menyanthes trifoliata,29,8,Self_incompatible,https://doi.org/10.1111/j.1095-8339.1989.tb01726.x,none,0,0,Bot_garden
Leipzig,Menyanthes trifoliata,29,9,Self_incompatible,https://doi.org/10.1111/j.1095-8339.1989.tb01726.x,none,0,0,Bot_garden
Leipzig,Menyanthes trifoliata,29,10,Self_incompatible,https://doi.org/10.1111/j.1095-8339.1989.tb01726.x,none,0,0,Bot_garden
Leipzig,Menyanthes trifoliata,29,11,Self_incompatible,https://doi.org/10.1111/j.1095-8339.1989.tb01726.x,none,0,0,Bot_garden
Leipzig,Menyanthes trifoliata,29,12,Self_incompatible,https://doi.org/10.1111/j.1095-8339.1989.tb01726.x,none,0,0,Bot_garden
Leipzig,Menyanthes trifoliata,29,13,Self_incompatible,https://doi.org/10.1111/j.1095-8339.1989.tb01726.x,none,0,0,Bot_garden
Leipzig,Menyanthes trifoliata,29,14,Self_incompatible,https://doi.org/10.1111/j.1095-8339.1989.tb01726.x,none,0,0,Bot_garden
Leipzig,Menyanthes trifoliata,29,15,Self_incompatible,https://doi.org/10.1111/j.1095-8339.1989.tb01726.x,none,0,0,Bot_garden
Leipzig,Aquilegia chrysantha,30,1,Self_compatible,https://doi.org/10.1086/733068,medium,0,0,Bot_garden
Leipzig,Aquilegia chrysantha,30,2,Self_compatible,https://doi.org/10.1086/733068,medium,1,6,Bot_garden
Leipzig,Aquilegia chrysantha,30,3,Self_compatible,https://doi.org/10.1086/733068,medium,0,0,Bot_garden
Leipzig,Aquilegia chrysantha,30,4,Self_compatible,https://doi.org/10.1086/733068,medium,1,2,Bot_garden
Leipzig,Aquilegia chrysantha,30,5,Self_compatible,https://doi.org/10.1086/733068,medium,1,21,Bot_garden
Leipzig,Aquilegia chrysantha,30,6,Self_compatible,https://doi.org/10.1086/733068,medium,0,0,Bot_garden
Leipzig,Aquilegia chrysantha,30,7,Self_compatible,https://doi.org/10.1086/733068,medium,0,0,Bot_garden
Leipzig,Aquilegia chrysantha,30,8,Self_compatible,https://doi.org/10.1086/733068,medium,1,3,Bot_garden
Leipzig,Aquilegia chrysantha,30,9,Self_compatible,https://doi.org/10.1086/733068,medium,1,3,Bot_garden
Leipzig,Aquilegia chrysantha,30,10,Self_compatible,https://doi.org/10.1086/733068,medium,0,0,Bot_garden
Leipzig,Aquilegia chrysantha,30,11,Self_compatible,https://doi.org/10.1086/733068,medium,1,4,Bot_garden
Leipzig,Aquilegia chrysantha,30,12,Self_compatible,https://doi.org/10.1086/733068,medium,1,1,Bot_garden
Leipzig,Aquilegia chrysantha,30,13,Self_compatible,https://doi.org/10.1086/733068,medium,0,0,Bot_garden
Leipzig,Aquilegia chrysantha,30,14,Self_compatible,https://doi.org/10.1086/733068,medium,0,0,Bot_garden
Leipzig,Aquilegia chrysantha,30,15,Self_compatible,https://doi.org/10.1086/733068,medium,1,1,Bot_garden
Leipzig,Allium ursinum,31,1,Self_compatible,https://doi.org/10.1556/abot.53.2011.3-4.18,none,0,0,Bot_garden
Leipzig,Allium ursinum,31,2,Self_compatible,https://doi.org/10.1556/abot.53.2011.3-4.18,none,0,0,Bot_garden
Leipzig,Allium ursinum,31,3,Self_compatible,https://doi.org/10.1556/abot.53.2011.3-4.18,none,0,0,Bot_garden
Leipzig,Allium ursinum,31,4,Self_compatible,https://doi.org/10.1556/abot.53.2011.3-4.18,none,0,0,Bot_garden
Leipzig,Allium ursinum,31,5,Self_compatible,https://doi.org/10.1556/abot.53.2011.3-4.18,none,0,0,Bot_garden
Leipzig,Allium ursinum,31,6,Self_compatible,https://doi.org/10.1556/abot.53.2011.3-4.18,none,0,0,Bot_garden
Leipzig,Allium ursinum,31,7,Self_compatible,https://doi.org/10.1556/abot.53.2011.3-4.18,none,0,0,Bot_garden
Leipzig,Allium ursinum,31,8,Self_compatible,https://doi.org/10.1556/abot.53.2011.3-4.18,none,0,0,Bot_garden
Leipzig,Allium ursinum,31,9,Self_compatible,https://doi.org/10.1556/abot.53.2011.3-4.18,none,0,0,Bot_garden
Leipzig,Allium ursinum,31,10,Self_compatible,https://doi.org/10.1556/abot.53.2011.3-4.18,none,0,0,Bot_garden
Leipzig,Allium ursinum,31,11,Self_compatible,https://doi.org/10.1556/abot.53.2011.3-4.18,none,0,0,Bot_garden
Leipzig,Allium ursinum,31,12,Self_compatible,https://doi.org/10.1556/abot.53.2011.3-4.18,none,0,0,Bot_garden
Leipzig,Allium ursinum,31,13,Self_compatible,https://doi.org/10.1556/abot.53.2011.3-4.18,none,0,0,Bot_garden
Leipzig,Allium ursinum,31,14,Self_compatible,https://doi.org/10.1556/abot.53.2011.3-4.18,none,0,0,Bot_garden
Leipzig,Allium ursinum,31,15,Self_compatible,https://doi.org/10.1556/abot.53.2011.3-4.18,none,0,0,Bot_garden
Leipzig,Allium ursinum,31,16,Self_compatible,https://doi.org/10.1556/abot.53.2011.3-4.18,none,0,0,Bot_garden
Leipzig,Allium ursinum,31,17,Self_compatible,https://doi.org/10.1556/abot.53.2011.3-4.18,none,0,0,Bot_garden
Leipzig,Allium ursinum,31,18,Self_compatible,https://doi.org/10.1556/abot.53.2011.3-4.18,none,0,0,Bot_garden
Leipzig,Allium ursinum,31,19,Self_compatible,https://doi.org/10.1556/abot.53.2011.3-4.18,none,0,0,Bot_garden
Leipzig,Allium ursinum,31,20,Self_compatible,https://doi.org/10.1556/abot.53.2011.3-4.18,none,0,0,Bot_garden
Halle,Anemonoides sylvestris,32,1,Partially_self_compatible,https://doi.org/10.1007/BF01086381,low,NA,NA,Literature_genus_level
Jena,Paeonia delavayi,33,1,Self_incompatible,https://doi.org/10.1007/s11629-016-4030-3,none,0,0,Bot_garden
Jena,Paeonia delavayi,33,2,Self_incompatible,https://doi.org/10.1007/s11629-016-4030-3,none,0,0,Bot_garden
Jena,Paeonia delavayi,33,3,Self_incompatible,https://doi.org/10.1007/s11629-016-4030-3,none,0,0,Bot_garden
Jena,Paeonia delavayi,33,4,Self_incompatible,https://doi.org/10.1007/s11629-016-4030-3,none,0,0,Bot_garden
Jena,Paeonia delavayi,33,5,Self_incompatible,https://doi.org/10.1007/s11629-016-4030-3,none,0,0,Bot_garden
Jena,Paeonia delavayi,33,6,Self_incompatible,https://doi.org/10.1007/s11629-016-4030-3,none,0,0,Bot_garden
Jena,Chelidonium majus,34,1,Self_compatible,https://doi.org/10.1002/j.1537-2197.1991.tb12595.x,high,1,34,Bot_garden_&_Literature
Jena,Chelidonium majus,34,2,Self_compatible,https://doi.org/10.1002/j.1537-2197.1991.tb12595.x,high,1,16,Bot_garden_&_Literature
Jena,Chelidonium majus,34,3,Self_compatible,https://doi.org/10.1002/j.1537-2197.1991.tb12595.x,high,0,0,Bot_garden_&_Literature
Jena,Chelidonium majus,34,4,Self_compatible,https://doi.org/10.1002/j.1537-2197.1991.tb12595.x,high,1,37,Bot_garden_&_Literature
Jena,Chelidonium majus,34,5,Self_compatible,https://doi.org/10.1002/j.1537-2197.1991.tb12595.x,high,1,15,Bot_garden_&_Literature
Jena,Chelidonium majus,34,6,Self_compatible,https://doi.org/10.1002/j.1537-2197.1991.tb12595.x,high,1,16,Bot_garden_&_Literature
Jena,Asphodelus albus,35,1,Self_compatible,https://doi.org/10.1111/j.1469-8137.1993.tb04542.x,none,0,0,Bot_garden
Jena,Asphodelus albus,35,2,Self_compatible,https://doi.org/10.1111/j.1469-8137.1993.tb04542.x,none,0,0,Bot_garden_&_Literature
Jena,Asphodelus albus,35,3,Self_compatible,https://doi.org/10.1111/j.1469-8137.1993.tb04542.x,none,0,0,Bot_garden_&_Literature
Jena,Asphodelus albus,35,4,Self_compatible,https://doi.org/10.1111/j.1469-8137.1993.tb04542.x,none,0,0,Bot_garden_&_Literature
Jena,Asphodelus albus,35,5,Self_compatible,https://doi.org/10.1111/j.1469-8137.1993.tb04542.x,none,0,0,Bot_garden_&_Literature
Jena,Asphodelus albus,35,6,Self_compatible,https://doi.org/10.1111/j.1469-8137.1993.tb04542.x,none,0,0,Bot_garden_&_Literature
Jena,Asphodelus albus,35,7,Self_compatible,https://doi.org/10.1111/j.1469-8137.1993.tb04542.x,none,0,0,Bot_garden_&_Literature
Jena,Asphodelus albus,35,8,Self_compatible,https://doi.org/10.1111/j.1469-8137.1993.tb04542.x,none,0,0,Bot_garden_&_Literature
Jena,Asphodelus albus,35,9,Self_compatible,https://doi.org/10.1111/j.1469-8137.1993.tb04542.x,none,0,0,Bot_garden_&_Literature
Jena,Asphodelus albus,35,10,Self_compatible,https://doi.org/10.1111/j.1469-8137.1993.tb04542.x,none,0,0,Bot_garden_&_Literature
Jena,Asphodelus albus,35,11,Self_compatible,https://doi.org/10.1111/j.1469-8137.1993.tb04542.x,none,0,0,Bot_garden_&_Literature
Jena,Asphodelus albus,35,12,Self_compatible,https://doi.org/10.1111/j.1469-8137.1993.tb04542.x,none,0,0,Bot_garden_&_Literature
Jena,Asphodelus albus,35,13,Self_compatible,https://doi.org/10.1111/j.1469-8137.1993.tb04542.x,none,0,0,Bot_garden_&_Literature
Jena,Asphodelus albus,35,14,Self_compatible,https://doi.org/10.1111/j.1469-8137.1993.tb04542.x,none,0,0,Bot_garden_&_Literature
Jena,Asphodelus albus,35,15,Self_compatible,https://doi.org/10.1111/j.1469-8137.1993.tb04542.x,none,0,0,Bot_garden_&_Literature
Jena,Linum perenne,36,1,Self_compatible,Bot_garden,high,1,8,Bot_garden
Jena,Linum perenne,36,2,Self_compatible,Bot_garden,high,1,8,Bot_garden
Jena,Linum perenne,36,3,Self_compatible,Bot_garden,high,1,8,Bot_garden
Jena,Linum perenne,36,4,Self_compatible,Bot_garden,high,1,0,Bot_garden
Jena,Linum perenne,36,5,Self_compatible,Bot_garden,high,1,10,Bot_garden
Jena,Linum perenne,36,6,Self_compatible,Bot_garden,high,1,9,Bot_garden
Jena,Linum perenne,36,7,Self_compatible,Bot_garden,high,1,7,Bot_garden
Jena,Linum perenne,36,8,Self_compatible,Bot_garden,high,1,0,Bot_garden
Jena,Linum perenne,36,9,Self_compatible,Bot_garden,high,1,10,Bot_garden
Jena,Linum perenne,36,10,Self_compatible,Bot_garden,high,1,0,Bot_garden
Jena,Linum perenne,36,11,Self_compatible,Bot_garden,high,1,0,Bot_garden
Jena,Linum perenne,36,12,Self_compatible,Bot_garden,high,1,0,Bot_garden
Jena,Linum perenne,36,13,Self_compatible,Bot_garden,high,1,10,Bot_garden
Jena,Linum perenne,36,14,Self_compatible,Bot_garden,high,1,9,Bot_garden
Jena,Linum perenne,36,15,Self_compatible,Bot_garden,high,1,10,Bot_garden
Jena,Geranium sanguineum,37,1,Self_compatible,https://doi.org/10.1111/j.1756-1051.2000.tb01556.x,none,0,0,Bot_garden
Jena,Geranium sanguineum,37,2,Self_compatible,https://doi.org/10.1111/j.1756-1051.2000.tb01556.x,none,0,0,Bot_garden
Jena,Geranium sanguineum,37,3,Self_compatible,https://doi.org/10.1111/j.1756-1051.2000.tb01556.x,none,0,0,Bot_garden
Jena,Geranium sanguineum,37,4,Self_compatible,https://doi.org/10.1111/j.1756-1051.2000.tb01556.x,none,0,0,Bot_garden
Jena,Geranium sanguineum,37,5,Self_compatible,https://doi.org/10.1111/j.1756-1051.2000.tb01556.x,none,0,0,Bot_garden
Jena,Geranium sanguineum,37,6,Self_compatible,https://doi.org/10.1111/j.1756-1051.2000.tb01556.x,none,0,0,Bot_garden
Jena,Geranium sanguineum,37,7,Self_compatible,https://doi.org/10.1111/j.1756-1051.2000.tb01556.x,none,0,0,Bot_garden
Jena,Geranium sanguineum,37,8,Self_compatible,https://doi.org/10.1111/j.1756-1051.2000.tb01556.x,none,0,0,Bot_garden
Jena,Geranium sanguineum,37,9,Self_compatible,https://doi.org/10.1111/j.1756-1051.2000.tb01556.x,none,0,0,Bot_garden
Jena,Geranium sanguineum,37,10,Self_compatible,https://doi.org/10.1111/j.1756-1051.2000.tb01556.x,none,0,0,Bot_garden
Leipzig,Convallaria majalis,38,1,Self_incompatible,https://doi.org/10.1093/aob/mcq042,none,0,0,Bot_garden
Halle,Aconitum lycoctonum,39,1,Self_compatible,http://dx.doi.org/10.1034/j.1600-0706.2000.890305.x,none,0,0,Bot_garden
Halle,Aconitum lycoctonum,39,2,Self_compatible,http://dx.doi.org/10.1034/j.1600-0706.2000.890305.x,none,0,0,Bot_garden
Halle,Aconitum lycoctonum,39,3,Self_compatible,http://dx.doi.org/10.1034/j.1600-0706.2000.890305.x,none,0,0,Bot_garden
Halle,Aconitum lycoctonum,39,4,Self_compatible,http://dx.doi.org/10.1034/j.1600-0706.2000.890305.x,none,0,0,Bot_garden
Halle,Aconitum lycoctonum,39,5,Self_compatible,http://dx.doi.org/10.1034/j.1600-0706.2000.890305.x,none,0,0,Bot_garden
Halle,Aconitum lycoctonum,39,6,Self_compatible,http://dx.doi.org/10.1034/j.1600-0706.2000.890305.x,none,0,0,Bot_garden
Halle,Aconitum lycoctonum,39,7,Self_compatible,http://dx.doi.org/10.1034/j.1600-0706.2000.890305.x,none,0,0,Bot_garden
Halle,Aconitum lycoctonum,39,8,Self_compatible,http://dx.doi.org/10.1034/j.1600-0706.2000.890305.x,none,0,0,Bot_garden
Halle,Aconitum lycoctonum,39,9,Self_compatible,http://dx.doi.org/10.1034/j.1600-0706.2000.890305.x,none,0,0,Bot_garden
Halle,Aconitum lycoctonum,39,10,Self_compatible,http://dx.doi.org/10.1034/j.1600-0706.2000.890305.x,none,0,0,Bot_garden
Halle,Dictamnus albus,40,1,Self_compatible,https://hdl.handle.net/11585/110590,none,0,0,Bot_garden
Halle,Dictamnus albus,40,2,Self_compatible,https://hdl.handle.net/11585/110590,none,0,0,Bot_garden
Halle,Dictamnus albus,40,3,Self_compatible,https://hdl.handle.net/11585/110590,none,0,0,Bot_garden
Halle,Dictamnus albus,40,4,Self_compatible,https://hdl.handle.net/11585/110590,none,0,0,Bot_garden
Halle,Dictamnus albus,40,5,Self_compatible,https://hdl.handle.net/11585/110590,none,0,0,Bot_garden
Halle,Dictamnus albus,40,6,Self_compatible,https://hdl.handle.net/11585/110590,none,0,0,Bot_garden
Halle,Dictamnus albus,40,7,Self_compatible,https://hdl.handle.net/11585/110590,none,0,0,Bot_garden
Halle,Dictamnus albus,40,8,Self_compatible,https://hdl.handle.net/11585/110590,none,0,0,Bot_garden
Halle,Dictamnus albus,40,9,Self_compatible,https://hdl.handle.net/11585/110590,none,0,0,Bot_garden
Halle,Dictamnus albus,40,10,Self_compatible,https://hdl.handle.net/11585/110590,none,0,0,Bot_garden
Halle,Dictamnus albus,40,11,Self_compatible,https://hdl.handle.net/11585/110590,none,0,0,Bot_garden
Halle,Dictamnus albus,40,12,Self_compatible,https://hdl.handle.net/11585/110590,none,0,0,Bot_garden
Halle,Dictamnus albus,40,13,Self_compatible,https://hdl.handle.net/11585/110590,none,0,0,Bot_garden
Halle,Dictamnus albus,40,14,Self_compatible,https://hdl.handle.net/11585/110590,none,0,0,Bot_garden
Halle,Dictamnus albus,40,15,Self_compatible,https://hdl.handle.net/11585/110590,none,0,0,Bot_garden
Halle,Persicaria bistorta,41,1,Self_compatible,https://doi.org/10.2307/2256567,low,1,1,Bot_garden
Halle,Persicaria bistorta,41,2,Self_compatible,https://doi.org/10.2307/2256567,low,1,1,Bot_garden
Halle,Persicaria bistorta,41,3,Self_compatible,https://doi.org/10.2307/2256567,low,0,0,Bot_garden
Halle,Persicaria bistorta,41,4,Self_compatible,https://doi.org/10.2307/2256567,low,0,0,Bot_garden
Halle,Persicaria bistorta,41,5,Self_compatible,https://doi.org/10.2307/2256567,low,0,0,Bot_garden
Halle,Persicaria bistorta,41,6,Self_compatible,https://doi.org/10.2307/2256567,low,0,0,Bot_garden
Halle,Persicaria bistorta,41,7,Self_compatible,https://doi.org/10.2307/2256567,low,0,0,Bot_garden
Halle,Persicaria bistorta,41,8,Self_compatible,https://doi.org/10.2307/2256567,low,1,1,Bot_garden
Halle,Persicaria bistorta,41,9,Self_compatible,https://doi.org/10.2307/2256567,low,1,1,Bot_garden
Halle,Persicaria bistorta,41,10,Self_compatible,https://doi.org/10.2307/2256567,low,1,1,Bot_garden
Halle,Persicaria bistorta,41,11,Self_compatible,https://doi.org/10.2307/2256567,low,0,0,Bot_garden
Halle,Persicaria bistorta,41,12,Self_compatible,https://doi.org/10.2307/2256567,low,0,0,Bot_garden
Halle,Persicaria bistorta,41,13,Self_compatible,https://doi.org/10.2307/2256567,low,0,0,Bot_garden
Halle,Persicaria bistorta,41,14,Self_compatible,https://doi.org/10.2307/2256567,low,0,0,Bot_garden
Halle,Persicaria bistorta,41,15,Self_compatible,https://doi.org/10.2307/2256567,low,0,0,Bot_garden
Halle,Persicaria bistorta,41,16,Self_compatible,https://doi.org/10.2307/2256567,low,0,0,Bot_garden
Halle,Persicaria bistorta,41,17,Self_compatible,https://doi.org/10.2307/2256567,low,0,0,Bot_garden
Halle,Persicaria bistorta,41,18,Self_compatible,https://doi.org/10.2307/2256567,low,0,0,Bot_garden
Halle,Persicaria bistorta,41,19,Self_compatible,https://doi.org/10.2307/2256567,low,0,0,Bot_garden
Halle,Persicaria bistorta,41,20,Self_compatible,https://doi.org/10.2307/2256567,low,0,0,Bot_garden
Halle,Persicaria bistorta,41,21,Self_compatible,https://doi.org/10.2307/2256567,low,1,1,Bot_garden
Halle,Persicaria bistorta,41,22,Self_compatible,https://doi.org/10.2307/2256567,low,1,1,Bot_garden
Halle,Persicaria bistorta,41,23,Self_compatible,https://doi.org/10.2307/2256567,low,0,0,Bot_garden
Halle,Persicaria bistorta,41,24,Self_compatible,https://doi.org/10.2307/2256567,low,1,1,Bot_garden
Halle,Persicaria bistorta,41,25,Self_compatible,https://doi.org/10.2307/2256567,low,0,0,Bot_garden
Halle,Persicaria bistorta,41,26,Self_compatible,https://doi.org/10.2307/2256567,low,0,0,Bot_garden
Halle,Persicaria bistorta,41,27,Self_compatible,https://doi.org/10.2307/2256567,low,0,0,Bot_garden
Halle,Persicaria bistorta,41,28,Self_compatible,https://doi.org/10.2307/2256567,low,0,0,Bot_garden
Halle,Persicaria bistorta,41,29,Self_compatible,https://doi.org/10.2307/2256567,low,0,0,Bot_garden
Halle,Persicaria bistorta,41,30,Self_compatible,https://doi.org/10.2307/2256567,low,0,0,Bot_garden
Halle,Persicaria bistorta,41,31,Self_compatible,https://doi.org/10.2307/2256567,low,0,0,Bot_garden
Halle,Persicaria bistorta,41,32,Self_compatible,https://doi.org/10.2307/2256567,low,0,0,Bot_garden
Halle,Persicaria bistorta,41,33,Self_compatible,https://doi.org/10.2307/2256567,low,0,0,Bot_garden
Halle,Persicaria bistorta,41,34,Self_compatible,https://doi.org/10.2307/2256567,low,0,0,Bot_garden
Halle,Persicaria bistorta,41,35,Self_compatible,https://doi.org/10.2307/2256567,low,0,0,Bot_garden
Halle,Persicaria bistorta,41,36,Self_compatible,https://doi.org/10.2307/2256567,low,0,0,Bot_garden
Halle,Persicaria bistorta,41,37,Self_compatible,https://doi.org/10.2307/2256567,low,0,0,Bot_garden
Halle,Persicaria bistorta,41,38,Self_compatible,https://doi.org/10.2307/2256567,low,0,0,Bot_garden
Halle,Persicaria bistorta,41,39,Self_compatible,https://doi.org/10.2307/2256567,low,0,0,Bot_garden
Halle,Persicaria bistorta,41,40,Self_compatible,https://doi.org/10.2307/2256567,low,0,0,Bot_garden
Halle,Persicaria bistorta,41,41,Self_compatible,https://doi.org/10.2307/2256567,low,0,0,Bot_garden
Halle,Persicaria bistorta,41,42,Self_compatible,https://doi.org/10.2307/2256567,low,0,0,Bot_garden
Halle,Persicaria bistorta,41,43,Self_compatible,https://doi.org/10.2307/2256567,low,1,1,Bot_garden
Halle,Persicaria bistorta,41,44,Self_compatible,https://doi.org/10.2307/2256567,low,1,1,Bot_garden
Halle,Persicaria bistorta,41,45,Self_compatible,https://doi.org/10.2307/2256567,low,1,1,Bot_garden
Halle,Persicaria bistorta,41,46,Self_compatible,https://doi.org/10.2307/2256567,low,0,0,Bot_garden
Halle,Persicaria bistorta,41,47,Self_compatible,https://doi.org/10.2307/2256567,low,1,1,Bot_garden
Halle,Persicaria bistorta,41,48,Self_compatible,https://doi.org/10.2307/2256567,low,1,1,Bot_garden
Halle,Persicaria bistorta,41,49,Self_compatible,https://doi.org/10.2307/2256567,low,0,0,Bot_garden
Halle,Persicaria bistorta,41,50,Self_compatible,https://doi.org/10.2307/2256567,low,0,0,Bot_garden
Halle,Persicaria bistorta,41,51,Self_compatible,https://doi.org/10.2307/2256567,low,1,1,Bot_garden
Halle,Persicaria bistorta,41,52,Self_compatible,https://doi.org/10.2307/2256567,low,1,1,Bot_garden
Halle,Persicaria bistorta,41,53,Self_compatible,https://doi.org/10.2307/2256567,low,0,0,Bot_garden
Halle,Persicaria bistorta,41,54,Self_compatible,https://doi.org/10.2307/2256567,low,0,0,Bot_garden
Halle,Persicaria bistorta,41,55,Self_compatible,https://doi.org/10.2307/2256567,low,0,0,Bot_garden
Halle,Persicaria bistorta,41,56,Self_compatible,https://doi.org/10.2307/2256567,low,0,0,Bot_garden
Halle,Persicaria bistorta,41,57,Self_compatible,https://doi.org/10.2307/2256567,low,0,0,Bot_garden
Halle,Persicaria bistorta,41,58,Self_compatible,https://doi.org/10.2307/2256567,low,0,0,Bot_garden
Halle,Persicaria bistorta,41,59,Self_compatible,https://doi.org/10.2307/2256567,low,1,1,Bot_garden
Halle,Persicaria bistorta,41,60,Self_compatible,https://doi.org/10.2307/2256567,low,1,1,Bot_garden
Halle,Persicaria bistorta,41,61,Self_compatible,https://doi.org/10.2307/2256567,low,1,1,Bot_garden
Halle,Persicaria bistorta,41,62,Self_compatible,https://doi.org/10.2307/2256567,low,0,0,Bot_garden
Halle,Persicaria bistorta,41,63,Self_compatible,https://doi.org/10.2307/2256567,low,0,0,Bot_garden
Halle,Persicaria bistorta,41,64,Self_compatible,https://doi.org/10.2307/2256567,low,0,0,Bot_garden
Halle,Persicaria bistorta,41,65,Self_compatible,https://doi.org/10.2307/2256567,low,1,1,Bot_garden
Halle,Persicaria bistorta,41,66,Self_compatible,https://doi.org/10.2307/2256567,low,0,0,Bot_garden
Halle,Persicaria bistorta,41,67,Self_compatible,https://doi.org/10.2307/2256567,low,0,0,Bot_garden
Halle,Persicaria bistorta,41,68,Self_compatible,https://doi.org/10.2307/2256567,low,0,0,Bot_garden
Halle,Persicaria bistorta,41,69,Self_compatible,https://doi.org/10.2307/2256567,low,0,0,Bot_garden
Halle,Persicaria bistorta,41,70,Self_compatible,https://doi.org/10.2307/2256567,low,0,0,Bot_garden
Halle,Persicaria bistorta,41,71,Self_compatible,https://doi.org/10.2307/2256567,low,0,0,Bot_garden
Halle,Persicaria bistorta,41,72,Self_compatible,https://doi.org/10.2307/2256567,low,0,0,Bot_garden
Halle,Persicaria bistorta,41,73,Self_compatible,https://doi.org/10.2307/2256567,low,0,0,Bot_garden
Halle,Persicaria bistorta,41,74,Self_compatible,https://doi.org/10.2307/2256567,low,0,0,Bot_garden
Halle,Persicaria bistorta,41,75,Self_compatible,https://doi.org/10.2307/2256567,low,1,1,Bot_garden
Halle,Persicaria bistorta,41,76,Self_compatible,https://doi.org/10.2307/2256567,low,0,0,Bot_garden
Halle,Persicaria bistorta,41,77,Self_compatible,https://doi.org/10.2307/2256567,low,0,0,Bot_garden
Halle,Persicaria bistorta,41,78,Self_compatible,https://doi.org/10.2307/2256567,low,0,0,Bot_garden
Halle,Persicaria bistorta,41,79,Self_compatible,https://doi.org/10.2307/2256567,low,0,0,Bot_garden
Halle,Persicaria bistorta,41,80,Self_compatible,https://doi.org/10.2307/2256567,low,0,0,Bot_garden
Leipzig,Vincetoxicum hirundinaria,42,1,Self_compatible,https://doi.org/10.1093/aob/mcr174,high,NA,NA,Literature
Leipzig,Helianthemum nummularium,43,1,Self_incompatible,https://doi.org/10.1007/s00606-015-1198-x,none,0,0,Literature
Halle,Salvia officinalis,44,1,Self_compatible,http://dx.doi.org/10.1080/14620316.2001.11511349,none,0,0,Bot_garden
Halle,Salvia officinalis,44,2,Self_compatible,http://dx.doi.org/10.1080/14620316.2001.11511349,none,0,0,Bot_garden
Halle,Salvia officinalis,44,3,Self_compatible,http://dx.doi.org/10.1080/14620316.2001.11511349,none,0,0,Bot_garden
Halle,Salvia officinalis,44,4,Self_compatible,http://dx.doi.org/10.1080/14620316.2001.11511349,none,0,0,Bot_garden
Halle,Salvia officinalis,44,5,Self_compatible,http://dx.doi.org/10.1080/14620316.2001.11511349,none,0,0,Bot_garden
Halle,Salvia officinalis,44,6,Self_compatible,http://dx.doi.org/10.1080/14620316.2001.11511349,none,0,0,Bot_garden
Halle,Salvia officinalis,44,7,Self_compatible,http://dx.doi.org/10.1080/14620316.2001.11511349,none,0,0,Bot_garden
Halle,Salvia officinalis,44,8,Self_compatible,http://dx.doi.org/10.1080/14620316.2001.11511349,none,0,0,Bot_garden
Halle,Salvia officinalis,44,9,Self_compatible,http://dx.doi.org/10.1080/14620316.2001.11511349,none,0,0,Bot_garden
Halle,Salvia officinalis,44,10,Self_compatible,http://dx.doi.org/10.1080/14620316.2001.11511349,none,0,0,Bot_garden
Halle,Salvia officinalis,44,11,Self_compatible,http://dx.doi.org/10.1080/14620316.2001.11511349,none,0,0,Bot_garden
Halle,Salvia officinalis,44,12,Self_compatible,http://dx.doi.org/10.1080/14620316.2001.11511349,none,0,0,Bot_garden
Halle,Salvia officinalis,44,13,Self_compatible,http://dx.doi.org/10.1080/14620316.2001.11511349,none,0,0,Bot_garden
Halle,Salvia officinalis,44,14,Self_compatible,http://dx.doi.org/10.1080/14620316.2001.11511349,none,0,0,Bot_garden
Halle,Salvia officinalis,44,15,Self_compatible,http://dx.doi.org/10.1080/14620316.2001.11511349,none,0,0,Bot_garden
Halle,Lotus corniculatus,45,1,Self_incompatible,https://doi.org/10.1139/b80-091,none,0,0,Bot_garden_&_Literature
Halle,Lotus corniculatus,45,2,Self_incompatible,https://doi.org/10.1139/b80-091,none,0,0,Bot_garden_&_Literature
Halle,Lotus corniculatus,45,3,Self_incompatible,https://doi.org/10.1139/b80-091,none,0,0,Bot_garden_&_Literature
Halle,Lotus corniculatus,45,4,Self_incompatible,https://doi.org/10.1139/b80-091,none,0,0,Bot_garden_&_Literature
Halle,Lotus corniculatus,45,5,Self_incompatible,https://doi.org/10.1139/b80-091,none,0,0,Bot_garden_&_Literature
Halle,Lotus corniculatus,45,6,Self_incompatible,https://doi.org/10.1139/b80-091,none,0,0,Bot_garden_&_Literature
Halle,Lotus corniculatus,45,7,Self_incompatible,https://doi.org/10.1139/b80-091,none,0,0,Bot_garden_&_Literature
Halle,Lotus corniculatus,45,8,Self_incompatible,https://doi.org/10.1139/b80-091,none,0,0,Bot_garden_&_Literature
Halle,Lotus corniculatus,45,9,Self_incompatible,https://doi.org/10.1139/b80-091,none,0,0,Bot_garden_&_Literature
Halle,Lotus corniculatus,45,10,Self_incompatible,https://doi.org/10.1139/b80-091,none,0,0,Bot_garden_&_Literature
Halle,Lotus corniculatus,45,11,Self_incompatible,https://doi.org/10.1139/b80-091,none,0,0,Bot_garden_&_Literature
Halle,Lotus corniculatus,45,12,Self_incompatible,https://doi.org/10.1139/b80-091,none,0,0,Bot_garden_&_Literature
Halle,Lotus corniculatus,45,13,Self_incompatible,https://doi.org/10.1139/b80-091,none,0,0,Bot_garden_&_Literature
Halle,Lotus corniculatus,45,14,Self_incompatible,https://doi.org/10.1139/b80-091,none,0,0,Bot_garden_&_Literature
Halle,Lotus corniculatus,45,15,Self_incompatible,https://doi.org/10.1139/b80-091,none,0,0,Bot_garden_&_Literature
Halle,Lotus corniculatus,45,16,Self_incompatible,https://doi.org/10.1139/b80-091,none,0,0,Bot_garden_&_Literature
Halle,Lotus corniculatus,45,17,Self_incompatible,https://doi.org/10.1139/b80-091,none,0,0,Bot_garden_&_Literature
Halle,Lotus corniculatus,45,18,Self_incompatible,https://doi.org/10.1139/b80-091,none,0,0,Bot_garden_&_Literature
Halle,Lotus corniculatus,45,19,Self_incompatible,https://doi.org/10.1139/b80-091,none,0,0,Bot_garden_&_Literature
Halle,Lotus corniculatus,45,20,Self_incompatible,https://doi.org/10.1139/b80-091,none,0,0,Bot_garden_&_Literature
Halle,Lotus corniculatus,45,21,Self_incompatible,https://doi.org/10.1139/b80-091,none,0,0,Bot_garden_&_Literature
Halle,Lotus corniculatus,45,22,Self_incompatible,https://doi.org/10.1139/b80-091,none,0,0,Bot_garden_&_Literature
Halle,Lotus corniculatus,45,23,Self_incompatible,https://doi.org/10.1139/b80-091,none,0,0,Bot_garden_&_Literature
Halle,Lotus corniculatus,45,24,Self_incompatible,https://doi.org/10.1139/b80-091,none,0,0,Bot_garden_&_Literature
Halle,Lotus corniculatus,45,25,Self_incompatible,https://doi.org/10.1139/b80-091,none,0,0,Bot_garden_&_Literature
Jena,Campanula rotundifolia,46,1,Self_incompatible,https://doi.org/10.1111/j.1365-2745.2012.01963.x,none,0,0,Bot_garden_&_Literature
Jena,Campanula rotundifolia,46,2,Self_incompatible,https://doi.org/10.1111/j.1365-2745.2012.01963.x,none,0,0,Bot_garden_&_Literature
Jena,Campanula rotundifolia,46,3,Self_incompatible,https://doi.org/10.1111/j.1365-2745.2012.01963.x,none,0,0,Bot_garden_&_Literature
Jena,Campanula rotundifolia,46,4,Self_incompatible,https://doi.org/10.1111/j.1365-2745.2012.01963.x,none,0,0,Bot_garden_&_Literature
Jena,Campanula rotundifolia,46,5,Self_incompatible,https://doi.org/10.1111/j.1365-2745.2012.01963.x,none,0,0,Bot_garden_&_Literature
Jena,Campanula rotundifolia,46,6,Self_incompatible,https://doi.org/10.1111/j.1365-2745.2012.01963.x,none,0,0,Bot_garden_&_Literature
Jena,Campanula rotundifolia,46,7,Self_incompatible,https://doi.org/10.1111/j.1365-2745.2012.01963.x,none,0,0,Bot_garden_&_Literature
Jena,Campanula rotundifolia,46,8,Self_incompatible,https://doi.org/10.1111/j.1365-2745.2012.01963.x,none,0,0,Bot_garden_&_Literature
Jena,Lotus maritimus,47,1,Partially_self_compatible,https://doi.org/10.1139/b58-006; https://api.semanticscholar.org/CorpusID:54577419,none,0,0,Bot_garden_&_Literature
Jena,Lotus maritimus,47,2,Partially_self_compatible,https://doi.org/10.1139/b58-006; https://api.semanticscholar.org/CorpusID:54577419,none,0,0,Bot_garden_&_Literature
Jena,Lotus maritimus,47,3,Partially_self_compatible,https://doi.org/10.1139/b58-006; https://api.semanticscholar.org/CorpusID:54577419,none,0,0,Bot_garden_&_Literature
Jena,Lotus maritimus,47,4,Partially_self_compatible,https://doi.org/10.1139/b58-006; https://api.semanticscholar.org/CorpusID:54577419,none,0,0,Bot_garden_&_Literature
Jena,Lotus maritimus,47,5,Partially_self_compatible,https://doi.org/10.1139/b58-006; https://api.semanticscholar.org/CorpusID:54577419,none,0,0,Bot_garden_&_Literature
Halle,Gratiola officinalis,48,1,Self_incompatible,https://doi.org/10.1186/s12870-015-0497-2,none,0,0,Bot_garden_&_Literature
Halle,Gratiola officinalis,48,2,Self_incompatible,https://doi.org/10.1186/s12870-015-0497-2,none,0,0,Bot_garden_&_Literature
Halle,Gratiola officinalis,48,3,Self_incompatible,https://doi.org/10.1186/s12870-015-0497-2,none,0,0,Bot_garden_&_Literature
Halle,Gratiola officinalis,48,4,Self_incompatible,https://doi.org/10.1186/s12870-015-0497-2,none,0,0,Bot_garden_&_Literature
Halle,Gratiola officinalis,48,5,Self_incompatible,https://doi.org/10.1186/s12870-015-0497-2,none,0,0,Bot_garden_&_Literature
Halle,Gratiola officinalis,48,6,Self_incompatible,https://doi.org/10.1186/s12870-015-0497-2,none,0,0,Bot_garden_&_Literature
Halle,Gratiola officinalis,48,7,Self_incompatible,https://doi.org/10.1186/s12870-015-0497-2,none,0,0,Bot_garden_&_Literature
Halle,Gratiola officinalis,48,8,Self_incompatible,https://doi.org/10.1186/s12870-015-0497-2,none,0,0,Bot_garden_&_Literature
Halle,Gratiola officinalis,48,9,Self_incompatible,https://doi.org/10.1186/s12870-015-0497-2,none,0,0,Bot_garden_&_Literature
Halle,Gratiola officinalis,48,10,Self_incompatible,https://doi.org/10.1186/s12870-015-0497-2,none,0,0,Bot_garden_&_Literature
Halle,Gratiola officinalis,48,11,Self_incompatible,https://doi.org/10.1186/s12870-015-0497-2,none,0,0,Bot_garden_&_Literature
Halle,Gratiola officinalis,48,12,Self_incompatible,https://doi.org/10.1186/s12870-015-0497-2,none,0,0,Bot_garden_&_Literature
Halle,Gratiola officinalis,48,13,Self_incompatible,https://doi.org/10.1186/s12870-015-0497-2,none,0,0,Bot_garden_&_Literature
Halle,Gratiola officinalis,48,14,Self_incompatible,https://doi.org/10.1186/s12870-015-0497-2,none,0,0,Bot_garden_&_Literature
Halle,Gratiola officinalis,48,15,Self_incompatible,https://doi.org/10.1186/s12870-015-0497-2,none,0,0,Bot_garden_&_Literature
Halle,Gratiola officinalis,48,16,Self_incompatible,https://doi.org/10.1186/s12870-015-0497-2,none,0,0,Bot_garden_&_Literature
Halle,Gratiola officinalis,48,17,Self_incompatible,https://doi.org/10.1186/s12870-015-0497-2,none,0,0,Bot_garden_&_Literature
Halle,Gratiola officinalis,48,18,Self_incompatible,https://doi.org/10.1186/s12870-015-0497-2,none,0,0,Bot_garden_&_Literature
Halle,Gratiola officinalis,48,19,Self_incompatible,https://doi.org/10.1186/s12870-015-0497-2,none,0,0,Bot_garden_&_Literature
Halle,Gratiola officinalis,48,20,Self_incompatible,https://doi.org/10.1186/s12870-015-0497-2,none,0,0,Bot_garden_&_Literature
Halle,Gratiola officinalis,48,21,Self_incompatible,https://doi.org/10.1186/s12870-015-0497-2,none,0,0,Bot_garden_&_Literature
Halle,Gratiola officinalis,48,22,Self_incompatible,https://doi.org/10.1186/s12870-015-0497-2,none,0,0,Bot_garden_&_Literature
Halle,Gratiola officinalis,48,23,Self_incompatible,https://doi.org/10.1186/s12870-015-0497-2,none,0,0,Bot_garden_&_Literature
Halle,Gratiola officinalis,48,24,Self_incompatible,https://doi.org/10.1186/s12870-015-0497-2,none,0,0,Bot_garden_&_Literature
Halle,Gratiola officinalis,48,25,Self_incompatible,https://doi.org/10.1186/s12870-015-0497-2,none,0,0,Bot_garden_&_Literature
Halle,Gratiola officinalis,48,26,Self_incompatible,https://doi.org/10.1186/s12870-015-0497-2,none,0,0,Bot_garden_&_Literature
Halle,Gratiola officinalis,48,27,Self_incompatible,https://doi.org/10.1186/s12870-015-0497-2,none,0,0,Bot_garden_&_Literature
Halle,Gratiola officinalis,48,28,Self_incompatible,https://doi.org/10.1186/s12870-015-0497-2,none,0,0,Bot_garden_&_Literature
Halle,Gratiola officinalis,48,29,Self_incompatible,https://doi.org/10.1186/s12870-015-0497-2,none,0,0,Bot_garden_&_Literature
Halle,Gratiola officinalis,48,30,Self_incompatible,https://doi.org/10.1186/s12870-015-0497-2,none,0,0,Bot_garden_&_Literature
Halle,Gratiola officinalis,48,31,Self_incompatible,https://doi.org/10.1186/s12870-015-0497-2,none,0,0,Bot_garden_&_Literature
Halle,Gratiola officinalis,48,32,Self_incompatible,https://doi.org/10.1186/s12870-015-0497-2,none,0,0,Bot_garden_&_Literature
Halle,Gratiola officinalis,48,33,Self_incompatible,https://doi.org/10.1186/s12870-015-0497-2,none,0,0,Bot_garden_&_Literature
Halle,Gratiola officinalis,48,34,Self_incompatible,https://doi.org/10.1186/s12870-015-0497-2,none,0,0,Bot_garden_&_Literature
Halle,Gratiola officinalis,48,35,Self_incompatible,https://doi.org/10.1186/s12870-015-0497-2,none,0,0,Bot_garden_&_Literature
Halle,Gratiola officinalis,48,36,Self_incompatible,https://doi.org/10.1186/s12870-015-0497-2,none,0,0,Bot_garden_&_Literature
Halle,Gratiola officinalis,48,37,Self_incompatible,https://doi.org/10.1186/s12870-015-0497-2,none,0,0,Bot_garden_&_Literature
Halle,Gratiola officinalis,48,38,Self_incompatible,https://doi.org/10.1186/s12870-015-0497-2,none,0,0,Bot_garden_&_Literature
Halle,Gratiola officinalis,48,39,Self_incompatible,https://doi.org/10.1186/s12870-015-0497-2,none,0,0,Bot_garden_&_Literature
Halle,Gratiola officinalis,48,40,Self_incompatible,https://doi.org/10.1186/s12870-015-0497-2,none,0,0,Bot_garden_&_Literature
Halle,Gratiola officinalis,48,41,Self_incompatible,https://doi.org/10.1186/s12870-015-0497-2,none,0,0,Bot_garden_&_Literature
Halle,Gratiola officinalis,48,42,Self_incompatible,https://doi.org/10.1186/s12870-015-0497-2,none,0,0,Bot_garden_&_Literature
Halle,Gratiola officinalis,48,43,Self_incompatible,https://doi.org/10.1186/s12870-015-0497-2,none,0,0,Bot_garden_&_Literature
Halle,Gratiola officinalis,48,44,Self_incompatible,https://doi.org/10.1186/s12870-015-0497-2,none,0,0,Bot_garden_&_Literature
Halle,Gratiola officinalis,48,45,Self_incompatible,https://doi.org/10.1186/s12870-015-0497-2,none,0,0,Bot_garden_&_Literature
Halle,Gratiola officinalis,48,46,Self_incompatible,https://doi.org/10.1186/s12870-015-0497-2,none,0,0,Bot_garden_&_Literature
Halle,Gratiola officinalis,48,47,Self_incompatible,https://doi.org/10.1186/s12870-015-0497-2,none,0,0,Bot_garden_&_Literature
Halle,Gratiola officinalis,48,48,Self_incompatible,https://doi.org/10.1186/s12870-015-0497-2,none,0,0,Bot_garden_&_Literature
Halle,Gratiola officinalis,48,49,Self_incompatible,https://doi.org/10.1186/s12870-015-0497-2,none,0,0,Bot_garden_&_Literature
Halle,Gratiola officinalis,48,50,Self_incompatible,https://doi.org/10.1186/s12870-015-0497-2,none,0,0,Bot_garden_&_Literature
Halle,Solanum dulcamara,49,1,Self_compatible,https://doi.org/10.1007/BF00241885,medium,1,8,Bot_garden_&_Literature
Halle,Solanum dulcamara,49,2,Self_compatible,https://doi.org/10.1007/BF00241885,medium,1,8,Bot_garden_&_Literature
Halle,Solanum dulcamara,49,3,Self_compatible,https://doi.org/10.1007/BF00241885,medium,1,8,Bot_garden_&_Literature
Halle,Solanum dulcamara,49,4,Self_compatible,https://doi.org/10.1007/BF00241885,medium,1,8,Bot_garden_&_Literature
Halle,Solanum dulcamara,49,5,Self_compatible,https://doi.org/10.1007/BF00241885,medium,1,7,Bot_garden_&_Literature
Halle,Solanum dulcamara,49,6,Self_compatible,https://doi.org/10.1007/BF00241885,medium,1,7,Bot_garden_&_Literature
Halle,Solanum dulcamara,49,7,Self_compatible,https://doi.org/10.1007/BF00241885,medium,1,12,Bot_garden_&_Literature
Halle,Solanum dulcamara,49,8,Self_compatible,https://doi.org/10.1007/BF00241885,medium,1,10,Bot_garden_&_Literature
Halle,Solanum dulcamara,49,9,Self_compatible,https://doi.org/10.1007/BF00241885,medium,1,6,Bot_garden_&_Literature
Halle,Solanum dulcamara,49,10,Self_compatible,https://doi.org/10.1007/BF00241885,medium,1,7,Bot_garden_&_Literature
Halle,Solanum dulcamara,49,11,Self_compatible,https://doi.org/10.1007/BF00241885,medium,0,0,Bot_garden_&_Literature
Halle,Solanum dulcamara,49,12,Self_compatible,https://doi.org/10.1007/BF00241885,medium,0,0,Bot_garden_&_Literature
Halle,Solanum dulcamara,49,13,Self_compatible,https://doi.org/10.1007/BF00241885,medium,0,0,Bot_garden_&_Literature
Halle,Solanum dulcamara,49,14,Self_compatible,https://doi.org/10.1007/BF00241885,medium,0,0,Bot_garden_&_Literature
Halle,Solanum dulcamara,49,15,Self_compatible,https://doi.org/10.1007/BF00241885,medium,0,0,Bot_garden_&_Literature
Halle,Solanum dulcamara,49,16,Self_compatible,https://doi.org/10.1007/BF00241885,medium,0,0,Bot_garden_&_Literature
Halle,Solanum dulcamara,49,17,Self_compatible,https://doi.org/10.1007/BF00241885,medium,0,0,Bot_garden_&_Literature
Halle,Solanum dulcamara,49,18,Self_compatible,https://doi.org/10.1007/BF00241885,medium,0,0,Bot_garden_&_Literature
Halle,Solanum dulcamara,49,19,Self_compatible,https://doi.org/10.1007/BF00241885,medium,0,0,Bot_garden_&_Literature
Halle,Solanum dulcamara,49,20,Self_compatible,https://doi.org/10.1007/BF00241885,medium,0,0,Bot_garden_&_Literature
Halle,Solanum dulcamara,49,21,Self_compatible,https://doi.org/10.1007/BF00241885,medium,0,0,Bot_garden_&_Literature
Halle,Solanum dulcamara,49,22,Self_compatible,https://doi.org/10.1007/BF00241885,medium,0,0,Bot_garden_&_Literature
Halle,Solanum dulcamara,49,23,Self_compatible,https://doi.org/10.1007/BF00241885,medium,0,0,Bot_garden_&_Literature
Halle,Solanum dulcamara,49,24,Self_compatible,https://doi.org/10.1007/BF00241885,medium,0,0,Bot_garden_&_Literature
Halle,Solanum dulcamara,49,25,Self_compatible,https://doi.org/10.1007/BF00241885,medium,0,0,Bot_garden_&_Literature
Leipzig,Hemerocallis dumortieri,50,1,Self_incompatible,Bot_garden,none,0,0,Bot_garden_&_Literature
Leipzig,Hemerocallis dumortieri,50,2,Self_incompatible,Bot_garden,none,0,0,Bot_garden
Leipzig,Hemerocallis dumortieri,50,3,Self_incompatible,Bot_garden,none,0,0,Bot_garden
Leipzig,Hemerocallis dumortieri,50,4,Self_incompatible,Bot_garden,none,0,0,Bot_garden
Leipzig,Hemerocallis dumortieri,50,5,Self_incompatible,Bot_garden,none,0,0,Bot_garden
Leipzig,Hemerocallis dumortieri,50,6,Self_incompatible,Bot_garden,none,0,0,Bot_garden
Leipzig,Hemerocallis dumortieri,50,7,Self_incompatible,Bot_garden,none,0,0,Bot_garden
Leipzig,Hemerocallis dumortieri,50,8,Self_incompatible,Bot_garden,none,0,0,Bot_garden
Leipzig,Hemerocallis dumortieri,50,9,Self_incompatible,Bot_garden,none,0,0,Bot_garden
Leipzig,Hemerocallis dumortieri,50,10,Self_incompatible,Bot_garden,none,0,0,Bot_garden
Leipzig,Hemerocallis dumortieri,50,11,Self_incompatible,Bot_garden,none,0,0,Bot_garden
Leipzig,Hemerocallis dumortieri,50,12,Self_incompatible,Bot_garden,none,0,0,Bot_garden
Leipzig,Hemerocallis dumortieri,50,13,Self_incompatible,Bot_garden,none,0,0,Bot_garden
Leipzig,Hemerocallis dumortieri,50,14,Self_incompatible,Bot_garden,none,0,0,Bot_garden
Leipzig,Hemerocallis dumortieri,50,15,Self_incompatible,Bot_garden,none,0,0,Bot_garden
Leipzig,Silene vulgaris,51,1,Self_compatible,https://doi.org/10.1016/j.ecolind.2017.04.030,none,0,0,Bot_garden_&_Literature
Leipzig,Silene vulgaris,51,2,Self_compatible,https://doi.org/10.1016/j.ecolind.2017.04.030,none,0,0,Bot_garden_&_Literature
Leipzig,Silene vulgaris,51,3,Self_compatible,https://doi.org/10.1016/j.ecolind.2017.04.030,none,0,0,Bot_garden_&_Literature
Leipzig,Silene vulgaris,51,4,Self_compatible,https://doi.org/10.1016/j.ecolind.2017.04.030,none,0,0,Bot_garden_&_Literature
Leipzig,Silene vulgaris,51,5,Self_compatible,https://doi.org/10.1016/j.ecolind.2017.04.030,none,0,0,Bot_garden_&_Literature
Leipzig,Silene vulgaris,51,6,Self_compatible,https://doi.org/10.1016/j.ecolind.2017.04.030,none,0,0,Bot_garden_&_Literature
Leipzig,Silene vulgaris,51,7,Self_compatible,https://doi.org/10.1016/j.ecolind.2017.04.030,none,0,0,Bot_garden_&_Literature
Leipzig,Silene vulgaris,51,8,Self_compatible,https://doi.org/10.1016/j.ecolind.2017.04.030,none,0,0,Bot_garden_&_Literature
Leipzig,Silene vulgaris,51,9,Self_compatible,https://doi.org/10.1016/j.ecolind.2017.04.030,none,0,0,Bot_garden_&_Literature
Leipzig,Silene vulgaris,51,10,Self_compatible,https://doi.org/10.1016/j.ecolind.2017.04.030,none,0,0,Bot_garden_&_Literature
Leipzig,Penstemon grandiflorus,52,1,Self_compatible,https://bsapubs.onlinelibrary.wiley.com/doi/10.3732/ajb.93.11.1699; https://doi.org/10.3389/fevo.2019.00299; https://doi.org/10.3732/ajb.94.10.1594,medium,1,0,Bot_garden_&_Literature
Leipzig,Penstemon grandiflorus,52,2,Self_compatible,https://bsapubs.onlinelibrary.wiley.com/doi/10.3732/ajb.93.11.1699; https://doi.org/10.3389/fevo.2019.00299; https://doi.org/10.3732/ajb.94.10.1594,medium,1,8,Bot_garden_&_Literature
Leipzig,Penstemon grandiflorus,52,3,Self_compatible,https://bsapubs.onlinelibrary.wiley.com/doi/10.3732/ajb.93.11.1699; https://doi.org/10.3389/fevo.2019.00299; https://doi.org/10.3732/ajb.94.10.1594,medium,1,0,Bot_garden_&_Literature
Leipzig,Penstemon grandiflorus,52,4,Self_compatible,https://bsapubs.onlinelibrary.wiley.com/doi/10.3732/ajb.93.11.1699; https://doi.org/10.3389/fevo.2019.00299; https://doi.org/10.3732/ajb.94.10.1594,medium,1,0,Bot_garden_&_Literature
Leipzig,Penstemon grandiflorus,52,5,Self_compatible,https://bsapubs.onlinelibrary.wiley.com/doi/10.3732/ajb.93.11.1699; https://doi.org/10.3389/fevo.2019.00299; https://doi.org/10.3732/ajb.94.10.1594,medium,1,3,Bot_garden_&_Literature
Leipzig,Penstemon grandiflorus,52,6,Self_compatible,https://bsapubs.onlinelibrary.wiley.com/doi/10.3732/ajb.93.11.1699; https://doi.org/10.3389/fevo.2019.00299; https://doi.org/10.3732/ajb.94.10.1594,medium,0,0,Bot_garden_&_Literature
Leipzig,Penstemon grandiflorus,52,7,Self_compatible,https://bsapubs.onlinelibrary.wiley.com/doi/10.3732/ajb.93.11.1699; https://doi.org/10.3389/fevo.2019.00299; https://doi.org/10.3732/ajb.94.10.1594,medium,0,0,Bot_garden_&_Literature
Leipzig,Penstemon grandiflorus,52,8,Self_compatible,https://bsapubs.onlinelibrary.wiley.com/doi/10.3732/ajb.93.11.1699; https://doi.org/10.3389/fevo.2019.00299; https://doi.org/10.3732/ajb.94.10.1594,medium,0,0,Bot_garden_&_Literature
Leipzig,Penstemon grandiflorus,52,9,Self_compatible,https://bsapubs.onlinelibrary.wiley.com/doi/10.3732/ajb.93.11.1699; https://doi.org/10.3389/fevo.2019.00299; https://doi.org/10.3732/ajb.94.10.1594,medium,0,0,Bot_garden_&_Literature
Leipzig,Penstemon grandiflorus,52,10,Self_compatible,https://bsapubs.onlinelibrary.wiley.com/doi/10.3732/ajb.93.11.1699; https://doi.org/10.3389/fevo.2019.00299; https://doi.org/10.3732/ajb.94.10.1594,medium,0,0,Bot_garden_&_Literature
Leipzig,Penstemon grandiflorus,52,11,Self_compatible,https://bsapubs.onlinelibrary.wiley.com/doi/10.3732/ajb.93.11.1699; https://doi.org/10.3389/fevo.2019.00299; https://doi.org/10.3732/ajb.94.10.1594,medium,0,0,Bot_garden_&_Literature
Leipzig,Penstemon grandiflorus,52,12,Self_compatible,https://bsapubs.onlinelibrary.wiley.com/doi/10.3732/ajb.93.11.1699; https://doi.org/10.3389/fevo.2019.00299; https://doi.org/10.3732/ajb.94.10.1594,medium,1,0,Bot_garden_&_Literature
Leipzig,Penstemon grandiflorus,52,13,Self_compatible,https://bsapubs.onlinelibrary.wiley.com/doi/10.3732/ajb.93.11.1699; https://doi.org/10.3389/fevo.2019.00299; https://doi.org/10.3732/ajb.94.10.1594,medium,1,1,Bot_garden_&_Literature
Leipzig,Penstemon grandiflorus,52,14,Self_compatible,https://bsapubs.onlinelibrary.wiley.com/doi/10.3732/ajb.93.11.1699; https://doi.org/10.3389/fevo.2019.00299; https://doi.org/10.3732/ajb.94.10.1594,medium,1,7,Bot_garden_&_Literature
Leipzig,Psephellus dealbatus,53,1,Self_incompatible,Bot_garden,none,0,0,Bot_garden
Leipzig,Psephellus dealbatus,53,2,Self_incompatible,Bot_garden,none,0,0,Bot_garden
Leipzig,Psephellus dealbatus,53,3,Self_incompatible,Bot_garden,none,0,0,Bot_garden
Leipzig,Psephellus dealbatus,53,4,Self_incompatible,Bot_garden,none,0,0,Bot_garden
Leipzig,Psephellus dealbatus,53,5,Self_incompatible,Bot_garden,none,0,0,Bot_garden
Leipzig,Psephellus dealbatus,53,6,Self_incompatible,Bot_garden,none,0,0,Bot_garden
Leipzig,Psephellus dealbatus,53,7,Self_incompatible,Bot_garden,none,0,0,Bot_garden
Leipzig,Psephellus dealbatus,53,8,Self_incompatible,Bot_garden,none,0,0,Bot_garden
Leipzig,Psephellus dealbatus,53,9,Self_incompatible,Bot_garden,none,0,0,Bot_garden
Leipzig,Psephellus dealbatus,53,10,Self_incompatible,Bot_garden,none,0,0,Bot_garden
Leipzig,Psephellus dealbatus,53,11,Self_incompatible,Bot_garden,none,0,0,Bot_garden
Leipzig,Psephellus dealbatus,53,12,Self_incompatible,Bot_garden,none,0,0,Bot_garden
Leipzig,Psephellus dealbatus,53,13,Self_incompatible,Bot_garden,none,0,0,Bot_garden
Leipzig,Psephellus dealbatus,53,14,Self_incompatible,Bot_garden,none,0,0,Bot_garden
Leipzig,Psephellus dealbatus,53,15,Self_incompatible,Bot_garden,none,0,0,Bot_garden
Leipzig,Psephellus dealbatus,53,16,Self_incompatible,Bot_garden,none,0,0,Bot_garden
Leipzig,Psephellus dealbatus,53,17,Self_incompatible,Bot_garden,none,0,0,Bot_garden
Leipzig,Psephellus dealbatus,53,18,Self_incompatible,Bot_garden,none,0,0,Bot_garden
Leipzig,Psephellus dealbatus,53,19,Self_incompatible,Bot_garden,none,0,0,Bot_garden
Leipzig,Psephellus dealbatus,53,20,Self_incompatible,Bot_garden,none,0,0,Bot_garden
Leipzig,Psephellus dealbatus,53,21,Self_incompatible,Bot_garden,none,0,0,Bot_garden
Leipzig,Psephellus dealbatus,53,22,Self_incompatible,Bot_garden,none,0,0,Bot_garden
Leipzig,Psephellus dealbatus,53,23,Self_incompatible,Bot_garden,none,0,0,Bot_garden
Leipzig,Psephellus dealbatus,53,24,Self_incompatible,Bot_garden,none,0,0,Bot_garden
Leipzig,Psephellus dealbatus,53,25,Self_incompatible,Bot_garden,none,0,0,Bot_garden
Leipzig,Psephellus dealbatus,53,26,Self_incompatible,Bot_garden,none,0,0,Bot_garden
Leipzig,Psephellus dealbatus,53,27,Self_incompatible,Bot_garden,none,0,0,Bot_garden
Leipzig,Psephellus dealbatus,53,28,Self_incompatible,Bot_garden,none,0,0,Bot_garden
Leipzig,Psephellus dealbatus,53,29,Self_incompatible,Bot_garden,none,0,0,Bot_garden
Leipzig,Psephellus dealbatus,53,30,Self_incompatible,Bot_garden,none,0,0,Bot_garden
Halle,Centranthus ruber,54,1,Self_compatible,https://doi.org/10.1111/j.1442-1984.2010.00280.x,low,1,1,Bot_garden_&_Literature
Halle,Centranthus ruber,54,2,Self_compatible,https://doi.org/10.1111/j.1442-1984.2010.00280.x,low,1,1,Bot_garden_&_Literature
Halle,Centranthus ruber,54,3,Self_compatible,https://doi.org/10.1111/j.1442-1984.2010.00280.x,low,1,1,Bot_garden_&_Literature
Halle,Centranthus ruber,54,4,Self_compatible,https://doi.org/10.1111/j.1442-1984.2010.00280.x,low,1,1,Bot_garden_&_Literature
Halle,Centranthus ruber,54,5,Self_compatible,https://doi.org/10.1111/j.1442-1984.2010.00280.x,low,1,1,Bot_garden_&_Literature
Halle,Centranthus ruber,54,6,Self_compatible,https://doi.org/10.1111/j.1442-1984.2010.00280.x,low,1,1,Bot_garden_&_Literature
Halle,Centranthus ruber,54,7,Self_compatible,https://doi.org/10.1111/j.1442-1984.2010.00280.x,low,1,1,Bot_garden_&_Literature
Halle,Centranthus ruber,54,8,Self_compatible,https://doi.org/10.1111/j.1442-1984.2010.00280.x,low,1,1,Bot_garden_&_Literature
Halle,Centranthus ruber,54,9,Self_compatible,https://doi.org/10.1111/j.1442-1984.2010.00280.x,low,1,1,Bot_garden_&_Literature
Halle,Centranthus ruber,54,10,Self_compatible,https://doi.org/10.1111/j.1442-1984.2010.00280.x,low,1,1,Bot_garden_&_Literature
Halle,Centranthus ruber,54,11,Self_compatible,https://doi.org/10.1111/j.1442-1984.2010.00280.x,low,1,1,Bot_garden_&_Literature
Halle,Centranthus ruber,54,12,Self_compatible,https://doi.org/10.1111/j.1442-1984.2010.00280.x,low,1,1,Bot_garden_&_Literature
Halle,Centranthus ruber,54,13,Self_compatible,https://doi.org/10.1111/j.1442-1984.2010.00280.x,low,1,1,Bot_garden_&_Literature
Halle,Centranthus ruber,54,14,Self_compatible,https://doi.org/10.1111/j.1442-1984.2010.00280.x,low,0,0,Bot_garden_&_Literature
Halle,Centranthus ruber,54,15,Self_compatible,https://doi.org/10.1111/j.1442-1984.2010.00280.x,low,0,0,Bot_garden_&_Literature
Halle,Centranthus ruber,54,16,Self_compatible,https://doi.org/10.1111/j.1442-1984.2010.00280.x,low,0,0,Bot_garden_&_Literature
Halle,Centranthus ruber,54,17,Self_compatible,https://doi.org/10.1111/j.1442-1984.2010.00280.x,low,0,0,Bot_garden_&_Literature
Halle,Centranthus ruber,54,18,Self_compatible,https://doi.org/10.1111/j.1442-1984.2010.00280.x,low,0,0,Bot_garden_&_Literature
Halle,Centranthus ruber,54,19,Self_compatible,https://doi.org/10.1111/j.1442-1984.2010.00280.x,low,0,0,Bot_garden_&_Literature
Halle,Centranthus ruber,54,20,Self_compatible,https://doi.org/10.1111/j.1442-1984.2010.00280.x,low,0,0,Bot_garden_&_Literature
Halle,Centranthus ruber,54,21,Self_compatible,https://doi.org/10.1111/j.1442-1984.2010.00280.x,low,0,0,Bot_garden_&_Literature
Halle,Centranthus ruber,54,22,Self_compatible,https://doi.org/10.1111/j.1442-1984.2010.00280.x,low,0,0,Bot_garden_&_Literature
Halle,Centranthus ruber,54,23,Self_compatible,https://doi.org/10.1111/j.1442-1984.2010.00280.x,low,0,0,Bot_garden_&_Literature
Halle,Centranthus ruber,54,24,Self_compatible,https://doi.org/10.1111/j.1442-1984.2010.00280.x,low,0,0,Bot_garden_&_Literature
Halle,Centranthus ruber,54,25,Self_compatible,https://doi.org/10.1111/j.1442-1984.2010.00280.x,low,0,0,Bot_garden_&_Literature
Halle,Centranthus ruber,54,26,Self_compatible,https://doi.org/10.1111/j.1442-1984.2010.00280.x,low,0,0,Bot_garden_&_Literature
Halle,Centranthus ruber,54,27,Self_compatible,https://doi.org/10.1111/j.1442-1984.2010.00280.x,low,0,0,Bot_garden_&_Literature
Halle,Centranthus ruber,54,28,Self_compatible,https://doi.org/10.1111/j.1442-1984.2010.00280.x,low,0,0,Bot_garden_&_Literature
Halle,Centranthus ruber,54,29,Self_compatible,https://doi.org/10.1111/j.1442-1984.2010.00280.x,low,0,0,Bot_garden_&_Literature
Halle,Centranthus ruber,54,30,Self_compatible,https://doi.org/10.1111/j.1442-1984.2010.00280.x,low,0,0,Bot_garden_&_Literature
Halle,Centranthus ruber,54,31,Self_compatible,https://doi.org/10.1111/j.1442-1984.2010.00280.x,low,0,0,Bot_garden_&_Literature
Halle,Centranthus ruber,54,32,Self_compatible,https://doi.org/10.1111/j.1442-1984.2010.00280.x,low,0,0,Bot_garden_&_Literature
Halle,Centranthus ruber,54,33,Self_compatible,https://doi.org/10.1111/j.1442-1984.2010.00280.x,low,0,0,Bot_garden_&_Literature
Halle,Centranthus ruber,54,34,Self_compatible,https://doi.org/10.1111/j.1442-1984.2010.00280.x,low,0,0,Bot_garden_&_Literature
Halle,Centranthus ruber,54,35,Self_compatible,https://doi.org/10.1111/j.1442-1984.2010.00280.x,low,0,0,Bot_garden_&_Literature
Halle,Centranthus ruber,54,36,Self_compatible,https://doi.org/10.1111/j.1442-1984.2010.00280.x,low,0,0,Bot_garden_&_Literature
Halle,Centranthus ruber,54,37,Self_compatible,https://doi.org/10.1111/j.1442-1984.2010.00280.x,low,0,0,Bot_garden_&_Literature
Halle,Centranthus ruber,54,38,Self_compatible,https://doi.org/10.1111/j.1442-1984.2010.00280.x,low,0,0,Bot_garden_&_Literature
Halle,Centranthus ruber,54,39,Self_compatible,https://doi.org/10.1111/j.1442-1984.2010.00280.x,low,0,0,Bot_garden_&_Literature
Halle,Centranthus ruber,54,40,Self_compatible,https://doi.org/10.1111/j.1442-1984.2010.00280.x,low,0,0,Bot_garden_&_Literature
Halle,Centranthus ruber,54,41,Self_compatible,https://doi.org/10.1111/j.1442-1984.2010.00280.x,low,0,0,Bot_garden_&_Literature
Halle,Centranthus ruber,54,42,Self_compatible,https://doi.org/10.1111/j.1442-1984.2010.00280.x,low,0,0,Bot_garden_&_Literature
Halle,Centranthus ruber,54,43,Self_compatible,https://doi.org/10.1111/j.1442-1984.2010.00280.x,low,0,0,Bot_garden_&_Literature
Halle,Centranthus ruber,54,44,Self_compatible,https://doi.org/10.1111/j.1442-1984.2010.00280.x,low,0,0,Bot_garden_&_Literature
Halle,Centranthus ruber,54,45,Self_compatible,https://doi.org/10.1111/j.1442-1984.2010.00280.x,low,0,0,Bot_garden_&_Literature
Halle,Centranthus ruber,54,46,Self_compatible,https://doi.org/10.1111/j.1442-1984.2010.00280.x,low,0,0,Bot_garden_&_Literature
Halle,Centranthus ruber,54,47,Self_compatible,https://doi.org/10.1111/j.1442-1984.2010.00280.x,low,0,0,Bot_garden_&_Literature
Halle,Centranthus ruber,54,48,Self_compatible,https://doi.org/10.1111/j.1442-1984.2010.00280.x,low,0,0,Bot_garden_&_Literature
Halle,Centranthus ruber,54,49,Self_compatible,https://doi.org/10.1111/j.1442-1984.2010.00280.x,low,0,0,Bot_garden_&_Literature
Halle,Centranthus ruber,54,50,Self_compatible,https://doi.org/10.1111/j.1442-1984.2010.00280.x,low,0,0,Bot_garden_&_Literature
Halle,Centranthus ruber,54,51,Self_compatible,https://doi.org/10.1111/j.1442-1984.2010.00280.x,low,0,0,Bot_garden_&_Literature
Halle,Centranthus ruber,54,52,Self_compatible,https://doi.org/10.1111/j.1442-1984.2010.00280.x,low,0,0,Bot_garden_&_Literature
Halle,Centranthus ruber,54,53,Self_compatible,https://doi.org/10.1111/j.1442-1984.2010.00280.x,low,0,0,Bot_garden_&_Literature
Halle,Centranthus ruber,54,54,Self_compatible,https://doi.org/10.1111/j.1442-1984.2010.00280.x,low,0,0,Bot_garden_&_Literature
Halle,Centranthus ruber,54,55,Self_compatible,https://doi.org/10.1111/j.1442-1984.2010.00280.x,low,0,0,Bot_garden_&_Literature
Halle,Centranthus ruber,54,56,Self_compatible,https://doi.org/10.1111/j.1442-1984.2010.00280.x,low,0,0,Bot_garden_&_Literature
Halle,Centranthus ruber,54,57,Self_compatible,https://doi.org/10.1111/j.1442-1984.2010.00280.x,low,0,0,Bot_garden_&_Literature
Halle,Centranthus ruber,54,58,Self_compatible,https://doi.org/10.1111/j.1442-1984.2010.00280.x,low,0,0,Bot_garden_&_Literature
Halle,Centranthus ruber,54,59,Self_compatible,https://doi.org/10.1111/j.1442-1984.2010.00280.x,low,0,0,Bot_garden_&_Literature
Halle,Centranthus ruber,54,60,Self_compatible,https://doi.org/10.1111/j.1442-1984.2010.00280.x,low,0,0,Bot_garden_&_Literature
Halle,Centranthus ruber,54,61,Self_compatible,https://doi.org/10.1111/j.1442-1984.2010.00280.x,low,0,0,Bot_garden_&_Literature
Halle,Centranthus ruber,54,62,Self_compatible,https://doi.org/10.1111/j.1442-1984.2010.00280.x,low,0,0,Bot_garden_&_Literature
Halle,Centranthus ruber,54,63,Self_compatible,https://doi.org/10.1111/j.1442-1984.2010.00280.x,low,0,0,Bot_garden_&_Literature
Halle,Centranthus ruber,54,64,Self_compatible,https://doi.org/10.1111/j.1442-1984.2010.00280.x,low,0,0,Bot_garden_&_Literature
Halle,Centranthus ruber,54,65,Self_compatible,https://doi.org/10.1111/j.1442-1984.2010.00280.x,low,0,0,Bot_garden_&_Literature
Halle,Centranthus ruber,54,66,Self_compatible,https://doi.org/10.1111/j.1442-1984.2010.00280.x,low,0,0,Bot_garden_&_Literature
Halle,Centranthus ruber,54,67,Self_compatible,https://doi.org/10.1111/j.1442-1984.2010.00280.x,low,0,0,Bot_garden_&_Literature
Halle,Centranthus ruber,54,68,Self_compatible,https://doi.org/10.1111/j.1442-1984.2010.00280.x,low,0,0,Bot_garden_&_Literature
Halle,Centranthus ruber,54,69,Self_compatible,https://doi.org/10.1111/j.1442-1984.2010.00280.x,low,0,0,Bot_garden_&_Literature
Halle,Centranthus ruber,54,70,Self_compatible,https://doi.org/10.1111/j.1442-1984.2010.00280.x,low,0,0,Bot_garden_&_Literature
Halle,Centranthus ruber,54,71,Self_compatible,https://doi.org/10.1111/j.1442-1984.2010.00280.x,low,0,0,Bot_garden_&_Literature
Halle,Centranthus ruber,54,72,Self_compatible,https://doi.org/10.1111/j.1442-1984.2010.00280.x,low,0,0,Bot_garden_&_Literature
Halle,Centranthus ruber,54,73,Self_compatible,https://doi.org/10.1111/j.1442-1984.2010.00280.x,low,0,0,Bot_garden_&_Literature
Halle,Centranthus ruber,54,74,Self_compatible,https://doi.org/10.1111/j.1442-1984.2010.00280.x,low,0,0,Bot_garden_&_Literature
Halle,Centranthus ruber,54,75,Self_compatible,https://doi.org/10.1111/j.1442-1984.2010.00280.x,low,0,0,Bot_garden_&_Literature
Halle,Centranthus ruber,54,76,Self_compatible,https://doi.org/10.1111/j.1442-1984.2010.00280.x,low,0,0,Bot_garden_&_Literature
Halle,Centranthus ruber,54,77,Self_compatible,https://doi.org/10.1111/j.1442-1984.2010.00280.x,low,0,0,Bot_garden_&_Literature
Halle,Centranthus ruber,54,78,Self_compatible,https://doi.org/10.1111/j.1442-1984.2010.00280.x,low,0,0,Bot_garden_&_Literature
Halle,Centranthus ruber,54,79,Self_compatible,https://doi.org/10.1111/j.1442-1984.2010.00280.x,low,0,0,Bot_garden_&_Literature
Halle,Centranthus ruber,54,80,Self_compatible,https://doi.org/10.1111/j.1442-1984.2010.00280.x,low,0,0,Bot_garden_&_Literature
Halle,Centranthus ruber,54,81,Self_compatible,https://doi.org/10.1111/j.1442-1984.2010.00280.x,low,0,0,Bot_garden_&_Literature
Halle,Centranthus ruber,54,82,Self_compatible,https://doi.org/10.1111/j.1442-1984.2010.00280.x,low,0,0,Bot_garden_&_Literature
Halle,Centranthus ruber,54,83,Self_compatible,https://doi.org/10.1111/j.1442-1984.2010.00280.x,low,0,0,Bot_garden_&_Literature
Halle,Centranthus ruber,54,84,Self_compatible,https://doi.org/10.1111/j.1442-1984.2010.00280.x,low,0,0,Bot_garden_&_Literature
Halle,Centranthus ruber,54,85,Self_compatible,https://doi.org/10.1111/j.1442-1984.2010.00280.x,low,0,0,Bot_garden_&_Literature
Halle,Centranthus ruber,54,86,Self_compatible,https://doi.org/10.1111/j.1442-1984.2010.00280.x,low,0,0,Bot_garden_&_Literature
Halle,Centranthus ruber,54,87,Self_compatible,https://doi.org/10.1111/j.1442-1984.2010.00280.x,low,0,0,Bot_garden_&_Literature
Halle,Centranthus ruber,54,88,Self_compatible,https://doi.org/10.1111/j.1442-1984.2010.00280.x,low,0,0,Bot_garden_&_Literature
Halle,Centranthus ruber,54,89,Self_compatible,https://doi.org/10.1111/j.1442-1984.2010.00280.x,low,0,0,Bot_garden_&_Literature
Halle,Centranthus ruber,54,90,Self_compatible,https://doi.org/10.1111/j.1442-1984.2010.00280.x,low,0,0,Bot_garden_&_Literature
Halle,Centranthus ruber,54,91,Self_compatible,https://doi.org/10.1111/j.1442-1984.2010.00280.x,low,0,0,Bot_garden_&_Literature
Halle,Centranthus ruber,54,92,Self_compatible,https://doi.org/10.1111/j.1442-1984.2010.00280.x,low,0,0,Bot_garden_&_Literature
Halle,Centranthus ruber,54,93,Self_compatible,https://doi.org/10.1111/j.1442-1984.2010.00280.x,low,0,0,Bot_garden_&_Literature
Halle,Centranthus ruber,54,94,Self_compatible,https://doi.org/10.1111/j.1442-1984.2010.00280.x,low,0,0,Bot_garden_&_Literature
Halle,Centranthus ruber,54,95,Self_compatible,https://doi.org/10.1111/j.1442-1984.2010.00280.x,low,0,0,Bot_garden_&_Literature
Halle,Centranthus ruber,54,96,Self_compatible,https://doi.org/10.1111/j.1442-1984.2010.00280.x,low,0,0,Bot_garden_&_Literature
Halle,Centranthus ruber,54,97,Self_compatible,https://doi.org/10.1111/j.1442-1984.2010.00280.x,low,0,0,Bot_garden_&_Literature
Halle,Centranthus ruber,54,98,Self_compatible,https://doi.org/10.1111/j.1442-1984.2010.00280.x,low,0,0,Bot_garden_&_Literature
Halle,Centranthus ruber,54,99,Self_compatible,https://doi.org/10.1111/j.1442-1984.2010.00280.x,low,0,0,Bot_garden_&_Literature
Halle,Centranthus ruber,54,100,Self_compatible,https://doi.org/10.1111/j.1442-1984.2010.00280.x,low,0,0,Bot_garden_&_Literature
Halle,Centranthus ruber,54,101,Self_compatible,https://doi.org/10.1111/j.1442-1984.2010.00280.x,low,0,0,Bot_garden_&_Literature
Halle,Centranthus ruber,54,102,Self_compatible,https://doi.org/10.1111/j.1442-1984.2010.00280.x,low,0,0,Bot_garden_&_Literature
Halle,Centranthus ruber,54,103,Self_compatible,https://doi.org/10.1111/j.1442-1984.2010.00280.x,low,0,0,Bot_garden_&_Literature
Halle,Centranthus ruber,54,104,Self_compatible,https://doi.org/10.1111/j.1442-1984.2010.00280.x,low,0,0,Bot_garden_&_Literature
Halle,Centranthus ruber,54,105,Self_compatible,https://doi.org/10.1111/j.1442-1984.2010.00280.x,low,0,0,Bot_garden_&_Literature
Jena,Silene nutans,55,1,Self_compatible,https://doi.org/10.1086/647916,none,0,0,Bot_garden_&_Literature
Jena,Silene nutans,55,2,Self_compatible,https://doi.org/10.1086/647916,none,0,0,Bot_garden_&_Literature
Jena,Silene nutans,55,3,Self_compatible,https://doi.org/10.1086/647916,none,0,0,Bot_garden_&_Literature
Jena,Silene nutans,55,4,Self_compatible,https://doi.org/10.1086/647916,none,0,0,Bot_garden_&_Literature
Jena,Silene nutans,55,5,Self_compatible,https://doi.org/10.1086/647916,none,0,0,Bot_garden_&_Literature
Jena,Silene nutans,55,6,Self_compatible,https://doi.org/10.1086/647916,none,0,0,Bot_garden_&_Literature
Jena,Silene nutans,55,7,Self_compatible,https://doi.org/10.1086/647916,none,0,0,Bot_garden_&_Literature
Jena,Silene nutans,55,8,Self_compatible,https://doi.org/10.1086/647916,none,0,0,Bot_garden_&_Literature
Jena,Silene nutans,55,9,Self_compatible,https://doi.org/10.1086/647916,none,0,0,Bot_garden_&_Literature
Jena,Silene nutans,55,10,Self_compatible,https://doi.org/10.1086/647916,none,0,0,Bot_garden_&_Literature
Jena,Silene nutans,55,11,Self_compatible,https://doi.org/10.1086/647916,none,0,0,Bot_garden_&_Literature
Jena,Silene nutans,55,12,Self_compatible,https://doi.org/10.1086/647916,none,0,0,Bot_garden_&_Literature
Jena,Silene nutans,55,13,Self_compatible,https://doi.org/10.1086/647916,none,0,0,Bot_garden_&_Literature
Jena,Silene nutans,55,14,Self_compatible,https://doi.org/10.1086/647916,none,0,0,Bot_garden_&_Literature
Jena,Silene nutans,55,15,Self_compatible,https://doi.org/10.1086/647916,none,0,0,Bot_garden_&_Literature
Halle,Hypericum perforatum,56,1,Self_compatible,https://doi.org/10.1186/s12864-015-1439-y,high,1,40,Bot_garden_&_Literature
Halle,Hypericum perforatum,56,2,Self_compatible,https://doi.org/10.1186/s12864-015-1439-y,high,1,40,Bot_garden_&_Literature
Halle,Hypericum perforatum,56,3,Self_compatible,https://doi.org/10.1186/s12864-015-1439-y,high,1,32,Bot_garden_&_Literature
Halle,Hypericum perforatum,56,4,Self_compatible,https://doi.org/10.1186/s12864-015-1439-y,high,0,0,Bot_garden_&_Literature
Halle,Hypericum perforatum,56,5,Self_compatible,https://doi.org/10.1186/s12864-015-1439-y,high,1,28,Bot_garden_&_Literature
Halle,Hypericum perforatum,56,6,Self_compatible,https://doi.org/10.1186/s12864-015-1439-y,high,1,3,Bot_garden_&_Literature
Halle,Hypericum perforatum,56,7,Self_compatible,https://doi.org/10.1186/s12864-015-1439-y,high,1,5,Bot_garden_&_Literature
Halle,Hypericum perforatum,56,8,Self_compatible,https://doi.org/10.1186/s12864-015-1439-y,high,1,6,Bot_garden_&_Literature
Halle,Hypericum perforatum,56,9,Self_compatible,https://doi.org/10.1186/s12864-015-1439-y,high,0,0,Bot_garden_&_Literature
Halle,Hypericum perforatum,56,10,Self_compatible,https://doi.org/10.1186/s12864-015-1439-y,high,1,5,Bot_garden_&_Literature
Halle,Hypericum perforatum,56,11,Self_compatible,https://doi.org/10.1186/s12864-015-1439-y,high,1,16,Bot_garden_&_Literature
Halle,Hypericum perforatum,56,12,Self_compatible,https://doi.org/10.1186/s12864-015-1439-y,high,1,51,Bot_garden_&_Literature
Halle,Hypericum perforatum,56,13,Self_compatible,https://doi.org/10.1186/s12864-015-1439-y,high,1,13,Bot_garden_&_Literature
Halle,Hypericum perforatum,56,14,Self_compatible,https://doi.org/10.1186/s12864-015-1439-y,high,0,0,Bot_garden_&_Literature
Halle,Hypericum perforatum,56,15,Self_compatible,https://doi.org/10.1186/s12864-015-1439-y,high,1,30,Bot_garden_&_Literature
Halle,Hypericum perforatum,56,16,Self_compatible,https://doi.org/10.1186/s12864-015-1439-y,high,1,23,Bot_garden_&_Literature
Halle,Hypericum perforatum,56,17,Self_compatible,https://doi.org/10.1186/s12864-015-1439-y,high,1,3,Bot_garden_&_Literature
Halle,Hypericum perforatum,56,18,Self_compatible,https://doi.org/10.1186/s12864-015-1439-y,high,1,9,Bot_garden_&_Literature
Leipzig,Hypericum olympicum,57,1,Self_compatible,Bot_garden,low,0,0,Bot_garden
Leipzig,Hypericum olympicum,57,2,Self_compatible,Bot_garden,low,0,0,Bot_garden
Leipzig,Hypericum olympicum,57,3,Self_compatible,Bot_garden,low,0,0,Bot_garden
Leipzig,Hypericum olympicum,57,4,Self_compatible,Bot_garden,low,0,0,Bot_garden
Leipzig,Hypericum olympicum,57,5,Self_compatible,Bot_garden,low,0,0,Bot_garden
Leipzig,Hypericum olympicum,57,6,Self_compatible,Bot_garden,low,1,144,Bot_garden
Leipzig,Hypericum olympicum,57,7,Self_compatible,Bot_garden,low,0,0,Bot_garden
Leipzig,Hypericum olympicum,57,8,Self_compatible,Bot_garden,low,0,0,Bot_garden
Leipzig,Hypericum olympicum,57,9,Self_compatible,Bot_garden,low,0,0,Bot_garden
Leipzig,Hypericum olympicum,57,10,Self_compatible,Bot_garden,low,0,0,Bot_garden
Leipzig,Hypericum olympicum,57,11,Self_compatible,Bot_garden,low,0,0,Bot_garden
Leipzig,Hypericum olympicum,57,12,Self_compatible,Bot_garden,low,0,0,Bot_garden
Leipzig,Hypericum olympicum,57,13,Self_compatible,Bot_garden,low,0,0,Bot_garden
Leipzig,Hypericum olympicum,57,14,Self_compatible,Bot_garden,low,0,0,Bot_garden
Leipzig,Hypericum olympicum,57,15,Self_compatible,Bot_garden,low,0,0,Bot_garden
Leipzig,Hypericum olympicum,57,16,Self_compatible,Bot_garden,low,0,0,Bot_garden
Leipzig,Hypericum olympicum,57,17,Self_compatible,Bot_garden,low,0,0,Bot_garden
Leipzig,Hypericum olympicum,57,18,Self_compatible,Bot_garden,low,0,0,Bot_garden
Leipzig,Hypericum olympicum,57,19,Self_compatible,Bot_garden,low,0,0,Bot_garden
Leipzig,Hypericum olympicum,57,20,Self_compatible,Bot_garden,low,0,0,Bot_garden
Jena,Clematis recta,58,1,Self_compatible,Bot_garden,low,1,3,Bot_garden
Jena,Clematis recta,58,2,Self_compatible,Bot_garden,low,1,2,Bot_garden
Jena,Clematis recta,58,3,Self_compatible,Bot_garden,low,1,3,Bot_garden
Jena,Clematis recta,58,4,Self_compatible,Bot_garden,low,1,6,Bot_garden
Jena,Clematis recta,58,5,Self_compatible,Bot_garden,low,1,2,Bot_garden
Jena,Clematis recta,58,6,Self_compatible,Bot_garden,low,0,0,Bot_garden
Jena,Clematis recta,58,7,Self_compatible,Bot_garden,low,0,0,Bot_garden
Jena,Clematis recta,58,8,Self_compatible,Bot_garden,low,1,2,Bot_garden
Jena,Clematis recta,58,9,Self_compatible,Bot_garden,low,0,0,Bot_garden
Jena,Clematis recta,58,10,Self_compatible,Bot_garden,low,0,0,Bot_garden
Halle,Clematis recta,58,11,Self_compatible,Bot_garden,low,0,0,Bot_garden
Halle,Clematis recta,58,12,Self_compatible,Bot_garden,low,0,0,Bot_garden
Halle,Clematis recta,58,13,Self_compatible,Bot_garden,low,0,0,Bot_garden
Halle,Clematis recta,58,14,Self_compatible,Bot_garden,low,0,0,Bot_garden
Halle,Clematis recta,58,15,Self_compatible,Bot_garden,low,0,0,Bot_garden
Halle,Clematis recta,58,16,Self_compatible,Bot_garden,low,0,0,Bot_garden
Halle,Clematis recta,58,17,Self_compatible,Bot_garden,low,0,0,Bot_garden
Halle,Clematis recta,58,18,Self_compatible,Bot_garden,low,0,0,Bot_garden
Halle,Clematis recta,58,19,Self_compatible,Bot_garden,low,0,0,Bot_garden
Halle,Clematis recta,58,20,Self_compatible,Bot_garden,low,0,0,Bot_garden
Halle,Clematis recta,58,21,Self_compatible,Bot_garden,low,0,0,Bot_garden
Halle,Clematis recta,58,22,Self_compatible,Bot_garden,low,0,0,Bot_garden
Halle,Clematis recta,58,23,Self_compatible,Bot_garden,low,0,0,Bot_garden
Halle,Clematis recta,58,24,Self_compatible,Bot_garden,low,0,0,Bot_garden
Halle,Clematis recta,58,25,Self_compatible,Bot_garden,low,0,0,Bot_garden
Halle,Clematis recta,58,26,Self_compatible,Bot_garden,low,0,0,Bot_garden
Halle,Clematis recta,58,27,Self_compatible,Bot_garden,low,0,0,Bot_garden
Halle,Clematis recta,58,28,Self_compatible,Bot_garden,low,0,0,Bot_garden
Halle,Clematis recta,58,29,Self_compatible,Bot_garden,low,0,0,Bot_garden
Halle,Clematis recta,58,30,Self_compatible,Bot_garden,low,0,0,Bot_garden
Jena,Salvia pratensis,59,1,Self_compatible,https://doi.org/10.1111/1365-2745.13805,none,0,0,Literature
Leipzig,Silene coronaria,60,1,Self_compatible,Bot_garden,high,1,7,Bot_garden
Leipzig,Silene coronaria,60,2,Self_compatible,Bot_garden,high,1,11,Bot_garden
Leipzig,Silene coronaria,60,3,Self_compatible,Bot_garden,high,1,0,Bot_garden
Leipzig,Silene coronaria,60,4,Self_compatible,Bot_garden,high,1,62,Bot_garden
Leipzig,Silene coronaria,60,5,Self_compatible,Bot_garden,high,1,142,Bot_garden
Leipzig,Silene coronaria,60,6,Self_compatible,Bot_garden,high,1,179,Bot_garden
Leipzig,Silene coronaria,60,7,Self_compatible,Bot_garden,high,1,140,Bot_garden
Leipzig,Silene coronaria,60,8,Self_compatible,Bot_garden,high,1,0,Bot_garden
Leipzig,Silene coronaria,60,9,Self_compatible,Bot_garden,high,1,0,Bot_garden
Leipzig,Silene coronaria,60,10,Self_compatible,Bot_garden,high,1,117,Bot_garden
Jena,Genista tinctoria,61,1,Self_incompatible,https://doi.org/10.1016/j.flora.2010.05.004,none,0,0,Bot_garden_&_Literature
Jena,Genista tinctoria,61,2,Self_incompatible,https://doi.org/10.1016/j.flora.2010.05.004,none,0,0,Bot_garden_&_Literature
Jena,Genista tinctoria,61,3,Self_incompatible,https://doi.org/10.1016/j.flora.2010.05.004,none,0,0,Bot_garden_&_Literature
Jena,Genista tinctoria,61,4,Self_incompatible,https://doi.org/10.1016/j.flora.2010.05.004,none,0,0,Bot_garden_&_Literature
Jena,Genista tinctoria,61,5,Self_incompatible,https://doi.org/10.1016/j.flora.2010.05.004,none,0,0,Bot_garden_&_Literature
Jena,Genista tinctoria,61,6,Self_incompatible,https://doi.org/10.1016/j.flora.2010.05.004,none,0,0,Bot_garden_&_Literature
Jena,Genista tinctoria,61,7,Self_incompatible,https://doi.org/10.1016/j.flora.2010.05.004,none,0,0,Bot_garden_&_Literature
Jena,Genista tinctoria,61,8,Self_incompatible,https://doi.org/10.1016/j.flora.2010.05.004,none,0,0,Bot_garden_&_Literature
Jena,Genista tinctoria,61,9,Self_incompatible,https://doi.org/10.1016/j.flora.2010.05.004,none,0,0,Bot_garden_&_Literature
Jena,Genista tinctoria,61,10,Self_incompatible,https://doi.org/10.1016/j.flora.2010.05.004,none,0,0,Bot_garden_&_Literature
Jena,Genista tinctoria,61,11,Self_incompatible,https://doi.org/10.1016/j.flora.2010.05.004,none,0,0,Bot_garden_&_Literature
Jena,Genista tinctoria,61,12,Self_incompatible,https://doi.org/10.1016/j.flora.2010.05.004,none,0,0,Bot_garden_&_Literature
Jena,Genista tinctoria,61,13,Self_incompatible,https://doi.org/10.1016/j.flora.2010.05.004,none,0,0,Bot_garden_&_Literature
Jena,Genista tinctoria,61,14,Self_incompatible,https://doi.org/10.1016/j.flora.2010.05.004,none,0,0,Bot_garden_&_Literature
Jena,Genista tinctoria,61,15,Self_incompatible,https://doi.org/10.1016/j.flora.2010.05.004,none,0,0,Bot_garden_&_Literature
Jena,Genista tinctoria,61,16,Self_incompatible,https://doi.org/10.1016/j.flora.2010.05.004,none,0,0,Bot_garden_&_Literature
Jena,Genista tinctoria,61,17,Self_incompatible,https://doi.org/10.1016/j.flora.2010.05.004,none,0,0,Bot_garden_&_Literature
Jena,Genista tinctoria,61,18,Self_incompatible,https://doi.org/10.1016/j.flora.2010.05.004,none,0,0,Bot_garden_&_Literature
Jena,Genista tinctoria,61,19,Self_incompatible,https://doi.org/10.1016/j.flora.2010.05.004,none,0,0,Bot_garden_&_Literature
Jena,Genista tinctoria,61,20,Self_incompatible,https://doi.org/10.1016/j.flora.2010.05.004,none,0,0,Bot_garden_&_Literature
Jena,Genista tinctoria,61,21,Self_incompatible,https://doi.org/10.1016/j.flora.2010.05.004,none,0,0,Bot_garden_&_Literature
Jena,Genista tinctoria,61,22,Self_incompatible,https://doi.org/10.1016/j.flora.2010.05.004,none,0,0,Bot_garden_&_Literature
Jena,Genista tinctoria,61,23,Self_incompatible,https://doi.org/10.1016/j.flora.2010.05.004,none,0,0,Bot_garden_&_Literature
Jena,Genista tinctoria,61,24,Self_incompatible,https://doi.org/10.1016/j.flora.2010.05.004,none,0,0,Bot_garden_&_Literature
Jena,Genista tinctoria,61,25,Self_incompatible,https://doi.org/10.1016/j.flora.2010.05.004,none,0,0,Bot_garden_&_Literature
Jena,Genista tinctoria,61,26,Self_incompatible,https://doi.org/10.1016/j.flora.2010.05.004,none,0,0,Bot_garden_&_Literature
Jena,Genista tinctoria,61,27,Self_incompatible,https://doi.org/10.1016/j.flora.2010.05.004,none,0,0,Bot_garden_&_Literature
Jena,Genista tinctoria,61,28,Self_incompatible,https://doi.org/10.1016/j.flora.2010.05.004,none,0,0,Bot_garden_&_Literature
Jena,Genista tinctoria,61,29,Self_incompatible,https://doi.org/10.1016/j.flora.2010.05.004,none,0,0,Bot_garden_&_Literature
Jena,Genista tinctoria,61,30,Self_incompatible,https://doi.org/10.1016/j.flora.2010.05.004,none,0,0,Bot_garden_&_Literature
Halle,Fuchsia magellanica,62,1,Self_compatible,https://doi.org/10.1046/j.1365-2435.1998.00212.x,none,0,0,Bot_garden_&_Literature
Halle,Fuchsia magellanica,62,2,Self_compatible,https://doi.org/10.1046/j.1365-2435.1998.00212.x,none,0,0,Bot_garden_&_Literature
Halle,Fuchsia magellanica,62,3,Self_compatible,https://doi.org/10.1046/j.1365-2435.1998.00212.x,none,0,0,Bot_garden_&_Literature
Halle,Fuchsia magellanica,62,4,Self_compatible,https://doi.org/10.1046/j.1365-2435.1998.00212.x,none,0,0,Bot_garden_&_Literature
Halle,Fuchsia magellanica,62,5,Self_compatible,https://doi.org/10.1046/j.1365-2435.1998.00212.x,none,0,0,Bot_garden_&_Literature
Halle,Fuchsia magellanica,62,6,Self_compatible,https://doi.org/10.1046/j.1365-2435.1998.00212.x,none,0,0,Bot_garden_&_Literature
Halle,Fuchsia magellanica,62,7,Self_compatible,https://doi.org/10.1046/j.1365-2435.1998.00212.x,none,0,0,Bot_garden_&_Literature
Halle,Fuchsia magellanica,62,8,Self_compatible,https://doi.org/10.1046/j.1365-2435.1998.00212.x,none,0,0,Bot_garden_&_Literature
Halle,Fuchsia magellanica,62,9,Self_compatible,https://doi.org/10.1046/j.1365-2435.1998.00212.x,none,0,0,Bot_garden_&_Literature
Halle,Fuchsia magellanica,62,10,Self_compatible,https://doi.org/10.1046/j.1365-2435.1998.00212.x,none,0,0,Bot_garden_&_Literature
Halle,Fuchsia magellanica,62,11,Self_compatible,https://doi.org/10.1046/j.1365-2435.1998.00212.x,none,0,0,Bot_garden_&_Literature
Halle,Fuchsia magellanica,62,12,Self_compatible,https://doi.org/10.1046/j.1365-2435.1998.00212.x,none,0,0,Bot_garden_&_Literature
Halle,Fuchsia magellanica,62,13,Self_compatible,https://doi.org/10.1046/j.1365-2435.1998.00212.x,none,0,0,Bot_garden_&_Literature
Halle,Fuchsia magellanica,62,14,Self_compatible,https://doi.org/10.1046/j.1365-2435.1998.00212.x,none,0,0,Bot_garden_&_Literature
Halle,Fuchsia magellanica,62,15,Self_compatible,https://doi.org/10.1046/j.1365-2435.1998.00212.x,none,0,0,Bot_garden_&_Literature
Halle,Fuchsia magellanica,62,16,Self_compatible,https://doi.org/10.1046/j.1365-2435.1998.00212.x,none,0,0,Bot_garden_&_Literature
Halle,Fuchsia magellanica,62,17,Self_compatible,https://doi.org/10.1046/j.1365-2435.1998.00212.x,none,0,0,Bot_garden_&_Literature
Halle,Fuchsia magellanica,62,18,Self_compatible,https://doi.org/10.1046/j.1365-2435.1998.00212.x,none,0,0,Bot_garden_&_Literature
Halle,Fuchsia magellanica,62,19,Self_compatible,https://doi.org/10.1046/j.1365-2435.1998.00212.x,none,0,0,Bot_garden_&_Literature
Halle,Fuchsia magellanica,62,20,Self_compatible,https://doi.org/10.1046/j.1365-2435.1998.00212.x,none,0,0,Bot_garden_&_Literature
Halle,Hemerocallis fulva,63,1,Self_incompatible,https://www.jstor.org/stable/40596351,none,0,0,Bot_garden_&_Literature
Halle,Hemerocallis fulva,63,2,Self_incompatible,https://www.jstor.org/stable/40596351,none,0,0,Bot_garden_&_Literature
Halle,Hemerocallis fulva,63,3,Self_incompatible,https://www.jstor.org/stable/40596351,none,0,0,Bot_garden_&_Literature
Halle,Hemerocallis fulva,63,4,Self_incompatible,https://www.jstor.org/stable/40596351,none,0,0,Bot_garden_&_Literature
Halle,Hemerocallis fulva,63,5,Self_incompatible,https://www.jstor.org/stable/40596351,none,0,0,Bot_garden_&_Literature
Halle,Hemerocallis fulva,63,6,Self_incompatible,https://www.jstor.org/stable/40596351,none,0,0,Bot_garden_&_Literature
Halle,Hemerocallis fulva,63,7,Self_incompatible,https://www.jstor.org/stable/40596351,none,0,0,Bot_garden_&_Literature
Halle,Hemerocallis fulva,63,8,Self_incompatible,https://www.jstor.org/stable/40596351,none,0,0,Bot_garden_&_Literature
Halle,Hemerocallis fulva,63,9,Self_incompatible,https://www.jstor.org/stable/40596351,none,0,0,Bot_garden_&_Literature
Halle,Hemerocallis fulva,63,10,Self_incompatible,https://www.jstor.org/stable/40596351,none,0,0,Bot_garden_&_Literature
Halle,Hemerocallis fulva,63,11,Self_incompatible,https://www.jstor.org/stable/40596351,none,0,0,Bot_garden_&_Literature
Halle,Hemerocallis fulva,63,12,Self_incompatible,https://www.jstor.org/stable/40596351,none,0,0,Bot_garden_&_Literature
Halle,Hemerocallis fulva,63,13,Self_incompatible,https://www.jstor.org/stable/40596351,none,0,0,Bot_garden_&_Literature
Halle,Hemerocallis fulva,63,14,Self_incompatible,https://www.jstor.org/stable/40596351,none,0,0,Bot_garden_&_Literature
Halle,Hemerocallis fulva,63,15,Self_incompatible,https://www.jstor.org/stable/40596351,none,0,0,Bot_garden_&_Literature
Halle,Dianthus carthusianorum,64,1,Self_compatible,https://doi.org/10.1111/j.1469-8137.2006.01653.x,low,0,0,Bot_garden_&_Literature
Halle,Dianthus carthusianorum,64,2,Self_compatible,https://doi.org/10.1111/j.1469-8137.2006.01653.x,low,0,0,Bot_garden_&_Literature
Halle,Dianthus carthusianorum,64,3,Self_compatible,https://doi.org/10.1111/j.1469-8137.2006.01653.x,low,0,0,Bot_garden_&_Literature
Halle,Dianthus carthusianorum,64,4,Self_compatible,https://doi.org/10.1111/j.1469-8137.2006.01653.x,low,0,0,Bot_garden_&_Literature
Halle,Dianthus carthusianorum,64,5,Self_compatible,https://doi.org/10.1111/j.1469-8137.2006.01653.x,low,0,0,Bot_garden_&_Literature
Halle,Dianthus carthusianorum,64,6,Self_compatible,https://doi.org/10.1111/j.1469-8137.2006.01653.x,low,0,0,Bot_garden_&_Literature
Halle,Dianthus carthusianorum,64,7,Self_compatible,https://doi.org/10.1111/j.1469-8137.2006.01653.x,low,0,0,Bot_garden_&_Literature
Halle,Dianthus carthusianorum,64,8,Self_compatible,https://doi.org/10.1111/j.1469-8137.2006.01653.x,low,1,9,Bot_garden_&_Literature
Halle,Dianthus carthusianorum,64,9,Self_compatible,https://doi.org/10.1111/j.1469-8137.2006.01653.x,low,1,6,Bot_garden_&_Literature
Halle,Dianthus carthusianorum,64,10,Self_compatible,https://doi.org/10.1111/j.1469-8137.2006.01653.x,low,0,0,Bot_garden_&_Literature
Leipzig,Anthericum ramosum,65,1,Self_compatible,https://doi.org/10.1034/j.1600-0706.2001.920117.x,low,1,6,Bot_garden_&_Literature
Leipzig,Anthericum ramosum,65,2,Self_compatible,https://doi.org/10.1034/j.1600-0706.2001.920117.x,low,0,0,Bot_garden_&_Literature
Leipzig,Anthericum ramosum,65,3,Self_compatible,https://doi.org/10.1034/j.1600-0706.2001.920117.x,low,0,0,Bot_garden_&_Literature
Leipzig,Anthericum ramosum,65,4,Self_compatible,https://doi.org/10.1034/j.1600-0706.2001.920117.x,low,0,0,Bot_garden_&_Literature
Leipzig,Anthericum ramosum,65,5,Self_compatible,https://doi.org/10.1034/j.1600-0706.2001.920117.x,low,0,0,Bot_garden_&_Literature
Leipzig,Anthericum ramosum,65,6,Self_compatible,https://doi.org/10.1034/j.1600-0706.2001.920117.x,low,0,0,Bot_garden_&_Literature
Leipzig,Anthericum ramosum,65,7,Self_compatible,https://doi.org/10.1034/j.1600-0706.2001.920117.x,low,0,0,Bot_garden_&_Literature
Leipzig,Anthericum ramosum,65,8,Self_compatible,https://doi.org/10.1034/j.1600-0706.2001.920117.x,low,0,0,Bot_garden_&_Literature
Leipzig,Anthericum ramosum,65,9,Self_compatible,https://doi.org/10.1034/j.1600-0706.2001.920117.x,low,0,0,Bot_garden_&_Literature
Leipzig,Anthericum ramosum,65,10,Self_compatible,https://doi.org/10.1034/j.1600-0706.2001.920117.x,low,0,0,Bot_garden_&_Literature
Leipzig,Anthericum ramosum,65,11,Self_compatible,https://doi.org/10.1034/j.1600-0706.2001.920117.x,low,0,0,Bot_garden_&_Literature
Leipzig,Anthericum ramosum,65,12,Self_compatible,https://doi.org/10.1034/j.1600-0706.2001.920117.x,low,0,0,Bot_garden_&_Literature
Leipzig,Anthericum ramosum,65,13,Self_compatible,https://doi.org/10.1034/j.1600-0706.2001.920117.x,low,0,0,Bot_garden_&_Literature
Leipzig,Anthericum ramosum,65,14,Self_compatible,https://doi.org/10.1034/j.1600-0706.2001.920117.x,low,0,0,Bot_garden_&_Literature
Leipzig,Anthericum ramosum,65,15,Self_compatible,https://doi.org/10.1034/j.1600-0706.2001.920117.x,low,0,0,Bot_garden_&_Literature
Leipzig,Anthericum ramosum,65,16,Self_compatible,https://doi.org/10.1034/j.1600-0706.2001.920117.x,low,0,0,Bot_garden_&_Literature
Leipzig,Anthericum ramosum,65,17,Self_compatible,https://doi.org/10.1034/j.1600-0706.2001.920117.x,low,0,0,Bot_garden_&_Literature
Leipzig,Anthericum ramosum,65,18,Self_compatible,https://doi.org/10.1034/j.1600-0706.2001.920117.x,low,0,0,Bot_garden_&_Literature
Leipzig,Anthericum ramosum,65,19,Self_compatible,https://doi.org/10.1034/j.1600-0706.2001.920117.x,low,0,0,Bot_garden_&_Literature
Leipzig,Anthericum ramosum,65,20,Self_compatible,https://doi.org/10.1034/j.1600-0706.2001.920117.x,low,0,0,Bot_garden_&_Literature
Leipzig,Anthericum ramosum,65,21,Self_compatible,https://doi.org/10.1034/j.1600-0706.2001.920117.x,low,0,0,Bot_garden_&_Literature
Leipzig,Anthericum ramosum,65,22,Self_compatible,https://doi.org/10.1034/j.1600-0706.2001.920117.x,low,0,0,Bot_garden_&_Literature
Leipzig,Anthericum ramosum,65,23,Self_compatible,https://doi.org/10.1034/j.1600-0706.2001.920117.x,low,0,0,Bot_garden_&_Literature
Leipzig,Anthericum ramosum,65,24,Self_compatible,https://doi.org/10.1034/j.1600-0706.2001.920117.x,low,0,0,Bot_garden_&_Literature
Leipzig,Anthericum ramosum,65,25,Self_compatible,https://doi.org/10.1034/j.1600-0706.2001.920117.x,low,0,0,Bot_garden_&_Literature
Leipzig,Anthericum ramosum,65,26,Self_compatible,https://doi.org/10.1034/j.1600-0706.2001.920117.x,low,0,0,Bot_garden_&_Literature
Leipzig,Anthericum ramosum,65,27,Self_compatible,https://doi.org/10.1034/j.1600-0706.2001.920117.x,low,0,0,Bot_garden_&_Literature
Leipzig,Anthericum ramosum,65,28,Self_compatible,https://doi.org/10.1034/j.1600-0706.2001.920117.x,low,0,0,Bot_garden_&_Literature
Leipzig,Anthericum ramosum,65,29,Self_compatible,https://doi.org/10.1034/j.1600-0706.2001.920117.x,low,0,0,Bot_garden_&_Literature
Leipzig,Anthericum ramosum,65,30,Self_compatible,https://doi.org/10.1034/j.1600-0706.2001.920117.x,low,0,0,Bot_garden_&_Literature
Leipzig,Anthericum ramosum,65,31,Self_compatible,https://doi.org/10.1034/j.1600-0706.2001.920117.x,low,0,0,Bot_garden_&_Literature
Leipzig,Anthericum ramosum,65,32,Self_compatible,https://doi.org/10.1034/j.1600-0706.2001.920117.x,low,0,0,Bot_garden_&_Literature
Leipzig,Anthericum ramosum,65,33,Self_compatible,https://doi.org/10.1034/j.1600-0706.2001.920117.x,low,0,0,Bot_garden_&_Literature
Leipzig,Anthericum ramosum,65,34,Self_compatible,https://doi.org/10.1034/j.1600-0706.2001.920117.x,low,0,0,Bot_garden_&_Literature
Leipzig,Anthericum ramosum,65,35,Self_compatible,https://doi.org/10.1034/j.1600-0706.2001.920117.x,low,0,0,Bot_garden_&_Literature
Leipzig,Anthericum ramosum,65,36,Self_compatible,https://doi.org/10.1034/j.1600-0706.2001.920117.x,low,0,0,Bot_garden_&_Literature
Leipzig,Anthericum ramosum,65,37,Self_compatible,https://doi.org/10.1034/j.1600-0706.2001.920117.x,low,0,0,Bot_garden_&_Literature
Leipzig,Anthericum ramosum,65,38,Self_compatible,https://doi.org/10.1034/j.1600-0706.2001.920117.x,low,1,3,Bot_garden_&_Literature
Leipzig,Anthericum ramosum,65,39,Self_compatible,https://doi.org/10.1034/j.1600-0706.2001.920117.x,low,0,0,Bot_garden_&_Literature
Leipzig,Anthericum ramosum,65,40,Self_compatible,https://doi.org/10.1034/j.1600-0706.2001.920117.x,low,0,0,Bot_garden_&_Literature
Leipzig,Anthericum ramosum,65,41,Self_compatible,https://doi.org/10.1034/j.1600-0706.2001.920117.x,low,0,0,Bot_garden_&_Literature
Leipzig,Anthericum ramosum,65,42,Self_compatible,https://doi.org/10.1034/j.1600-0706.2001.920117.x,low,0,0,Bot_garden_&_Literature
Leipzig,Anthericum ramosum,65,43,Self_compatible,https://doi.org/10.1034/j.1600-0706.2001.920117.x,low,0,0,Bot_garden_&_Literature
Leipzig,Anthericum ramosum,65,44,Self_compatible,https://doi.org/10.1034/j.1600-0706.2001.920117.x,low,1,5,Bot_garden_&_Literature
Leipzig,Anthericum ramosum,65,45,Self_compatible,https://doi.org/10.1034/j.1600-0706.2001.920117.x,low,0,0,Bot_garden_&_Literature
Leipzig,Anthericum ramosum,65,46,Self_compatible,https://doi.org/10.1034/j.1600-0706.2001.920117.x,low,0,0,Bot_garden_&_Literature
Leipzig,Anthericum ramosum,65,47,Self_compatible,https://doi.org/10.1034/j.1600-0706.2001.920117.x,low,0,0,Bot_garden_&_Literature
Leipzig,Anthericum ramosum,65,48,Self_compatible,https://doi.org/10.1034/j.1600-0706.2001.920117.x,low,0,0,Bot_garden_&_Literature
Leipzig,Anthericum ramosum,65,49,Self_compatible,https://doi.org/10.1034/j.1600-0706.2001.920117.x,low,0,0,Bot_garden_&_Literature
Leipzig,Anthericum ramosum,65,50,Self_compatible,https://doi.org/10.1034/j.1600-0706.2001.920117.x,low,0,0,Bot_garden_&_Literature
Leipzig,Anthericum ramosum,65,51,Self_compatible,https://doi.org/10.1034/j.1600-0706.2001.920117.x,low,0,0,Bot_garden_&_Literature
Leipzig,Anthericum ramosum,65,52,Self_compatible,https://doi.org/10.1034/j.1600-0706.2001.920117.x,low,0,0,Bot_garden_&_Literature
Leipzig,Anthericum ramosum,65,53,Self_compatible,https://doi.org/10.1034/j.1600-0706.2001.920117.x,low,0,0,Bot_garden_&_Literature
Leipzig,Anthericum ramosum,65,54,Self_compatible,https://doi.org/10.1034/j.1600-0706.2001.920117.x,low,1,1,Bot_garden_&_Literature
Leipzig,Anthericum ramosum,65,55,Self_compatible,https://doi.org/10.1034/j.1600-0706.2001.920117.x,low,0,0,Bot_garden_&_Literature
Leipzig,Anthericum ramosum,65,56,Self_compatible,https://doi.org/10.1034/j.1600-0706.2001.920117.x,low,0,0,Bot_garden_&_Literature
Leipzig,Anthericum ramosum,65,57,Self_compatible,https://doi.org/10.1034/j.1600-0706.2001.920117.x,low,0,0,Bot_garden_&_Literature
Leipzig,Anthericum ramosum,65,58,Self_compatible,https://doi.org/10.1034/j.1600-0706.2001.920117.x,low,0,0,Bot_garden_&_Literature
Leipzig,Anthericum ramosum,65,59,Self_compatible,https://doi.org/10.1034/j.1600-0706.2001.920117.x,low,0,0,Bot_garden_&_Literature
Leipzig,Anthericum ramosum,65,60,Self_compatible,https://doi.org/10.1034/j.1600-0706.2001.920117.x,low,0,0,Bot_garden_&_Literature
Leipzig,Anthericum ramosum,65,61,Self_compatible,https://doi.org/10.1034/j.1600-0706.2001.920117.x,low,0,0,Bot_garden_&_Literature
Leipzig,Anthericum ramosum,65,62,Self_compatible,https://doi.org/10.1034/j.1600-0706.2001.920117.x,low,0,0,Bot_garden_&_Literature
Leipzig,Anthericum ramosum,65,63,Self_compatible,https://doi.org/10.1034/j.1600-0706.2001.920117.x,low,0,0,Bot_garden_&_Literature
Halle,Saponaria officinalis,66,1,Self_compatible,https://doi.org/10.1111/j.1438-8677.1996.tb00579.x,medium,1,6,Bot_garden_&_Literature
Halle,Saponaria officinalis,66,2,Self_compatible,https://doi.org/10.1111/j.1438-8677.1996.tb00579.x,medium,1,31,Bot_garden_&_Literature
Halle,Saponaria officinalis,66,3,Self_compatible,https://doi.org/10.1111/j.1438-8677.1996.tb00579.x,medium,1,10,Bot_garden_&_Literature
Halle,Saponaria officinalis,66,4,Self_compatible,https://doi.org/10.1111/j.1438-8677.1996.tb00579.x,medium,1,6,Bot_garden_&_Literature
Halle,Saponaria officinalis,66,5,Self_compatible,https://doi.org/10.1111/j.1438-8677.1996.tb00579.x,medium,1,21,Bot_garden_&_Literature
Halle,Saponaria officinalis,66,6,Self_compatible,https://doi.org/10.1111/j.1438-8677.1996.tb00579.x,medium,0,0,Bot_garden_&_Literature
Halle,Saponaria officinalis,66,7,Self_compatible,https://doi.org/10.1111/j.1438-8677.1996.tb00579.x,medium,1,12,Bot_garden_&_Literature
Halle,Saponaria officinalis,66,8,Self_compatible,https://doi.org/10.1111/j.1438-8677.1996.tb00579.x,medium,1,3,Bot_garden_&_Literature
Halle,Saponaria officinalis,66,9,Self_compatible,https://doi.org/10.1111/j.1438-8677.1996.tb00579.x,medium,1,3,Bot_garden_&_Literature
Halle,Saponaria officinalis,66,10,Self_compatible,https://doi.org/10.1111/j.1438-8677.1996.tb00579.x,medium,1,1,Bot_garden_&_Literature
Halle,Saponaria officinalis,66,11,Self_compatible,https://doi.org/10.1111/j.1438-8677.1996.tb00579.x,medium,1,2,Bot_garden_&_Literature
Halle,Saponaria officinalis,66,12,Self_compatible,https://doi.org/10.1111/j.1438-8677.1996.tb00579.x,medium,1,4,Bot_garden_&_Literature
Halle,Saponaria officinalis,66,13,Self_compatible,https://doi.org/10.1111/j.1438-8677.1996.tb00579.x,medium,1,17,Bot_garden_&_Literature
Halle,Saponaria officinalis,66,14,Self_compatible,https://doi.org/10.1111/j.1438-8677.1996.tb00579.x,medium,1,8,Bot_garden_&_Literature
Halle,Saponaria officinalis,66,15,Self_compatible,https://doi.org/10.1111/j.1438-8677.1996.tb00579.x,medium,1,17,Bot_garden_&_Literature
Halle,Saponaria officinalis,66,16,Self_compatible,https://doi.org/10.1111/j.1438-8677.1996.tb00579.x,medium,1,5,Bot_garden_&_Literature
Halle,Saponaria officinalis,66,17,Self_compatible,https://doi.org/10.1111/j.1438-8677.1996.tb00579.x,medium,1,13,Bot_garden_&_Literature
Halle,Saponaria officinalis,66,18,Self_compatible,https://doi.org/10.1111/j.1438-8677.1996.tb00579.x,medium,1,28,Bot_garden_&_Literature
Halle,Saponaria officinalis,66,19,Self_compatible,https://doi.org/10.1111/j.1438-8677.1996.tb00579.x,medium,0,0,Bot_garden_&_Literature
Halle,Saponaria officinalis,66,20,Self_compatible,https://doi.org/10.1111/j.1438-8677.1996.tb00579.x,medium,0,0,Bot_garden_&_Literature
Halle,Saponaria officinalis,66,21,Self_compatible,https://doi.org/10.1111/j.1438-8677.1996.tb00579.x,medium,0,0,Bot_garden_&_Literature
Halle,Saponaria officinalis,66,22,Self_compatible,https://doi.org/10.1111/j.1438-8677.1996.tb00579.x,medium,1,0,Bot_garden_&_Literature
Halle,Saponaria officinalis,66,23,Self_compatible,https://doi.org/10.1111/j.1438-8677.1996.tb00579.x,medium,1,1,Bot_garden_&_Literature
Halle,Saponaria officinalis,66,24,Self_compatible,https://doi.org/10.1111/j.1438-8677.1996.tb00579.x,medium,1,8,Bot_garden_&_Literature
Halle,Saponaria officinalis,66,25,Self_compatible,https://doi.org/10.1111/j.1438-8677.1996.tb00579.x,medium,1,5,Bot_garden_&_Literature
Halle,Saponaria officinalis,66,26,Self_compatible,https://doi.org/10.1111/j.1438-8677.1996.tb00579.x,medium,1,9,Bot_garden_&_Literature
Halle,Saponaria officinalis,66,27,Self_compatible,https://doi.org/10.1111/j.1438-8677.1996.tb00579.x,medium,0,0,Bot_garden_&_Literature
Halle,Saponaria officinalis,66,28,Self_compatible,https://doi.org/10.1111/j.1438-8677.1996.tb00579.x,medium,0,0,Bot_garden_&_Literature
Halle,Saponaria officinalis,66,29,Self_compatible,https://doi.org/10.1111/j.1438-8677.1996.tb00579.x,medium,1,4,Bot_garden_&_Literature
Halle,Saponaria officinalis,66,30,Self_compatible,https://doi.org/10.1111/j.1438-8677.1996.tb00579.x,medium,0,0,Bot_garden_&_Literature
Jena,Coronilla varia,67,1,Partially_self_compatible,https://doi.org/10.2135/cropsci1973.0011183X001300030005x,none,0,0,Bot_garden_&_Literature
Jena,Coronilla varia,67,2,Partially_self_compatible,https://doi.org/10.2135/cropsci1973.0011183X001300030005x,none,0,0,Bot_garden_&_Literature
Jena,Coronilla varia,67,3,Partially_self_compatible,https://doi.org/10.2135/cropsci1973.0011183X001300030005x,none,0,0,Bot_garden_&_Literature
Jena,Coronilla varia,67,4,Partially_self_compatible,https://doi.org/10.2135/cropsci1973.0011183X001300030005x,none,0,0,Bot_garden_&_Literature
Jena,Coronilla varia,67,5,Partially_self_compatible,https://doi.org/10.2135/cropsci1973.0011183X001300030005x,none,0,0,Bot_garden_&_Literature
Jena,Coronilla varia,67,6,Partially_self_compatible,https://doi.org/10.2135/cropsci1973.0011183X001300030005x,none,0,0,Bot_garden_&_Literature
Jena,Coronilla varia,67,7,Partially_self_compatible,https://doi.org/10.2135/cropsci1973.0011183X001300030005x,none,0,0,Bot_garden_&_Literature
Jena,Coronilla varia,67,8,Partially_self_compatible,https://doi.org/10.2135/cropsci1973.0011183X001300030005x,none,0,0,Bot_garden_&_Literature
Jena,Coronilla varia,67,9,Partially_self_compatible,https://doi.org/10.2135/cropsci1973.0011183X001300030005x,none,0,0,Bot_garden_&_Literature
Jena,Coronilla varia,67,10,Partially_self_compatible,https://doi.org/10.2135/cropsci1973.0011183X001300030005x,none,0,0,Bot_garden_&_Literature
Jena,Coronilla varia,67,11,Partially_self_compatible,https://doi.org/10.2135/cropsci1973.0011183X001300030005x,none,0,0,Bot_garden_&_Literature
Jena,Coronilla varia,67,12,Partially_self_compatible,https://doi.org/10.2135/cropsci1973.0011183X001300030005x,none,0,0,Bot_garden_&_Literature
Jena,Coronilla varia,67,13,Partially_self_compatible,https://doi.org/10.2135/cropsci1973.0011183X001300030005x,none,0,0,Bot_garden_&_Literature
Jena,Coronilla varia,67,14,Partially_self_compatible,https://doi.org/10.2135/cropsci1973.0011183X001300030005x,none,0,0,Bot_garden_&_Literature
Jena,Coronilla varia,67,15,Partially_self_compatible,https://doi.org/10.2135/cropsci1973.0011183X001300030005x,none,0,0,Bot_garden_&_Literature
Jena,Coronilla varia,67,16,Partially_self_compatible,https://doi.org/10.2135/cropsci1973.0011183X001300030005x,none,0,0,Bot_garden_&_Literature
Jena,Coronilla varia,67,17,Partially_self_compatible,https://doi.org/10.2135/cropsci1973.0011183X001300030005x,none,0,0,Bot_garden_&_Literature
Jena,Coronilla varia,67,18,Partially_self_compatible,https://doi.org/10.2135/cropsci1973.0011183X001300030005x,none,0,0,Bot_garden_&_Literature
Jena,Coronilla varia,67,19,Partially_self_compatible,https://doi.org/10.2135/cropsci1973.0011183X001300030005x,none,0,0,Bot_garden_&_Literature
Jena,Coronilla varia,67,20,Partially_self_compatible,https://doi.org/10.2135/cropsci1973.0011183X001300030005x,none,0,0,Bot_garden_&_Literature
Jena,Coronilla varia,67,21,Partially_self_compatible,https://doi.org/10.2135/cropsci1973.0011183X001300030005x,none,0,0,Bot_garden_&_Literature
Jena,Coronilla varia,67,22,Partially_self_compatible,https://doi.org/10.2135/cropsci1973.0011183X001300030005x,none,0,0,Bot_garden_&_Literature
Jena,Coronilla varia,67,23,Partially_self_compatible,https://doi.org/10.2135/cropsci1973.0011183X001300030005x,none,0,0,Bot_garden_&_Literature
Jena,Coronilla varia,67,24,Partially_self_compatible,https://doi.org/10.2135/cropsci1973.0011183X001300030005x,none,0,0,Bot_garden_&_Literature
Jena,Coronilla varia,67,25,Partially_self_compatible,https://doi.org/10.2135/cropsci1973.0011183X001300030005x,none,0,0,Bot_garden_&_Literature
Jena,Coronilla varia,67,26,Partially_self_compatible,https://doi.org/10.2135/cropsci1973.0011183X001300030005x,none,0,0,Bot_garden_&_Literature
Jena,Coronilla varia,67,27,Partially_self_compatible,https://doi.org/10.2135/cropsci1973.0011183X001300030005x,none,0,0,Bot_garden_&_Literature
Jena,Coronilla varia,67,28,Partially_self_compatible,https://doi.org/10.2135/cropsci1973.0011183X001300030005x,none,0,0,Bot_garden_&_Literature
Jena,Coronilla varia,67,29,Partially_self_compatible,https://doi.org/10.2135/cropsci1973.0011183X001300030005x,none,0,0,Bot_garden_&_Literature
Jena,Coronilla varia,67,30,Partially_self_compatible,https://doi.org/10.2135/cropsci1973.0011183X001300030005x,none,0,0,Bot_garden_&_Literature
Jena,Coronilla varia,67,31,Partially_self_compatible,https://doi.org/10.2135/cropsci1973.0011183X001300030005x,none,0,0,Bot_garden_&_Literature
Jena,Coronilla varia,67,32,Partially_self_compatible,https://doi.org/10.2135/cropsci1973.0011183X001300030005x,none,0,0,Bot_garden_&_Literature
Jena,Coronilla varia,67,33,Partially_self_compatible,https://doi.org/10.2135/cropsci1973.0011183X001300030005x,none,0,0,Bot_garden_&_Literature
Jena,Coronilla varia,67,34,Partially_self_compatible,https://doi.org/10.2135/cropsci1973.0011183X001300030005x,none,0,0,Bot_garden_&_Literature
Jena,Coronilla varia,67,35,Partially_self_compatible,https://doi.org/10.2135/cropsci1973.0011183X001300030005x,none,0,0,Bot_garden_&_Literature
Jena,Coronilla varia,67,36,Partially_self_compatible,https://doi.org/10.2135/cropsci1973.0011183X001300030005x,none,0,0,Bot_garden_&_Literature
Jena,Coronilla varia,67,37,Partially_self_compatible,https://doi.org/10.2135/cropsci1973.0011183X001300030005x,none,0,0,Bot_garden_&_Literature
Jena,Coronilla varia,67,38,Partially_self_compatible,https://doi.org/10.2135/cropsci1973.0011183X001300030005x,none,0,0,Bot_garden_&_Literature
Jena,Coronilla varia,67,39,Partially_self_compatible,https://doi.org/10.2135/cropsci1973.0011183X001300030005x,none,0,0,Bot_garden_&_Literature
Jena,Coronilla varia,67,40,Partially_self_compatible,https://doi.org/10.2135/cropsci1973.0011183X001300030005x,none,0,0,Bot_garden_&_Literature
Halle,Clematis integrifolia,68,1,Self_compatible,https://www.jstor.org/stable/24333229,low,1,0,Bot_garden_&_Literature
Halle,Clematis integrifolia,68,2,Self_compatible,https://www.jstor.org/stable/24333229,low,0,0,Bot_garden_&_Literature
Halle,Clematis integrifolia,68,3,Self_compatible,https://www.jstor.org/stable/24333229,low,1,1,Bot_garden_&_Literature
Halle,Clematis integrifolia,68,4,Self_compatible,https://www.jstor.org/stable/24333229,low,0,0,Bot_garden_&_Literature
Halle,Clematis integrifolia,68,5,Self_compatible,https://www.jstor.org/stable/24333229,low,0,0,Bot_garden_&_Literature
Halle,Clematis integrifolia,68,6,Self_compatible,https://www.jstor.org/stable/24333229,low,0,0,Bot_garden_&_Literature
Halle,Clematis integrifolia,68,7,Self_compatible,https://www.jstor.org/stable/24333229,low,1,1,Bot_garden_&_Literature
Halle,Clematis integrifolia,68,8,Self_compatible,https://www.jstor.org/stable/24333229,low,0,0,Bot_garden_&_Literature
Halle,Clematis integrifolia,68,9,Self_compatible,https://www.jstor.org/stable/24333229,low,0,0,Bot_garden_&_Literature
Halle,Clematis integrifolia,68,10,Self_compatible,https://www.jstor.org/stable/24333229,low,0,0,Bot_garden_&_Literature
Halle,Clematis integrifolia,68,11,Self_compatible,https://www.jstor.org/stable/24333229,low,1,0,Bot_garden_&_Literature
Halle,Clematis integrifolia,68,12,Self_compatible,https://www.jstor.org/stable/24333229,low,0,0,Bot_garden_&_Literature
Halle,Clematis integrifolia,68,13,Self_compatible,https://www.jstor.org/stable/24333229,low,0,0,Bot_garden_&_Literature
Halle,Clematis integrifolia,68,14,Self_compatible,https://www.jstor.org/stable/24333229,low,0,0,Bot_garden_&_Literature
Halle,Clematis integrifolia,68,15,Self_compatible,https://www.jstor.org/stable/24333229,low,0,0,Bot_garden_&_Literature
Halle,Clematis integrifolia,68,16,Self_compatible,https://www.jstor.org/stable/24333229,low,0,0,Bot_garden_&_Literature
Halle,Clematis integrifolia,68,17,Self_compatible,https://www.jstor.org/stable/24333229,low,0,0,Bot_garden_&_Literature
Leipzig,Lavandula angustifolia,69,1,Partially_self_compatible,https://peercommunityjournal.org/articles/10.24072/pcjournal.1/,none,0,0,Bot_garden_&_Literature
Leipzig,Lavandula angustifolia,69,2,Partially_self_compatible,https://peercommunityjournal.org/articles/10.24072/pcjournal.1/,none,0,0,Bot_garden_&_Literature
Leipzig,Lavandula angustifolia,69,3,Partially_self_compatible,https://peercommunityjournal.org/articles/10.24072/pcjournal.1/,none,0,0,Bot_garden_&_Literature
Leipzig,Lavandula angustifolia,69,4,Partially_self_compatible,https://peercommunityjournal.org/articles/10.24072/pcjournal.1/,none,0,0,Bot_garden_&_Literature
Leipzig,Lavandula angustifolia,69,5,Partially_self_compatible,https://peercommunityjournal.org/articles/10.24072/pcjournal.1/,none,0,0,Bot_garden_&_Literature
Leipzig,Lavandula angustifolia,69,6,Partially_self_compatible,https://peercommunityjournal.org/articles/10.24072/pcjournal.1/,none,0,0,Bot_garden_&_Literature
Leipzig,Lavandula angustifolia,69,7,Partially_self_compatible,https://peercommunityjournal.org/articles/10.24072/pcjournal.1/,none,0,0,Bot_garden_&_Literature
Leipzig,Lavandula angustifolia,69,8,Partially_self_compatible,https://peercommunityjournal.org/articles/10.24072/pcjournal.1/,none,0,0,Bot_garden_&_Literature
Leipzig,Lavandula angustifolia,69,9,Partially_self_compatible,https://peercommunityjournal.org/articles/10.24072/pcjournal.1/,none,0,0,Bot_garden_&_Literature
Leipzig,Lavandula angustifolia,69,10,Partially_self_compatible,https://peercommunityjournal.org/articles/10.24072/pcjournal.1/,none,0,0,Bot_garden_&_Literature
Leipzig,Lavandula angustifolia,69,11,Partially_self_compatible,https://peercommunityjournal.org/articles/10.24072/pcjournal.1/,none,0,0,Bot_garden_&_Literature
Leipzig,Lavandula angustifolia,69,12,Partially_self_compatible,https://peercommunityjournal.org/articles/10.24072/pcjournal.1/,none,0,0,Bot_garden_&_Literature
Leipzig,Lavandula angustifolia,69,13,Partially_self_compatible,https://peercommunityjournal.org/articles/10.24072/pcjournal.1/,none,0,0,Bot_garden_&_Literature
Leipzig,Lavandula angustifolia,69,14,Partially_self_compatible,https://peercommunityjournal.org/articles/10.24072/pcjournal.1/,none,0,0,Bot_garden_&_Literature
Leipzig,Lavandula angustifolia,69,15,Partially_self_compatible,https://peercommunityjournal.org/articles/10.24072/pcjournal.1/,none,0,0,Bot_garden_&_Literature
Leipzig,Lavandula angustifolia,69,16,Partially_self_compatible,https://peercommunityjournal.org/articles/10.24072/pcjournal.1/,none,0,0,Bot_garden_&_Literature
Leipzig,Lavandula angustifolia,69,17,Partially_self_compatible,https://peercommunityjournal.org/articles/10.24072/pcjournal.1/,none,0,0,Bot_garden_&_Literature
Leipzig,Lavandula angustifolia,69,18,Partially_self_compatible,https://peercommunityjournal.org/articles/10.24072/pcjournal.1/,none,0,0,Bot_garden_&_Literature
Leipzig,Lavandula angustifolia,69,19,Partially_self_compatible,https://peercommunityjournal.org/articles/10.24072/pcjournal.1/,none,0,0,Bot_garden_&_Literature
Leipzig,Lavandula angustifolia,69,20,Partially_self_compatible,https://peercommunityjournal.org/articles/10.24072/pcjournal.1/,none,0,0,Bot_garden_&_Literature
Leipzig,Lavandula angustifolia,69,21,Partially_self_compatible,https://peercommunityjournal.org/articles/10.24072/pcjournal.1/,none,0,0,Bot_garden_&_Literature
Leipzig,Lavandula angustifolia,69,22,Partially_self_compatible,https://peercommunityjournal.org/articles/10.24072/pcjournal.1/,none,0,0,Bot_garden_&_Literature
Leipzig,Lavandula angustifolia,69,23,Partially_self_compatible,https://peercommunityjournal.org/articles/10.24072/pcjournal.1/,none,0,0,Bot_garden_&_Literature
Leipzig,Lavandula angustifolia,69,24,Partially_self_compatible,https://peercommunityjournal.org/articles/10.24072/pcjournal.1/,none,0,0,Bot_garden_&_Literature
Leipzig,Lavandula angustifolia,69,25,Partially_self_compatible,https://peercommunityjournal.org/articles/10.24072/pcjournal.1/,none,0,0,Bot_garden_&_Literature
Leipzig,Anemone hupehensis,70,1,Self_incompatible,https://doi.org/10.1007/BF01086381; https://doi.org/10.1002/j.1537-2197.1994.tb15449.x; ,none,0,0,Bot_garden
Leipzig,Anemone hupehensis,70,2,Self_incompatible,https://doi.org/10.1007/BF01086381; https://doi.org/10.1002/j.1537-2197.1994.tb15449.x; ,none,0,0,Bot_garden
Leipzig,Anemone hupehensis,70,3,Self_incompatible,https://doi.org/10.1007/BF01086381; https://doi.org/10.1002/j.1537-2197.1994.tb15449.x; ,none,0,0,Bot_garden
Leipzig,Anemone hupehensis,70,4,Self_incompatible,https://doi.org/10.1007/BF01086381; https://doi.org/10.1002/j.1537-2197.1994.tb15449.x; ,none,0,0,Bot_garden
Leipzig,Anemone hupehensis,70,5,Self_incompatible,https://doi.org/10.1007/BF01086381; https://doi.org/10.1002/j.1537-2197.1994.tb15449.x; ,none,0,0,Bot_garden
Leipzig,Anemone hupehensis,70,6,Self_incompatible,https://doi.org/10.1007/BF01086381; https://doi.org/10.1002/j.1537-2197.1994.tb15449.x; ,none,0,0,Bot_garden
Leipzig,Anemone hupehensis,70,7,Self_incompatible,https://doi.org/10.1007/BF01086381; https://doi.org/10.1002/j.1537-2197.1994.tb15449.x; ,none,0,0,Bot_garden
Leipzig,Anemone hupehensis,70,8,Self_incompatible,https://doi.org/10.1007/BF01086381; https://doi.org/10.1002/j.1537-2197.1994.tb15449.x; ,none,0,0,Bot_garden
Leipzig,Anemone hupehensis,70,9,Self_incompatible,https://doi.org/10.1007/BF01086381; https://doi.org/10.1002/j.1537-2197.1994.tb15449.x; ,none,0,0,Bot_garden
Leipzig,Anemone hupehensis,70,10,Self_incompatible,https://doi.org/10.1007/BF01086381; https://doi.org/10.1002/j.1537-2197.1994.tb15449.x; ,none,0,0,Bot_garden
Leipzig,Anemone hupehensis,70,11,Self_incompatible,https://doi.org/10.1007/BF01086381; https://doi.org/10.1002/j.1537-2197.1994.tb15449.x; ,none,0,0,Bot_garden
Leipzig,Anemone hupehensis,70,12,Self_incompatible,https://doi.org/10.1007/BF01086381; https://doi.org/10.1002/j.1537-2197.1994.tb15449.x; ,none,0,0,Bot_garden
Leipzig,Anemone hupehensis,70,13,Self_incompatible,https://doi.org/10.1007/BF01086381; https://doi.org/10.1002/j.1537-2197.1994.tb15449.x; ,none,0,0,Bot_garden
Leipzig,Anemone hupehensis,70,14,Self_incompatible,https://doi.org/10.1007/BF01086381; https://doi.org/10.1002/j.1537-2197.1994.tb15449.x; ,none,0,0,Bot_garden
Leipzig,Anemone hupehensis,70,15,Self_incompatible,https://doi.org/10.1007/BF01086381; https://doi.org/10.1002/j.1537-2197.1994.tb15449.x; ,none,0,0,Bot_garden
Leipzig,Anemone hupehensis,70,16,Self_incompatible,https://doi.org/10.1007/BF01086381; https://doi.org/10.1002/j.1537-2197.1994.tb15449.x; ,none,0,0,Bot_garden
Leipzig,Anemone hupehensis,70,17,Self_incompatible,https://doi.org/10.1007/BF01086381; https://doi.org/10.1002/j.1537-2197.1994.tb15449.x; ,none,0,0,Bot_garden
Leipzig,Anemone hupehensis,70,18,Self_incompatible,https://doi.org/10.1007/BF01086381; https://doi.org/10.1002/j.1537-2197.1994.tb15449.x; ,none,0,0,Bot_garden
Leipzig,Anemone hupehensis,70,19,Self_incompatible,https://doi.org/10.1007/BF01086381; https://doi.org/10.1002/j.1537-2197.1994.tb15449.x; ,none,0,0,Bot_garden
Leipzig,Anemone hupehensis,70,20,Self_incompatible,https://doi.org/10.1007/BF01086381; https://doi.org/10.1002/j.1537-2197.1994.tb15449.x; ,none,0,0,Bot_garden
Jena,Galega officinalis,71,1,Self_incompatible,https://doi.org/10.1139/cjps-2020-0327,none,0,0,Bot_garden
Jena,Galega officinalis,71,2,Self_incompatible,https://doi.org/10.1139/cjps-2020-0327,none,0,0,Bot_garden
Jena,Galega officinalis,71,3,Self_incompatible,https://doi.org/10.1139/cjps-2020-0327,none,0,0,Bot_garden
Jena,Galega officinalis,71,4,Self_incompatible,https://doi.org/10.1139/cjps-2020-0327,none,0,0,Bot_garden
Jena,Galega officinalis,71,5,Self_incompatible,https://doi.org/10.1139/cjps-2020-0327,none,0,0,Bot_garden
Jena,Galega officinalis,71,6,Self_incompatible,https://doi.org/10.1139/cjps-2020-0327,none,0,0,Bot_garden
Jena,Galega officinalis,71,7,Self_incompatible,https://doi.org/10.1139/cjps-2020-0327,none,0,0,Bot_garden
Jena,Galega officinalis,71,8,Self_incompatible,https://doi.org/10.1139/cjps-2020-0327,none,0,0,Bot_garden
Jena,Galega officinalis,71,9,Self_incompatible,https://doi.org/10.1139/cjps-2020-0327,none,0,0,Bot_garden
Jena,Galega officinalis,71,10,Self_incompatible,https://doi.org/10.1139/cjps-2020-0327,none,0,0,Bot_garden
Jena,Galega officinalis,71,11,Self_incompatible,https://doi.org/10.1139/cjps-2020-0327,none,0,0,Bot_garden
Jena,Galega officinalis,71,12,Self_incompatible,https://doi.org/10.1139/cjps-2020-0327,none,0,0,Bot_garden
Jena,Galega officinalis,71,13,Self_incompatible,https://doi.org/10.1139/cjps-2020-0327,none,0,0,Bot_garden
Jena,Galega officinalis,71,14,Self_incompatible,https://doi.org/10.1139/cjps-2020-0327,none,0,0,Bot_garden
Jena,Galega officinalis,71,15,Self_incompatible,https://doi.org/10.1139/cjps-2020-0327,none,0,0,Bot_garden
Jena,Galega officinalis,71,16,Self_incompatible,https://doi.org/10.1139/cjps-2020-0327,none,0,0,Bot_garden
Jena,Galega officinalis,71,17,Self_incompatible,https://doi.org/10.1139/cjps-2020-0327,none,0,0,Bot_garden
Jena,Galega officinalis,71,18,Self_incompatible,https://doi.org/10.1139/cjps-2020-0327,none,0,0,Bot_garden
Jena,Galega officinalis,71,19,Self_incompatible,https://doi.org/10.1139/cjps-2020-0327,none,0,0,Bot_garden
Jena,Galega officinalis,71,20,Self_incompatible,https://doi.org/10.1139/cjps-2020-0327,none,0,0,Bot_garden
Jena,Galega officinalis,71,21,Self_incompatible,https://doi.org/10.1139/cjps-2020-0327,none,0,0,Bot_garden
Jena,Galega officinalis,71,22,Self_incompatible,https://doi.org/10.1139/cjps-2020-0327,none,0,0,Bot_garden
Jena,Galega officinalis,71,23,Self_incompatible,https://doi.org/10.1139/cjps-2020-0327,none,0,0,Bot_garden
Jena,Galega officinalis,71,24,Self_incompatible,https://doi.org/10.1139/cjps-2020-0327,none,0,0,Bot_garden
Jena,Galega officinalis,71,25,Self_incompatible,https://doi.org/10.1139/cjps-2020-0327,none,0,0,Bot_garden
Jena,Galega officinalis,71,26,Self_incompatible,https://doi.org/10.1139/cjps-2020-0327,none,0,0,Bot_garden
Jena,Galega officinalis,71,27,Self_incompatible,https://doi.org/10.1139/cjps-2020-0327,none,0,0,Bot_garden
Jena,Galega officinalis,71,28,Self_incompatible,https://doi.org/10.1139/cjps-2020-0327,none,0,0,Bot_garden
Jena,Galega officinalis,71,29,Self_incompatible,https://doi.org/10.1139/cjps-2020-0327,none,0,0,Bot_garden
Jena,Galega officinalis,71,30,Self_incompatible,https://doi.org/10.1139/cjps-2020-0327,none,0,0,Bot_garden
Jena,Galega officinalis,71,31,Self_incompatible,https://doi.org/10.1139/cjps-2020-0327,none,0,0,Bot_garden
Jena,Galega officinalis,71,32,Self_incompatible,https://doi.org/10.1139/cjps-2020-0327,none,0,0,Bot_garden
Jena,Galega officinalis,71,33,Self_incompatible,https://doi.org/10.1139/cjps-2020-0327,none,0,0,Bot_garden
Jena,Galega officinalis,71,34,Self_incompatible,https://doi.org/10.1139/cjps-2020-0327,none,0,0,Bot_garden
Jena,Galega officinalis,71,35,Self_incompatible,https://doi.org/10.1139/cjps-2020-0327,none,0,0,Bot_garden
Jena,Galega officinalis,71,36,Self_incompatible,https://doi.org/10.1139/cjps-2020-0327,none,0,0,Bot_garden
Jena,Galega officinalis,71,37,Self_incompatible,https://doi.org/10.1139/cjps-2020-0327,none,0,0,Bot_garden
Jena,Galega officinalis,71,38,Self_incompatible,https://doi.org/10.1139/cjps-2020-0327,none,0,0,Bot_garden
Jena,Galega officinalis,71,39,Self_incompatible,https://doi.org/10.1139/cjps-2020-0327,none,0,0,Bot_garden
Jena,Galega officinalis,71,40,Self_incompatible,https://doi.org/10.1139/cjps-2020-0327,none,0,0,Bot_garden
Jena,Galega officinalis,71,41,Self_incompatible,https://doi.org/10.1139/cjps-2020-0327,none,0,0,Bot_garden
Jena,Galega officinalis,71,42,Self_incompatible,https://doi.org/10.1139/cjps-2020-0327,none,0,0,Bot_garden
Jena,Galega officinalis,71,43,Self_incompatible,https://doi.org/10.1139/cjps-2020-0327,none,0,0,Bot_garden
Jena,Galega officinalis,71,44,Self_incompatible,https://doi.org/10.1139/cjps-2020-0327,none,0,0,Bot_garden
Jena,Galega officinalis,71,45,Self_incompatible,https://doi.org/10.1139/cjps-2020-0327,none,0,0,Bot_garden
Jena,Galega officinalis,71,46,Self_incompatible,https://doi.org/10.1139/cjps-2020-0327,none,0,0,Bot_garden
Jena,Galega officinalis,71,47,Self_incompatible,https://doi.org/10.1139/cjps-2020-0327,none,0,0,Bot_garden
Jena,Galega officinalis,71,48,Self_incompatible,https://doi.org/10.1139/cjps-2020-0327,none,0,0,Bot_garden
Jena,Galega officinalis,71,49,Self_incompatible,https://doi.org/10.1139/cjps-2020-0327,none,0,0,Bot_garden
Jena,Galega officinalis,71,50,Self_incompatible,https://doi.org/10.1139/cjps-2020-0327,none,0,0,Bot_garden
Halle,Platycodon grandiflorus,72,1,Self_compatible,Bot_garden,high,1,22,Bot_garden
Halle,Platycodon grandiflorus,72,2,Self_compatible,Bot_garden,high,0,0,Bot_garden
Halle,Platycodon grandiflorus,72,3,Self_compatible,Bot_garden,high,0,0,Bot_garden
Halle,Platycodon grandiflorus,72,4,Self_compatible,Bot_garden,high,1,107,Bot_garden
Halle,Platycodon grandiflorus,72,5,Self_compatible,Bot_garden,high,1,0,Bot_garden
Halle,Platycodon grandiflorus,72,6,Self_compatible,Bot_garden,high,1,97,Bot_garden
Halle,Platycodon grandiflorus,72,7,Self_compatible,Bot_garden,high,1,122,Bot_garden
Halle,Platycodon grandiflorus,72,8,Self_compatible,Bot_garden,high,1,71,Bot_garden
Halle,Platycodon grandiflorus,72,9,Self_compatible,Bot_garden,high,1,74,Bot_garden
Halle,Platycodon grandiflorus,72,10,Self_compatible,Bot_garden,high,1,93,Bot_garden
Halle,Platycodon grandiflorus,72,11,Self_compatible,Bot_garden,high,1,110,Bot_garden
Halle,Platycodon grandiflorus,72,12,Self_compatible,Bot_garden,high,0,0,Bot_garden
Halle,Platycodon grandiflorus,72,13,Self_compatible,Bot_garden,high,0,0,Bot_garden
Halle,Platycodon grandiflorus,72,14,Self_compatible,Bot_garden,high,1,39,Bot_garden
Halle,Platycodon grandiflorus,72,15,Self_compatible,Bot_garden,high,1,125,Bot_garden
Halle,Platycodon grandiflorus,72,16,Self_compatible,Bot_garden,high,1,20,Bot_garden
Halle,Platycodon grandiflorus,72,17,Self_compatible,Bot_garden,high,1,53,Bot_garden
Halle,Platycodon grandiflorus,72,18,Self_compatible,Bot_garden,high,1,3,Bot_garden
Halle,Platycodon grandiflorus,72,19,Self_compatible,Bot_garden,high,1,0,Bot_garden
Halle,Platycodon grandiflorus,72,20,Self_compatible,Bot_garden,high,1,34,Bot_garden
Halle,Platycodon grandiflorus,72,21,Self_compatible,Bot_garden,high,1,55,Bot_garden
Jena,Betonica officinalis,73,1,Self_compatible,https://www.jstor.org/stable/40606653,low,NA,NA,Literature
Jena,Origanum vulgare,74,1,Self_compatible,https://doi.org/10.1371/journal.pone.0067255,low,NA,NA,Literature
Halle,Achillea millefolium,75,1,Self_incompatible,Bot_garden,none,0,0,Bot_garden
Halle,Achillea millefolium,75,2,Self_incompatible,Bot_garden,none,0,0,Bot_garden
Halle,Achillea millefolium,75,3,Self_incompatible,Bot_garden,none,0,0,Bot_garden
Halle,Achillea millefolium,75,4,Self_incompatible,Bot_garden,none,0,0,Bot_garden
Halle,Achillea millefolium,75,5,Self_incompatible,Bot_garden,none,0,0,Bot_garden
Halle,Achillea millefolium,75,6,Self_incompatible,Bot_garden,none,0,0,Bot_garden
Halle,Achillea millefolium,75,7,Self_incompatible,Bot_garden,none,0,0,Bot_garden
Halle,Achillea millefolium,75,8,Self_incompatible,Bot_garden,none,0,0,Bot_garden
Halle,Achillea millefolium,75,9,Self_incompatible,Bot_garden,none,0,0,Bot_garden
Halle,Achillea millefolium,75,10,Self_incompatible,Bot_garden,none,0,0,Bot_garden
Halle,Achillea millefolium,75,11,Self_incompatible,Bot_garden,none,0,0,Bot_garden
Halle,Achillea millefolium,75,12,Self_incompatible,Bot_garden,none,0,0,Bot_garden
Halle,Achillea millefolium,75,13,Self_incompatible,Bot_garden,none,0,0,Bot_garden
Halle,Achillea millefolium,75,14,Self_incompatible,Bot_garden,none,0,0,Bot_garden
Halle,Achillea millefolium,75,15,Self_incompatible,Bot_garden,none,0,0,Bot_garden
Halle,Achillea millefolium,75,16,Self_incompatible,Bot_garden,none,0,0,Bot_garden
Halle,Achillea millefolium,75,17,Self_incompatible,Bot_garden,none,0,0,Bot_garden
Halle,Achillea millefolium,75,18,Self_incompatible,Bot_garden,none,0,0,Bot_garden
Halle,Achillea millefolium,75,19,Self_incompatible,Bot_garden,none,0,0,Bot_garden
Halle,Achillea millefolium,75,20,Self_incompatible,Bot_garden,none,0,0,Bot_garden
Halle,Achillea millefolium,75,21,Self_incompatible,Bot_garden,none,0,0,Bot_garden
Halle,Achillea millefolium,75,22,Self_incompatible,Bot_garden,none,0,0,Bot_garden
Halle,Achillea millefolium,75,23,Self_incompatible,Bot_garden,none,0,0,Bot_garden
Halle,Achillea millefolium,75,24,Self_incompatible,Bot_garden,none,0,0,Bot_garden
Halle,Achillea millefolium,75,25,Self_incompatible,Bot_garden,none,0,0,Bot_garden
Halle,Achillea millefolium,75,26,Self_incompatible,Bot_garden,none,0,0,Bot_garden
Halle,Achillea millefolium,75,27,Self_incompatible,Bot_garden,none,0,0,Bot_garden
Halle,Achillea millefolium,75,28,Self_incompatible,Bot_garden,none,0,0,Bot_garden
Halle,Achillea millefolium,75,29,Self_incompatible,Bot_garden,none,0,0,Bot_garden
Halle,Achillea millefolium,75,30,Self_incompatible,Bot_garden,none,0,0,Bot_garden
Halle,Achillea millefolium,75,31,Self_incompatible,Bot_garden,none,0,0,Bot_garden
Halle,Achillea millefolium,75,32,Self_incompatible,Bot_garden,none,0,0,Bot_garden
Halle,Achillea millefolium,75,33,Self_incompatible,Bot_garden,none,0,0,Bot_garden
Halle,Achillea millefolium,75,34,Self_incompatible,Bot_garden,none,0,0,Bot_garden
Halle,Achillea millefolium,75,35,Self_incompatible,Bot_garden,none,0,0,Bot_garden
Halle,Achillea millefolium,75,36,Self_incompatible,Bot_garden,none,0,0,Bot_garden
Halle,Achillea millefolium,75,37,Self_incompatible,Bot_garden,none,0,0,Bot_garden
Halle,Achillea millefolium,75,38,Self_incompatible,Bot_garden,none,0,0,Bot_garden
Halle,Achillea millefolium,75,39,Self_incompatible,Bot_garden,none,0,0,Bot_garden
Halle,Achillea millefolium,75,40,Self_incompatible,Bot_garden,none,0,0,Bot_garden
Halle,Achillea millefolium,75,41,Self_incompatible,Bot_garden,none,0,0,Bot_garden
Halle,Achillea millefolium,75,42,Self_incompatible,Bot_garden,none,0,0,Bot_garden
Halle,Achillea millefolium,75,43,Self_incompatible,Bot_garden,none,0,0,Bot_garden
Halle,Achillea millefolium,75,44,Self_incompatible,Bot_garden,none,0,0,Bot_garden
Halle,Achillea millefolium,75,45,Self_incompatible,Bot_garden,none,0,0,Bot_garden
Halle,Achillea millefolium,75,46,Self_incompatible,Bot_garden,none,0,0,Bot_garden
Halle,Achillea millefolium,75,47,Self_incompatible,Bot_garden,none,0,0,Bot_garden
Halle,Achillea millefolium,75,48,Self_incompatible,Bot_garden,none,0,0,Bot_garden
Halle,Achillea millefolium,75,49,Self_incompatible,Bot_garden,none,0,0,Bot_garden
Halle,Achillea millefolium,75,50,Self_incompatible,Bot_garden,none,0,0,Bot_garden
Halle,Achillea millefolium,75,51,Self_incompatible,Bot_garden,none,0,0,Bot_garden
Halle,Achillea millefolium,75,52,Self_incompatible,Bot_garden,none,0,0,Bot_garden
Halle,Achillea millefolium,75,53,Self_incompatible,Bot_garden,none,0,0,Bot_garden
Halle,Achillea millefolium,75,54,Self_incompatible,Bot_garden,none,0,0,Bot_garden
Halle,Achillea millefolium,75,55,Self_incompatible,Bot_garden,none,0,0,Bot_garden
Halle,Achillea millefolium,75,56,Self_incompatible,Bot_garden,none,0,0,Bot_garden
Halle,Achillea millefolium,75,57,Self_incompatible,Bot_garden,none,0,0,Bot_garden
Halle,Achillea millefolium,75,58,Self_incompatible,Bot_garden,none,0,0,Bot_garden
Halle,Achillea millefolium,75,59,Self_incompatible,Bot_garden,none,0,0,Bot_garden
Halle,Achillea millefolium,75,60,Self_incompatible,Bot_garden,none,0,0,Bot_garden
Halle,Achillea millefolium,75,61,Self_incompatible,Bot_garden,none,0,0,Bot_garden
Halle,Achillea millefolium,75,62,Self_incompatible,Bot_garden,none,0,0,Bot_garden
Halle,Achillea millefolium,75,63,Self_incompatible,Bot_garden,none,0,0,Bot_garden
Halle,Achillea millefolium,75,64,Self_incompatible,Bot_garden,none,0,0,Bot_garden
Halle,Achillea millefolium,75,65,Self_incompatible,Bot_garden,none,0,0,Bot_garden
Halle,Achillea millefolium,75,66,Self_incompatible,Bot_garden,none,0,0,Bot_garden
Halle,Achillea millefolium,75,67,Self_incompatible,Bot_garden,none,0,0,Bot_garden
Halle,Achillea millefolium,75,68,Self_incompatible,Bot_garden,none,0,0,Bot_garden
Halle,Achillea millefolium,75,69,Self_incompatible,Bot_garden,none,0,0,Bot_garden
Halle,Achillea millefolium,75,70,Self_incompatible,Bot_garden,none,0,0,Bot_garden
Halle,Achillea millefolium,75,71,Self_incompatible,Bot_garden,none,0,0,Bot_garden
Halle,Achillea millefolium,75,72,Self_incompatible,Bot_garden,none,0,0,Bot_garden
Halle,Achillea millefolium,75,73,Self_incompatible,Bot_garden,none,0,0,Bot_garden
Halle,Achillea millefolium,75,74,Self_incompatible,Bot_garden,none,0,0,Bot_garden
Halle,Achillea millefolium,75,75,Self_incompatible,Bot_garden,none,0,0,Bot_garden
Halle,Achillea millefolium,75,76,Self_incompatible,Bot_garden,none,0,0,Bot_garden
Halle,Achillea millefolium,75,77,Self_incompatible,Bot_garden,none,0,0,Bot_garden
Halle,Achillea millefolium,75,78,Self_incompatible,Bot_garden,none,0,0,Bot_garden
Halle,Achillea millefolium,75,79,Self_incompatible,Bot_garden,none,0,0,Bot_garden
Halle,Achillea millefolium,75,80,Self_incompatible,Bot_garden,none,0,0,Bot_garden
Halle,Achillea millefolium,75,81,Self_incompatible,Bot_garden,none,0,0,Bot_garden
Halle,Achillea millefolium,75,82,Self_incompatible,Bot_garden,none,0,0,Bot_garden
Halle,Achillea millefolium,75,83,Self_incompatible,Bot_garden,none,0,0,Bot_garden
Halle,Achillea millefolium,75,84,Self_incompatible,Bot_garden,none,0,0,Bot_garden
Halle,Achillea millefolium,75,85,Self_incompatible,Bot_garden,none,0,0,Bot_garden
Halle,Achillea millefolium,75,86,Self_incompatible,Bot_garden,none,0,0,Bot_garden
Halle,Achillea millefolium,75,87,Self_incompatible,Bot_garden,none,0,0,Bot_garden
Halle,Achillea millefolium,75,88,Self_incompatible,Bot_garden,none,0,0,Bot_garden
Halle,Achillea millefolium,75,89,Self_incompatible,Bot_garden,none,0,0,Bot_garden
Halle,Achillea millefolium,75,90,Self_incompatible,Bot_garden,none,0,0,Bot_garden
Halle,Achillea millefolium,75,91,Self_incompatible,Bot_garden,none,0,0,Bot_garden
Halle,Achillea millefolium,75,92,Self_incompatible,Bot_garden,none,0,0,Bot_garden
Halle,Achillea millefolium,75,93,Self_incompatible,Bot_garden,none,0,0,Bot_garden
Halle,Achillea millefolium,75,94,Self_incompatible,Bot_garden,none,0,0,Bot_garden
Halle,Achillea millefolium,75,95,Self_incompatible,Bot_garden,none,0,0,Bot_garden
Halle,Achillea millefolium,75,96,Self_incompatible,Bot_garden,none,0,0,Bot_garden
Halle,Achillea millefolium,75,97,Self_incompatible,Bot_garden,none,0,0,Bot_garden
Halle,Achillea millefolium,75,98,Self_incompatible,Bot_garden,none,0,0,Bot_garden
Halle,Achillea millefolium,75,99,Self_incompatible,Bot_garden,none,0,0,Bot_garden
Halle,Achillea millefolium,75,100,Self_incompatible,Bot_garden,none,0,0,Bot_garden
Halle,Tanacetum vulgare,76,1,Self_incompatible,Bot_garden,none,0,0,Bot_garden
Halle,Tanacetum vulgare,76,2,Self_incompatible,Bot_garden,none,0,0,Bot_garden
Halle,Tanacetum vulgare,76,3,Self_incompatible,Bot_garden,none,0,0,Bot_garden
Halle,Tanacetum vulgare,76,4,Self_incompatible,Bot_garden,none,0,0,Bot_garden
Halle,Tanacetum vulgare,76,5,Self_incompatible,Bot_garden,none,0,0,Bot_garden
Halle,Tanacetum vulgare,76,6,Self_incompatible,Bot_garden,none,0,0,Bot_garden
Halle,Tanacetum vulgare,76,7,Self_incompatible,Bot_garden,none,0,0,Bot_garden
Halle,Tanacetum vulgare,76,8,Self_incompatible,Bot_garden,none,0,0,Bot_garden
Halle,Tanacetum vulgare,76,9,Self_incompatible,Bot_garden,none,0,0,Bot_garden
Halle,Tanacetum vulgare,76,10,Self_incompatible,Bot_garden,none,0,0,Bot_garden
Halle,Tanacetum vulgare,76,11,Self_incompatible,Bot_garden,none,0,0,Bot_garden
Halle,Tanacetum vulgare,76,12,Self_incompatible,Bot_garden,none,0,0,Bot_garden
Halle,Tanacetum vulgare,76,13,Self_incompatible,Bot_garden,none,0,0,Bot_garden
Halle,Tanacetum vulgare,76,14,Self_incompatible,Bot_garden,none,0,0,Bot_garden
Halle,Tanacetum vulgare,76,15,Self_incompatible,Bot_garden,none,0,0,Bot_garden
Halle,Tanacetum vulgare,76,16,Self_incompatible,Bot_garden,none,0,0,Bot_garden
Halle,Tanacetum vulgare,76,17,Self_incompatible,Bot_garden,none,0,0,Bot_garden
Halle,Tanacetum vulgare,76,18,Self_incompatible,Bot_garden,none,0,0,Bot_garden
Halle,Tanacetum vulgare,76,19,Self_incompatible,Bot_garden,none,0,0,Bot_garden
Halle,Tanacetum vulgare,76,20,Self_incompatible,Bot_garden,none,0,0,Bot_garden
Halle,Tanacetum vulgare,76,21,Self_incompatible,Bot_garden,none,0,0,Bot_garden
Halle,Tanacetum vulgare,76,22,Self_incompatible,Bot_garden,none,0,0,Bot_garden
Halle,Tanacetum vulgare,76,23,Self_incompatible,Bot_garden,none,0,0,Bot_garden
Halle,Tanacetum vulgare,76,24,Self_incompatible,Bot_garden,none,0,0,Bot_garden
Halle,Tanacetum vulgare,76,25,Self_incompatible,Bot_garden,none,0,0,Bot_garden
Halle,Tanacetum vulgare,76,26,Self_incompatible,Bot_garden,none,0,0,Bot_garden
Halle,Tanacetum vulgare,76,27,Self_incompatible,Bot_garden,none,0,0,Bot_garden
Halle,Tanacetum vulgare,76,28,Self_incompatible,Bot_garden,none,0,0,Bot_garden
Halle,Tanacetum vulgare,76,29,Self_incompatible,Bot_garden,none,0,0,Bot_garden
Halle,Tanacetum vulgare,76,30,Self_incompatible,Bot_garden,none,0,0,Bot_garden
Halle,Tanacetum vulgare,76,31,Self_incompatible,Bot_garden,none,0,0,Bot_garden
Halle,Tanacetum vulgare,76,32,Self_incompatible,Bot_garden,none,0,0,Bot_garden
Halle,Tanacetum vulgare,76,33,Self_incompatible,Bot_garden,none,0,0,Bot_garden
Halle,Tanacetum vulgare,76,34,Self_incompatible,Bot_garden,none,0,0,Bot_garden
Halle,Tanacetum vulgare,76,35,Self_incompatible,Bot_garden,none,0,0,Bot_garden
Halle,Tanacetum vulgare,76,36,Self_incompatible,Bot_garden,none,0,0,Bot_garden
Halle,Tanacetum vulgare,76,37,Self_incompatible,Bot_garden,none,0,0,Bot_garden
Halle,Tanacetum vulgare,76,38,Self_incompatible,Bot_garden,none,0,0,Bot_garden
Halle,Tanacetum vulgare,76,39,Self_incompatible,Bot_garden,none,0,0,Bot_garden
Halle,Tanacetum vulgare,76,40,Self_incompatible,Bot_garden,none,0,0,Bot_garden
Halle,Tanacetum vulgare,76,41,Self_incompatible,Bot_garden,none,0,0,Bot_garden
Halle,Tanacetum vulgare,76,42,Self_incompatible,Bot_garden,none,0,0,Bot_garden
Halle,Tanacetum vulgare,76,43,Self_incompatible,Bot_garden,none,0,0,Bot_garden
Halle,Tanacetum vulgare,76,44,Self_incompatible,Bot_garden,none,0,0,Bot_garden
Halle,Tanacetum vulgare,76,45,Self_incompatible,Bot_garden,none,0,0,Bot_garden
Halle,Tanacetum vulgare,76,46,Self_incompatible,Bot_garden,none,0,0,Bot_garden
Halle,Tanacetum vulgare,76,47,Self_incompatible,Bot_garden,none,0,0,Bot_garden
Halle,Tanacetum vulgare,76,48,Self_incompatible,Bot_garden,none,0,0,Bot_garden
Halle,Tanacetum vulgare,76,49,Self_incompatible,Bot_garden,none,0,0,Bot_garden
Halle,Tanacetum vulgare,76,50,Self_incompatible,Bot_garden,none,0,0,Bot_garden
Halle,Tanacetum vulgare,76,51,Self_incompatible,Bot_garden,none,0,0,Bot_garden
Halle,Tanacetum vulgare,76,52,Self_incompatible,Bot_garden,none,0,0,Bot_garden
Halle,Tanacetum vulgare,76,53,Self_incompatible,Bot_garden,none,0,0,Bot_garden
Halle,Tanacetum vulgare,76,54,Self_incompatible,Bot_garden,none,0,0,Bot_garden
Halle,Tanacetum vulgare,76,55,Self_incompatible,Bot_garden,none,0,0,Bot_garden
Halle,Tanacetum vulgare,76,56,Self_incompatible,Bot_garden,none,0,0,Bot_garden
Halle,Tanacetum vulgare,76,57,Self_incompatible,Bot_garden,none,0,0,Bot_garden
Halle,Tanacetum vulgare,76,58,Self_incompatible,Bot_garden,none,0,0,Bot_garden
Halle,Tanacetum vulgare,76,59,Self_incompatible,Bot_garden,none,0,0,Bot_garden
Halle,Tanacetum vulgare,76,60,Self_incompatible,Bot_garden,none,0,0,Bot_garden
Halle,Tanacetum vulgare,76,61,Self_incompatible,Bot_garden,none,0,0,Bot_garden
Halle,Tanacetum vulgare,76,62,Self_incompatible,Bot_garden,none,0,0,Bot_garden
Halle,Tanacetum vulgare,76,63,Self_incompatible,Bot_garden,none,0,0,Bot_garden
Halle,Tanacetum vulgare,76,64,Self_incompatible,Bot_garden,none,0,0,Bot_garden
Halle,Tanacetum vulgare,76,65,Self_incompatible,Bot_garden,none,0,0,Bot_garden
Halle,Tanacetum vulgare,76,66,Self_incompatible,Bot_garden,none,0,0,Bot_garden
Halle,Tanacetum vulgare,76,67,Self_incompatible,Bot_garden,none,0,0,Bot_garden
Halle,Tanacetum vulgare,76,68,Self_incompatible,Bot_garden,none,0,0,Bot_garden
Halle,Tanacetum vulgare,76,69,Self_incompatible,Bot_garden,none,0,0,Bot_garden
Halle,Tanacetum vulgare,76,70,Self_incompatible,Bot_garden,none,0,0,Bot_garden
Halle,Tanacetum vulgare,76,71,Self_incompatible,Bot_garden,none,0,0,Bot_garden
Halle,Tanacetum vulgare,76,72,Self_incompatible,Bot_garden,none,0,0,Bot_garden
Halle,Tanacetum vulgare,76,73,Self_incompatible,Bot_garden,none,0,0,Bot_garden
Halle,Tanacetum vulgare,76,74,Self_incompatible,Bot_garden,none,0,0,Bot_garden
Halle,Tanacetum vulgare,76,75,Self_incompatible,Bot_garden,none,0,0,Bot_garden
Halle,Tanacetum vulgare,76,76,Self_incompatible,Bot_garden,none,0,0,Bot_garden
Halle,Tanacetum vulgare,76,77,Self_incompatible,Bot_garden,none,0,0,Bot_garden
Halle,Tanacetum vulgare,76,78,Self_incompatible,Bot_garden,none,0,0,Bot_garden
Halle,Tanacetum vulgare,76,79,Self_incompatible,Bot_garden,none,0,0,Bot_garden
Halle,Tanacetum vulgare,76,80,Self_incompatible,Bot_garden,none,0,0,Bot_garden
Halle,Tanacetum vulgare,76,81,Self_incompatible,Bot_garden,none,0,0,Bot_garden
Halle,Tanacetum vulgare,76,82,Self_incompatible,Bot_garden,none,0,0,Bot_garden
Halle,Tanacetum vulgare,76,83,Self_incompatible,Bot_garden,none,0,0,Bot_garden
Halle,Tanacetum vulgare,76,84,Self_incompatible,Bot_garden,none,0,0,Bot_garden
Halle,Tanacetum vulgare,76,85,Self_incompatible,Bot_garden,none,0,0,Bot_garden
Halle,Tanacetum vulgare,76,86,Self_incompatible,Bot_garden,none,0,0,Bot_garden
Halle,Tanacetum vulgare,76,87,Self_incompatible,Bot_garden,none,0,0,Bot_garden
Halle,Tanacetum vulgare,76,88,Self_incompatible,Bot_garden,none,0,0,Bot_garden
Halle,Tanacetum vulgare,76,89,Self_incompatible,Bot_garden,none,0,0,Bot_garden
Halle,Tanacetum vulgare,76,90,Self_incompatible,Bot_garden,none,0,0,Bot_garden
Halle,Tanacetum vulgare,76,91,Self_incompatible,Bot_garden,none,0,0,Bot_garden
Halle,Tanacetum vulgare,76,92,Self_incompatible,Bot_garden,none,0,0,Bot_garden
Halle,Tanacetum vulgare,76,93,Self_incompatible,Bot_garden,none,0,0,Bot_garden
Halle,Tanacetum vulgare,76,94,Self_incompatible,Bot_garden,none,0,0,Bot_garden
Halle,Tanacetum vulgare,76,95,Self_incompatible,Bot_garden,none,0,0,Bot_garden
Halle,Tanacetum vulgare,76,96,Self_incompatible,Bot_garden,none,0,0,Bot_garden
Halle,Tanacetum vulgare,76,97,Self_incompatible,Bot_garden,none,0,0,Bot_garden
Halle,Tanacetum vulgare,76,98,Self_incompatible,Bot_garden,none,0,0,Bot_garden
Halle,Tanacetum vulgare,76,99,Self_incompatible,Bot_garden,none,0,0,Bot_garden
Halle,Tanacetum vulgare,76,100,Self_incompatible,Bot_garden,none,0,0,Bot_garden
Halle,Leucanthemum vulgare,77,1,Self_incompatible,https://doi.org/10.3732/ajb.0800087,none,0,0,Bot_garden_&_Literature
Leipzig,Scabiosa ochroleuca,78,1,Self_compatible,https://doi.org/10.1002/ece3.8501,none,0,0,Bot_garden
Leipzig,Scabiosa ochroleuca,78,2,Self_compatible,https://doi.org/10.1002/ece3.8501,none,0,0,Bot_garden
Leipzig,Scabiosa ochroleuca,78,3,Self_compatible,https://doi.org/10.1002/ece3.8501,none,0,0,Bot_garden
Leipzig,Scabiosa ochroleuca,78,4,Self_compatible,https://doi.org/10.1002/ece3.8501,none,0,0,Bot_garden
Leipzig,Scabiosa ochroleuca,78,5,Self_compatible,https://doi.org/10.1002/ece3.8501,none,0,0,Bot_garden
Leipzig,Scabiosa ochroleuca,78,6,Self_compatible,https://doi.org/10.1002/ece3.8501,none,0,0,Bot_garden
Leipzig,Scabiosa ochroleuca,78,7,Self_compatible,https://doi.org/10.1002/ece3.8501,none,0,0,Bot_garden
Leipzig,Scabiosa ochroleuca,78,8,Self_compatible,https://doi.org/10.1002/ece3.8501,none,0,0,Bot_garden
Leipzig,Scabiosa ochroleuca,78,9,Self_compatible,https://doi.org/10.1002/ece3.8501,none,0,0,Bot_garden
Leipzig,Scabiosa ochroleuca,78,10,Self_compatible,https://doi.org/10.1002/ece3.8501,none,0,0,Bot_garden
Leipzig,Scabiosa ochroleuca,78,11,Self_compatible,https://doi.org/10.1002/ece3.8501,none,0,0,Bot_garden
Leipzig,Scabiosa ochroleuca,78,12,Self_compatible,https://doi.org/10.1002/ece3.8501,none,0,0,Bot_garden
Leipzig,Scabiosa ochroleuca,78,13,Self_compatible,https://doi.org/10.1002/ece3.8501,none,0,0,Bot_garden
Leipzig,Scabiosa ochroleuca,78,14,Self_compatible,https://doi.org/10.1002/ece3.8501,none,0,0,Bot_garden
Leipzig,Scabiosa ochroleuca,78,15,Self_compatible,https://doi.org/10.1002/ece3.8501,none,0,0,Bot_garden
Leipzig,Scabiosa ochroleuca,78,16,Self_compatible,https://doi.org/10.1002/ece3.8501,none,0,0,Bot_garden
Leipzig,Scabiosa ochroleuca,78,17,Self_compatible,https://doi.org/10.1002/ece3.8501,none,0,0,Bot_garden
Leipzig,Scabiosa ochroleuca,78,18,Self_compatible,https://doi.org/10.1002/ece3.8501,none,0,0,Bot_garden
Leipzig,Scabiosa ochroleuca,78,19,Self_compatible,https://doi.org/10.1002/ece3.8501,none,0,0,Bot_garden
Leipzig,Scabiosa ochroleuca,78,20,Self_compatible,https://doi.org/10.1002/ece3.8501,none,0,0,Bot_garden
Leipzig,Scabiosa ochroleuca,78,21,Self_compatible,https://doi.org/10.1002/ece3.8501,none,0,0,Bot_garden
Leipzig,Scabiosa ochroleuca,78,25,Self_compatible,https://doi.org/10.1002/ece3.8501,none,0,0,Bot_garden