normalised_degree,Botanical_garden,Week,sp_name,Type
0.17073170731707318,Leipzig,26,Achillea filipendulina,Plant
0.0975609756097561,Leipzig,26,Anthericum ramosum,Plant
0.04878048780487805,Leipzig,26,Aquilegia vulgaris,Plant
0.17073170731707318,Leipzig,26,Campanula alliariifolia,Plant
0.14634146341463414,Leipzig,26,Carduus,Plant
0.21951219512195122,Leipzig,26,Centaurea scabiosa,Plant
0.024390243902439025,Leipzig,26,Centranthus ruber,Plant
0.24390243902439024,Leipzig,26,Ferulago aucheri,Plant
0.21951219512195122,Leipzig,26,Hypericum olympicum,Plant
0.1951219512195122,Leipzig,26,Lavandula angustifolia,Plant
0.12195121951219512,Leipzig,26,Lotus herbaceus,Plant
0.04878048780487805,Leipzig,26,Origanum vulgare,Plant
0.07317073170731707,Leipzig,26,Penstemon bradburyi,Plant
0.024390243902439025,Leipzig,26,Psephellus dealbatus,Plant
0.04878048780487805,Leipzig,26,Salvia sclarea,Plant
0.024390243902439025,Leipzig,26,Silene coronaria,Plant
0.024390243902439025,Leipzig,26,Silene vulgaris,Plant
0.14634146341463414,Leipzig,26,Stachys byzantina,Plant
0.17073170731707318,Leipzig,26,Taraxacum sonchoides,Plant
0.21052631578947367,Leipzig,26,Coccinella septempunctata,Pollinator
0.05263157894736842,Leipzig,26,Colletes daviesanus,Pollinator
0.05263157894736842,Leipzig,26,Halictus subauratus,Pollinator
0.05263157894736842,Leipzig,26,Hedychrum gerstaeckeri,Pollinator
0.05263157894736842,Leipzig,26,Hylaeus nigritus,Pollinator
0.15789473684210525,Leipzig,26,Lucilia sericata,Pollinator
0.05263157894736842,Leipzig,26,Miltogramma punctata,Pollinator
0.7894736842105263,Leipzig,26,Apis mellifera,Pollinator
0.05263157894736842,Leipzig,26,Cerceris quinquefasciata,Pollinator
0.2631578947368421,Leipzig,26,Episyrphus balteatus,Pollinator
0.10526315789473684,Leipzig,26,Nomada flavoguttata,Pollinator
0.3157894736842105,Leipzig,26,Bombus terrestris,Pollinator
0.05263157894736842,Leipzig,26,Andrena bicolor,Pollinator
0.10526315789473684,Leipzig,26,Andrena pilipes,Pollinator
0.15789473684210525,Leipzig,26,Halictus scabiosae,Pollinator
0.21052631578947367,Leipzig,26,Megachile lagopoda,Pollinator
0.05263157894736842,Leipzig,26,Melitta haemorrhoidalis,Pollinator
0.05263157894736842,Leipzig,26,Bombus hypnorum,Pollinator
0.3157894736842105,Leipzig,26,Bombus pascuorum,Pollinator
0.05263157894736842,Leipzig,26,Bombus pratorum,Pollinator
0.10526315789473684,Leipzig,26,Bombus lapidarius,Pollinator
0.05263157894736842,Leipzig,26,Dryas iulia,Pollinator
0.05263157894736842,Leipzig,26,Oxythyrea funesta,Pollinator
0.05263157894736842,Leipzig,26,Hylaeus punctatus,Pollinator
0.05263157894736842,Leipzig,26,Lygaeus equestris,Pollinator
0.10526315789473684,Leipzig,26,Pseudovadonia livida,Pollinator
0.05263157894736842,Leipzig,26,Sarcophaga,Pollinator
0.05263157894736842,Leipzig,26,Tiphia femorata,Pollinator
0.05263157894736842,Leipzig,26,Villa modesta,Pollinator
0.10526315789473684,Leipzig,26,Anthidium manicatum,Pollinator
0.10526315789473684,Leipzig,26,Eupeodes corollae,Pollinator
0.10526315789473684,Leipzig,26,Lasioglossum leucozonium,Pollinator
0.05263157894736842,Leipzig,26,Lasioglossum politum,Pollinator
0.10526315789473684,Leipzig,26,Sphaerophoria scripta,Pollinator
0.10526315789473684,Leipzig,26,Bombus hortorum,Pollinator
0.10526315789473684,Leipzig,26,Hoplitis adunca,Pollinator
0.10526315789473684,Leipzig,26,Pieris rapae,Pollinator
0.10526315789473684,Leipzig,26,Xylocopa violacea,Pollinator
0.05263157894736842,Leipzig,26,Megachile ericetorum,Pollinator
0.05263157894736842,Leipzig,26,Lasioglossum villosulum,Pollinator
0.05263157894736842,Leipzig,26,Oedemera lurida,Pollinator
0.2,Leipzig,27,Achillea filipendulina,Plant
0.16,Leipzig,27,Anthericum ramosum,Plant
0.16,Leipzig,27,Centaurea scabiosa,Plant
0.08,Leipzig,27,Centranthus ruber,Plant
0.08,Leipzig,27,Eriocapitella tomentosa,Plant
0.16,Leipzig,27,Erysimum pulchellum,Plant
0.16,Leipzig,27,Euphorbia seguieriana,Plant
0.28,Leipzig,27,Hypericum olympicum,Plant
0.12,Leipzig,27,Inula oculus-christi,Plant
0.4,Leipzig,27,Lavandula angustifolia,Plant
0.08,Leipzig,27,Lomelosia cretica,Plant
0.16,Leipzig,27,Penstemon bradburyi,Plant
0.2,Leipzig,27,Silene coronaria,Plant
0.04,Leipzig,27,Silene vulgaris,Plant
0.08,Leipzig,27,Solanum incanum,Plant
0.12,Leipzig,27,Verbascum nigrum,Plant
0.3125,Leipzig,27,Halictus,Pollinator
0.1875,Leipzig,27,Hylaeus,Pollinator
0.25,Leipzig,27,Lasioglossum,Pollinator
0.3125,Leipzig,27,Lucilia sericata,Pollinator
0.125,Leipzig,27,Metopia,Pollinator
0.625,Leipzig,27,Apis mellifera,Pollinator
0.0625,Leipzig,27,Coccinella septempunctata,Pollinator
0.25,Leipzig,27,Eupeodes corollae,Pollinator
0.0625,Leipzig,27,Pseudovadonia livida,Pollinator
0.1875,Leipzig,27,Bombus lapidarius,Pollinator
0.125,Leipzig,27,Megachilidae,Pollinator
0.0625,Leipzig,27,Sphaerophoria scripta,Pollinator
0.0625,Leipzig,27,Lasioglossum morio,Pollinator
0.0625,Leipzig,27,Hylaeus gredleri,Pollinator
0.1875,Leipzig,27,Oedemera lurida,Pollinator
0.125,Leipzig,27,Bombus hortorum,Pollinator
0.25,Leipzig,27,Bombus terrestris,Pollinator
0.0625,Leipzig,27,Lasioglossum politum,Pollinator
0.0625,Leipzig,27,Xylocopa violacea,Pollinator
0.0625,Leipzig,27,Heriades truncorum,Pollinator
0.0625,Leipzig,27,Pseudoanthidium nanum,Pollinator
0.0625,Leipzig,27,Anthidium manicatum,Pollinator
0.125,Leipzig,27,Bombus hypnorum,Pollinator
0.0625,Leipzig,27,Bombus pascuorum,Pollinator
0.125,Leipzig,27,Pieris rapae,Pollinator
0.09090909090909091,Leipzig,20,Aethionema grandiflorum,Plant
0.13636363636363635,Leipzig,20,Allium ursinum,Plant
0.18181818181818182,Leipzig,20,Anchusa officinalis,Plant
0.09090909090909091,Leipzig,20,Aquilegia vulgaris,Plant
0.09090909090909091,Leipzig,20,Caltha palustris,Plant
0.045454545454545456,Leipzig,20,Convallaria majalis,Plant
0.13636363636363635,Leipzig,20,Geranium macrorrhizum,Plant
0.045454545454545456,Leipzig,20,Helianthemum nummularium,Plant
0.045454545454545456,Leipzig,20,Iberis sempervirens,Plant
0.09090909090909091,Leipzig,20,Knautia arvensis,Plant
0.045454545454545456,Leipzig,20,Lamium album,Plant
0.045454545454545456,Leipzig,20,Lamium orvala,Plant
0.09090909090909091,Leipzig,20,Limnanthes douglasii,Plant
0.13636363636363635,Leipzig,20,Lunaria rediviva,Plant
0.045454545454545456,Leipzig,20,Paeonia officinalis,Plant
0.09090909090909091,Leipzig,20,Polygonatum biflorum,Plant
0.045454545454545456,Leipzig,20,Vicia oroboides,Plant
0.045454545454545456,Leipzig,20,Vinca minor,Plant
0.18181818181818182,Leipzig,20,Viola striata,Plant
0.15789473684210525,Leipzig,20,Andrena flavipes,Pollinator
0.10526315789473684,Leipzig,20,Osmia brevicornis,Pollinator
0.3157894736842105,Leipzig,20,Apis mellifera,Pollinator
0.05263157894736842,Leipzig,20,Botanophila striolata,Pollinator
0.05263157894736842,Leipzig,20,Hymenoptera,Pollinator
0.21052631578947367,Leipzig,20,Anthophora plumipes,Pollinator
0.15789473684210525,Leipzig,20,Bombus pascuorum,Pollinator
0.05263157894736842,Leipzig,20,Bombylius venosus,Pollinator
0.10526315789473684,Leipzig,20,Eucera nigrescens,Pollinator
0.05263157894736842,Leipzig,20,Xylocopa violacea,Pollinator
0.05263157894736842,Leipzig,20,Lasioglossum minutissimum,Pollinator
0.05263157894736842,Leipzig,20,Lasioglossum villosulum,Pollinator
0.10526315789473684,Leipzig,20,Ceratina cyanea,Pollinator
0.05263157894736842,Leipzig,20,Merodon equestris,Pollinator
0.05263157894736842,Leipzig,20,Diptera,Pollinator
0.05263157894736842,Leipzig,20,Andrena hattorfiana,Pollinator
0.05263157894736842,Leipzig,20,Oxythyrea funesta,Pollinator
0.05263157894736842,Leipzig,20,Megachilidae,Pollinator
0.05263157894736842,Leipzig,20,Valgus hemipterus,Pollinator
0.05263157894736842,Leipzig,20,Bombus,Pollinator
0.05263157894736842,Leipzig,20,Bombylius major,Pollinator
0.05263157894736842,Leipzig,20,Osmia bicornis,Pollinator
0.05,Leipzig,19,Ajuga reptans,Plant
0.1,Leipzig,19,Allium ursinum,Plant
0.1,Leipzig,19,Anchusa officinalis,Plant
0.1,Leipzig,19,Anemone sylvestris,Plant
0.1,Leipzig,19,Aquilegia vulgaris,Plant
0.05,Leipzig,19,Fragaria vesca,Plant
0.05,Leipzig,19,Geranium macrorrhizum,Plant
0.25,Leipzig,19,Iberis sempervirens,Plant
0.05,Leipzig,19,Lamium orvala,Plant
0.05,Leipzig,19,Lathyrus vernus,Plant
0.05,Leipzig,19,Menyanthes trifoliata,Plant
0.15,Leipzig,19,Paeonia officinalis,Plant
0.05,Leipzig,19,Polygonatum biflorum,Plant
0.05,Leipzig,19,Primula denticulata,Plant
0.1,Leipzig,19,Pulsatilla vulgaris,Plant
0.2,Leipzig,19,Rhododendron brachycarpum,Plant
0.1,Leipzig,19,Symphytum bulbosum,Plant
0.1,Leipzig,19,Vinca minor,Plant
0.1,Leipzig,19,Viola striata,Plant
0.3157894736842105,Leipzig,19,Anthophora plumipes,Pollinator
0.15789473684210525,Leipzig,19,Bombylius major,Pollinator
0.10526315789473684,Leipzig,19,Sphaerophoria scripta,Pollinator
0.10526315789473684,Leipzig,19,Eucera nigrescens,Pollinator
0.10526315789473684,Leipzig,19,Lasioglossum minutissimum,Pollinator
0.05263157894736842,Leipzig,19,Bombus hypnorum,Pollinator
0.10526315789473684,Leipzig,19,Bombylius venosus,Pollinator
0.10526315789473684,Leipzig,19,Andrena flavipes,Pollinator
0.05263157894736842,Leipzig,19,Dalmannia marginata,Pollinator
0.10526315789473684,Leipzig,19,Osmia bicornis,Pollinator
0.05263157894736842,Leipzig,19,Valgus hemipterus,Pollinator
0.10526315789473684,Leipzig,19,Apis mellifera,Pollinator
0.10526315789473684,Leipzig,19,Bombus terrestris,Pollinator
0.05263157894736842,Leipzig,19,Cetonia aurata,Pollinator
0.10526315789473684,Leipzig,19,Bombus pratorum,Pollinator
0.05263157894736842,Leipzig,19,Lasioglossum calceatum,Pollinator
0.05263157894736842,Leipzig,19,Lasioglossum pauxillum,Pollinator
0.05263157894736842,Leipzig,19,Bombylius discolor,Pollinator
0.05263157894736842,Leipzig,19,Osmia brevicornis,Pollinator
0.05263157894736842,Leipzig,19,Bombus hortorum,Pollinator
0.06521739130434782,Leipzig,24,Alisma plantago-aquatica,Plant
0.021739130434782608,Leipzig,24,Centranthus ruber,Plant
0.06521739130434782,Leipzig,24,Chaenorhinum origanifolium,Plant
0.10869565217391304,Leipzig,24,Dasiphora davurica,Plant
0.021739130434782608,Leipzig,24,Dictamnus albus,Plant
0.34782608695652173,Leipzig,24,Euphorbia seguieriana,Plant
0.06521739130434782,Leipzig,24,Geranium sanguineum,Plant
0.043478260869565216,Leipzig,24,Helianthemum nummularium,Plant
0.021739130434782608,Leipzig,24,Hemerocallis dumortieri,Plant
0.06521739130434782,Leipzig,24,Hypericum olympicum,Plant
0.06521739130434782,Leipzig,24,Knautia arvensis,Plant
0.13043478260869565,Leipzig,24,Penstemon bradburyi,Plant
0.08695652173913043,Leipzig,24,Potentilla kurdica,Plant
0.043478260869565216,Leipzig,24,Psephellus dealbatus,Plant
0.08695652173913043,Leipzig,24,Salvia officinalis,Plant
0.10869565217391304,Leipzig,24,Salvia verticillata,Plant
0.1956521739130435,Leipzig,24,Trifolium,Plant
0.08695652173913043,Leipzig,24,Veronica austriaca,Plant
0.13043478260869565,Leipzig,24,Vicia tenuifolia,Plant
0.043478260869565216,Leipzig,24,Vincetoxicum hirundinaria,Plant
0.05,Leipzig,24,Andrena chrysopus,Pollinator
0.85,Leipzig,24,Apis mellifera,Pollinator
0.2,Leipzig,24,Pseudovadonia livida,Pollinator
0.05,Leipzig,24,Syrphidae,Pollinator
0.05,Leipzig,24,Bombus hortorum,Pollinator
0.1,Leipzig,24,Xylocopa violacea,Pollinator
0.05,Leipzig,24,Andrena minutula,Pollinator
0.05,Leipzig,24,Formicidae,Pollinator
0.1,Leipzig,24,Sphaerophoria scripta,Pollinator
0.05,Leipzig,24,Tephritidae,Pollinator
0.05,Leipzig,24,Eurychaeta palpalis,Pollinator
0.05,Leipzig,24,Gasteruption,Pollinator
0.05,Leipzig,24,Gymnosoma nudifrons,Pollinator
0.05,Leipzig,24,Hemiptera,Pollinator
0.1,Leipzig,24,Holopyga ignicollis,Pollinator
0.1,Leipzig,24,Hymenoptera,Pollinator
0.05,Leipzig,24,Lucilia sericata,Pollinator
0.05,Leipzig,24,Mordellidae,Pollinator
0.05,Leipzig,24,Oedemera lurida,Pollinator
0.05,Leipzig,24,Polyommatus icarus,Pollinator
0.05,Leipzig,24,Sphecodes pellucidus,Pollinator
0.05,Leipzig,24,Sphecodes puncticeps,Pollinator
0.05,Leipzig,24,Tachina nupta,Pollinator
0.1,Leipzig,24,Volucella zonaria,Pollinator
0.05,Leipzig,24,Andrena bicolor,Pollinator
0.1,Leipzig,24,Coelioxys elongatus,Pollinator
0.1,Leipzig,24,Oedemera,Pollinator
0.25,Leipzig,24,Bombus terrestris,Pollinator
0.15,Leipzig,24,Lasioglossum laticeps,Pollinator
0.1,Leipzig,24,Andrena hattorfiana,Pollinator
0.05,Leipzig,24,Sicus ferrugineus,Pollinator
0.05,Leipzig,24,Anthidium manicatum,Pollinator
0.05,Leipzig,24,Anthophora quadrimaculata,Pollinator
0.05,Leipzig,24,Hoplitis adunca,Pollinator
0.05,Leipzig,24,Osmia caerulescens,Pollinator
0.05,Leipzig,24,Ceratina cyanea,Pollinator
0.05,Leipzig,24,Halictus subauratus,Pollinator
0.05,Leipzig,24,Stelis punctulatissima,Pollinator
0.1,Leipzig,24,Bombus lapidarius,Pollinator
0.15,Leipzig,24,Bombus pascuorum,Pollinator
0.05,Leipzig,24,Hylaeus hyalinatus,Pollinator
0.05,Leipzig,24,Megachile rotundata,Pollinator
0.05,Leipzig,24,Osmia aurulenta,Pollinator
0.1,Leipzig,24,Anthophora aestivalis,Pollinator
0.05,Leipzig,24,Gymnomerus laevipes,Pollinator
0.05,Leipzig,24,Megachile ericetorum,Pollinator
0.05714285714285714,Leipzig,23,Alisma plantago-aquatica,Plant
0.08571428571428572,Leipzig,23,Aquilegia vulgaris,Plant
0.02857142857142857,Leipzig,23,Dictamnus albus,Plant
0.02857142857142857,Leipzig,23,Eranthis hyemalis,Plant
0.02857142857142857,Leipzig,23,Fragaria vesca,Plant
0.2,Leipzig,23,Geranium sanguineum,Plant
0.02857142857142857,Leipzig,23,Hemerocallis dumortieri,Plant
0.02857142857142857,Leipzig,23,Hypericum olympicum,Plant
0.08571428571428572,Leipzig,23,Knautia macedonica,Plant
0.05714285714285714,Leipzig,23,Phedimus aizoon,Plant
0.08571428571428572,Leipzig,23,Phlomis russeliana,Plant
0.2,Leipzig,23,Potentilla kurdica,Plant
0.3142857142857143,Leipzig,23,Potentilla recta,Plant
0.22857142857142856,Leipzig,23,Psephellus dealbatus,Plant
0.05714285714285714,Leipzig,23,Salvia officinalis,Plant
0.05714285714285714,Leipzig,23,Stachys byzantina,Plant
0.08571428571428572,Leipzig,23,Symphytum officinale,Plant
0.11428571428571428,Leipzig,23,Vicia tenuifolia,Plant
0.08571428571428572,Leipzig,23,Vincetoxicum hirundinaria,Plant
0.08571428571428572,Leipzig,23,Viola striata,Plant
0.85,Leipzig,23,Apis mellifera,Pollinator
0.05,Leipzig,23,Cerceris rybyensis,Pollinator
0.3,Leipzig,23,Bombus terrestris,Pollinator
0.15,Leipzig,23,Xylocopa violacea,Pollinator
0.05,Leipzig,23,Hymenoptera,Pollinator
0.05,Leipzig,23,Andrena bicolor,Pollinator
0.1,Leipzig,23,Chelostoma rapunculi,Pollinator
0.05,Leipzig,23,Eucera nigrescens,Pollinator
0.15,Leipzig,23,Eupeodes corollae,Pollinator
0.05,Leipzig,23,Megachile willughbiella,Pollinator
0.05,Leipzig,23,Melitta haemorrhoidalis,Pollinator
0.05,Leipzig,23,Merodon equestris,Pollinator
0.15,Leipzig,23,Oedemera,Pollinator
0.05,Leipzig,23,Andrena hattorfiana,Pollinator
0.05,Leipzig,23,Halictus scabiosae,Pollinator
0.05,Leipzig,23,Andrena labiata,Pollinator
0.1,Leipzig,23,Halictus subauratus,Pollinator
0.05,Leipzig,23,Hylaeus nigritus,Pollinator
0.05,Leipzig,23,Lasioglossum laticeps,Pollinator
0.05,Leipzig,23,Andrena flavipes,Pollinator
0.05,Leipzig,23,Andrena minutula,Pollinator
0.1,Leipzig,23,Anthophora aestivalis,Pollinator
0.05,Leipzig,23,Bombus lapidarius,Pollinator
0.15,Leipzig,23,Bombus pascuorum,Pollinator
0.05,Leipzig,23,Hylaeus communis,Pollinator
0.05,Leipzig,23,Hylaeus confusus,Pollinator
0.05,Leipzig,23,Sphaerophoria scripta,Pollinator
0.1,Leipzig,23,Anthophora plumipes,Pollinator
0.05,Leipzig,23,Lapposyrphus lapponicus,Pollinator
0.05,Leipzig,23,Megachile maritima,Pollinator
0.05,Leipzig,23,Anthophora quadrimaculata,Pollinator
0.05,Leipzig,23,Anthidium manicatum,Pollinator
0.05,Leipzig,23,Bombus hypnorum,Pollinator
0.05,Leipzig,23,Osmia bicornis,Pollinator
0.05,Leipzig,23,Anthidium oblongatum,Pollinator
0.11764705882352941,Leipzig,31,Allium senescens,Plant
0.17647058823529413,Leipzig,31,Centaurea sadleriana,Plant
0.35294117647058826,Leipzig,31,Cephalaria gigantea,Plant
0.29411764705882354,Leipzig,31,Cuphea viscosissima,Plant
0.29411764705882354,Leipzig,31,Echinops pungens,Plant
0.058823529411764705,Leipzig,31,Eriocapitella hupehensis,Plant
0.058823529411764705,Leipzig,31,Klasea radiata,Plant
0.058823529411764705,Leipzig,31,Medicago falcata,Plant
0.11764705882352941,Leipzig,31,Platycodon grandiflorus,Plant
0.17647058823529413,Leipzig,31,Saponaria sicula,Plant
0.11764705882352941,Leipzig,31,Silene schafta,Plant
0.17647058823529413,Leipzig,31,Tanacetum vulgare,Plant
0.17647058823529413,Leipzig,31,Vitex negundo,Plant
0.23076923076923078,Leipzig,31,Apis mellifera,Pollinator
0.23076923076923078,Leipzig,31,Hylaeus,Pollinator
0.3076923076923077,Leipzig,31,Bombus lapidarius,Pollinator
0.15384615384615385,Leipzig,31,Lasioglossum,Pollinator
0.5384615384615384,Leipzig,31,Xylocopa violacea,Pollinator
0.07692307692307693,Leipzig,31,Aglais io,Pollinator
0.07692307692307693,Leipzig,31,Oxythyrea funesta,Pollinator
0.15384615384615385,Leipzig,31,Pieris napi,Pollinator
0.15384615384615385,Leipzig,31,Volucella zonaria,Pollinator
0.07692307692307693,Leipzig,31,Bombus hypnorum,Pollinator
0.15384615384615385,Leipzig,31,Syrphidae,Pollinator
0.15384615384615385,Leipzig,31,Bombus terrestris,Pollinator
0.07692307692307693,Leipzig,31,Cerceris rybyensis,Pollinator
0.07692307692307693,Leipzig,31,Myathropa florea,Pollinator
0.07692307692307693,Leipzig,31,Polyommatus icarus,Pollinator
0.23076923076923078,Leipzig,31,Lucilia sericata,Pollinator
0.07692307692307693,Leipzig,31,Nomada,Pollinator
0.14285714285714285,Leipzig,32,Anaphalis margaritacea,Plant
0.35714285714285715,Leipzig,32,Carlina vulgaris,Plant
0.2857142857142857,Leipzig,32,Centaurea nigra,Plant
0.21428571428571427,Leipzig,32,Cirsium vulgare,Plant
0.07142857142857142,Leipzig,32,Eriocapitella hupehensis,Plant
0.21428571428571427,Leipzig,32,Lomelosia olgae,Plant
0.07142857142857142,Leipzig,32,Platycodon grandiflorus,Plant
0.21428571428571427,Leipzig,32,Pycnanthemum tenuifolium,Plant
0.14285714285714285,Leipzig,32,Scabiosa ochroleuca,Plant
0.07142857142857142,Leipzig,32,Tetradium daniellii,Plant
0.07142857142857142,Leipzig,32,Thymus praecox,Plant
0.2857142857142857,Leipzig,32,Verbena hastata,Plant
0.07142857142857142,Leipzig,32,Vitex negundo,Plant
0.07692307692307693,Leipzig,32,Episyrphus balteatus,Pollinator
0.15384615384615385,Leipzig,32,Lucilia sericata,Pollinator
0.07692307692307693,Leipzig,32,Anthidium manicatum,Pollinator
0.6153846153846154,Leipzig,32,Apis mellifera,Pollinator
0.15384615384615385,Leipzig,32,Bombus lapidarius,Pollinator
0.07692307692307693,Leipzig,32,Megachilidae,Pollinator
0.3076923076923077,Leipzig,32,Xylocopa violacea,Pollinator
0.3076923076923077,Leipzig,32,Bombus pascuorum,Pollinator
0.07692307692307693,Leipzig,32,Hylaeus,Pollinator
0.07692307692307693,Leipzig,32,Lasioglossum,Pollinator
0.15384615384615385,Leipzig,32,Cerceris rybyensis,Pollinator
0.07692307692307693,Leipzig,32,Eristalis tenax,Pollinator
0.15384615384615385,Leipzig,32,Bombus vestalis,Pollinator
0.07692307692307693,Leipzig,32,Pieris napi,Pollinator
0.045454545454545456,Leipzig,18,Anchusa officinalis,Plant
0.13636363636363635,Leipzig,18,Anemone nemorosa,Plant
0.09090909090909091,Leipzig,18,Aurinia saxatilis,Plant
0.09090909090909091,Leipzig,18,Caltha palustris,Plant
0.09090909090909091,Leipzig,18,Iberis sempervirens,Plant
0.09090909090909091,Leipzig,18,Lamium orvala,Plant
0.09090909090909091,Leipzig,18,Lathyrus vernus,Plant
0.045454545454545456,Leipzig,18,Muscari botryoides,Plant
0.13636363636363635,Leipzig,18,Paeonia daurica,Plant
0.13636363636363635,Leipzig,18,Potentilla,Plant
0.09090909090909091,Leipzig,18,Primula denticulata,Plant
0.22727272727272727,Leipzig,18,Primula veris,Plant
0.09090909090909091,Leipzig,18,Pulsatilla vulgaris,Plant
0.045454545454545456,Leipzig,18,Rhododendron thomsonii,Plant
0.13636363636363635,Leipzig,18,Symphytum bulbosum,Plant
0.045454545454545456,Leipzig,18,Veronica chamaedrys,Plant
0.18181818181818182,Leipzig,18,Vinca minor,Plant
0.23529411764705882,Leipzig,18,Anthophora plumipes,Pollinator
0.47058823529411764,Leipzig,18,Apis mellifera,Pollinator
0.11764705882352941,Leipzig,18,Bombus,Pollinator
0.058823529411764705,Leipzig,18,Osmia cornuta,Pollinator
0.4117647058823529,Leipzig,18,Bombylius major,Pollinator
0.058823529411764705,Leipzig,18,Nomada fabriciana,Pollinator
0.058823529411764705,Leipzig,18,Botanophila depressa,Pollinator
0.058823529411764705,Leipzig,18,Halictus tumulorum,Pollinator
0.058823529411764705,Leipzig,18,Anthocharis cardamines,Pollinator
0.058823529411764705,Leipzig,18,Eucera nigrescens,Pollinator
0.058823529411764705,Leipzig,18,Cetonia aurata,Pollinator
0.058823529411764705,Leipzig,18,Xylocopa violacea,Pollinator
0.058823529411764705,Leipzig,18,Andrena gravida,Pollinator
0.058823529411764705,Leipzig,18,Lasioglossum pallens,Pollinator
0.058823529411764705,Leipzig,18,Sphaerophoria scripta,Pollinator
0.058823529411764705,Leipzig,18,Bombylius discolor,Pollinator
0.058823529411764705,Leipzig,18,Diptera,Pollinator
0.058823529411764705,Leipzig,18,Bombus pascuorum,Pollinator
0.058823529411764705,Leipzig,18,Bombus terrestris,Pollinator
0.058823529411764705,Leipzig,18,Osmia bicornis,Pollinator
0.058823529411764705,Leipzig,18,Bombylius venosus,Pollinator
0.058823529411764705,Leipzig,18,Bombus lapidarius,Pollinator
0.1111111111111111,Leipzig,21,Anchusa officinalis,Plant
0.037037037037037035,Leipzig,21,Aquilegia vulgaris,Plant
0.037037037037037035,Leipzig,21,Caltha palustris,Plant
0.037037037037037035,Leipzig,21,Convallaria majalis,Plant
0.037037037037037035,Leipzig,21,Dasiphora davurica,Plant
0.1111111111111111,Leipzig,21,Geranium macrorrhizum,Plant
0.07407407407407407,Leipzig,21,Geranium sanguineum,Plant
0.037037037037037035,Leipzig,21,Helianthemum nummularium,Plant
0.07407407407407407,Leipzig,21,Hieracium murorum,Plant
0.07407407407407407,Leipzig,21,Iberis sempervirens,Plant
0.07407407407407407,Leipzig,21,Knautia arvensis,Plant
0.037037037037037035,Leipzig,21,Knautia dipsacifolia,Plant
0.14814814814814814,Leipzig,21,Lathyrus roseus,Plant
0.14814814814814814,Leipzig,21,Leucanthemum vulgare,Plant
0.07407407407407407,Leipzig,21,Limnanthes douglasii,Plant
0.18518518518518517,Leipzig,21,Psephellus dealbatus,Plant
0.1111111111111111,Leipzig,21,Salvia pratensis,Plant
0.14814814814814814,Leipzig,21,Symphytum officinale,Plant
0.07407407407407407,Leipzig,21,Vincetoxicum hirundinaria,Plant
0.2222222222222222,Leipzig,21,Viscaria vulgaris,Plant
0.1,Leipzig,21,Anthophora plumipes,Pollinator
0.7,Leipzig,21,Apis mellifera,Pollinator
0.05,Leipzig,21,Bombus,Pollinator
0.1,Leipzig,21,Diptera,Pollinator
0.05,Leipzig,21,Bombylius major,Pollinator
0.1,Leipzig,21,Andrena,Pollinator
0.15,Leipzig,21,Merodon equestris,Pollinator
0.05,Leipzig,21,Andrena curvungula,Pollinator
0.1,Leipzig,21,Botanophila striolata,Pollinator
0.05,Leipzig,21,Andrena fulvago,Pollinator
0.1,Leipzig,21,Oxythyrea funesta,Pollinator
0.05,Leipzig,21,Eucera nigrescens,Pollinator
0.05,Leipzig,21,Anthophora aestivalis,Pollinator
0.15,Leipzig,21,Bombus pascuorum,Pollinator
0.05,Leipzig,21,Andrena gravida,Pollinator
0.05,Leipzig,21,Arthropoda,Pollinator
0.05,Leipzig,21,Andrena labiata,Pollinator
0.05,Leipzig,21,Bombus lapidarius,Pollinator
0.05,Leipzig,21,Osmia cornuta,Pollinator
0.05,Leipzig,21,Bombus pratorum,Pollinator
0.05,Leipzig,21,Myopa testacea,Pollinator
0.1,Leipzig,21,Bombus terrestris,Pollinator
0.05,Leipzig,21,Halictus subauratus,Pollinator
0.05,Leipzig,21,Platystoma seminationis,Pollinator
0.05,Leipzig,21,Lasioglossum pygmaeum,Pollinator
0.05,Leipzig,21,Megachile circumcincta,Pollinator
0.05,Leipzig,21,Xylocopa violacea,Pollinator
0.1111111111111111,Leipzig,28,Anthericum ramosum,Plant
0.16666666666666666,Leipzig,28,Cephalaria procera,Plant
0.2777777777777778,Leipzig,28,Clinopodium album,Plant
0.05555555555555555,Leipzig,28,Convolvulus tricolor,Plant
0.05555555555555555,Leipzig,28,Eriocapitella hupehensis,Plant
0.1111111111111111,Leipzig,28,Helichrysum italicum,Plant
0.05555555555555555,Leipzig,28,Hypericum olympicum,Plant
0.5555555555555556,Leipzig,28,Lavandula angustifolia,Plant
0.1111111111111111,Leipzig,28,Nicotiana tabacum,Plant
0.16666666666666666,Leipzig,28,Rhaponticoides ruthenica,Plant
0.05555555555555555,Leipzig,28,Saponaria sicula,Plant
0.1111111111111111,Leipzig,28,Scabiosa triandra,Plant
0.1111111111111111,Leipzig,28,Tanacetum vulgare,Plant
0.2222222222222222,Leipzig,28,Teucrium marum,Plant
0.6428571428571429,Leipzig,28,Apis mellifera,Pollinator
0.07142857142857142,Leipzig,28,Cerceris rybyensis,Pollinator
0.14285714285714285,Leipzig,28,Bombus pascuorum,Pollinator
0.35714285714285715,Leipzig,28,Bombus vestalis,Pollinator
0.07142857142857142,Leipzig,28,Volucella zonaria,Pollinator
0.14285714285714285,Leipzig,28,Anthidium manicatum,Pollinator
0.35714285714285715,Leipzig,28,Bombus lapidarius,Pollinator
0.07142857142857142,Leipzig,28,Megachile rotundata,Pollinator
0.07142857142857142,Leipzig,28,Lasioglossum politum,Pollinator
0.14285714285714285,Leipzig,28,Bombus terrestris,Pollinator
0.07142857142857142,Leipzig,28,Hylaeus,Pollinator
0.14285714285714285,Leipzig,28,Lasioglossum,Pollinator
0.07142857142857142,Leipzig,28,Lucilia sericata,Pollinator
0.07142857142857142,Leipzig,28,Pieris rapae,Pollinator
0.14285714285714285,Leipzig,28,Xylocopa violacea,Pollinator
0.07142857142857142,Leipzig,28,Lasioglossum morio,Pollinator
0.07142857142857142,Leipzig,28,Syrphidae,Pollinator
0.07142857142857142,Leipzig,28,Coccinella septempunctata,Pollinator
0.041666666666666664,Leipzig,29,Anthericum ramosum,Plant
0.2916666666666667,Leipzig,29,Centaurea scabiosa,Plant
0.041666666666666664,Leipzig,29,Centranthus ruber,Plant
0.08333333333333333,Leipzig,29,Cephalaria uralensis,Plant
0.041666666666666664,Leipzig,29,Cichorium intybus,Plant
0.08333333333333333,Leipzig,29,Echinacea angustifolia,Plant
0.125,Leipzig,29,Hypericum olympicum,Plant
0.25,Leipzig,29,Lavandula angustifolia,Plant
0.041666666666666664,Leipzig,29,Lomelosia cretica,Plant
0.125,Leipzig,29,Monarda fistulosa,Plant
0.08333333333333333,Leipzig,29,Pycnanthemum tenuifolium,Plant
0.041666666666666664,Leipzig,29,Salvia ringens,Plant
0.08333333333333333,Leipzig,29,Tanacetum vulgare,Plant
0.125,Leipzig,29,Veronica longifolia,Plant
0.3333333333333333,Leipzig,29,Veronica orchidea,Plant
0.06666666666666667,Leipzig,29,Lasioglossum,Pollinator
0.06666666666666667,Leipzig,29,Anthidium manicatum,Pollinator
0.2,Leipzig,29,Apis mellifera,Pollinator
0.06666666666666667,Leipzig,29,Bombus hortorum,Pollinator
0.2,Leipzig,29,Bombus lapidarius,Pollinator
0.4666666666666667,Leipzig,29,Bombus vestalis,Pollinator
0.06666666666666667,Leipzig,29,Myathropa florea,Pollinator
0.13333333333333333,Leipzig,29,Polyommatus icarus,Pollinator
0.06666666666666667,Leipzig,29,Syrphidae,Pollinator
0.13333333333333333,Leipzig,29,Lasioglossum laticeps,Pollinator
0.06666666666666667,Leipzig,29,Aglais io,Pollinator
0.06666666666666667,Leipzig,29,Eupeodes corollae,Pollinator
0.13333333333333333,Leipzig,29,Hylaeus punctatus,Pollinator
0.2,Leipzig,29,Bombus pascuorum,Pollinator
0.13333333333333333,Leipzig,29,Lucilia sericata,Pollinator
0.13333333333333333,Leipzig,29,Pieris napi,Pollinator
0.13333333333333333,Leipzig,29,Xylocopa violacea,Pollinator
0.13333333333333333,Leipzig,29,Sphecodes albilabris,Pollinator
0.06666666666666667,Leipzig,29,Bombus terrestris,Pollinator
0.06666666666666667,Leipzig,29,Philanthus triangulum,Pollinator
0.06666666666666667,Leipzig,29,Bombus hypnorum,Pollinator
0.06666666666666667,Leipzig,29,Bombus pratorum,Pollinator
0.06666666666666667,Leipzig,29,Cerceris,Pollinator
0.06666666666666667,Leipzig,29,Megachile rotundata,Pollinator
0.3333333333333333,Leipzig,22,Aquilegia vulgaris,Plant
0.3333333333333333,Leipzig,22,Geranium sanguineum,Plant
0.25,Leipzig,22,Helianthemum nummularium,Plant
0.08333333333333333,Leipzig,22,Leucanthemum vulgare,Plant
0.08333333333333333,Leipzig,22,Limnanthes douglasii,Plant
0.08333333333333333,Leipzig,22,Papaver orientale,Plant
0.4166666666666667,Leipzig,22,Psephellus dealbatus,Plant
0.4166666666666667,Leipzig,22,Salvia pratensis,Plant
0.16666666666666666,Leipzig,22,Silene latifolia,Plant
0.16666666666666666,Leipzig,22,Silene nutans,Plant
0.08333333333333333,Leipzig,22,Symphytum officinale,Plant
0.25,Leipzig,22,Tanacetum coccineum,Plant
0.25,Leipzig,22,Thymus pulegioides,Plant
0.08333333333333333,Leipzig,22,Trommsdorffia maculata,Plant
0.16666666666666666,Leipzig,22,Vincetoxicum hirundinaria,Plant
0.16666666666666666,Leipzig,22,Viscaria vulgaris,Plant
0.25,Leipzig,22,Bombus lapidarius,Pollinator
0.0625,Leipzig,22,Ceratina cyanea,Pollinator
0.125,Leipzig,22,Diptera,Pollinator
0.25,Leipzig,22,Xylocopa violacea,Pollinator
0.3125,Leipzig,22,Anthophora plumipes,Pollinator
0.6875,Leipzig,22,Apis mellifera,Pollinator
0.125,Leipzig,22,Bombus pascuorum,Pollinator
0.125,Leipzig,22,Bombylius discolor,Pollinator
0.25,Leipzig,22,Syrphidae,Pollinator
0.125,Leipzig,22,Andrena minutuloides,Pollinator
0.125,Leipzig,22,Lucilia sericata,Pollinator
0.0625,Leipzig,22,Lasioglossum laticeps,Pollinator
0.023255813953488372,Leipzig,25,Aquilegia vulgaris,Plant
0.06976744186046512,Leipzig,25,Centranthus ruber,Plant
0.046511627906976744,Leipzig,25,Dasiphora fruticosa,Plant
0.023255813953488372,Leipzig,25,Dictamnus albus,Plant
0.06976744186046512,Leipzig,25,Echium vulgare,Plant
0.46511627906976744,Leipzig,25,Euphorbia seguieriana,Plant
0.11627906976744186,Leipzig,25,Ferulago aucheri,Plant
0.06976744186046512,Leipzig,25,Hypericum olympicum,Plant
0.06976744186046512,Leipzig,25,Knautia macedonica,Plant
0.06976744186046512,Leipzig,25,Penstemon bradburyi,Plant
0.11627906976744186,Leipzig,25,Potentilla kurdica,Plant
0.06976744186046512,Leipzig,25,Psephellus dealbatus,Plant
0.023255813953488372,Leipzig,25,Salvia sclarea,Plant
0.11627906976744186,Leipzig,25,Salvia verticillata,Plant
0.023255813953488372,Leipzig,25,Silene vulgaris,Plant
0.09302325581395349,Leipzig,25,Stachys byzantina,Plant
0.06976744186046512,Leipzig,25,Symphytum officinale,Plant
0.09302325581395349,Leipzig,25,Trifolium,Plant
0.023255813953488372,Leipzig,25,Vincetoxicum hirundinaria,Plant
0.10526315789473684,Leipzig,25,Episyrphus balteatus,Pollinator
0.05263157894736842,Leipzig,25,Eupeodes corollae,Pollinator
0.21052631578947367,Leipzig,25,Lasioglossum laticeps,Pollinator
0.7368421052631579,Leipzig,25,Apis mellifera,Pollinator
0.10526315789473684,Leipzig,25,Megachile rotundata,Pollinator
0.10526315789473684,Leipzig,25,Anthophora quadrimaculata,Pollinator
0.05263157894736842,Leipzig,25,Andrena nigroaenea,Pollinator
0.05263157894736842,Leipzig,25,Andrena flavipes,Pollinator
0.05263157894736842,Leipzig,25,Angioneura,Pollinator
0.05263157894736842,Leipzig,25,Cerceris rybyensis,Pollinator
0.10526315789473684,Leipzig,25,Chelostoma,Pollinator
0.10526315789473684,Leipzig,25,Coccinella septempunctata,Pollinator
0.05263157894736842,Leipzig,25,Dinetus pictus,Pollinator
0.05263157894736842,Leipzig,25,Graphosoma italicum,Pollinator
0.05263157894736842,Leipzig,25,Holopyga ignicollis,Pollinator
0.05263157894736842,Leipzig,25,Hylaeus styriacus,Pollinator
0.10526315789473684,Leipzig,25,Lucilia sericata,Pollinator
0.05263157894736842,Leipzig,25,Lygaeus equestris,Pollinator
0.05263157894736842,Leipzig,25,Mordellidae,Pollinator
0.05263157894736842,Leipzig,25,Nomada,Pollinator
0.10526315789473684,Leipzig,25,Nomada flavoguttata,Pollinator
0.05263157894736842,Leipzig,25,Nysson maculosus,Pollinator
0.05263157894736842,Leipzig,25,Physocephala rufipes,Pollinator
0.05263157894736842,Leipzig,25,Sphex funerarius,Pollinator
0.10526315789473684,Leipzig,25,Trichius gallicus,Pollinator
0.05263157894736842,Leipzig,25,Andrena minutuloides,Pollinator
0.05263157894736842,Leipzig,25,Bombus hortorum,Pollinator
0.05263157894736842,Leipzig,25,Andrena hattorfiana,Pollinator
0.05263157894736842,Leipzig,25,Pseudovadonia livida,Pollinator
0.10526315789473684,Leipzig,25,Anthidium manicatum,Pollinator
0.05263157894736842,Leipzig,25,Lasioglossum pauxillum,Pollinator
0.10526315789473684,Leipzig,25,Bombus lapidarius,Pollinator
0.05263157894736842,Leipzig,25,Osmia aurulenta,Pollinator
0.05263157894736842,Leipzig,25,Syrphidae,Pollinator
0.15789473684210525,Leipzig,25,Xylocopa violacea,Pollinator
0.05263157894736842,Leipzig,25,Bombus terrestris,Pollinator
0.05263157894736842,Leipzig,25,Polyommatus icarus,Pollinator
0.05263157894736842,Leipzig,25,Diptera,Pollinator
0.05263157894736842,Leipzig,25,Megachile ericetorum,Pollinator
0.05263157894736842,Leipzig,25,Anthophora aestivalis,Pollinator
0.05263157894736842,Leipzig,25,Bombus pascuorum,Pollinator
0.05263157894736842,Leipzig,25,Anthidium,Pollinator
0.05263157894736842,Leipzig,25,Hylaeus brevicornis,Pollinator
0.1875,Leipzig,34,Aster mongolicus,Plant
0.0625,Leipzig,34,Centranthus ruber,Plant
0.1875,Leipzig,34,Cuphea viscosissima,Plant
0.25,Leipzig,34,Eriocapitella hupehensis,Plant
0.0625,Leipzig,34,Impatiens balsamina,Plant
0.1875,Leipzig,34,Lomelosia olgae,Plant
0.1875,Leipzig,34,Scabiosa ochroleuca,Plant
0.375,Leipzig,34,Silphium integrifolium,Plant
0.375,Leipzig,34,Succisa pratensis,Plant
0.0625,Leipzig,34,Thunbergia alata,Plant
0.125,Leipzig,34,Tropaeolum majus,Plant
0.25,Leipzig,34,Vernonia fasciculata,Plant
0.1875,Leipzig,34,Vitex negundo,Plant
0.07692307692307693,Leipzig,34,Cylindromyia brevicornis,Pollinator
0.23076923076923078,Leipzig,34,Eristalis tenax,Pollinator
0.15384615384615385,Leipzig,34,Lucilia sericata,Pollinator
0.7692307692307693,Leipzig,34,Apis mellifera,Pollinator
0.15384615384615385,Leipzig,34,Myathropa florea,Pollinator
0.3076923076923077,Leipzig,34,Xylocopa violacea,Pollinator
0.07692307692307693,Leipzig,34,Microphthalma europaea,Pollinator
0.46153846153846156,Leipzig,34,Bombus pascuorum,Pollinator
0.15384615384615385,Leipzig,34,Volucella zonaria,Pollinator
0.07692307692307693,Leipzig,34,Episyrphus balteatus,Pollinator
0.07692307692307693,Leipzig,34,Bellardia vulgaris,Pollinator
0.23076923076923078,Leipzig,34,Bombus terrestris,Pollinator
0.07692307692307693,Leipzig,34,Halictus scabiosae,Pollinator
0.07692307692307693,Leipzig,34,Bombus vestalis,Pollinator
0.07692307692307693,Leipzig,34,Cydalima perspectalis,Pollinator
0.07692307692307693,Leipzig,34,Cerceris rybyensis,Pollinator
0.05555555555555555,Leipzig,16,Bellis perennis,Plant
0.05555555555555555,Leipzig,16,Bergenia purpurascens,Plant
0.1111111111111111,Leipzig,16,Caltha palustris,Plant
0.05555555555555555,Leipzig,16,Corydalis cava,Plant
0.16666666666666666,Leipzig,16,Euphorbia characias,Plant
0.05555555555555555,Leipzig,16,Helleborus foetidus,Plant
0.05555555555555555,Leipzig,16,Iberis sempervirens,Plant
0.16666666666666666,Leipzig,16,Lathyrus vernus,Plant
0.2222222222222222,Leipzig,16,Muscari botryoides,Plant
0.16666666666666666,Leipzig,16,Primula denticulata,Plant
0.05555555555555555,Leipzig,16,Primula veris,Plant
0.2777777777777778,Leipzig,16,Pulsatilla vulgaris,Plant
0.1111111111111111,Leipzig,16,Ranunculus ficaria,Plant
0.05555555555555555,Leipzig,16,Rhododendron degronianum,Plant
0.05555555555555555,Leipzig,16,Scopolia carniolica,Plant
0.1111111111111111,Leipzig,16,Taraxacum officinale,Plant
0.1111111111111111,Leipzig,16,Tussilago farfara,Plant
0.16666666666666666,Leipzig,16,Vinca minor,Plant
0.16666666666666666,Leipzig,16,Andrena gravida,Pollinator
0.2777777777777778,Leipzig,16,Andrena bicolor,Pollinator
0.3333333333333333,Leipzig,16,Bombylius major,Pollinator
0.1111111111111111,Leipzig,16,Anthophora plumipes,Pollinator
0.3333333333333333,Leipzig,16,Apis mellifera,Pollinator
0.05555555555555555,Leipzig,16,Calliphora vicina,Pollinator
0.1111111111111111,Leipzig,16,Polistes dominula,Pollinator
0.05555555555555555,Leipzig,16,Nomada flavoguttata,Pollinator
0.05555555555555555,Leipzig,16,Lasioglossum pallens,Pollinator
0.05555555555555555,Leipzig,16,Myopa testacea,Pollinator
0.05555555555555555,Leipzig,16,Xylocopa violacea,Pollinator
0.05555555555555555,Leipzig,16,Osmia caerulescens,Pollinator
0.05555555555555555,Leipzig,16,Osmia cornuta,Pollinator
0.1111111111111111,Leipzig,16,Andrena,Pollinator
0.05555555555555555,Leipzig,16,Hymenoptera,Pollinator
0.05555555555555555,Leipzig,16,Diptera,Pollinator
0.05555555555555555,Leipzig,16,Lasioglossum laticeps,Pollinator
0.05555555555555555,Leipzig,16,Bombylius discolor,Pollinator
0.3333333333333333,Leipzig,17,Caltha palustris,Plant
0.1111111111111111,Leipzig,17,Erica carnea,Plant
0.1111111111111111,Leipzig,17,Helleborus foetidus,Plant
0.2222222222222222,Leipzig,17,Lathyrus vernus,Plant
0.3333333333333333,Leipzig,17,Mahonia aquifolium,Plant
0.3333333333333333,Leipzig,17,Muscari botryoides,Plant
0.1111111111111111,Leipzig,17,Primula denticulata,Plant
0.2222222222222222,Leipzig,17,Primula veris,Plant
0.3333333333333333,Leipzig,17,Pulsatilla vulgaris,Plant
0.2222222222222222,Leipzig,17,Syringa persica,Plant
0.1111111111111111,Leipzig,17,Taraxacum officinale,Plant
0.1111111111111111,Leipzig,17,Tussilago farfara,Plant
0.2222222222222222,Leipzig,17,Vinca minor,Plant
0.3333333333333333,Leipzig,17,Weigela florida,Plant
0.35714285714285715,Leipzig,17,Anthophora plumipes,Pollinator
0.8571428571428571,Leipzig,17,Apis mellifera,Pollinator
0.2857142857142857,Leipzig,17,Bombus lapidarius,Pollinator
0.07142857142857142,Leipzig,17,Bombus pratorum,Pollinator
0.07142857142857142,Leipzig,17,Andrena,Pollinator
0.14285714285714285,Leipzig,17,Bombylius discolor,Pollinator
0.07142857142857142,Leipzig,17,Bombylius major,Pollinator
0.07142857142857142,Leipzig,17,Osmia cornuta,Pollinator
0.07142857142857142,Leipzig,17,Xylocopa violacea,Pollinator
0.2,Leipzig,15,Caltha palustris,Plant
0.2,Leipzig,15,Erica carnea,Plant
0.4,Leipzig,15,Euphorbia characias,Plant
0.4,Leipzig,15,Helleborus foetidus,Plant
0.2,Leipzig,15,Lamium flexuosum,Plant
0.4,Leipzig,15,Mahonia aquifolium,Plant
0.6,Leipzig,15,Muscari botryoides,Plant
0.4,Leipzig,15,Pulsatilla vulgaris,Plant
0.4,Leipzig,15,Rhododendron wadanum,Plant
0.4,Leipzig,15,Tussilago farfara,Plant
0.6,Leipzig,15,Vinca minor,Plant
1,Leipzig,15,Apis mellifera,Pollinator
0.09090909090909091,Leipzig,15,Diptera,Pollinator
0.2727272727272727,Leipzig,15,Bombus lapidarius,Pollinator
0.45454545454545453,Leipzig,15,Anthophora plumipes,Pollinator
0.09090909090909091,Leipzig,15,Bombylius discolor,Pollinator
0.125,Leipzig,33,Centaurea scabiosa,Plant
0.375,Leipzig,33,Coristospermum lucidum,Plant
0.1875,Leipzig,33,Cuphea viscosissima,Plant
0.125,Leipzig,33,Echinacea angustifolia,Plant
0.125,Leipzig,33,Eriocapitella hupehensis,Plant
0.0625,Leipzig,33,Erodium manescavi,Plant
0.125,Leipzig,33,Lythrum salicaria,Plant
0.125,Leipzig,33,Scabiosa ochroleuca,Plant
0.3125,Leipzig,33,Seseli montanum,Plant
0.5,Leipzig,33,Silphium integrifolium,Plant
0.25,Leipzig,33,Succisa pratensis,Plant
0.375,Leipzig,33,Vitex negundo,Plant
0.25,Leipzig,33,Cerceris rybyensis,Pollinator
0.3333333333333333,Leipzig,33,Xylocopa violacea,Pollinator
0.16666666666666666,Leipzig,33,Cheilosia aerea,Pollinator
0.16666666666666666,Leipzig,33,Cheilosia ruffipes,Pollinator
0.3333333333333333,Leipzig,33,Lucilia sericata,Pollinator
0.16666666666666666,Leipzig,33,Myathropa florea,Pollinator
0.16666666666666666,Leipzig,33,Villa modesta,Pollinator
0.75,Leipzig,33,Apis mellifera,Pollinator
0.3333333333333333,Leipzig,33,Bombus terrestris,Pollinator
0.08333333333333333,Leipzig,33,Episyrphus balteatus,Pollinator
0.4166666666666667,Leipzig,33,Bombus pascuorum,Pollinator
0.08333333333333333,Leipzig,33,Bombus campestris,Pollinator
0.08333333333333333,Leipzig,33,Bombus lapidarius,Pollinator
0.08333333333333333,Leipzig,33,Bombus pratorum,Pollinator
0.08333333333333333,Leipzig,33,Bombus vestalis,Pollinator
0.08333333333333333,Leipzig,33,Volucella zonaria,Pollinator
0.25,Leipzig,14,Helleborus foetidus,Plant
0.25,Leipzig,14,Leucanthemum vulgare,Plant
0.25,Leipzig,14,Muscari botryoides,Plant
0.5,Leipzig,14,Scopolia carniolica,Plant
0.25,Leipzig,14,Tussilago farfara,Plant
0.75,Leipzig,14,Vinca minor,Plant
0.5,Leipzig,14,Apis mellifera,Pollinator
0.3333333333333333,Leipzig,14,Lasioglossum laticeps,Pollinator
0.5,Leipzig,14,Osmia cornuta,Pollinator
0.16666666666666666,Leipzig,14,Diptera,Pollinator
0.3333333333333333,Leipzig,12,Helleborus foetidus,Plant
0.16666666666666666,Leipzig,12,Lamium hybridum,Plant
0.3333333333333333,Leipzig,12,Muscari botryoides,Plant
0.16666666666666666,Leipzig,12,Ribes sanguineum,Plant
0.16666666666666666,Leipzig,12,Scilla luciliae,Plant
0.3333333333333333,Leipzig,12,Tussilago farfara,Plant
0.16666666666666666,Leipzig,12,Xanthoceras sorbifolium,Plant
0.2857142857142857,Leipzig,12,Bombus terrestris,Pollinator
0.2857142857142857,Leipzig,12,Osmia cornuta,Pollinator
0.42857142857142855,Leipzig,12,Apis mellifera,Pollinator
0.14285714285714285,Leipzig,12,Andrena bicolor,Pollinator
0.14285714285714285,Leipzig,12,Lasioglossum,Pollinator
0.14285714285714285,Leipzig,12,Diptera,Pollinator
0.10204081632653061,Halle,32,Achillea filipendulina,Plant
0.12244897959183673,Halle,32,Centranthus ruber,Plant
0.04081632653061224,Halle,32,Cephalaria uralensis,Plant
0.04081632653061224,Halle,32,Clematis integrifolia,Plant
0.04081632653061224,Halle,32,Clematis recta,Plant
0.12244897959183673,Halle,32,Clinopodium nepeta,Plant
0.04081632653061224,Halle,32,Dianthus carthusianorum,Plant
0.08163265306122448,Halle,32,Eryngium maritimum,Plant
0.32653061224489793,Halle,32,Ferula assa-foetida,Plant
0.08163265306122448,Halle,32,Fuchsia magellanica,Plant
0.10204081632653061,Halle,32,Lythrum salicaria,Plant
0.2653061224489796,Halle,32,Marrubium peregrinum,Plant
0.12244897959183673,Halle,32,Platycodon grandiflorus,Plant
0.04081632653061224,Halle,32,Tanacetum vulgare,Plant
0.04081632653061224,Halle,32,Vincetoxicum hirundinaria,Plant
0.06666666666666667,Halle,32,Andrena minutuloides,Pollinator
0.06666666666666667,Halle,32,Colletes daviesanus,Pollinator
0.13333333333333333,Halle,32,Halictus subauratus,Pollinator
0.5333333333333333,Halle,32,Lucilia sericata,Pollinator
0.06666666666666667,Halle,32,Oedemera,Pollinator
0.06666666666666667,Halle,32,Ancistrocerus gazella,Pollinator
0.06666666666666667,Halle,32,Eristalis tenax,Pollinator
0.13333333333333333,Halle,32,Pieris rapae,Pollinator
0.13333333333333333,Halle,32,Sphaerophoria scripta,Pollinator
0.06666666666666667,Halle,32,Syrphus vitripennis,Pollinator
0.13333333333333333,Halle,32,Halictus scabiosae,Pollinator
0.06666666666666667,Halle,32,Pseudovadonia livida,Pollinator
0.13333333333333333,Halle,32,Bombus terrestris,Pollinator
0.13333333333333333,Halle,32,Xylocopa violacea,Pollinator
0.06666666666666667,Halle,32,Sarcophagidae,Pollinator
0.13333333333333333,Halle,32,Anthidium manicatum,Pollinator
0.3333333333333333,Halle,32,Apis mellifera,Pollinator
0.2,Halle,32,Bombus pascuorum,Pollinator
0.06666666666666667,Halle,32,Cylindromyia brevicornis,Pollinator
0.06666666666666667,Halle,32,Lasioglossum politum,Pollinator
0.06666666666666667,Halle,32,Polyommatus icarus,Pollinator
0.06666666666666667,Halle,32,Cerceris,Pollinator
0.06666666666666667,Halle,32,Miltogramma germari,Pollinator
0.13333333333333333,Halle,32,Polistes dominula,Pollinator
0.06666666666666667,Halle,32,Cheilosia ruffipes,Pollinator
0.06666666666666667,Halle,32,Coccinella septempunctata,Pollinator
0.06666666666666667,Halle,32,Gymnosoma clavatum,Pollinator
0.06666666666666667,Halle,32,Harmonia axyridis,Pollinator
0.13333333333333333,Halle,32,Hylaeus communis,Pollinator
0.06666666666666667,Halle,32,Lasioglossum,Pollinator
0.13333333333333333,Halle,32,Lasioglossum morio,Pollinator
0.13333333333333333,Halle,32,Lasioglossum nitidulum,Pollinator
0.06666666666666667,Halle,32,Myathropa florea,Pollinator
0.13333333333333333,Halle,32,Sarcophaga incisilobata,Pollinator
0.06666666666666667,Halle,32,Sphecodes albilabris,Pollinator
0.06666666666666667,Halle,32,Tachina fera,Pollinator
0.06666666666666667,Halle,32,Vespula germanica,Pollinator
0.2,Halle,32,Hylaeus,Pollinator
0.13333333333333333,Halle,32,Megachile willughbiella,Pollinator
0.06666666666666667,Halle,32,Melitta nigricans,Pollinator
0.06666666666666667,Halle,32,Bombus lucorum,Pollinator
0.06666666666666667,Halle,32,Bombus rupestris,Pollinator
0.06666666666666667,Halle,32,Bombus vestalis,Pollinator
0.06666666666666667,Halle,32,Coelioxys aurolimbatus,Pollinator
0.06666666666666667,Halle,32,Megachile pilidens,Pollinator
0.06666666666666667,Halle,32,Sphex funerarius,Pollinator
0.06666666666666667,Halle,32,Bombus lapidarius,Pollinator
0.06666666666666667,Halle,32,Coelioxys elongatus,Pollinator
0.06666666666666667,Halle,32,Halictus tumulorum,Pollinator
0.38461538461538464,Halle,26,Achillea millefolium,Plant
0.02564102564102564,Halle,26,Aconitum lycoctonum,Plant
0.05128205128205128,Halle,26,Allium cernuum,Plant
0.10256410256410256,Halle,26,Asclepias syriaca,Plant
0.1794871794871795,Halle,26,Cylindropuntia imbricata,Plant
0.15384615384615385,Halle,26,Delosperma cooperi,Plant
0.3076923076923077,Halle,26,Gypsophila paniculata,Plant
0.07692307692307693,Halle,26,Hypericum olympicum,Plant
0.15384615384615385,Halle,26,Hypericum perforatum,Plant
0.20512820512820512,Halle,26,Knautia dipsacifolia,Plant
0.23076923076923078,Halle,26,Lavandula angustifolia,Plant
0.07692307692307693,Halle,26,Lotus corniculatus,Plant
0.07692307692307693,Halle,26,Malva thuringiaca,Plant
0.02564102564102564,Halle,26,Salvia officinalis,Plant
0.10256410256410256,Halle,26,Salvia sclarea,Plant
0.02564102564102564,Halle,26,Solanum dulcamara,Plant
0.10256410256410256,Halle,26,Teucrium scorodonia,Plant
0.02564102564102564,Halle,26,Verbena rigida,Plant
0.1111111111111111,Halle,26,Anthrenus,Pollinator
0.6666666666666666,Halle,26,Apis mellifera,Pollinator
0.05555555555555555,Halle,26,Coccinella septempunctata,Pollinator
0.1111111111111111,Halle,26,Colletes daviesanus,Pollinator
0.05555555555555555,Halle,26,Diptera,Pollinator
0.6111111111111112,Halle,26,Episyrphus balteatus,Pollinator
0.2222222222222222,Halle,26,Eupeodes corollae,Pollinator
0.16666666666666666,Halle,26,Halictus scabiosae,Pollinator
0.2222222222222222,Halle,26,Halictus subauratus,Pollinator
0.3333333333333333,Halle,26,Lasioglossum politum,Pollinator
0.05555555555555555,Halle,26,Lucilia sericata,Pollinator
0.1111111111111111,Halle,26,Sphaerophoria scripta,Pollinator
0.05555555555555555,Halle,26,Stenurella melanura,Pollinator
0.05555555555555555,Halle,26,Symmorphus,Pollinator
0.05555555555555555,Halle,26,Syrphus vitripennis,Pollinator
0.1111111111111111,Halle,26,Bombus lapidarius,Pollinator
0.05555555555555555,Halle,26,Hemipenthes morio,Pollinator
0.05555555555555555,Halle,26,Megachile,Pollinator
0.05555555555555555,Halle,26,Bombus subterraneus,Pollinator
0.16666666666666666,Halle,26,Scaeva pyrastri,Pollinator
0.05555555555555555,Halle,26,Megachile willughbiella,Pollinator
0.05555555555555555,Halle,26,Cerceris rybyensis,Pollinator
0.05555555555555555,Halle,26,Formica,Pollinator
0.05555555555555555,Halle,26,Philanthus triangulum,Pollinator
0.05555555555555555,Halle,26,Scolia hirta,Pollinator
0.05555555555555555,Halle,26,Sphecodes monilicornis,Pollinator
0.05555555555555555,Halle,26,Sphex funerarius,Pollinator
0.3333333333333333,Halle,26,Bombus terrestris,Pollinator
0.2222222222222222,Halle,26,Bombus pascuorum,Pollinator
0.05555555555555555,Halle,26,Andrena hattorfiana,Pollinator
0.1111111111111111,Halle,26,Maniola jurtina,Pollinator
0.1111111111111111,Halle,26,Oxythyrea funesta,Pollinator
0.05555555555555555,Halle,26,Bombus rupestris,Pollinator
0.05555555555555555,Halle,26,Bombus vestalis,Pollinator
0.1111111111111111,Halle,26,Pieris rapae,Pollinator
0.05555555555555555,Halle,26,Polygonia c-album,Pollinator
0.05555555555555555,Halle,26,Anthidium oblongatum,Pollinator
0.05555555555555555,Halle,26,Xylocopa violacea,Pollinator
0.05555555555555555,Halle,26,Anthidium manicatum,Pollinator
0.171875,Halle,28,Achillea millefolium,Plant
0.0625,Halle,28,Centranthus ruber,Plant
0.078125,Halle,28,Clematis integrifolia,Plant
0.09375,Halle,28,Clematis recta,Plant
0.0625,Halle,28,Daucus carota,Plant
0.09375,Halle,28,Dianthus carthusianorum,Plant
0.03125,Halle,28,Fuchsia magellanica,Plant
0.046875,Halle,28,Hypericum perforatum,Plant
0.046875,Halle,28,Inula helenium,Plant
0.109375,Halle,28,Lavandula angustifolia,Plant
0.09375,Halle,28,Liatris pycnostachya,Plant
0.046875,Halle,28,Lotus corniculatus,Plant
0.03125,Halle,28,Lythrum salicaria,Plant
0.109375,Halle,28,Malva thuringiaca,Plant
0.1875,Halle,28,Marrubium peregrinum,Plant
0.296875,Halle,28,Origanum vulgare,Plant
0.09375,Halle,28,Platycodon grandiflorus,Plant
0.015625,Halle,28,Saponaria officinalis,Plant
0.046875,Halle,28,Tanacetum vulgare,Plant
0.03125,Halle,28,Vincetoxicum hirundinaria,Plant
0.05,Halle,28,Cerceris rybyensis,Pollinator
0.05,Halle,28,Entomophaga nigrohalterata,Pollinator
0.1,Halle,28,Halictus subauratus,Pollinator
0.05,Halle,28,Hedychrum nobile,Pollinator
0.15,Halle,28,Hylaeus nigritus,Pollinator
0.35,Halle,28,Lucilia sericata,Pollinator
0.1,Halle,28,Nomada flavoguttata,Pollinator
0.05,Halle,28,Prosena siberita,Pollinator
0.15,Halle,28,Sphaerophoria scripta,Pollinator
0.05,Halle,28,Sphecodes puncticeps,Pollinator
0.15,Halle,28,Syritta pipiens,Pollinator
0.05,Halle,28,Ancistrocerus gazella,Pollinator
0.1,Halle,28,Megachilidae,Pollinator
0.05,Halle,28,Oedemera lurida,Pollinator
0.45,Halle,28,Bombus lapidarius,Pollinator
0.3,Halle,28,Bombus pascuorum,Pollinator
0.1,Halle,28,Bombus pratorum,Pollinator
0.25,Halle,28,Bombus terrestris,Pollinator
0.05,Halle,28,Megachile willughbiella,Pollinator
0.05,Halle,28,Bellardia viarum,Pollinator
0.05,Halle,28,Diptera,Pollinator
0.15,Halle,28,Episyrphus balteatus,Pollinator
0.1,Halle,28,Lasioglossum laticeps,Pollinator
0.05,Halle,28,Ancistrocerus claripennis,Pollinator
0.05,Halle,28,Mordellidae,Pollinator
0.05,Halle,28,Pollenia pediculata,Pollinator
0.15,Halle,28,Andrena flavipes,Pollinator
0.05,Halle,28,Gonepteryx rhamni,Pollinator
0.05,Halle,28,Halictus,Pollinator
0.05,Halle,28,Macroglossum stellatarum,Pollinator
0.15,Halle,28,Maniola jurtina,Pollinator
0.25,Halle,28,Bombus vestalis,Pollinator
0.05,Halle,28,Lasioglossum politum,Pollinator
0.05,Halle,28,Aglais io,Pollinator
0.15,Halle,28,Bombus rupestris,Pollinator
0.05,Halle,28,Bombus cryptarum,Pollinator
0.05,Halle,28,Eupeodes corollae,Pollinator
0.1,Halle,28,Pieris rapae,Pollinator
0.05,Halle,28,Thyreus orbatus,Pollinator
0.05,Halle,28,Anthidium oblongatum,Pollinator
0.05,Halle,28,Megachile pilidens,Pollinator
0.05,Halle,28,Anthomyia procellaris,Pollinator
0.05,Halle,28,Coccinella septempunctata,Pollinator
0.05,Halle,28,Oxythyrea funesta,Pollinator
0.05,Halle,28,Bombus hypnorum,Pollinator
0.05,Halle,28,Bombus semenoviellus,Pollinator
0.05,Halle,28,Megachile rotundata,Pollinator
0.05,Halle,28,Ammophila sabulosa,Pollinator
0.1,Halle,28,Apis mellifera,Pollinator
0.05,Halle,28,Bombus lucorum,Pollinator
0.05,Halle,28,Halictus scabiosae,Pollinator
0.05,Halle,28,Lasioglossum nitidulum,Pollinator
0.05,Halle,28,Megachile centuncularis,Pollinator
0.05,Halle,28,Nomada,Pollinator
0.05,Halle,28,Nomada fucata,Pollinator
0.05,Halle,28,Nowickia ferox,Pollinator
0.05,Halle,28,Scolia hirta,Pollinator
0.05,Halle,28,Sphecodes albilabris,Pollinator
0.05,Halle,28,Chelostoma rapunculi,Pollinator
0.05,Halle,28,Lasioglossum morio,Pollinator
0.05,Halle,28,Megachile maritima,Pollinator
0.05,Halle,28,Xylocopa violacea,Pollinator
0.05,Halle,28,Colletes daviesanus,Pollinator
0.05,Halle,28,Litophasia hyalipennis,Pollinator
0.17857142857142858,Halle,29,Achillea millefolium,Plant
0.125,Halle,29,Centaurea cyanus,Plant
0.16071428571428573,Halle,29,Centranthus ruber,Plant
0.05357142857142857,Halle,29,Clematis integrifolia,Plant
0.05357142857142857,Halle,29,Clematis recta,Plant
0.03571428571428571,Halle,29,Dianthus carthusianorum,Plant
0.05357142857142857,Halle,29,Fuchsia magellanica,Plant
0.05357142857142857,Halle,29,Lavandula angustifolia,Plant
0.03571428571428571,Halle,29,Lythrum salicaria,Plant
0.19642857142857142,Halle,29,Marrubium peregrinum,Plant
0.03571428571428571,Halle,29,Monarda citriodora,Plant
0.2857142857142857,Halle,29,Origanum vulgare,Plant
0.14285714285714285,Halle,29,Platycodon grandiflorus,Plant
0.14285714285714285,Halle,29,Rudbeckia laciniata,Plant
0.17857142857142858,Halle,29,Seseli gummiferum,Plant
0.07142857142857142,Halle,29,Tanacetum vulgare,Plant
0.017857142857142856,Halle,29,Vincetoxicum hirundinaria,Plant
0.11764705882352941,Halle,29,Cerceris rybyensis,Pollinator
0.11764705882352941,Halle,29,Colletes daviesanus,Pollinator
0.058823529411764705,Halle,29,Dinetus pictus,Pollinator
0.11764705882352941,Halle,29,Eristalis pertinax,Pollinator
0.11764705882352941,Halle,29,Hylaeus nigritus,Pollinator
0.11764705882352941,Halle,29,Lasioglossum politum,Pollinator
0.058823529411764705,Halle,29,Litophasia hyalipennis,Pollinator
0.35294117647058826,Halle,29,Lucilia sericata,Pollinator
0.17647058823529413,Halle,29,Miltogramma punctata,Pollinator
0.058823529411764705,Halle,29,Sapygina decemguttata,Pollinator
0.17647058823529413,Halle,29,Andrena flavipes,Pollinator
0.058823529411764705,Halle,29,Andrena pilipes,Pollinator
0.23529411764705882,Halle,29,Apis mellifera,Pollinator
0.23529411764705882,Halle,29,Bombus lapidarius,Pollinator
0.23529411764705882,Halle,29,Bombus terrestris,Pollinator
0.058823529411764705,Halle,29,Megachile maritima,Pollinator
0.11764705882352941,Halle,29,Xylocopa violacea,Pollinator
0.058823529411764705,Halle,29,Bombus,Pollinator
0.058823529411764705,Halle,29,Halictus,Pollinator
0.23529411764705882,Halle,29,Halictus subauratus,Pollinator
0.17647058823529413,Halle,29,Lasioglossum laticeps,Pollinator
0.11764705882352941,Halle,29,Pieris napi,Pollinator
0.058823529411764705,Halle,29,Pieris rapae,Pollinator
0.11764705882352941,Halle,29,Sarcophaga subvicina,Pollinator
0.11764705882352941,Halle,29,Vespula germanica,Pollinator
0.35294117647058826,Halle,29,Bombus pascuorum,Pollinator
0.17647058823529413,Halle,29,Heriades truncorum,Pollinator
0.058823529411764705,Halle,29,Vespidae,Pollinator
0.058823529411764705,Halle,29,Trichopsomyia flavitarsis,Pollinator
0.23529411764705882,Halle,29,Bombus vestalis,Pollinator
0.11764705882352941,Halle,29,Bombus lucorum,Pollinator
0.058823529411764705,Halle,29,Coelioxys aurolimbatus,Pollinator
0.11764705882352941,Halle,29,Halictus scabiosae,Pollinator
0.11764705882352941,Halle,29,Megachile willughbiella,Pollinator
0.058823529411764705,Halle,29,Ammophila sabulosa,Pollinator
0.058823529411764705,Halle,29,Lasioglossum calceatum,Pollinator
0.058823529411764705,Halle,29,Merziella longirostris,Pollinator
0.058823529411764705,Halle,29,Nomada fulvicornis,Pollinator
0.058823529411764705,Halle,29,Physocephala rufipes,Pollinator
0.058823529411764705,Halle,29,Scolia hirta,Pollinator
0.058823529411764705,Halle,29,Sphaerophoria scripta,Pollinator
0.11764705882352941,Halle,29,Sphecodes albilabris,Pollinator
0.058823529411764705,Halle,29,Sphex funerarius,Pollinator
0.058823529411764705,Halle,29,Andrena bicolor,Pollinator
0.058823529411764705,Halle,29,Chelostoma rapunculi,Pollinator
0.058823529411764705,Halle,29,Lasioglossum nitidulum,Pollinator
0.058823529411764705,Halle,29,Bombus rupestris,Pollinator
0.058823529411764705,Halle,29,Episyrphus balteatus,Pollinator
0.058823529411764705,Halle,29,Philanthus triangulum,Pollinator
0.058823529411764705,Halle,29,Andrena,Pollinator
0.058823529411764705,Halle,29,Diptera,Pollinator
0.058823529411764705,Halle,29,Hylaeus,Pollinator
0.058823529411764705,Halle,29,Oedemera podagrariae,Pollinator
0.058823529411764705,Halle,29,Syrphidae,Pollinator
0.058823529411764705,Halle,29,Tachina nupta,Pollinator
0.058823529411764705,Halle,29,Cerceris,Pollinator
0.30434782608695654,Halle,27,Achillea millefolium,Plant
0.08695652173913043,Halle,27,Clematis integrifolia,Plant
0.15217391304347827,Halle,27,Clematis recta,Plant
0.10869565217391304,Halle,27,Dianthus carthusianorum,Plant
0.13043478260869565,Halle,27,Eryngium planum,Plant
0.10869565217391304,Halle,27,Eschscholzia californica,Plant
0.021739130434782608,Halle,27,Fuchsia magellanica,Plant
0.06521739130434782,Halle,27,Galega officinalis,Plant
0.043478260869565216,Halle,27,Hemerocallis fulva,Plant
0.10869565217391304,Halle,27,Hypericum perforatum,Plant
0.17391304347826086,Halle,27,Lavandula angustifolia,Plant
0.06521739130434782,Halle,27,Limonium sinuatum,Plant
0.08695652173913043,Halle,27,Lotus corniculatus,Plant
0.13043478260869565,Halle,27,Melilotus albus,Plant
0.13043478260869565,Halle,27,Phedimus kamtschaticus,Plant
0.10869565217391304,Halle,27,Platycodon grandiflorus,Plant
0.0625,Halle,27,Coccinella septempunctata,Pollinator
0.0625,Halle,27,Coleoptera,Pollinator
0.0625,Halle,27,Colletes daviesanus,Pollinator
0.5,Halle,27,Episyrphus balteatus,Pollinator
0.0625,Halle,27,Eristalis tenax,Pollinator
0.125,Halle,27,Halictus subauratus,Pollinator
0.0625,Halle,27,Hylaeus nigritus,Pollinator
0.125,Halle,27,Lasioglossum pauxillum,Pollinator
0.0625,Halle,27,Megachile ericetorum,Pollinator
0.0625,Halle,27,Polygonia c-album,Pollinator
0.0625,Halle,27,Pseudovadonia livida,Pollinator
0.0625,Halle,27,Sphaerophoria scripta,Pollinator
0.125,Halle,27,Syrphus vitripennis,Pollinator
0.0625,Halle,27,Trichius gallicus,Pollinator
0.4375,Halle,27,Apis mellifera,Pollinator
0.4375,Halle,27,Bombus pascuorum,Pollinator
0.3125,Halle,27,Bombus terrestris,Pollinator
0.125,Halle,27,Lasioglossum nitidulum,Pollinator
0.1875,Halle,27,Eupeodes corollae,Pollinator
0.125,Halle,27,Lasioglossum politum,Pollinator
0.125,Halle,27,Lucilia sericata,Pollinator
0.125,Halle,27,Chelostoma rapunculi,Pollinator
0.0625,Halle,27,Hylaeus gredleri,Pollinator
0.0625,Halle,27,Hymenoptera,Pollinator
0.1875,Halle,27,Maniola jurtina,Pollinator
0.0625,Halle,27,Oedemera podagrariae,Pollinator
0.0625,Halle,27,Sphecodes pellucidus,Pollinator
0.0625,Halle,27,Valgus hemipterus,Pollinator
0.125,Halle,27,Anthidium manicatum,Pollinator
0.0625,Halle,27,Megachilidae,Pollinator
0.0625,Halle,27,Formicidae,Pollinator
0.125,Halle,27,Anthophora quadrimaculata,Pollinator
0.0625,Halle,27,Bombus rupestris,Pollinator
0.0625,Halle,27,Bombus vestalis,Pollinator
0.0625,Halle,27,Myathropa florea,Pollinator
0.0625,Halle,27,Pieris napi,Pollinator
0.0625,Halle,27,Lasioglossum morio,Pollinator
0.0625,Halle,27,Anthidium oblongatum,Pollinator
0.0625,Halle,27,Megachile,Pollinator
0.0625,Halle,27,Andrena flavipes,Pollinator
0.0625,Halle,27,Cerceris rybyensis,Pollinator
0.125,Halle,27,Coelioxys afra,Pollinator
0.125,Halle,27,Hylaeus,Pollinator
0.0625,Halle,27,Bombus lapidarius,Pollinator
0.0625,Halle,27,Sicus ferrugineus,Pollinator
0.0625,Halle,27,Megachile willughbiella,Pollinator
0.06,Halle,31,Achillea millefolium,Plant
0.14,Halle,31,Centranthus ruber,Plant
0.06,Halle,31,Clematis integrifolia,Plant
0.16,Halle,31,Clematis recta,Plant
0.04,Halle,31,Dianthus carthusianorum,Plant
0.22,Halle,31,Eryngium caeruleum,Plant
0.04,Halle,31,Fuchsia magellanica,Plant
0.04,Halle,31,Helianthemum nummularium,Plant
0.08,Halle,31,Impatiens glandulifera,Plant
0.16,Halle,31,Limonium gmelini,Plant
0.12,Halle,31,Lythrum salicaria,Plant
0.12,Halle,31,Malva thuringiaca,Plant
0.06,Halle,31,Origanum vulgare,Plant
0.12,Halle,31,Platycodon grandiflorus,Plant
0.04,Halle,31,Saponaria officinalis,Plant
0.36,Halle,31,Satureja montana,Plant
0.06,Halle,31,Scutellaria baicalensis,Plant
0.2,Halle,31,Tagetes,Plant
0.06,Halle,31,Tanacetum vulgare,Plant
0.04,Halle,31,Vincetoxicum hirundinaria,Plant
0.05,Halle,31,Hedychrum gerstaeckeri,Pollinator
0.6,Halle,31,Lucilia sericata,Pollinator
0.1,Halle,31,Sarcophagidae,Pollinator
0.5,Halle,31,Apis mellifera,Pollinator
0.15,Halle,31,Episyrphus balteatus,Pollinator
0.05,Halle,31,Halictus,Pollinator
0.1,Halle,31,Hylaeus,Pollinator
0.25,Halle,31,Lasioglossum morio,Pollinator
0.2,Halle,31,Pieris rapae,Pollinator
0.2,Halle,31,Bombus lapidarius,Pollinator
0.2,Halle,31,Bombus pascuorum,Pollinator
0.1,Halle,31,Coccinella septempunctata,Pollinator
0.1,Halle,31,Xylocopa violacea,Pollinator
0.15,Halle,31,Cerceris rybyensis,Pollinator
0.1,Halle,31,Halictus subauratus,Pollinator
0.05,Halle,31,Hylaeus punctatus,Pollinator
0.05,Halle,31,Megachile,Pollinator
0.1,Halle,31,Myathropa florea,Pollinator
0.05,Halle,31,Polistes dominula,Pollinator
0.05,Halle,31,Scolia hirta,Pollinator
0.05,Halle,31,Sphaerophoria scripta,Pollinator
0.1,Halle,31,Sphecodes ferruginatus,Pollinator
0.05,Halle,31,Vespa crabro,Pollinator
0.15,Halle,31,Megachile willughbiella,Pollinator
0.05,Halle,31,Anthophora furcata,Pollinator
0.05,Halle,31,Lasioglossum calceatum,Pollinator
0.05,Halle,31,Maniola jurtina,Pollinator
0.1,Halle,31,Melitta nigricans,Pollinator
0.05,Halle,31,Sarcophaga,Pollinator
0.1,Halle,31,Sphex funerarius,Pollinator
0.15,Halle,31,Anthidium manicatum,Pollinator
0.2,Halle,31,Bombus terrestris,Pollinator
0.05,Halle,31,Oxythyrea funesta,Pollinator
0.05,Halle,31,Pyrrhocoris apterus,Pollinator
0.15,Halle,31,Syritta pipiens,Pollinator
0.05,Halle,31,Chelostoma rapunculi,Pollinator
0.1,Halle,31,Halictus scabiosae,Pollinator
0.05,Halle,31,Lasioglossum leucozonium,Pollinator
0.05,Halle,31,Megachilidae,Pollinator
0.05,Halle,31,Cerceris,Pollinator
0.1,Halle,31,Bombus hypnorum,Pollinator
0.05,Halle,31,Bombus lucorum,Pollinator
0.1,Halle,31,Bombus rupestris,Pollinator
0.05,Halle,31,Diptera,Pollinator
0.05,Halle,31,Sarcophaga subvicina,Pollinator
0.05,Halle,31,Sphecodes albilabris,Pollinator
0.05,Halle,31,Vespidae,Pollinator
0.1,Halle,31,Colletes daviesanus,Pollinator
0.05,Halle,31,Philanthus triangulum,Pollinator
0.05,Halle,31,Crossocerus podagricus,Pollinator
0.047619047619047616,Halle,24,Aconitum lycoctonum,Plant
0.047619047619047616,Halle,24,Asparagus oligoclonos,Plant
0.047619047619047616,Halle,24,Astragalus alopecurus,Plant
0.23809523809523808,Halle,24,Centranthus ruber,Plant
0.19047619047619047,Halle,24,Cistus salviifolius,Plant
0.09523809523809523,Halle,24,Gratiola officinalis,Plant
0.14285714285714285,Halle,24,Helianthemum nummularium,Plant
0.14285714285714285,Halle,24,Hypericum olympicum,Plant
0.23809523809523808,Halle,24,Hypochaeris radicata,Plant
0.14285714285714285,Halle,24,Leucanthemum vulgare,Plant
0.047619047619047616,Halle,24,Oenothera odorata,Plant
0.14285714285714285,Halle,24,Phacelia congesta,Plant
0.14285714285714285,Halle,24,Prunella grandiflora,Plant
0.14285714285714285,Halle,24,Salvia officinalis,Plant
0.047619047619047616,Halle,24,Solanum dulcamara,Plant
0.047619047619047616,Halle,24,Trifolium rubens,Plant
0.0625,Halle,24,Bombus hortorum,Pollinator
0.25,Halle,24,Bombus terrestris,Pollinator
0.0625,Halle,24,Anthophora aestivalis,Pollinator
0.1875,Halle,24,Anthophora quadrimaculata,Pollinator
0.4375,Halle,24,Apis mellifera,Pollinator
0.125,Halle,24,Episyrphus balteatus,Pollinator
0.0625,Halle,24,Hoplitis adunca,Pollinator
0.1875,Halle,24,Lasioglossum,Pollinator
0.125,Halle,24,Halictus scabiosae,Pollinator
0.0625,Halle,24,Oedemera,Pollinator
0.0625,Halle,24,Xylocopa violacea,Pollinator
0.0625,Halle,24,Eupeodes corollae,Pollinator
0.1875,Halle,24,Syrphidae,Pollinator
0.0625,Halle,24,Lasioglossum villosulum,Pollinator
0.125,Halle,24,Megachile pilidens,Pollinator
0.0625,Halle,24,Anthrenus verbasci,Pollinator
0.0625,Halle,24,Colletes daviesanus,Pollinator
0.0625,Halle,24,Diptera,Pollinator
0.0625,Halle,24,Megachile ericetorum,Pollinator
0.0625,Halle,24,Osmia caerulescens,Pollinator
0.125,Halle,24,Bombus pascuorum,Pollinator
0.03333333333333333,Halle,25,Aconitum lycoctonum,Plant
0.1,Halle,25,Allium cernuum,Plant
0.1,Halle,25,Ballota nigra,Plant
0.1,Halle,25,Betonica officinalis,Plant
0.16666666666666666,Halle,25,Centranthus ruber,Plant
0.13333333333333333,Halle,25,Galega officinalis,Plant
0.2,Halle,25,Helianthemum nummularium,Plant
0.4,Halle,25,Hypericum olympicum,Plant
0.26666666666666666,Halle,25,Knautia dipsacifolia,Plant
0.2,Halle,25,Lavandula angustifolia,Plant
0.1,Halle,25,Lotus corniculatus,Plant
0.1,Halle,25,Penstemon hartwegii,Plant
0.13333333333333333,Halle,25,Salvia sclarea,Plant
0.06666666666666667,Halle,25,Solanum dulcamara,Plant
0.16666666666666666,Halle,25,Stachys byzantina,Plant
0.03333333333333333,Halle,25,Thalictrum flavum,Plant
0.0625,Halle,25,Bombus hortorum,Pollinator
0.5625,Halle,25,Apis mellifera,Pollinator
0.375,Halle,25,Episyrphus balteatus,Pollinator
0.125,Halle,25,Megachile willughbiella,Pollinator
0.375,Halle,25,Anthidium manicatum,Pollinator
0.1875,Halle,25,Megachile,Pollinator
0.1875,Halle,25,Sphaerophoria scripta,Pollinator
0.3125,Halle,25,Lasioglossum,Pollinator
0.125,Halle,25,Hymenoptera,Pollinator
0.125,Halle,25,Bombus pascuorum,Pollinator
0.0625,Halle,25,Colletes,Pollinator
0.0625,Halle,25,Andrena pilipes,Pollinator
0.1875,Halle,25,Anthophora quadrimaculata,Pollinator
0.1875,Halle,25,Bombus terrestris,Pollinator
0.1875,Halle,25,Lasioglossum pauxillum,Pollinator
0.125,Halle,25,Oedemera femorata,Pollinator
0.0625,Halle,25,Ancistrocerus nigricornis,Pollinator
0.0625,Halle,25,Andrena flavipes,Pollinator
0.0625,Halle,25,Anthaxia nitidula,Pollinator
0.0625,Halle,25,Eupeodes corollae,Pollinator
0.0625,Halle,25,Lasioglossum laticeps,Pollinator
0.125,Halle,25,Lasioglossum politum,Pollinator
0.0625,Halle,25,Andrena hattorfiana,Pollinator
0.125,Halle,25,Maniola jurtina,Pollinator
0.0625,Halle,25,Oxythyrea funesta,Pollinator
0.125,Halle,25,Megachile ericetorum,Pollinator
0.0625,Halle,25,Pieris rapae,Pollinator
0.0625,Halle,25,Megachile pilidens,Pollinator
0.0625,Halle,25,Osmia caerulescens,Pollinator
0.0625,Halle,25,Xylocopa violacea,Pollinator
0.15384615384615385,Halle,21,Aconitum lycoctonum,Plant
0.07692307692307693,Halle,21,Aubrieta pinardii,Plant
0.07692307692307693,Halle,21,Chelidonium majus,Plant
0.23076923076923078,Halle,21,Chrysojasminum fruticans,Plant
0.07692307692307693,Halle,21,Drymocallis rupestris,Plant
0.15384615384615385,Halle,21,Lamium album,Plant
0.3076923076923077,Halle,21,Lathyrus vernus,Plant
0.15384615384615385,Halle,21,Pentaglottis sempervirens,Plant
0.23076923076923078,Halle,21,Rosa foetida,Plant
0.07692307692307693,Halle,21,Silene chungtienensis,Plant
0.15384615384615385,Halle,21,Sisymbrium officinale,Plant
0.15384615384615385,Halle,21,Syringa tomentella,Plant
0.07692307692307693,Halle,21,Thymus vulgaris,Plant
0.07692307692307693,Halle,21,Lasioglossum,Pollinator
0.07692307692307693,Halle,21,Vespidae,Pollinator
0.15384615384615385,Halle,21,Bombylius major,Pollinator
0.23076923076923078,Halle,21,Osmia aurulenta,Pollinator
0.23076923076923078,Halle,21,Anthophora plumipes,Pollinator
0.07692307692307693,Halle,21,Melecta albifrons,Pollinator
0.07692307692307693,Halle,21,Osmia,Pollinator
0.3076923076923077,Halle,21,Apis mellifera,Pollinator
0.23076923076923078,Halle,21,Osmia bicornis,Pollinator
0.07692307692307693,Halle,21,Bombus hortorum,Pollinator
0.07692307692307693,Halle,21,Episyrphus balteatus,Pollinator
0.23076923076923078,Halle,21,Oxythyrea funesta,Pollinator
0.07692307692307693,Halle,21,Cetonia aurata,Pollinator
0.125,Halle,18,Aegonychon purpurocaeruleum,Plant
0.041666666666666664,Halle,18,Allium ursinum,Plant
0.16666666666666666,Halle,18,Alyssum saxatile,Plant
0.16666666666666666,Halle,18,Aubrieta deltoidea,Plant
0.16666666666666666,Halle,18,Barbarea vulgaris,Plant
0.041666666666666664,Halle,18,Cotoneaster adpressus,Plant
0.125,Halle,18,Erodium cicutarium,Plant
0.25,Halle,18,Iberis sempervirens,Plant
0.16666666666666666,Halle,18,Lamium album,Plant
0.08333333333333333,Halle,18,Lathyrus vernus,Plant
0.08333333333333333,Halle,18,Nepeta clarkei,Plant
0.041666666666666664,Halle,18,Paeonia officinalis,Plant
0.041666666666666664,Halle,18,Polygonum bistorta,Plant
0.041666666666666664,Halle,18,Primula denticulata,Plant
0.125,Halle,18,Ranunculus bulbosus,Plant
0.08333333333333333,Halle,18,Viscaria vulgaris,Plant
0.3125,Halle,18,Anthophora plumipes,Pollinator
0.5,Halle,18,Bombylius major,Pollinator
0.0625,Halle,18,Osmia bicornis,Pollinator
0.0625,Halle,18,Anthrenus scrophulariae,Pollinator
0.1875,Halle,18,Hymenoptera,Pollinator
0.125,Halle,18,Lucilia sericata,Pollinator
0.0625,Halle,18,Anthocharis cardamines,Pollinator
0.125,Halle,18,Bombylius venosus,Pollinator
0.25,Halle,18,Apis mellifera,Pollinator
0.0625,Halle,18,Osmia brevicornis,Pollinator
0.0625,Halle,18,Vespidae,Pollinator
0.0625,Halle,18,Sphecodes albilabris,Pollinator
0.0625,Halle,18,Cetonia aurata,Pollinator
0.0625,Halle,18,Syrphidae,Pollinator
0.0625,Halle,18,Tropinota hirta,Pollinator
0.0625,Halle,18,Valgus hemipterus,Pollinator
0.0625,Halle,18,Bombus pascuorum,Pollinator
0.0625,Halle,18,Osmia caerulescens,Pollinator
0.0625,Halle,18,Anthophora aestivalis,Pollinator
0.0625,Halle,18,Eucera nigrescens,Pollinator
0.0625,Halle,18,Pyrrhocoris apterus,Pollinator
0.0625,Halle,18,Malachius bipustulatus,Pollinator
0.0625,Halle,18,Osmia,Pollinator
0.0625,Halle,18,Oxythyrea funesta,Pollinator
0.05,Halle,19,Aegonychon purpurocaeruleum,Plant
0.1,Halle,19,Anthriscus sylvestris,Plant
0.1,Halle,19,Aubrieta deltoidea,Plant
0.25,Halle,19,Chelidonium majus,Plant
0.05,Halle,19,Fragaria vesca,Plant
0.15,Halle,19,Genista hispanica,Plant
0.05,Halle,19,Geum rivale,Plant
0.1,Halle,19,Iberis sempervirens,Plant
0.15,Halle,19,Lamium album,Plant
0.1,Halle,19,Lamium orvala,Plant
0.1,Halle,19,Lathyrus vernus,Plant
0.05,Halle,19,Nepeta clarkei,Plant
0.1,Halle,19,Paeonia daurica,Plant
0.4,Halle,19,Pentaglottis sempervirens,Plant
0.1,Halle,19,Ranunculus bulbosus,Plant
0.1,Halle,19,Viscaria vulgaris,Plant
0.5625,Halle,19,Anthophora plumipes,Pollinator
0.125,Halle,19,Cetonia aurata,Pollinator
0.0625,Halle,19,Valgus hemipterus,Pollinator
0.0625,Halle,19,Anthocharis cardamines,Pollinator
0.125,Halle,19,Bombylius major,Pollinator
0.25,Halle,19,Apis mellifera,Pollinator
0.125,Halle,19,Bombylius venosus,Pollinator
0.125,Halle,19,Halictus tumulorum,Pollinator
0.0625,Halle,19,Lasioglossum,Pollinator
0.125,Halle,19,Halictidae,Pollinator
0.125,Halle,19,Bombus lapidarius,Pollinator
0.0625,Halle,19,Bombus terrestris,Pollinator
0.1875,Halle,19,Osmia cornuta,Pollinator
0.0625,Halle,19,Lucilia sericata,Pollinator
0.0625,Halle,19,Osmia,Pollinator
0.0625,Halle,19,Eucera nigrescens,Pollinator
0.0625,Halle,19,Melecta albifrons,Pollinator
0.0625,Halle,19,Osmia bicornis,Pollinator
0.0625,Halle,19,Chelostoma florisomne,Pollinator
0.0625,Halle,19,Oxythyrea funesta,Pollinator
0.25,Halle,33,Allium tuberosum,Plant
0.225,Halle,33,Allium turkestanicum,Plant
0.175,Halle,33,Centranthus ruber,Plant
0.075,Halle,33,Cephalaria uralensis,Plant
0.025,Halle,33,Clematis integrifolia,Plant
0.025,Halle,33,Clematis recta,Plant
0.1,Halle,33,Cosmos sulphureus,Plant
0.025,Halle,33,Dianthus carthusianorum,Plant
0.375,Halle,33,Foeniculum vulgare,Plant
0.05,Halle,33,Helianthemum nummularium,Plant
0.025,Halle,33,Lotus corniculatus,Plant
0.075,Halle,33,Lythrum salicaria,Plant
0.15,Halle,33,Melilotus albus,Plant
0.025,Halle,33,Saponaria officinalis,Plant
0.15,Halle,33,Satureja montana,Plant
0.025,Halle,33,Solanum dulcamara,Plant
0.125,Halle,33,Succisella inflexa,Plant
0.075,Halle,33,Vincetoxicum hirundinaria,Plant
0.225,Halle,33,Zinnia elegans,Plant
0.05263157894736842,Halle,33,Ancistrocerus gazella,Pollinator
0.05263157894736842,Halle,33,Bellardia vulgaris,Pollinator
0.05263157894736842,Halle,33,Halictus,Pollinator
0.21052631578947367,Halle,33,Hylaeus,Pollinator
0.21052631578947367,Halle,33,Hylaeus communis,Pollinator
0.05263157894736842,Halle,33,Lasioglossum laticeps,Pollinator
0.6842105263157895,Halle,33,Lucilia sericata,Pollinator
0.10526315789473684,Halle,33,Myathropa florea,Pollinator
0.05263157894736842,Halle,33,Nowickia ferox,Pollinator
0.21052631578947367,Halle,33,Scolia hirta,Pollinator
0.05263157894736842,Halle,33,Bombus lucorum,Pollinator
0.2631578947368421,Halle,33,Bombus terrestris,Pollinator
0.10526315789473684,Halle,33,Bombus vestalis,Pollinator
0.05263157894736842,Halle,33,Cerceris rybyensis,Pollinator
0.2631578947368421,Halle,33,Halictus scabiosae,Pollinator
0.21052631578947367,Halle,33,Sphecodes albilabris,Pollinator
0.2631578947368421,Halle,33,Apis mellifera,Pollinator
0.15789473684210525,Halle,33,Pieris rapae,Pollinator
0.10526315789473684,Halle,33,Sarcophagidae,Pollinator
0.10526315789473684,Halle,33,Sphaerophoria scripta,Pollinator
0.05263157894736842,Halle,33,Tachina fera,Pollinator
0.10526315789473684,Halle,33,Xylocopa violacea,Pollinator
0.10526315789473684,Halle,33,Oxythyrea funesta,Pollinator
0.15789473684210525,Halle,33,Bombus lapidarius,Pollinator
0.05263157894736842,Halle,33,Megachile lagopoda,Pollinator
0.05263157894736842,Halle,33,Cheilosia,Pollinator
0.05263157894736842,Halle,33,Coccinella septempunctata,Pollinator
0.05263157894736842,Halle,33,Cylindromyia brevicornis,Pollinator
0.05263157894736842,Halle,33,Graphomya maculata,Pollinator
0.05263157894736842,Halle,33,Hedychrum,Pollinator
0.05263157894736842,Halle,33,Hymenoptera,Pollinator
0.05263157894736842,Halle,33,Miltogramma punctata,Pollinator
0.10526315789473684,Halle,33,Polistes dominula,Pollinator
0.05263157894736842,Halle,33,Sarcophaga subvicina,Pollinator
0.05263157894736842,Halle,33,Tiphia femorata,Pollinator
0.05263157894736842,Halle,33,Colletes hederae,Pollinator
0.10526315789473684,Halle,33,Bombus pascuorum,Pollinator
0.05263157894736842,Halle,33,Calliphoridae,Pollinator
0.05263157894736842,Halle,33,Lasioglossum fulvicorne,Pollinator
0.05263157894736842,Halle,33,Pieris napi,Pollinator
0.08333333333333333,Halle,34,Allium tuberosum,Plant
0.1388888888888889,Halle,34,Centranthus ruber,Plant
0.027777777777777776,Halle,34,Clematis integrifolia,Plant
0.027777777777777776,Halle,34,Clematis recta,Plant
0.05555555555555555,Halle,34,Clinopodium nepeta,Plant
0.05555555555555555,Halle,34,Cosmos sulphureus,Plant
0.05555555555555555,Halle,34,Fuchsia magellanica,Plant
0.3055555555555556,Halle,34,Hippomarathrum vulgare,Plant
0.08333333333333333,Halle,34,Lythrum salicaria,Plant
0.08333333333333333,Halle,34,Moricandia arvensis,Plant
0.05555555555555555,Halle,34,Reseda alba,Plant
0.1111111111111111,Halle,34,Reseda odorata,Plant
0.2777777777777778,Halle,34,Satureja montana,Plant
0.1388888888888889,Halle,34,Tagetes erecta,Plant
0.16666666666666666,Halle,34,Vincetoxicum hirundinaria,Plant
0.1388888888888889,Halle,34,Zinnia elegans,Plant
0.0625,Halle,34,Colletes daviesanus,Pollinator
0.5,Halle,34,Lucilia sericata,Pollinator
0.125,Halle,34,Sphecodes albilabris,Pollinator
0.125,Halle,34,Coccinella septempunctata,Pollinator
0.1875,Halle,34,Myathropa florea,Pollinator
0.125,Halle,34,Sarcophagidae,Pollinator
0.0625,Halle,34,Sphaerophoria scripta,Pollinator
0.0625,Halle,34,Lasioglossum,Pollinator
0.125,Halle,34,Anthidium oblongatum,Pollinator
0.1875,Halle,34,Cerceris,Pollinator
0.4375,Halle,34,Apis mellifera,Pollinator
0.125,Halle,34,Halictus scabiosae,Pollinator
0.125,Halle,34,Lasioglossum calceatum,Pollinator
0.0625,Halle,34,Andrena minutuloides,Pollinator
0.0625,Halle,34,Cheilosia ruffipes,Pollinator
0.0625,Halle,34,Graphomya maculata,Pollinator
0.125,Halle,34,Hylaeus punctatus,Pollinator
0.0625,Halle,34,Hymenoptera,Pollinator
0.0625,Halle,34,Miltogramma punctata,Pollinator
0.0625,Halle,34,Sarcophaga subvicina,Pollinator
0.0625,Halle,34,Tiphia femorata,Pollinator
0.0625,Halle,34,Heriades,Pollinator
0.125,Halle,34,Pieris napi,Pollinator
0.125,Halle,34,Hylaeus communis,Pollinator
0.0625,Halle,34,Lasioglossum politum,Pollinator
0.0625,Halle,34,Colletes hederae,Pollinator
0.1875,Halle,34,Bombus terrestris,Pollinator
0.0625,Halle,34,Bombus vestalis,Pollinator
0.125,Halle,34,Pieris rapae,Pollinator
0.0625,Halle,34,Scolia hirta,Pollinator
0.0625,Halle,34,Sphex funerarius,Pollinator
0.0625,Halle,34,Bombus lapidarius,Pollinator
0.0625,Halle,34,Episyrphus balteatus,Pollinator
0.0625,Halle,34,Miltogramma,Pollinator
0.0625,Halle,34,Polygonia c-album,Pollinator
0.0625,Halle,34,Xylocopa violacea,Pollinator
0.13333333333333333,Halle,15,Arabis alpina,Plant
0.06666666666666667,Halle,15,Bellis perennis,Plant
0.13333333333333333,Halle,15,Corydalis cava,Plant
0.4666666666666667,Halle,15,Iberis sempervirens,Plant
0.06666666666666667,Halle,15,Lathyrus vernus,Plant
0.13333333333333333,Halle,15,Muscari armeniacum,Plant
0.13333333333333333,Halle,15,Ornithogalum nutans,Plant
0.26666666666666666,Halle,15,Pieris japonica,Plant
0.13333333333333333,Halle,15,Primula veris,Plant
0.2,Halle,15,Primula vulgaris,Plant
0.06666666666666667,Halle,15,Pulmonaria mollis,Plant
0.06666666666666667,Halle,15,Ranunculus ficaria,Plant
0.06666666666666667,Halle,15,Scopolia carniolica,Plant
0.13333333333333333,Halle,15,Taraxacum officinale,Plant
0.6428571428571429,Halle,15,Anthophora plumipes,Pollinator
0.14285714285714285,Halle,15,Bombylius major,Pollinator
0.07142857142857142,Halle,15,Andrena flavipes,Pollinator
0.21428571428571427,Halle,15,Xylocopa violacea,Pollinator
0.07142857142857142,Halle,15,Eristalis tenax,Pollinator
0.07142857142857142,Halle,15,Eurychaeta palpalis,Pollinator
0.14285714285714285,Halle,15,Nomada lathburiana,Pollinator
0.14285714285714285,Halle,15,Osmia cornuta,Pollinator
0.07142857142857142,Halle,15,Pollenia amentaria,Pollinator
0.2857142857142857,Halle,15,Apis mellifera,Pollinator
0.07142857142857142,Halle,15,Bombus lapidarius,Pollinator
0.07142857142857142,Halle,15,Dolichovespula saxonica,Pollinator
0.07142857142857142,Halle,15,Hymenoptera,Pollinator
0.07142857142857142,Halle,15,Andrena bicolor,Pollinator
0.07142857142857142,Halle,15,Bombylius discolor,Pollinator
0.13333333333333333,Halle,17,Aubrieta olympica,Plant
0.2,Halle,17,Aubrieta parviflora,Plant
0.06666666666666667,Halle,17,Fragaria vesca,Plant
0.2,Halle,17,Geum rivale,Plant
0.13333333333333333,Halle,17,Hippocrepis emerus,Plant
0.5333333333333333,Halle,17,Iberis sempervirens,Plant
0.06666666666666667,Halle,17,Lamium album,Plant
0.13333333333333333,Halle,17,Lamium purpureum,Plant
0.13333333333333333,Halle,17,Lathyrus vernus,Plant
0.2,Halle,17,Potentilla montana,Plant
0.06666666666666667,Halle,17,Primula veris,Plant
0.26666666666666666,Halle,17,Pulmonaria mollis,Plant
0.06666666666666667,Halle,17,Ranunculus lanuginosus,Plant
0.26666666666666666,Halle,17,Taraxacum officinale,Plant
0.06666666666666667,Halle,17,Viscaria vulgaris,Plant
0.5333333333333333,Halle,17,Apis mellifera,Pollinator
0.4,Halle,17,Bombylius major,Pollinator
0.4,Halle,17,Anthophora plumipes,Pollinator
0.13333333333333333,Halle,17,Bombus pascuorum,Pollinator
0.06666666666666667,Halle,17,Osmia,Pollinator
0.06666666666666667,Halle,17,Xylocopa violacea,Pollinator
0.13333333333333333,Halle,17,Andrena minutula,Pollinator
0.13333333333333333,Halle,17,Bombus terrestris,Pollinator
0.06666666666666667,Halle,17,Cetonia aurata,Pollinator
0.06666666666666667,Halle,17,Lucilia sericata,Pollinator
0.13333333333333333,Halle,17,Osmia cornuta,Pollinator
0.13333333333333333,Halle,17,Syrphidae,Pollinator
0.13333333333333333,Halle,17,Osmia bicornis,Pollinator
0.06666666666666667,Halle,17,Syrphus vitripennis,Pollinator
0.06666666666666667,Halle,17,Bombylius discolor,Pollinator
0.07142857142857142,Halle,22,Baptisia australis,Plant
0.14285714285714285,Halle,22,Cerinthe minor,Plant
0.07142857142857142,Halle,22,Dictamnus albus,Plant
0.07142857142857142,Halle,22,Globularia trichosantha,Plant
0.10714285714285714,Halle,22,Heuchera grossulariifolia,Plant
0.07142857142857142,Halle,22,Lathyrus vernus,Plant
0.17857142857142858,Halle,22,Limnanthes douglasii,Plant
0.07142857142857142,Halle,22,Potentilla delphinensis,Plant
0.07142857142857142,Halle,22,Ranunculus caucasicus,Plant
0.07142857142857142,Halle,22,Reseda lutea,Plant
0.42857142857142855,Halle,22,Salvia officinalis,Plant
0.2857142857142857,Halle,22,Symphytum officinale,Plant
0.14285714285714285,Halle,22,Valeriana phu,Plant
0.3076923076923077,Halle,22,Anthophora plumipes,Pollinator
0.3076923076923077,Halle,22,Osmia bicornis,Pollinator
0.07692307692307693,Halle,22,Bombus hypnorum,Pollinator
0.15384615384615385,Halle,22,Bombus terrestris,Pollinator
0.15384615384615385,Halle,22,Polistes dominula,Pollinator
0.46153846153846156,Halle,22,Apis mellifera,Pollinator
0.07692307692307693,Halle,22,Megachile,Pollinator
0.15384615384615385,Halle,22,Anthophora quadrimaculata,Pollinator
0.15384615384615385,Halle,22,Halictus subauratus,Pollinator
0.38461538461538464,Halle,22,Oxythyrea funesta,Pollinator
0.07692307692307693,Halle,22,Bombus pascuorum,Pollinator
0.15384615384615385,Halle,22,Andrena,Pollinator
0.07692307692307693,Halle,22,Cetonia aurata,Pollinator
0.07692307692307693,Halle,22,Oedemera,Pollinator
0.07692307692307693,Halle,22,Chelostoma florisomne,Pollinator
0.07692307692307693,Halle,22,Anthribidae,Pollinator
0.07692307692307693,Halle,22,Hylaeus signatus,Pollinator
0.15384615384615385,Halle,22,Anthidium manicatum,Pollinator
0.07692307692307693,Halle,22,Bombylius venosus,Pollinator
0.07692307692307693,Halle,22,Eucera nigrescens,Pollinator
0.15384615384615385,Halle,22,Hymenoptera,Pollinator
0.07692307692307693,Halle,22,Lasioglossum,Pollinator
0.07692307692307693,Halle,22,Osmia caerulescens,Pollinator
0.07692307692307693,Halle,22,Pieris rapae,Pollinator
0.07692307692307693,Halle,22,Osmia,Pollinator
0.07692307692307693,Halle,22,Vespa crabro,Pollinator
0.07692307692307693,Halle,22,Xylocopa violacea,Pollinator
0.07692307692307693,Halle,22,Megachile ericetorum,Pollinator
0.16,Halle,23,Baptisia australis,Plant
0.16,Halle,23,Bupleurum aureum,Plant
0.12,Halle,23,Campanula poscharskyana,Plant
0.04,Halle,23,Centranthus ruber,Plant
0.04,Halle,23,Cerinthe minor,Plant
0.04,Halle,23,Delphinium elatum,Plant
0.04,Halle,23,Dictamnus albus,Plant
0.2,Halle,23,Digitalis purpurea,Plant
0.12,Halle,23,Genista radiata,Plant
0.04,Halle,23,Gratiola officinalis,Plant
0.04,Halle,23,Helianthemum apenninum,Plant
0.04,Halle,23,Lamium album,Plant
0.16,Halle,23,Lotus corniculatus,Plant
0.12,Halle,23,Phlomoides tuberosa,Plant
0.32,Halle,23,Salvia officinalis,Plant
0.08,Halle,23,Solanum dulcamara,Plant
0.04,Halle,23,Verbena rigida,Plant
0.23529411764705882,Halle,23,Anthophora quadrimaculata,Pollinator
0.17647058823529413,Halle,23,Bombus lapidarius,Pollinator
0.17647058823529413,Halle,23,Bombus pascuorum,Pollinator
0.11764705882352941,Halle,23,Megachile ericetorum,Pollinator
0.058823529411764705,Halle,23,Anthrenus verbasci,Pollinator
0.058823529411764705,Halle,23,Curculionidae,Pollinator
0.058823529411764705,Halle,23,Hymenoptera,Pollinator
0.058823529411764705,Halle,23,Syrphidae,Pollinator
0.17647058823529413,Halle,23,Apis mellifera,Pollinator
0.058823529411764705,Halle,23,Bombus pratorum,Pollinator
0.058823529411764705,Halle,23,Oedemera lurida,Pollinator
0.17647058823529413,Halle,23,Bombus terrestris,Pollinator
0.17647058823529413,Halle,23,Anthidium manicatum,Pollinator
0.058823529411764705,Halle,23,Bombus hortorum,Pollinator
0.058823529411764705,Halle,23,Bombus hypnorum,Pollinator
0.058823529411764705,Halle,23,Lasioglossum,Pollinator
0.058823529411764705,Halle,23,Oxythyrea funesta,Pollinator
0.11764705882352941,Halle,23,Coelioxys rufescens,Pollinator
0.11764705882352941,Halle,23,Osmia aurulenta,Pollinator
0.058823529411764705,Halle,23,Halictus subauratus,Pollinator
0.11764705882352941,Halle,23,Anthophora plumipes,Pollinator
0.058823529411764705,Halle,23,Andrena,Pollinator
0.11764705882352941,Halle,23,Osmia caerulescens,Pollinator
0.11764705882352941,Halle,23,Xylocopa violacea,Pollinator
0.058823529411764705,Halle,23,Anthophora aestivalis,Pollinator
0.15,Halle,20,Chelidonium majus,Plant
0.05,Halle,20,Crambe maritima,Plant
0.05,Halle,20,Drymocallis rupestris,Plant
0.25,Halle,20,Erysimum pulchellum,Plant
0.1,Halle,20,Fragaria vesca,Plant
0.05,Halle,20,Genista hispanica,Plant
0.15,Halle,20,Geum rivale,Plant
0.05,Halle,20,Hippocrepis emerus,Plant
0.1,Halle,20,Lamium album,Plant
0.2,Halle,20,Lathyrus vernus,Plant
0.05,Halle,20,Muscari comosum,Plant
0.05,Halle,20,Ranunculus bulbosus,Plant
0.15,Halle,20,Rhododendron smirnowii,Plant
0.15,Halle,20,Wisteria sinensis,Plant
0.35714285714285715,Halle,20,Apis mellifera,Pollinator
0.14285714285714285,Halle,20,Bombylius major,Pollinator
0.14285714285714285,Halle,20,Lasioglossum politum,Pollinator
0.14285714285714285,Halle,20,Osmia bicornis,Pollinator
0.07142857142857142,Halle,20,Amara,Pollinator
0.07142857142857142,Halle,20,Nomada bifasciata,Pollinator
0.07142857142857142,Halle,20,Osmia bicolor,Pollinator
0.07142857142857142,Halle,20,Osmia brevicornis,Pollinator
0.07142857142857142,Halle,20,Pieris rapae,Pollinator
0.07142857142857142,Halle,20,Cheilosia,Pollinator
0.14285714285714285,Halle,20,Bombus terrestris,Pollinator
0.07142857142857142,Halle,20,Anthocharis cardamines,Pollinator
0.21428571428571427,Halle,20,Anthophora plumipes,Pollinator
0.14285714285714285,Halle,20,Bombus pascuorum,Pollinator
0.07142857142857142,Halle,20,Lasioglossum,Pollinator
0.07142857142857142,Halle,20,Eucera nigrescens,Pollinator
0.07142857142857142,Halle,20,Osmia cornuta,Pollinator
0.07142857142857142,Halle,20,Cetonia aurata,Pollinator
0.07142857142857142,Halle,20,Megachilidae,Pollinator
0.07142857142857142,Halle,20,Xylocopa violacea,Pollinator
0.2,Halle,13,Corydalis cava,Plant
0.2,Halle,13,Muscari botryoides,Plant
0.2,Halle,13,Pulmonaria mollis,Plant
0.4,Halle,13,Puschkinia scilloides,Plant
1,Halle,13,Viola odorata,Plant
0.6,Halle,13,Anthophora plumipes,Pollinator
0.6,Halle,13,Osmia cornuta,Pollinator
0.4,Halle,13,Apis mellifera,Pollinator
0.2,Halle,13,Andrena minutula,Pollinator
0.2,Halle,13,Pollenia vagabunda,Pollinator
0.09090909090909091,Halle,14,Corydalis cava,Plant
0.6363636363636364,Halle,14,Iberis sempervirens,Plant
0.09090909090909091,Halle,14,Ipheion uniflorum,Plant
0.09090909090909091,Halle,14,Lathyrus vernus,Plant
0.18181818181818182,Halle,14,Magnolia stellata,Plant
0.18181818181818182,Halle,14,Muscari armeniacum,Plant
0.09090909090909091,Halle,14,Narcissus pseudonarcissus,Plant
0.18181818181818182,Halle,14,Pieris japonica,Plant
0.18181818181818182,Halle,14,Potentilla sterilis,Plant
0.45454545454545453,Halle,14,Primula vulgaris,Plant
0.18181818181818182,Halle,14,Pulmonaria mollis,Plant
0.36363636363636365,Halle,14,Puschkinia scilloides,Plant
0.2727272727272727,Halle,14,Viola odorata,Plant
0.5384615384615384,Halle,14,Anthophora plumipes,Pollinator
0.15384615384615385,Halle,14,Aglais io,Pollinator
0.07692307692307693,Halle,14,Aglais urticae,Pollinator
0.07692307692307693,Halle,14,Andrena bicolor,Pollinator
0.23076923076923078,Halle,14,Andrena flavipes,Pollinator
0.38461538461538464,Halle,14,Andrena strohmella,Pollinator
0.3076923076923077,Halle,14,Apis mellifera,Pollinator
0.5384615384615384,Halle,14,Osmia cornuta,Pollinator
0.07692307692307693,Halle,14,Bombus lapidarius,Pollinator
0.07692307692307693,Halle,14,Xylocopa violacea,Pollinator
0.07692307692307693,Halle,14,Bombylius discolor,Pollinator
0.047619047619047616,Halle,16,Fragaria vesca,Plant
0.19047619047619047,Halle,16,Geum ternatum,Plant
0.3333333333333333,Halle,16,Iberis sempervirens,Plant
0.19047619047619047,Halle,16,Lathyrus vernus,Plant
0.19047619047619047,Halle,16,Malcolmia maritima,Plant
0.09523809523809523,Halle,16,Ornithogalum nutans,Plant
0.09523809523809523,Halle,16,Oxalis acetosella,Plant
0.23809523809523808,Halle,16,Pieris japonica,Plant
0.047619047619047616,Halle,16,Primula veris,Plant
0.14285714285714285,Halle,16,Prunus tenella,Plant
0.23809523809523808,Halle,16,Taraxacum officinale,Plant
0.09523809523809523,Halle,16,Tulipa sylvestris,Plant
0.09523809523809523,Halle,16,Viscaria vulgaris,Plant
0.6153846153846154,Halle,16,Bombylius major,Pollinator
0.07692307692307693,Halle,16,Lasioglossum laticeps,Pollinator
0.07692307692307693,Halle,16,Lucilia sericata,Pollinator
0.07692307692307693,Halle,16,Nomada flavoguttata,Pollinator
0.07692307692307693,Halle,16,Andrena,Pollinator
0.5384615384615384,Halle,16,Anthophora plumipes,Pollinator
0.38461538461538464,Halle,16,Apis mellifera,Pollinator
0.15384615384615385,Halle,16,Cetonia aurata,Pollinator
0.07692307692307693,Halle,16,Eristalinus aeneus,Pollinator
0.07692307692307693,Halle,16,Pieris,Pollinator
0.15384615384615385,Halle,16,Osmia cornuta,Pollinator
0.07692307692307693,Halle,16,Anthocharis cardamines,Pollinator
0.07692307692307693,Halle,16,Lasioglossum nitidiusculum,Pollinator
0.15384615384615385,Halle,16,Bombus terrestris,Pollinator
0.07692307692307693,Halle,16,Oxythyrea funesta,Pollinator
0.07692307692307693,Halle,16,Xylocopa violacea,Pollinator
0.07692307692307693,Halle,16,Bombylius discolor,Pollinator
0.15384615384615385,Halle,16,Osmia bicornis,Pollinator
0.07692307692307693,Halle,16,Aglais io,Pollinator
0.07692307692307693,Halle,16,Halictus rubicundus,Pollinator
0.07692307692307693,Halle,16,Lasioglossum,Pollinator
0.2777777777777778,Jena,27,Acantholimon ulicinum,Plant
0.2777777777777778,Jena,27,Achillea filipendulina,Plant
0.16666666666666666,Jena,27,Achillea millefolium,Plant
0.05555555555555555,Jena,27,Betonica officinalis,Plant
0.1111111111111111,Jena,27,Campanula alliariifolia,Plant
0.08333333333333333,Jena,27,Campanula lactiflora,Plant
0.08333333333333333,Jena,27,Centaurea stoebe,Plant
0.05555555555555555,Jena,27,Chamaecytisus hirsutus,Plant
0.1388888888888889,Jena,27,Coronilla varia,Plant
0.1388888888888889,Jena,27,Erigeron annuus,Plant
0.19444444444444445,Jena,27,Galega officinalis,Plant
0.05555555555555555,Jena,27,Genista tinctoria,Plant
0.05555555555555555,Jena,27,Hypericum hookerianum,Plant
0.08333333333333333,Jena,27,Hypericum perforatum,Plant
0.2777777777777778,Jena,27,Lavandula angustifolia,Plant
0.027777777777777776,Jena,27,Lotus maritimus,Plant
0.16666666666666666,Jena,27,Medicago sativa,Plant
0.05555555555555555,Jena,27,Trifolium pratense,Plant
0.1111111111111111,Jena,27,Anthophora quadrimaculata,Pollinator
0.2222222222222222,Jena,27,Apis mellifera,Pollinator
0.3888888888888889,Jena,27,Bombus pascuorum,Pollinator
0.4444444444444444,Jena,27,Episyrphus balteatus,Pollinator
0.3333333333333333,Jena,27,Eupeodes corollae,Pollinator
0.1111111111111111,Jena,27,Lasioglossum calceatum,Pollinator
0.05555555555555555,Jena,27,Megachilidae,Pollinator
0.05555555555555555,Jena,27,Oedemera lurida,Pollinator
0.05555555555555555,Jena,27,Scaeva pyrastri,Pollinator
0.16666666666666666,Jena,27,Sphaerophoria scripta,Pollinator
0.2222222222222222,Jena,27,Andrena flavipes,Pollinator
0.16666666666666666,Jena,27,Coccinella septempunctata,Pollinator
0.05555555555555555,Jena,27,Colletes daviesanus,Pollinator
0.05555555555555555,Jena,27,Halictus subauratus,Pollinator
0.05555555555555555,Jena,27,Harmonia axyridis,Pollinator
0.05555555555555555,Jena,27,Hylaeus nigritus,Pollinator
0.05555555555555555,Jena,27,Lasioglossum pauxillum,Pollinator
0.16666666666666666,Jena,27,Megachile maritima,Pollinator
0.1111111111111111,Jena,27,Oxythyrea funesta,Pollinator
0.05555555555555555,Jena,27,Andrena gelriae,Pollinator
0.05555555555555555,Jena,27,Hylaeus,Pollinator
0.05555555555555555,Jena,27,Trichodes apiarius,Pollinator
0.05555555555555555,Jena,27,Anthidium manicatum,Pollinator
0.3333333333333333,Jena,27,Bombus lapidarius,Pollinator
0.2222222222222222,Jena,27,Megachile willughbiella,Pollinator
0.05555555555555555,Jena,27,Xylocopa violacea,Pollinator
0.05555555555555555,Jena,27,Chelostoma rapunculi,Pollinator
0.1111111111111111,Jena,27,Bombus hortorum,Pollinator
0.2222222222222222,Jena,27,Bombus terrestris,Pollinator
0.05555555555555555,Jena,27,Heriades truncorum,Pollinator
0.05555555555555555,Jena,27,Megachile centuncularis,Pollinator
0.16666666666666666,Jena,27,Pieris rapae,Pollinator
0.05555555555555555,Jena,27,Bombus pratorum,Pollinator
0.05555555555555555,Jena,27,Halictus tumulorum,Pollinator
0.05555555555555555,Jena,27,Issoria lathonia,Pollinator
0.05555555555555555,Jena,27,Thyreus orbatus,Pollinator
0.02127659574468085,Jena,29,Acantholimon ulicinum,Plant
0.0851063829787234,Jena,29,Achillea filipendulina,Plant
0.1702127659574468,Jena,29,Achillea millefolium,Plant
0.0851063829787234,Jena,29,Betonica officinalis,Plant
0.0851063829787234,Jena,29,Campanula,Plant
0.06382978723404255,Jena,29,Campanula alliariifolia,Plant
0.1276595744680851,Jena,29,Centaurea subtilis,Plant
0.0851063829787234,Jena,29,Coronilla varia,Plant
0.02127659574468085,Jena,29,Desmodium canadense,Plant
0.10638297872340426,Jena,29,Eriocapitella hupehensis,Plant
0.0425531914893617,Jena,29,Galega officinalis,Plant
0.02127659574468085,Jena,29,Helichrysum arenarium,Plant
0.10638297872340426,Jena,29,Jacobaea erucifolia,Plant
0.3617021276595745,Jena,29,Lavandula angustifolia,Plant
0.10638297872340426,Jena,29,Lomelosia albocincta,Plant
0.1702127659574468,Jena,29,Origanum vulgare,Plant
0.02127659574468085,Jena,29,Trifolium pratense,Plant
0.29411764705882354,Jena,29,Bombus pascuorum,Pollinator
0.11764705882352941,Jena,29,Bombus hypnorum,Pollinator
0.17647058823529413,Jena,29,Colletes daviesanus,Pollinator
0.058823529411764705,Jena,29,Hylaeus sinuatus,Pollinator
0.058823529411764705,Jena,29,Phasia pusilla,Pollinator
0.058823529411764705,Jena,29,Bruchidae,Pollinator
0.11764705882352941,Jena,29,Gymnomerus laevipes,Pollinator
0.058823529411764705,Jena,29,Lasioglossum interruptum,Pollinator
0.11764705882352941,Jena,29,Lucilia sericata,Pollinator
0.058823529411764705,Jena,29,Mordellidae,Pollinator
0.29411764705882354,Jena,29,Sphaerophoria scripta,Pollinator
0.058823529411764705,Jena,29,Trichodes apiarius,Pollinator
0.11764705882352941,Jena,29,Anthidium manicatum,Pollinator
0.11764705882352941,Jena,29,Episyrphus balteatus,Pollinator
0.23529411764705882,Jena,29,Bombus lapidarius,Pollinator
0.058823529411764705,Jena,29,Chelostoma rapunculi,Pollinator
0.4117647058823529,Jena,29,Apis mellifera,Pollinator
0.058823529411764705,Jena,29,Bombus soroeensis,Pollinator
0.29411764705882354,Jena,29,Bombus terrestris,Pollinator
0.058823529411764705,Jena,29,Halictus scabiosae,Pollinator
0.11764705882352941,Jena,29,Heriades truncorum,Pollinator
0.058823529411764705,Jena,29,Oedemera lurida,Pollinator
0.058823529411764705,Jena,29,Megachile lagopoda,Pollinator
0.058823529411764705,Jena,29,Aglais io,Pollinator
0.058823529411764705,Jena,29,Eristalis pertinax,Pollinator
0.058823529411764705,Jena,29,Hylaeus punctatus,Pollinator
0.058823529411764705,Jena,29,Megachilidae,Pollinator
0.058823529411764705,Jena,29,Syrphidae,Pollinator
0.058823529411764705,Jena,29,Halictus subauratus,Pollinator
0.058823529411764705,Jena,29,Nomada zonata,Pollinator
0.058823529411764705,Jena,29,Stelis punctulatissima,Pollinator
0.058823529411764705,Jena,29,Anthophora quadrimaculata,Pollinator
0.058823529411764705,Jena,29,Argynnis paphia,Pollinator
0.058823529411764705,Jena,29,Autographa gamma,Pollinator
0.058823529411764705,Jena,29,Bombus lucorum,Pollinator
0.11764705882352941,Jena,29,Bombus pratorum,Pollinator
0.11764705882352941,Jena,29,Bombus vestalis,Pollinator
0.058823529411764705,Jena,29,Maniola jurtina,Pollinator
0.058823529411764705,Jena,29,Megachile ericetorum,Pollinator
0.058823529411764705,Jena,29,Myathropa florea,Pollinator
0.11764705882352941,Jena,29,Pieris napi,Pollinator
0.058823529411764705,Jena,29,Polyommatus icarus,Pollinator
0.058823529411764705,Jena,29,Sicus ferrugineus,Pollinator
0.058823529411764705,Jena,29,Eristalis tenax,Pollinator
0.058823529411764705,Jena,29,Lasioglossum morio,Pollinator
0.058823529411764705,Jena,29,Volucella inanis,Pollinator
0.058823529411764705,Jena,29,Volucella zonaria,Pollinator
0.10526315789473684,Jena,28,Achillea filipendulina,Plant
0.2894736842105263,Jena,28,Achillea millefolium,Plant
0.15789473684210525,Jena,28,Betonica officinalis,Plant
0.10526315789473684,Jena,28,Coronilla varia,Plant
0.05263157894736842,Jena,28,Dracocephalum rupestre,Plant
0.13157894736842105,Jena,28,Eriocapitella hupehensis,Plant
0.10526315789473684,Jena,28,Galega officinalis,Plant
0.02631578947368421,Jena,28,Hypericum hookerianum,Plant
0.07894736842105263,Jena,28,Hypericum perforatum,Plant
0.05263157894736842,Jena,28,Lathyrus pratensis,Plant
0.2631578947368421,Jena,28,Lavandula angustifolia,Plant
0.02631578947368421,Jena,28,Lysimachia vulgaris,Plant
0.05263157894736842,Jena,28,Malva thuringiaca,Plant
0.10526315789473684,Jena,28,Origanum vulgare,Plant
0.05263157894736842,Jena,28,Rudbeckia fulgida,Plant
0.07894736842105263,Jena,28,Teucrium canadense,Plant
0.07894736842105263,Jena,28,Teucrium chamaedrys,Plant
0.07894736842105263,Jena,28,Trifolium pratense,Plant
0.02631578947368421,Jena,28,Vincetoxicum hirundinaria,Plant
0.05263157894736842,Jena,28,Colletes daviesanus,Pollinator
0.15789473684210525,Jena,28,Halictus subauratus,Pollinator
0.10526315789473684,Jena,28,Hylaeus nigritus,Pollinator
0.05263157894736842,Jena,28,Megachilidae,Pollinator
0.5263157894736842,Jena,28,Apis mellifera,Pollinator
0.3157894736842105,Jena,28,Episyrphus balteatus,Pollinator
0.10526315789473684,Jena,28,Eupeodes corollae,Pollinator
0.10526315789473684,Jena,28,Halictus scabiosae,Pollinator
0.05263157894736842,Jena,28,Heriades truncorum,Pollinator
0.05263157894736842,Jena,28,Lasioglossum,Pollinator
0.10526315789473684,Jena,28,Lucilia sericata,Pollinator
0.05263157894736842,Jena,28,Phasia pusilla,Pollinator
0.15789473684210525,Jena,28,Sphaerophoria scripta,Pollinator
0.10526315789473684,Jena,28,Anthidium manicatum,Pollinator
0.05263157894736842,Jena,28,Bombus terrestris,Pollinator
0.05263157894736842,Jena,28,Hymenoptera,Pollinator
0.10526315789473684,Jena,28,Pieris rapae,Pollinator
0.05263157894736842,Jena,28,Volucella pellucens,Pollinator
0.15789473684210525,Jena,28,Bombus pascuorum,Pollinator
0.21052631578947367,Jena,28,Bombus vestalis,Pollinator
0.10526315789473684,Jena,28,Aglais io,Pollinator
0.10526315789473684,Jena,28,Bombus lapidarius,Pollinator
0.05263157894736842,Jena,28,Volucella zonaria,Pollinator
0.05263157894736842,Jena,28,Megachile alpicola,Pollinator
0.05263157894736842,Jena,28,Megachile rotundata,Pollinator
0.10526315789473684,Jena,28,Megachile willughbiella,Pollinator
0.05263157894736842,Jena,28,Aricia agestis,Pollinator
0.05263157894736842,Jena,28,Bombus hypnorum,Pollinator
0.05263157894736842,Jena,28,Bombus lucorum,Pollinator
0.05263157894736842,Jena,28,Bombus pratorum,Pollinator
0.05263157894736842,Jena,28,Bombus soroeensis,Pollinator
0.05263157894736842,Jena,28,Macropis fulvipes,Pollinator
0.05263157894736842,Jena,28,Gasteruption,Pollinator
0.10526315789473684,Jena,28,Bombus hortorum,Pollinator
0.05263157894736842,Jena,28,Sicus ferrugineus,Pollinator
0.05263157894736842,Jena,28,Polyommatus icarus,Pollinator
0.05263157894736842,Jena,28,Macroglossum stellatarum,Pollinator
0.05263157894736842,Jena,28,Entomophaga nigrohalterata,Pollinator
0.3225806451612903,Jena,26,Achillea millefolium,Plant
0.0967741935483871,Jena,26,Campanula,Plant
0.0967741935483871,Jena,26,Campanula lactiflora,Plant
0.12903225806451613,Jena,26,Campanula rapunculoides,Plant
0.1935483870967742,Jena,26,Centaurea scabiosa,Plant
0.06451612903225806,Jena,26,Chamaecytisus austriacus,Plant
0.25806451612903225,Jena,26,Coronilla varia,Plant
0.1935483870967742,Jena,26,Galega officinalis,Plant
0.12903225806451613,Jena,26,Genista tinctoria,Plant
0.16129032258064516,Jena,26,Hypericum perforatum,Plant
0.25806451612903225,Jena,26,Inula salicina,Plant
0.0967741935483871,Jena,26,Lavandula angustifolia,Plant
0.22580645161290322,Jena,26,Leucanthemum vulgare,Plant
0.03225806451612903,Jena,26,Lysimachia vulgaris,Plant
0.3548387096774194,Jena,26,Pentanema helenioides,Plant
0.22580645161290322,Jena,26,Spartium junceum,Plant
0.0967741935483871,Jena,26,Trifolium pratense,Plant
0.4117647058823529,Jena,26,Apis mellifera,Pollinator
0.7058823529411765,Jena,26,Episyrphus balteatus,Pollinator
0.5882352941176471,Jena,26,Eupeodes corollae,Pollinator
0.17647058823529413,Jena,26,Heriades truncorum,Pollinator
0.11764705882352941,Jena,26,Lucilia sericata,Pollinator
0.11764705882352941,Jena,26,Megachilidae,Pollinator
0.058823529411764705,Jena,26,Pieris rapae,Pollinator
0.058823529411764705,Jena,26,Polistes dominula,Pollinator
0.11764705882352941,Jena,26,Sphaerophoria scripta,Pollinator
0.47058823529411764,Jena,26,Syrphus vitripennis,Pollinator
0.4117647058823529,Jena,26,Bombus lapidarius,Pollinator
0.058823529411764705,Jena,26,Chelostoma rapunculi,Pollinator
0.29411764705882354,Jena,26,Lasioglossum morio,Pollinator
0.23529411764705882,Jena,26,Andrena flavipes,Pollinator
0.058823529411764705,Jena,26,Bombus hypnorum,Pollinator
0.17647058823529413,Jena,26,Megachile lagopoda,Pollinator
0.11764705882352941,Jena,26,Bombus terrestris,Pollinator
0.058823529411764705,Jena,26,Anthidium manicatum,Pollinator
0.17647058823529413,Jena,26,Bombus pascuorum,Pollinator
0.23529411764705882,Jena,26,Vespula germanica,Pollinator
0.058823529411764705,Jena,26,Megachile ericetorum,Pollinator
0.058823529411764705,Jena,26,Megachile rotundata,Pollinator
0.058823529411764705,Jena,26,Megachile willughbiella,Pollinator
0.11764705882352941,Jena,26,Lasioglossum pauxillum,Pollinator
0.058823529411764705,Jena,26,Scaeva pyrastri,Pollinator
0.058823529411764705,Jena,26,Macropis fulvipes,Pollinator
0.058823529411764705,Jena,26,Halictus,Pollinator
0.058823529411764705,Jena,26,Halictus subauratus,Pollinator
0.058823529411764705,Jena,26,Hylaeus,Pollinator
0.058823529411764705,Jena,26,Osmia brevicornis,Pollinator
0.058823529411764705,Jena,26,Xylocopa violacea,Pollinator
0.1,Jena,24,Achillea millefolium,Plant
0.15,Jena,24,Anthyllis vulneraria,Plant
0.1,Jena,24,Baptisia australis,Plant
0.1,Jena,24,Campanula persicifolia,Plant
0.05,Jena,24,Campanula rotundifolia,Plant
0.1,Jena,24,Coronilla orientalis,Plant
0.1,Jena,24,Dictamnus albus,Plant
0.15,Jena,24,Geranium sanguineum,Plant
0.1,Jena,24,Hypericum olympicum,Plant
0.05,Jena,24,Leucanthemum vulgare,Plant
0.15,Jena,24,Linum perenne,Plant
0.05,Jena,24,Papaver,Plant
0.1,Jena,24,Papaver somniferum,Plant
0.2,Jena,24,Phacelia tanacetifolia,Plant
0.05,Jena,24,Salvia pratensis,Plant
0.05,Jena,24,Scutellaria altissima,Plant
0.15,Jena,24,Scutellaria cordifolia,Plant
0.2,Jena,24,Trifolium,Plant
0.05,Jena,24,Trifolium rubens,Plant
0.10526315789473684,Jena,24,Colletes daviesanus,Pollinator
0.15789473684210525,Jena,24,Hymenoptera,Pollinator
0.05263157894736842,Jena,24,Andrena gelriae,Pollinator
0.2631578947368421,Jena,24,Bombus pascuorum,Pollinator
0.2631578947368421,Jena,24,Bombus terrestris,Pollinator
0.10526315789473684,Jena,24,Megachile ericetorum,Pollinator
0.05263157894736842,Jena,24,Xylocopa violacea,Pollinator
0.2631578947368421,Jena,24,Apis mellifera,Pollinator
0.05263157894736842,Jena,24,Arthropoda,Pollinator
0.05263157894736842,Jena,24,Megachile pilidens,Pollinator
0.05263157894736842,Jena,24,Megachile circumcincta,Pollinator
0.10526315789473684,Jena,24,Chelostoma rapunculi,Pollinator
0.05263157894736842,Jena,24,Hemipenthes maura,Pollinator
0.05263157894736842,Jena,24,Megachile willughbiella,Pollinator
0.10526315789473684,Jena,24,Anthophora quadrimaculata,Pollinator
0.05263157894736842,Jena,24,Sphaerophoria scripta,Pollinator
0.15789473684210525,Jena,24,Bombus hortorum,Pollinator
0.05263157894736842,Jena,24,Bombus hypnorum,Pollinator
0.05263157894736842,Jena,24,Eucera nigrescens,Pollinator
0.05263157894736842,Jena,24,Polyommatus icarus,Pollinator
0.3157894736842105,Jena,31,Achillea millefolium,Plant
0.15789473684210525,Jena,31,Agapanthus africanus,Plant
0.05263157894736842,Jena,31,Cichorium intybus,Plant
0.05263157894736842,Jena,31,Coronilla varia,Plant
0.10526315789473684,Jena,31,Erigeron annuus,Plant
0.21052631578947367,Jena,31,Eriocapitella hupehensis,Plant
0.15789473684210525,Jena,31,Eutrochium maculatum,Plant
0.05263157894736842,Jena,31,Galega officinalis,Plant
0.05263157894736842,Jena,31,Heracleum sphondylium,Plant
0.10526315789473684,Jena,31,Hieracium,Plant
0.3684210526315789,Jena,31,Lavandula angustifolia,Plant
0.21052631578947367,Jena,31,Origanum vulgare,Plant
0.10526315789473684,Jena,31,Phlox paniculata,Plant
0.10526315789473684,Jena,31,Scabiosa canescens,Plant
0.15789473684210525,Jena,31,Solidago flexicaulis,Plant
0.06666666666666667,Jena,31,Colletes daviesanus,Pollinator
0.06666666666666667,Jena,31,Eurychaeta palpalis,Pollinator
0.26666666666666666,Jena,31,Hylaeus communis,Pollinator
0.3333333333333333,Jena,31,Lucilia sericata,Pollinator
0.06666666666666667,Jena,31,Pseudocoenosia,Pollinator
0.3333333333333333,Jena,31,Sphaerophoria scripta,Pollinator
0.2,Jena,31,Bombus lapidarius,Pollinator
0.4666666666666667,Jena,31,Apis mellifera,Pollinator
0.2,Jena,31,Bombus pascuorum,Pollinator
0.2,Jena,31,Bombus terrestris,Pollinator
0.06666666666666667,Jena,31,Volucella zonaria,Pollinator
0.06666666666666667,Jena,31,Maniola jurtina,Pollinator
0.06666666666666667,Jena,31,Hebia flavipes,Pollinator
0.06666666666666667,Jena,31,Bombus lucorum,Pollinator
0.06666666666666667,Jena,31,Pieris rapae,Pollinator
0.06666666666666667,Jena,31,Polyommatus icarus,Pollinator
0.06666666666666667,Jena,31,Lasioglossum morio,Pollinator
0.06666666666666667,Jena,31,Pieris brassicae,Pollinator
0.06666666666666667,Jena,31,Macroglossum stellatarum,Pollinator
0.0625,Jena,32,Achillea millefolium,Plant
0.0625,Jena,32,Buddleja davidii,Plant
0.1875,Jena,32,Daucus carota,Plant
0.125,Jena,32,Eriocapitella hupehensis,Plant
0.0625,Jena,32,Fuchsia magellanica,Plant
0.09375,Jena,32,Galega officinalis,Plant
0.21875,Jena,32,Knautia arvensis,Plant
0.15625,Jena,32,Lactuca plumieri,Plant
0.1875,Jena,32,Lavandula angustifolia,Plant
0.15625,Jena,32,Limonium gmelini,Plant
0.125,Jena,32,Linum perenne,Plant
0.03125,Jena,32,Medicago sativa,Plant
0.1875,Jena,32,Origanum vulgare,Plant
0.09375,Jena,32,Satureja parnassica,Plant
0.03125,Jena,32,Solidago flexicaulis,Plant
0.1875,Jena,32,Tilia henryana,Plant
0.15625,Jena,32,Tripleurospermum maritimum,Plant
0.11764705882352941,Jena,32,Halictus tumulorum,Pollinator
0.35294117647058826,Jena,32,Lucilia sericata,Pollinator
0.17647058823529413,Jena,32,Pieris rapae,Pollinator
0.23529411764705882,Jena,32,Volucella zonaria,Pollinator
0.058823529411764705,Jena,32,Anthidium manicatum,Pollinator
0.058823529411764705,Jena,32,Cheilosia ruffipes,Pollinator
0.058823529411764705,Jena,32,Diptera,Pollinator
0.11764705882352941,Jena,32,Hylaeus punctatus,Pollinator
0.058823529411764705,Jena,32,Scaeva pyrastri,Pollinator
0.47058823529411764,Jena,32,Apis mellifera,Pollinator
0.058823529411764705,Jena,32,Dasysyrphus albostriatus,Pollinator
0.11764705882352941,Jena,32,Myathropa florea,Pollinator
0.35294117647058826,Jena,32,Bombus pascuorum,Pollinator
0.058823529411764705,Jena,32,Episyrphus balteatus,Pollinator
0.058823529411764705,Jena,32,Cerceris quadricincta,Pollinator
0.35294117647058826,Jena,32,Sphaerophoria scripta,Pollinator
0.058823529411764705,Jena,32,Bombus lapidarius,Pollinator
0.29411764705882354,Jena,32,Bombus terrestris,Pollinator
0.11764705882352941,Jena,32,Maniola jurtina,Pollinator
0.058823529411764705,Jena,32,Pieris brassicae,Pollinator
0.058823529411764705,Jena,32,Bombus lucorum,Pollinator
0.058823529411764705,Jena,32,Bombus pratorum,Pollinator
0.058823529411764705,Jena,32,Carpocoris fuscispinus,Pollinator
0.058823529411764705,Jena,32,Hylaeus,Pollinator
0.058823529411764705,Jena,32,Lasioglossum,Pollinator
0.058823529411764705,Jena,32,Megachilidae,Pollinator
0.11764705882352941,Jena,32,Cylindromyia brevicornis,Pollinator
0.058823529411764705,Jena,32,Eristalis tenax,Pollinator
0.058823529411764705,Jena,32,Sphex funerarius,Pollinator
0.058823529411764705,Jena,32,Vespa crabro,Pollinator
0.058823529411764705,Jena,32,Colletes daviesanus,Pollinator
0.058823529411764705,Jena,32,Phasia barbifrons,Pollinator
0.05263157894736842,Jena,20,Alkanna orientalis,Plant
0.10526315789473684,Jena,20,Allium ursinum,Plant
0.10526315789473684,Jena,20,Asphodelus albus,Plant
0.10526315789473684,Jena,20,Cerastium arvense,Plant
0.05263157894736842,Jena,20,Chelidonium majus,Plant
0.3157894736842105,Jena,20,Cytisophyllum sessilifolium,Plant
0.05263157894736842,Jena,20,Geranium sanguineum,Plant
0.05263157894736842,Jena,20,Geum rivale,Plant
0.05263157894736842,Jena,20,Globularia cordifolia,Plant
0.10526315789473684,Jena,20,Iberis sempervirens,Plant
0.05263157894736842,Jena,20,Lamium album,Plant
0.10526315789473684,Jena,20,Lathyrus aureus,Plant
0.15789473684210525,Jena,20,Lonicera floribunda,Plant
0.05263157894736842,Jena,20,Paeonia delavayi,Plant
0.10526315789473684,Jena,20,Philadelphus pekinensis,Plant
0.05263157894736842,Jena,20,Ranunculus,Plant
0.21052631578947367,Jena,20,Spiraea chamaedryfolia,Plant
0.05263157894736842,Jena,20,Vicia sepium,Plant
0.05263157894736842,Jena,20,Viscaria vulgaris,Plant
0.42105263157894735,Jena,20,Anthophora plumipes,Pollinator
0.05263157894736842,Jena,20,Minettia longipennis,Pollinator
0.05263157894736842,Jena,20,Sphaerophoria rueppellii,Pollinator
0.2631578947368421,Jena,20,Apis mellifera,Pollinator
0.05263157894736842,Jena,20,Paragus constrictus,Pollinator
0.05263157894736842,Jena,20,Sarcophaga incisilobata,Pollinator
0.05263157894736842,Jena,20,Bombus lapidarius,Pollinator
0.21052631578947367,Jena,20,Bombus terrestris,Pollinator
0.05263157894736842,Jena,20,Lasioglossum pallens,Pollinator
0.05263157894736842,Jena,20,Xylocopa violacea,Pollinator
0.05263157894736842,Jena,20,Bombylius major,Pollinator
0.10526315789473684,Jena,20,Bombus pratorum,Pollinator
0.05263157894736842,Jena,20,Lucilia sericata,Pollinator
0.05263157894736842,Jena,20,Osmia bicornis,Pollinator
0.10526315789473684,Jena,20,Eucera nigrescens,Pollinator
0.05263157894736842,Jena,20,Bombus,Pollinator
0.05263157894736842,Jena,20,Chelostoma florisomne,Pollinator
0.05263157894736842,Jena,20,Bombus hypnorum,Pollinator
0.05263157894736842,Jena,20,Osmia cornuta,Pollinator
0.125,Jena,22,Alkanna orientalis,Plant
0.0625,Jena,22,Asphodelus albus,Plant
0.0625,Jena,22,Brunnera macrophylla,Plant
0.0625,Jena,22,Cytisophyllum sessilifolium,Plant
0.125,Jena,22,Geranium sanguineum,Plant
0.25,Jena,22,Iris germanica,Plant
0.1875,Jena,22,Lamium album,Plant
0.1875,Jena,22,Lathyrus niger,Plant
0.1875,Jena,22,Linum perenne,Plant
0.1875,Jena,22,Paeonia daurica,Plant
0.0625,Jena,22,Papaver nudicaule,Plant
0.0625,Jena,22,Philadelphus pekinensis,Plant
0.125,Jena,22,Salvia pratensis,Plant
0.0625,Jena,22,Silene nutans,Plant
0.0625,Jena,22,Trifolium pratense,Plant
0.0625,Jena,22,Viscaria vulgaris,Plant
0.25,Jena,22,Anthophora plumipes,Pollinator
0.125,Jena,22,Osmia bicornis,Pollinator
0.1875,Jena,22,Bombus terrestris,Pollinator
0.0625,Jena,22,Episyrphus balteatus,Pollinator
0.1875,Jena,22,Halictus tumulorum,Pollinator
0.0625,Jena,22,Bombus hypnorum,Pollinator
0.0625,Jena,22,Lasioglossum,Pollinator
0.25,Jena,22,Apis mellifera,Pollinator
0.0625,Jena,22,Osmia,Pollinator
0.0625,Jena,22,Xylocopa violacea,Pollinator
0.125,Jena,22,Anthidium manicatum,Pollinator
0.1875,Jena,22,Bombus pascuorum,Pollinator
0.0625,Jena,22,Osmia caerulescens,Pollinator
0.0625,Jena,22,Eucera nigrescens,Pollinator
0.0625,Jena,22,Vespa crabro,Pollinator
0.0625,Jena,22,Meliscaeva auricollis,Pollinator
0.10526315789473684,Jena,23,Alkanna orientalis,Plant
0.15789473684210525,Jena,23,Anthyllis vulneraria,Plant
0.05263157894736842,Jena,23,Aquilegia vulgaris,Plant
0.05263157894736842,Jena,23,Baptisia australis,Plant
0.10526315789473684,Jena,23,Campanula glomerata,Plant
0.10526315789473684,Jena,23,Campanula rotundifolia,Plant
0.05263157894736842,Jena,23,Dianthus petraeus,Plant
0.05263157894736842,Jena,23,Geranium,Plant
0.05263157894736842,Jena,23,Geranium sanguineum,Plant
0.05263157894736842,Jena,23,Hypericum fragile,Plant
0.10526315789473684,Jena,23,Lindelofia anchusoides,Plant
0.05263157894736842,Jena,23,Linum perenne,Plant
0.05263157894736842,Jena,23,Lotus maritimus,Plant
0.21052631578947367,Jena,23,Paeonia daurica,Plant
0.15789473684210525,Jena,23,Papaver nudicaule,Plant
0.05263157894736842,Jena,23,Pilosella officinarum,Plant
0.05263157894736842,Jena,23,Silene nutans,Plant
0.05263157894736842,Jena,23,Spartium junceum,Plant
0.05263157894736842,Jena,23,Vincetoxicum hirundinaria,Plant
0.15789473684210525,Jena,23,Bombus pratorum,Pollinator
0.05263157894736842,Jena,23,Osmia bicornis,Pollinator
0.10526315789473684,Jena,23,Anthophora aestivalis,Pollinator
0.15789473684210525,Jena,23,Bombus hortorum,Pollinator
0.10526315789473684,Jena,23,Eucera nigrescens,Pollinator
0.15789473684210525,Jena,23,Megachile willughbiella,Pollinator
0.05263157894736842,Jena,23,Bombus lapidarius,Pollinator
0.05263157894736842,Jena,23,Hymenoptera,Pollinator
0.05263157894736842,Jena,23,Syrphidae,Pollinator
0.05263157894736842,Jena,23,Hoplitis adunca,Pollinator
0.21052631578947367,Jena,23,Bombus terrestris,Pollinator
0.05263157894736842,Jena,23,Bombus pascuorum,Pollinator
0.05263157894736842,Jena,23,Apis mellifera,Pollinator
0.05263157894736842,Jena,23,Bombus hypnorum,Pollinator
0.05263157894736842,Jena,23,Bombylius venosus,Pollinator
0.05263157894736842,Jena,23,Polyommatus icarus,Pollinator
0.05263157894736842,Jena,23,Sphaerophoria scripta,Pollinator
0.05263157894736842,Jena,23,Xylocopa violacea,Pollinator
0.05263157894736842,Jena,23,Formicidae,Pollinator
0.15384615384615385,Jena,25,Allium cernuum,Plant
0.038461538461538464,Jena,25,Anthyllis vulneraria,Plant
0.07692307692307693,Jena,25,Borago officinalis,Plant
0.07692307692307693,Jena,25,Campanula rapunculoides,Plant
0.15384615384615385,Jena,25,Clematis recta,Plant
0.07692307692307693,Jena,25,Digitalis grandiflora,Plant
0.07692307692307693,Jena,25,Digitalis obscura,Plant
0.2692307692307692,Jena,25,Euphorbia nicaeensis,Plant
0.038461538461538464,Jena,25,Geranium sanguineum,Plant
0.19230769230769232,Jena,25,Hypericum olympicum,Plant
0.19230769230769232,Jena,25,Leucanthemum vulgare,Plant
0.07692307692307693,Jena,25,Linum perenne,Plant
0.07692307692307693,Jena,25,Phedimus aizoon,Plant
0.11538461538461539,Jena,25,Salvia nutans,Plant
0.038461538461538464,Jena,25,Scutellaria cordifolia,Plant
0.19230769230769232,Jena,25,Symphytum officinale,Plant
0.07692307692307693,Jena,25,Vincetoxicum hirundinaria,Plant
0.11764705882352941,Jena,25,Anthophora quadrimaculata,Pollinator
0.4117647058823529,Jena,25,Apis mellifera,Pollinator
0.11764705882352941,Jena,25,Bombus lapidarius,Pollinator
0.23529411764705882,Jena,25,Bombus pascuorum,Pollinator
0.23529411764705882,Jena,25,Bombus terrestris,Pollinator
0.058823529411764705,Jena,25,Chelostoma rapunculi,Pollinator
0.058823529411764705,Jena,25,Episyrphus balteatus,Pollinator
0.11764705882352941,Jena,25,Lucilia sericata,Pollinator
0.058823529411764705,Jena,25,Mordellidae,Pollinator
0.17647058823529413,Jena,25,Bombus hortorum,Pollinator
0.11764705882352941,Jena,25,Bombus hypnorum,Pollinator
0.058823529411764705,Jena,25,Cerceris rybyensis,Pollinator
0.058823529411764705,Jena,25,Gymnosoma nudifrons,Pollinator
0.11764705882352941,Jena,25,Hylaeus punctatus,Pollinator
0.11764705882352941,Jena,25,Hymenoptera,Pollinator
0.058823529411764705,Jena,25,Sarcophaga haemorrhoa,Pollinator
0.17647058823529413,Jena,25,Hylaeus nigritus,Pollinator
0.11764705882352941,Jena,25,Polistes dominula,Pollinator
0.058823529411764705,Jena,25,Sphaerophoria scripta,Pollinator
0.058823529411764705,Jena,25,Timarcha goettingensis,Pollinator
0.058823529411764705,Jena,25,Anthrenus verbasci,Pollinator
0.058823529411764705,Jena,25,Eupeodes corollae,Pollinator
0.058823529411764705,Jena,25,Anthidium manicatum,Pollinator
0.11764705882352941,Jena,25,Bombus pratorum,Pollinator
0.058823529411764705,Jena,25,Anthidium,Pollinator
0.058823529411764705,Jena,25,Formicidae,Pollinator
0.19230769230769232,Jena,33,Allium tuberosum,Plant
0.19230769230769232,Jena,33,Betonica alopecuros,Plant
0.07692307692307693,Jena,33,Campanula pyramidalis,Plant
0.19230769230769232,Jena,33,Dasiphora fruticosa,Plant
0.07692307692307693,Jena,33,Eriocapitella hupehensis,Plant
0.11538461538461539,Jena,33,Fagopyrum esculentum,Plant
0.038461538461538464,Jena,33,Fuchsia magellanica,Plant
0.19230769230769232,Jena,33,Heuchera villosa,Plant
0.19230769230769232,Jena,33,Lactuca macrophylla,Plant
0.15384615384615385,Jena,33,Lavandula angustifolia,Plant
0.07692307692307693,Jena,33,Origanum vulgare,Plant
0.3076923076923077,Jena,33,Seseli montanum,Plant
0.038461538461538464,Jena,33,Trifolium pratense,Plant
0.11538461538461539,Jena,33,Trommsdorffia maculata,Plant
0.5,Jena,33,Apis mellifera,Pollinator
0.07142857142857142,Jena,33,Botanophila striolata,Pollinator
0.21428571428571427,Jena,33,Lucilia sericata,Pollinator
0.14285714285714285,Jena,33,Syritta pipiens,Pollinator
0.14285714285714285,Jena,33,Vespula germanica,Pollinator
0.42857142857142855,Jena,33,Bombus pascuorum,Pollinator
0.21428571428571427,Jena,33,Episyrphus balteatus,Pollinator
0.14285714285714285,Jena,33,Megachile versicolor,Pollinator
0.07142857142857142,Jena,33,Pyrrhocoris marginatus,Pollinator
0.14285714285714285,Jena,33,Xylocopa violacea,Pollinator
0.07142857142857142,Jena,33,Bruchidae,Pollinator
0.07142857142857142,Jena,33,Coleoptera,Pollinator
0.14285714285714285,Jena,33,Hylaeus punctatus,Pollinator
0.07142857142857142,Jena,33,Maniola jurtina,Pollinator
0.35714285714285715,Jena,33,Sphaerophoria scripta,Pollinator
0.14285714285714285,Jena,33,Lasioglossum politum,Pollinator
0.07142857142857142,Jena,33,Polistes dominula,Pollinator
0.07142857142857142,Jena,33,Volucella zonaria,Pollinator
0.07142857142857142,Jena,33,Bombus lapidarius,Pollinator
0.07142857142857142,Jena,33,Bombus terrestris,Pollinator
0.07142857142857142,Jena,33,Pieris rapae,Pollinator
0.07142857142857142,Jena,33,Cheilosia pagana,Pollinator
0.07142857142857142,Jena,33,Ectemnius lituratus,Pollinator
0.07142857142857142,Jena,33,Gymnosoma clavatum,Pollinator
0.07142857142857142,Jena,33,Hymenoptera,Pollinator
0.07142857142857142,Jena,33,Myathropa florea,Pollinator
0.0625,Jena,19,Allium ursinum,Plant
0.125,Jena,19,Aubrieta pinardii,Plant
0.0625,Jena,19,Bellis perennis,Plant
0.125,Jena,19,Brunnera macrophylla,Plant
0.0625,Jena,19,Cardamine pratensis,Plant
0.0625,Jena,19,Chelidonium majus,Plant
0.125,Jena,19,Genista germanica,Plant
0.0625,Jena,19,Geranium molle,Plant
0.1875,Jena,19,Geum rivale,Plant
0.125,Jena,19,Iberis sempervirens,Plant
0.125,Jena,19,Lamium galeobdolon,Plant
0.1875,Jena,19,Lathyrus vernus,Plant
0.125,Jena,19,Paeonia daurica,Plant
0.0625,Jena,19,Paeonia delavayi,Plant
0.125,Jena,19,Paeonia officinalis,Plant
0.0625,Jena,19,Ranunculus,Plant
0.0625,Jena,19,Scrophularia versicolor,Plant
0.11764705882352941,Jena,19,Pieris napi,Pollinator
0.17647058823529413,Jena,19,Bombylius major,Pollinator
0.058823529411764705,Jena,19,Bombylius venosus,Pollinator
0.11764705882352941,Jena,19,Lasioglossum morio,Pollinator
0.11764705882352941,Jena,19,Bombus pratorum,Pollinator
0.058823529411764705,Jena,19,Sphaerophoria scripta,Pollinator
0.35294117647058826,Jena,19,Anthophora plumipes,Pollinator
0.058823529411764705,Jena,19,Polistes dominula,Pollinator
0.11764705882352941,Jena,19,Bombus pascuorum,Pollinator
0.058823529411764705,Jena,19,Cetonia aurata,Pollinator
0.058823529411764705,Jena,19,Sphaerophoria rueppellii,Pollinator
0.058823529411764705,Jena,19,Eucera nigrescens,Pollinator
0.11764705882352941,Jena,19,Apis mellifera,Pollinator
0.058823529411764705,Jena,19,Bombus lapidarius,Pollinator
0.058823529411764705,Jena,19,Chelostoma florisomne,Pollinator
0.058823529411764705,Jena,19,Osmia bicornis,Pollinator
0.25,Jena,15,Arabis alpina,Plant
0.25,Jena,15,Aubrieta pinardii,Plant
0.25,Jena,15,Bergenia ciliata,Plant
0.25,Jena,15,Bergenia purpurascens,Plant
0.25,Jena,15,Corydalis cava,Plant
0.25,Jena,15,Hepatica nobilis,Plant
0.25,Jena,15,Iberis sempervirens,Plant
0.25,Jena,15,Iris pseudacorus,Plant
0.25,Jena,15,Ornithogalum nutans,Plant
0.25,Jena,15,Primula vulgaris,Plant
0.25,Jena,15,Symphytum bulbosum,Plant
0.7272727272727273,Jena,15,Anthophora plumipes,Pollinator
0.09090909090909091,Jena,15,Diptera,Pollinator
0.09090909090909091,Jena,15,Andrena nitida,Pollinator
0.09090909090909091,Jena,15,Apis mellifera,Pollinator
0.17647058823529413,Jena,18,Aubrieta pinardii,Plant
0.4117647058823529,Jena,18,Brunnera macrophylla,Plant
0.058823529411764705,Jena,18,Cardamine pratensis,Plant
0.058823529411764705,Jena,18,Genista germanica,Plant
0.11764705882352941,Jena,18,Geum rivale,Plant
0.11764705882352941,Jena,18,Hepatica nobilis,Plant
0.29411764705882354,Jena,18,Iberis sempervirens,Plant
0.17647058823529413,Jena,18,Lamium galeobdolon,Plant
0.35294117647058826,Jena,18,Lathyrus vernus,Plant
0.11764705882352941,Jena,18,Paeonia daurica,Plant
0.058823529411764705,Jena,18,Paeonia officinalis,Plant
0.11764705882352941,Jena,18,Primula veris,Plant
0.058823529411764705,Jena,18,Ranunculus,Plant
0.058823529411764705,Jena,18,Rhododendron saluenense,Plant
0.23529411764705882,Jena,18,Verbascum phoeniceum,Plant
0.058823529411764705,Jena,18,Vicia sepium,Plant
0.0625,Jena,18,Anthocharis cardamines,Pollinator
0.0625,Jena,18,Bombylius discolor,Pollinator
0.25,Jena,18,Bombylius major,Pollinator
0.0625,Jena,18,Andrena minutula,Pollinator
0.6875,Jena,18,Anthophora plumipes,Pollinator
0.125,Jena,18,Diptera,Pollinator
0.1875,Jena,18,Leucophora personata,Pollinator
0.125,Jena,18,Melecta albifrons,Pollinator
0.25,Jena,18,Osmia bicornis,Pollinator
0.0625,Jena,18,Bombus pratorum,Pollinator
0.1875,Jena,18,Bombus terrestris,Pollinator
0.0625,Jena,18,Cetonia aurata,Pollinator
0.0625,Jena,18,Lucilia sericata,Pollinator
0.125,Jena,18,Bombus pascuorum,Pollinator
0.0625,Jena,18,Bombus,Pollinator
0.1875,Jena,18,Eucera nigrescens,Pollinator
0.0625,Jena,18,Apis mellifera,Pollinator
0.2222222222222222,Jena,17,Aubrieta pinardii,Plant
0.2222222222222222,Jena,17,Brunnera macrophylla,Plant
0.5555555555555556,Jena,17,Cardamine pratensis,Plant
0.3333333333333333,Jena,17,Iberis sempervirens,Plant
0.1111111111111111,Jena,17,Ipheion uniflorum,Plant
0.1111111111111111,Jena,17,Lamium orvala,Plant
0.5555555555555556,Jena,17,Lathyrus vernus,Plant
0.1111111111111111,Jena,17,Paeonia mascula,Plant
0.1111111111111111,Jena,17,Primula veris,Plant
0.7777777777777778,Jena,17,Anthophora plumipes,Pollinator
0.3333333333333333,Jena,17,Bombylius major,Pollinator
0.2222222222222222,Jena,17,Botanophila striolata,Pollinator
0.1111111111111111,Jena,17,Andrena,Pollinator
0.3333333333333333,Jena,17,Osmia bicornis,Pollinator
0.1111111111111111,Jena,17,Syrphidae,Pollinator
0.2222222222222222,Jena,17,Bombus terrestris,Pollinator
0.1111111111111111,Jena,17,Bombus pascuorum,Pollinator
0.1111111111111111,Jena,17,Eucera nigrescens,Pollinator
0.05263157894736842,Jena,21,Brassica oleracea,Plant
0.05263157894736842,Jena,21,Brunnera macrophylla,Plant
0.05263157894736842,Jena,21,Cerastium arvense,Plant
0.05263157894736842,Jena,21,Chelidonium majus,Plant
0.2631578947368421,Jena,21,Cytisophyllum sessilifolium,Plant
0.05263157894736842,Jena,21,Geranium sanguineum,Plant
0.15789473684210525,Jena,21,Iberis sempervirens,Plant
0.10526315789473684,Jena,21,Lamium album,Plant
0.15789473684210525,Jena,21,Lathyrus aureus,Plant
0.05263157894736842,Jena,21,Linum perenne,Plant
0.2631578947368421,Jena,21,Lonicera floribunda,Plant
0.21052631578947367,Jena,21,Paeonia delavayi,Plant
0.05263157894736842,Jena,21,Philadelphus pekinensis,Plant
0.15789473684210525,Jena,21,Rosa spinosissima,Plant
0.15789473684210525,Jena,21,Trifolium pratense,Plant
0.10526315789473684,Jena,21,Viscaria vulgaris,Plant
0.25,Jena,21,Apis mellifera,Pollinator
0.0625,Jena,21,Eupeodes corollae,Pollinator
0.1875,Jena,21,Osmia aurulenta,Pollinator
0.0625,Jena,21,Andrena flavipes,Pollinator
0.0625,Jena,21,Bombus lapidarius,Pollinator
0.25,Jena,21,Bombus pascuorum,Pollinator
0.1875,Jena,21,Bombus terrestris,Pollinator
0.25,Jena,21,Eucera nigrescens,Pollinator
0.0625,Jena,21,Lasioglossum pauxillum,Pollinator
0.3125,Jena,21,Anthophora plumipes,Pollinator
0.0625,Jena,21,Bombylius major,Pollinator
0.0625,Jena,21,Hymenoptera,Pollinator
0.0625,Jena,21,Osmia,Pollinator
0.0625,Jena,21,Megachile,Pollinator
0.125,Jena,21,Bombus pratorum,Pollinator
0.0625,Jena,21,Osmia bicornis,Pollinator
0.0625,Jena,21,Vespa crabro,Pollinator
0.0625,Jena,21,Bombus hypnorum,Pollinator
0.0625,Jena,21,Melecta albifrons,Pollinator
0.625,Jena,14,Corydalis cava,Plant
0.5,Jena,14,Hepatica nobilis,Plant
0.125,Jena,14,Lathyrus vernus,Plant
0.375,Jena,14,Primula denticulata,Plant
0.125,Jena,14,Primula vulgaris,Plant
0.25,Jena,14,Pulsatilla vulgaris,Plant
0.125,Jena,14,Ranunculus ficaria,Plant
0.25,Jena,14,Vinca minor,Plant
0.375,Jena,14,Anthophora plumipes,Pollinator
0.625,Jena,14,Apis mellifera,Pollinator
0.5,Jena,14,Bombylius major,Pollinator
0.125,Jena,14,Macroglossum stellatarum,Pollinator
0.25,Jena,14,Xylocopa violacea,Pollinator
0.125,Jena,14,Bombus terrestris,Pollinator
0.25,Jena,14,Osmia cornuta,Pollinator
0.125,Jena,14,Hymenoptera,Pollinator
