Botanical_garden,Week,dprime,sp_name,Type
Leipzig,26,0.928086294888918,Achillea filipendulina,Plant
Leipzig,26,0.33787842125994655,Anthericum ramosum,Plant
Leipzig,26,0.06979377655069456,Aquilegia vulgaris,Plant
Leipzig,26,0.5226257436996377,Campanula alliariifolia,Plant
Leipzig,26,0.580655290588896,Carduus,Plant
Leipzig,26,0.41996518552835477,Centaurea scabiosa,Plant
Leipzig,26,0.8641330126178095,Centranthus ruber,Plant
Leipzig,26,0.8237721457371553,Ferulago aucheri,Plant
Leipzig,26,0.29117722518945094,Hypericum olympicum,Plant
Leipzig,26,0.44883519710336917,Lavandula angustifolia,Plant
Leipzig,26,0.09851817290250961,Lotus herbaceus,Plant
Leipzig,26,0.16444304788879543,Origanum vulgare,Plant
Leipzig,26,0.11519664830950993,Psephellus dealbatus,Plant
Leipzig,26,0.5547804466566192,Salvia sclarea,Plant
Leipzig,26,0.9638223052975133,Silene coronaria,Plant
Leipzig,26,0.10201330791609323,Silene vulgaris,Plant
Leipzig,26,0.6007524250148364,Stachys byzantina,Plant
Leipzig,26,0.5453130826859715,Taraxacum sonchoides,Plant
Leipzig,26,0.22203191926529833,NA,Plant
Leipzig,26,0.48441182895838125,Coccinella septempunctata,Pollinator
Leipzig,26,0.7923096197060084,Colletes daviesanus,Pollinator
Leipzig,26,0.6898243404654143,Halictus subauratus,Pollinator
Leipzig,26,0.6283414293053653,Hedychrum gerstaeckeri,Pollinator
Leipzig,26,0.7646444362798728,Hylaeus nigritus,Pollinator
Leipzig,26,0.7679788454663288,Lucilia sericata,Pollinator
Leipzig,26,0.6898243404654143,Miltogramma punctata,Pollinator
Leipzig,26,0.07694738331810949,Apis mellifera,Pollinator
Leipzig,26,0.48836256846033016,Cerceris quinquefasciata,Pollinator
Leipzig,26,0.741680433614162,Episyrphus balteatus,Pollinator
Leipzig,26,0.4775371136971306,Nomada flavoguttata,Pollinator
Leipzig,26,0.1585921136123767,Bombus terrestris,Pollinator
Leipzig,26,0.6614962551361957,Andrena bicolor,Pollinator
Leipzig,26,0.5442898065314538,Andrena pilipes,Pollinator
Leipzig,26,0.5735882530258911,Halictus scabiosae,Pollinator
Leipzig,26,0.6592315105685508,Megachile lagopoda,Pollinator
Leipzig,26,0.733243815039349,Melitta haemorrhoidalis,Pollinator
Leipzig,26,0.7326867908625703,Bombus hypnorum,Pollinator
Leipzig,26,0.07578585022894983,Bombus pascuorum,Pollinator
Leipzig,26,0.6379137267852872,Bombus pratorum,Pollinator
Leipzig,26,0.08151834449125676,Bombus lapidarius,Pollinator
Leipzig,26,0.4272375707448486,Dryas iulia,Pollinator
Leipzig,26,0.4690425646243384,Oxythyrea funesta,Pollinator
Leipzig,26,0.6825164839118406,Hylaeus punctatus,Pollinator
Leipzig,26,0.5861007204191598,Lygaeus equestris,Pollinator
Leipzig,26,0.8956184120586093,Pseudovadonia livida,Pollinator
Leipzig,26,0.5861007204191598,Tiphia femorata,Pollinator
Leipzig,26,0.5861007204191598,Villa modesta,Pollinator
Leipzig,26,0.42522918939969406,Anthidium manicatum,Pollinator
Leipzig,26,0.5513163897352041,Eupeodes corollae,Pollinator
Leipzig,26,0.4926699063027324,Lasioglossum leucozonium,Pollinator
Leipzig,26,0.4672548517679982,Lasioglossum politum,Pollinator
Leipzig,26,0.4926699063027324,Sphaerophoria scripta,Pollinator
Leipzig,26,0.07565529869082606,Bombus hortorum,Pollinator
Leipzig,26,0.09357873807717093,Hoplitis adunca,Pollinator
Leipzig,26,0.07838050447265202,Pieris rapae,Pollinator
Leipzig,26,0.7947345862721493,Xylocopa violacea,Pollinator
Leipzig,26,0.741875471170275,Megachile ericetorum,Pollinator
Leipzig,26,0.6085199578355823,Lasioglossum villosulum,Pollinator
Leipzig,26,0.708623769844706,Oedemera lurida,Pollinator
Leipzig,27,0.9044304555995365,Achillea filipendulina,Plant
Leipzig,27,0.7450219317504275,Anthericum ramosum,Plant
Leipzig,27,0.7761643728906777,Centaurea scabiosa,Plant
Leipzig,27,0.9757175479422174,Centranthus ruber,Plant
Leipzig,27,0.28240521748153014,Eriocapitella tomentosa,Plant
Leipzig,27,0.2994625058896603,Erysimum pulchellum,Plant
Leipzig,27,0.7965930112929488,Euphorbia seguieriana,Plant
Leipzig,27,0.5556796092265005,Hypericum olympicum,Plant
Leipzig,27,0.88733438537006,Inula oculus-christi,Plant
Leipzig,27,0.4093235760884027,Lavandula angustifolia,Plant
Leipzig,27,0.754885291546435,Lomelosia cretica,Plant
Leipzig,27,0.24348870278248919,Silene coronaria,Plant
Leipzig,27,0.28240521748153014,Silene vulgaris,Plant
Leipzig,27,0.5271676015772293,Solanum incanum,Plant
Leipzig,27,0.13457564456788063,Verbascum nigrum,Plant
Leipzig,27,0.11545725573108155,NA,Plant
Leipzig,27,0.6951723508633305,Lucilia sericata,Pollinator
Leipzig,27,0.4512429018590407,Apis mellifera,Pollinator
Leipzig,27,0.291080838144056,Coccinella septempunctata,Pollinator
Leipzig,27,0.8770222721332043,Eupeodes corollae,Pollinator
Leipzig,27,0.2653713621869088,Pseudovadonia livida,Pollinator
Leipzig,27,0.10885699954432419,Bombus lapidarius,Pollinator
Leipzig,27,0.8600094888928966,Sphaerophoria scripta,Pollinator
Leipzig,27,0.691895799467812,Lasioglossum morio,Pollinator
Leipzig,27,0.9139471044610404,Hylaeus gredleri,Pollinator
Leipzig,27,0.8196703595921869,Oedemera lurida,Pollinator
Leipzig,27,0.11752992122590711,Bombus hortorum,Pollinator
Leipzig,27,0.22594201826920884,Bombus terrestris,Pollinator
Leipzig,27,0.7689275762935108,Lasioglossum politum,Pollinator
Leipzig,27,0.5398793101343419,Xylocopa violacea,Pollinator
Leipzig,27,0.3666692972642886,Anthidium manicatum,Pollinator
Leipzig,27,0.7495659263503749,Heriades truncorum,Pollinator
Leipzig,27,0.5649217312231118,Bombus hypnorum,Pollinator
Leipzig,27,0.08442039181378941,Bombus pascuorum,Pollinator
Leipzig,27,0.08773072926872802,Pieris rapae,Pollinator
Leipzig,20,0.8367441205319746,Aethionema grandiflorum,Plant
Leipzig,20,0.20956462003270288,Allium ursinum,Plant
Leipzig,20,0.7242724717407601,Anchusa officinalis,Plant
Leipzig,20,0.8085120086042363,Aquilegia vulgaris,Plant
Leipzig,20,0.9999999999999999,Caltha palustris,Plant
Leipzig,20,0.3370154078927581,Convallaria majalis,Plant
Leipzig,20,0.3678854454519092,Geranium macrorrhizum,Plant
Leipzig,20,0.3576430440311393,Helianthemum nummularium,Plant
Leipzig,20,0.9999999999999999,Knautia arvensis,Plant
Leipzig,20,0.6624888591205206,Lamium album,Plant
Leipzig,20,0.6163702747138484,Limnanthes douglasii,Plant
Leipzig,20,0.2553173218610182,Lunaria rediviva,Plant
Leipzig,20,0.874805383091614,Paeonia officinalis,Plant
Leipzig,20,0.6624888591205206,Polygonatum biflorum,Plant
Leipzig,20,0.6648625059331364,Vicia oroboides,Plant
Leipzig,20,0,Vinca minor,Plant
Leipzig,20,0.8137539916648473,Viola striata,Plant
Leipzig,20,0.5589588025045372,Andrena flavipes,Pollinator
Leipzig,20,0.7427138898819726,Osmia brevicornis,Pollinator
Leipzig,20,0.8365177952589364,Apis mellifera,Pollinator
Leipzig,20,0.43193903282626706,Botanophila striolata,Pollinator
Leipzig,20,0.772919005151212,Anthophora plumipes,Pollinator
Leipzig,20,0.6969542148619134,Bombus pascuorum,Pollinator
Leipzig,20,0.6985759126072031,Bombylius venosus,Pollinator
Leipzig,20,0.7138000203953925,Eucera nigrescens,Pollinator
Leipzig,20,0.8969914105061493,Xylocopa violacea,Pollinator
Leipzig,20,0.8553409116793619,Lasioglossum minutissimum,Pollinator
Leipzig,20,0.6122380649615099,Lasioglossum villosulum,Pollinator
Leipzig,20,0.4208875682238777,Ceratina cyanea,Pollinator
Leipzig,20,0.40060932612661593,Merodon equestris,Pollinator
Leipzig,20,0.8553409116793619,Andrena hattorfiana,Pollinator
Leipzig,20,0.6122380649615099,Oxythyrea funesta,Pollinator
Leipzig,20,0.510698915763548,Valgus hemipterus,Pollinator
Leipzig,20,0.42579566905845917,Bombylius major,Pollinator
Leipzig,20,0.7938921475367147,Osmia bicornis,Pollinator
Leipzig,19,0.35256533083838104,Ajuga reptans,Plant
Leipzig,19,0.8102591664877611,Allium ursinum,Plant
Leipzig,19,0.6164441744844678,Anchusa officinalis,Plant
Leipzig,19,0.68697679887917,Anemone sylvestris,Plant
Leipzig,19,0.47789091690355784,Aquilegia vulgaris,Plant
Leipzig,19,0.7941531675395654,Fragaria vesca,Plant
Leipzig,19,0.36062938440679376,Geranium macrorrhizum,Plant
Leipzig,19,0.8050495356911394,Iberis sempervirens,Plant
Leipzig,19,0,Lamium orvala,Plant
Leipzig,19,0.878072592742027,Lathyrus vernus,Plant
Leipzig,19,1,Menyanthes trifoliata,Plant
Leipzig,19,0.8137849394797563,Paeonia officinalis,Plant
Leipzig,19,0.9720986738775689,Polygonatum biflorum,Plant
Leipzig,19,0,Primula denticulata,Plant
Leipzig,19,1,Pulsatilla vulgaris,Plant
Leipzig,19,0.8393057006147003,Rhododendron brachycarpum,Plant
Leipzig,19,0.8283036036923551,Symphytum bulbosum,Plant
Leipzig,19,0.4475424807373409,Vinca minor,Plant
Leipzig,19,0.5544004414538316,Viola striata,Plant
Leipzig,19,0.8663127417329004,Anthophora plumipes,Pollinator
Leipzig,19,0.8589417093174386,Bombylius major,Pollinator
Leipzig,19,0.5877994504265804,Sphaerophoria scripta,Pollinator
Leipzig,19,0.794649415257116,Eucera nigrescens,Pollinator
Leipzig,19,0.623721072394425,Lasioglossum minutissimum,Pollinator
Leipzig,19,0.4622900654036249,Bombus hypnorum,Pollinator
Leipzig,19,0.8184638684402009,Bombylius venosus,Pollinator
Leipzig,19,0.3040828946588831,Andrena flavipes,Pollinator
Leipzig,19,0.15177983654245808,Dalmannia marginata,Pollinator
Leipzig,19,0.5364674856548685,Osmia bicornis,Pollinator
Leipzig,19,1,Valgus hemipterus,Pollinator
Leipzig,19,0.717866260446871,Apis mellifera,Pollinator
Leipzig,19,0.6213884538949028,Bombus terrestris,Pollinator
Leipzig,19,0.516574058081429,Cetonia aurata,Pollinator
Leipzig,19,0.9506303968273098,Bombus pratorum,Pollinator
Leipzig,19,0.6703046630801344,Lasioglossum calceatum,Pollinator
Leipzig,19,0.8696793448113623,Lasioglossum pauxillum,Pollinator
Leipzig,19,0.45207643304087736,Bombylius discolor,Pollinator
Leipzig,19,0.2803877236597668,Osmia brevicornis,Pollinator
Leipzig,19,0.934971712064975,Bombus hortorum,Pollinator
Leipzig,24,0.5774500142096927,Alisma plantago-aquatica,Plant
Leipzig,24,0.6822102130401704,Chaenorhinum origanifolium,Plant
Leipzig,24,0.8998328748074831,Dasiphora davurica,Plant
Leipzig,24,0.17417922014311857,Dictamnus albus,Plant
Leipzig,24,0.8036426984345326,Euphorbia seguieriana,Plant
Leipzig,24,0.7344434437313064,Geranium sanguineum,Plant
Leipzig,24,0.08576766202536708,Helianthemum nummularium,Plant
Leipzig,24,0.1091025074967596,Hemerocallis dumortieri,Plant
Leipzig,24,0.50648782004355,Hypericum olympicum,Plant
Leipzig,24,0.2787391498933418,Knautia arvensis,Plant
Leipzig,24,0.19344125485615665,Potentilla kurdica,Plant
Leipzig,24,0.5372772349499462,Psephellus dealbatus,Plant
Leipzig,24,0.21538689955601745,Salvia officinalis,Plant
Leipzig,24,0.35795721354434146,Salvia verticillata,Plant
Leipzig,24,0.6427658741888157,Veronica austriaca,Plant
Leipzig,24,0.7830211272100586,Vicia tenuifolia,Plant
Leipzig,24,0.14124424797770765,Vincetoxicum hirundinaria,Plant
Leipzig,24,0.5277343669773064,NA,Plant
Leipzig,24,0.8678436294125317,Andrena chrysopus,Pollinator
Leipzig,24,0.22167709467152857,Apis mellifera,Pollinator
Leipzig,24,0.4381642471745545,Pseudovadonia livida,Pollinator
Leipzig,24,0.5534317721585404,Bombus hortorum,Pollinator
Leipzig,24,0.8214355279918459,Xylocopa violacea,Pollinator
Leipzig,24,0.8936274860501409,Andrena minutula,Pollinator
Leipzig,24,0.5534317721585406,Sphaerophoria scripta,Pollinator
Leipzig,24,0.4715556804171169,Eurychaeta palpalis,Pollinator
Leipzig,24,0.4715556804171169,Gymnosoma nudifrons,Pollinator
Leipzig,24,0.5716999153697133,Holopyga ignicollis,Pollinator
Leipzig,24,0.5851034176298117,Lucilia sericata,Pollinator
Leipzig,24,0.5349471141018324,Polyommatus icarus,Pollinator
Leipzig,24,0.5349471141018324,Sphecodes pellucidus,Pollinator
Leipzig,24,0.4715556804171169,Sphecodes puncticeps,Pollinator
Leipzig,24,0.4715556804171169,Tachina nupta,Pollinator
Leipzig,24,0.4443461583194011,Volucella zonaria,Pollinator
Leipzig,24,0.513574043332925,Andrena bicolor,Pollinator
Leipzig,24,0.8063899718754309,Coelioxys elongatus,Pollinator
Leipzig,24,0.44786592212431053,Bombus terrestris,Pollinator
Leipzig,24,0.3187922902839627,Lasioglossum laticeps,Pollinator
Leipzig,24,0.7257672882647044,Andrena hattorfiana,Pollinator
Leipzig,24,0.5025482912445612,Sicus ferrugineus,Pollinator
Leipzig,24,0.47950873780151393,Ceratina cyanea,Pollinator
Leipzig,24,0.4190013404677541,Stelis punctulatissima,Pollinator
Leipzig,24,0.6427193503991286,Bombus lapidarius,Pollinator
Leipzig,24,0.438594254981752,Bombus pascuorum,Pollinator
Leipzig,24,0.4878498995603375,Hylaeus hyalinatus,Pollinator
Leipzig,24,0.7828930651764353,Anthophora aestivalis,Pollinator
Leipzig,24,0.4768463980672752,Gymnomerus laevipes,Pollinator
Leipzig,24,0.5790151529145473,Megachile ericetorum,Pollinator
Leipzig,24,0.48683529179076224,Anthidium manicatum,Pollinator
Leipzig,24,0.33465477734235444,Anthophora quadrimaculata,Pollinator
Leipzig,24,0.3796425635278712,Hoplitis adunca,Pollinator
Leipzig,24,0.33465477734235444,Megachile rotundata,Pollinator
Leipzig,24,0.5140094640370894,Osmia aurulenta,Pollinator
Leipzig,24,0.33465477734235444,Osmia caerulescens,Pollinator
Leipzig,23,0.1208298004667568,Alisma plantago-aquatica,Plant
Leipzig,23,0.07463454924048059,Aquilegia vulgaris,Plant
Leipzig,23,0.08731503380551556,Dictamnus albus,Plant
Leipzig,23,0.2220415044457072,Eranthis hyemalis,Plant
Leipzig,23,0.9373122288815445,Geranium sanguineum,Plant
Leipzig,23,0.029155149020520493,Hypericum olympicum,Plant
Leipzig,23,0.3125889148068618,Knautia macedonica,Plant
Leipzig,23,0.16366455949494765,Phedimus aizoon,Plant
Leipzig,23,0.39985360243024803,Phlomis russeliana,Plant
Leipzig,23,0.5124561746082986,Potentilla kurdica,Plant
Leipzig,23,0.262088159162241,Potentilla recta,Plant
Leipzig,23,0.27195870883948503,Psephellus dealbatus,Plant
Leipzig,23,0.6312603833054959,Salvia officinalis,Plant
Leipzig,23,0.28930871590549806,Stachys byzantina,Plant
Leipzig,23,0.4214106584878571,Symphytum officinale,Plant
Leipzig,23,0.24374650704985076,Vicia tenuifolia,Plant
Leipzig,23,0.061908375397995714,Vincetoxicum hirundinaria,Plant
Leipzig,23,0.4647758360764577,Viola striata,Plant
Leipzig,23,0.2803064101771657,Apis mellifera,Pollinator
Leipzig,23,0.45588076424790425,Cerceris rybyensis,Pollinator
Leipzig,23,0.6505079871551727,Bombus terrestris,Pollinator
Leipzig,23,0.5995081262470716,Xylocopa violacea,Pollinator
Leipzig,23,0.41509896696046655,Andrena bicolor,Pollinator
Leipzig,23,0.7162197944918145,Chelostoma rapunculi,Pollinator
Leipzig,23,0.5406474446484861,Eucera nigrescens,Pollinator
Leipzig,23,0.5059419619236709,Eupeodes corollae,Pollinator
Leipzig,23,0.6657280898448537,Megachile willughbiella,Pollinator
Leipzig,23,0.41509896696046655,Melitta haemorrhoidalis,Pollinator
Leipzig,23,0.41509896696046655,Merodon equestris,Pollinator
Leipzig,23,0.7215811690620947,Andrena hattorfiana,Pollinator
Leipzig,23,0.46595542454855043,Halictus scabiosae,Pollinator
Leipzig,23,0.41509896696046655,Andrena labiata,Pollinator
Leipzig,23,0.4500855503650191,Halictus subauratus,Pollinator
Leipzig,23,0.6178646355758943,Hylaeus nigritus,Pollinator
Leipzig,23,0.5406474446484861,Lasioglossum laticeps,Pollinator
Leipzig,23,0.322920725396589,Andrena flavipes,Pollinator
Leipzig,23,0.20434841364984296,Andrena minutula,Pollinator
Leipzig,23,0.49674768193121355,Anthophora aestivalis,Pollinator
Leipzig,23,0.39574980218265043,Bombus lapidarius,Pollinator
Leipzig,23,0.07178915727465152,Bombus pascuorum,Pollinator
Leipzig,23,0.322920725396589,Hylaeus communis,Pollinator
Leipzig,23,0.46125290645361733,Hylaeus confusus,Pollinator
Leipzig,23,0.20434841364984296,Sphaerophoria scripta,Pollinator
Leipzig,23,0.37047204673442136,Anthophora plumipes,Pollinator
Leipzig,23,0.24791966371159058,Lapposyrphus lapponicus,Pollinator
Leipzig,23,0.06408185421838433,Megachile maritima,Pollinator
Leipzig,23,0.9122540728716336,Anthophora quadrimaculata,Pollinator
Leipzig,23,0.7656947740469541,Anthidium manicatum,Pollinator
Leipzig,23,0.6266428770735701,Bombus hypnorum,Pollinator
Leipzig,23,0.20417777951644436,Osmia bicornis,Pollinator
Leipzig,23,0.5525970030723459,Anthidium oblongatum,Pollinator
Leipzig,31,0.6804838482939577,Allium senescens,Plant
Leipzig,31,0.07501288779356513,Centaurea sadleriana,Plant
Leipzig,31,0.668311215905754,Cephalaria gigantea,Plant
Leipzig,31,0.3360617756486591,Cuphea viscosissima,Plant
Leipzig,31,0.6691109533350426,Echinops pungens,Plant
Leipzig,31,0.5893328088427587,Klasea radiata,Plant
Leipzig,31,1,Medicago falcata,Plant
Leipzig,31,0.5625251718773194,Platycodon grandiflorus,Plant
Leipzig,31,0.12950713319569768,Saponaria sicula,Plant
Leipzig,31,0.4814733285705519,Silene schafta,Plant
Leipzig,31,0.7451577598728637,Tanacetum vulgare,Plant
Leipzig,31,0.5532672221798806,Vitex negundo,Plant
Leipzig,31,0.691842488270886,Apis mellifera,Pollinator
Leipzig,31,0.8102847666552528,Bombus lapidarius,Pollinator
Leipzig,31,0.46648575164553635,Xylocopa violacea,Pollinator
Leipzig,31,0.5565891924058658,Aglais io,Pollinator
Leipzig,31,0.5010468007636041,Oxythyrea funesta,Pollinator
Leipzig,31,0.4833195418889432,Pieris napi,Pollinator
Leipzig,31,0.4469571462749841,Volucella zonaria,Pollinator
Leipzig,31,0.6438337179277309,Bombus hypnorum,Pollinator
Leipzig,31,0.6291852707479623,Bombus terrestris,Pollinator
Leipzig,31,0.6610240287619427,Cerceris rybyensis,Pollinator
Leipzig,31,0.5693369747444322,Myathropa florea,Pollinator
Leipzig,31,1,Polyommatus icarus,Pollinator
Leipzig,31,0.7926896935490212,Lucilia sericata,Pollinator
Leipzig,32,0.8550528335800026,Anaphalis margaritacea,Plant
Leipzig,32,0.43875776472622163,Carlina vulgaris,Plant
Leipzig,32,0.2222274899468003,Centaurea nigra,Plant
Leipzig,32,0.3172021167064603,Cirsium vulgare,Plant
Leipzig,32,0.31542269847341026,Eriocapitella hupehensis,Plant
Leipzig,32,0.48816136371453167,Lomelosia olgae,Plant
Leipzig,32,0.4973185605716141,Platycodon grandiflorus,Plant
Leipzig,32,0.44120752274323466,Pycnanthemum tenuifolium,Plant
Leipzig,32,0.21924003152788843,Scabiosa ochroleuca,Plant
Leipzig,32,0.2549226387370716,Tetradium daniellii,Plant
Leipzig,32,0.7308757523283586,Thymus praecox,Plant
Leipzig,32,0.30269620321073765,Verbena hastata,Plant
Leipzig,32,0.6697589172761392,Vitex negundo,Plant
Leipzig,32,0.5294964151136378,Episyrphus balteatus,Pollinator
Leipzig,32,0.9725187227793299,Lucilia sericata,Pollinator
Leipzig,32,0.47259510297376633,Anthidium manicatum,Pollinator
Leipzig,32,0.3961403790529838,Apis mellifera,Pollinator
Leipzig,32,0.4957710982126984,Bombus lapidarius,Pollinator
Leipzig,32,0.8457434133093621,Xylocopa violacea,Pollinator
Leipzig,32,0.44349171433870793,Bombus pascuorum,Pollinator
Leipzig,32,0.5499902361026348,Cerceris rybyensis,Pollinator
Leipzig,32,0.5417360554742594,Eristalis tenax,Pollinator
Leipzig,32,0.5425878101226523,Bombus vestalis,Pollinator
Leipzig,32,0.31385881099598806,Pieris napi,Pollinator
Leipzig,18,0.7775105688669943,Anchusa officinalis,Plant
Leipzig,18,0.4790909148596985,Anemone nemorosa,Plant
Leipzig,18,0.19036342030577752,Aurinia saxatilis,Plant
Leipzig,18,0.5593202723662234,Caltha palustris,Plant
Leipzig,18,1,Iberis sempervirens,Plant
Leipzig,18,0.0802792108518124,Lamium orvala,Plant
Leipzig,18,1,Lathyrus vernus,Plant
Leipzig,18,0.1596969716198995,Muscari botryoides,Plant
Leipzig,18,0.8043839512055377,Paeonia daurica,Plant
Leipzig,18,0.19036342030577752,Primula denticulata,Plant
Leipzig,18,0.1638522952355752,Primula veris,Plant
Leipzig,18,0.06724808762590198,Pulsatilla vulgaris,Plant
Leipzig,18,0.6983875595777548,Rhododendron thomsonii,Plant
Leipzig,18,0.9999999999999998,Symphytum bulbosum,Plant
Leipzig,18,1,Veronica chamaedrys,Plant
Leipzig,18,0.5503837974598842,Vinca minor,Plant
Leipzig,18,0.9999999999999998,NA,Plant
Leipzig,18,0.6736019856698051,Anthophora plumipes,Pollinator
Leipzig,18,0.639595319752519,Apis mellifera,Pollinator
Leipzig,18,0.8080412799934398,Osmia cornuta,Pollinator
Leipzig,18,0.7329639282986032,Bombylius major,Pollinator
Leipzig,18,0.6957526271031703,Nomada fabriciana,Pollinator
Leipzig,18,0.6469188706832552,Botanophila depressa,Pollinator
Leipzig,18,0.8463739266470486,Halictus tumulorum,Pollinator
Leipzig,18,0.3416487275767278,Anthocharis cardamines,Pollinator
Leipzig,18,0.9368730955172753,Eucera nigrescens,Pollinator
Leipzig,18,0.8777029485826817,Cetonia aurata,Pollinator
Leipzig,18,0.4611037425577059,Xylocopa violacea,Pollinator
Leipzig,18,0.50379390709661,Bombylius discolor,Pollinator
Leipzig,18,0.614610936604756,Bombus pascuorum,Pollinator
Leipzig,18,0.8063466872745833,Bombus terrestris,Pollinator
Leipzig,18,0.4611037425577059,Osmia bicornis,Pollinator
Leipzig,18,1,Bombylius venosus,Pollinator
Leipzig,18,0.19257438128814455,Bombus lapidarius,Pollinator
Leipzig,18,0.6957526271031703,Andrena gravida,Pollinator
Leipzig,18,0.6957526271031703,Lasioglossum pallens,Pollinator
Leipzig,18,0.6957526271031703,Sphaerophoria scripta,Pollinator
Leipzig,21,0.1335666250264138,Anchusa officinalis,Plant
Leipzig,21,0.033665514120977375,Aquilegia vulgaris,Plant
Leipzig,21,1,Convallaria majalis,Plant
Leipzig,21,0.04472630204937258,Dasiphora davurica,Plant
Leipzig,21,0.183248479157714,Geranium macrorrhizum,Plant
Leipzig,21,0.9734260092503366,Geranium sanguineum,Plant
Leipzig,21,0.8803730470211355,Helianthemum nummularium,Plant
Leipzig,21,0.21773612586821,Hieracium murorum,Plant
Leipzig,21,0.06069935811707104,Iberis sempervirens,Plant
Leipzig,21,0.3264446346172481,Knautia arvensis,Plant
Leipzig,21,1,Knautia dipsacifolia,Plant
Leipzig,21,0.3474487921315799,Lathyrus roseus,Plant
Leipzig,21,0.8526701623433097,Leucanthemum vulgare,Plant
Leipzig,21,0.46573842526310294,Limnanthes douglasii,Plant
Leipzig,21,0.4013250657573245,Psephellus dealbatus,Plant
Leipzig,21,0.3747826155378676,Salvia pratensis,Plant
Leipzig,21,0.4179798876753166,Symphytum officinale,Plant
Leipzig,21,0.36676845367463545,Vincetoxicum hirundinaria,Plant
Leipzig,21,0.8620851469500526,Viscaria vulgaris,Plant
Leipzig,21,0.5657029733862136,Anthophora plumipes,Pollinator
Leipzig,21,0.7209729155051996,Apis mellifera,Pollinator
Leipzig,21,1,Bombylius major,Pollinator
Leipzig,21,0.7103616089863507,Merodon equestris,Pollinator
Leipzig,21,0.9748108179615185,Andrena curvungula,Pollinator
Leipzig,21,0.17519891387647366,Botanophila striolata,Pollinator
Leipzig,21,0.6608864085311421,Andrena fulvago,Pollinator
Leipzig,21,0.8539517256302855,Oxythyrea funesta,Pollinator
Leipzig,21,1,Eucera nigrescens,Pollinator
Leipzig,21,0.43262466526119475,Anthophora aestivalis,Pollinator
Leipzig,21,0.6174428329727976,Bombus pascuorum,Pollinator
Leipzig,21,0.7416510328709985,Andrena gravida,Pollinator
Leipzig,21,0.46135209143598926,Andrena labiata,Pollinator
Leipzig,21,0.5653754250010236,Bombus lapidarius,Pollinator
Leipzig,21,0.7046288183636367,Osmia cornuta,Pollinator
Leipzig,21,0.7299979404261792,Bombus pratorum,Pollinator
Leipzig,21,0.3541275821774963,Myopa testacea,Pollinator
Leipzig,21,0.7389642217580649,Bombus terrestris,Pollinator
Leipzig,21,0.40773983680674275,Halictus subauratus,Pollinator
Leipzig,21,0.798813348428496,Platystoma seminationis,Pollinator
Leipzig,21,0.11573735792333245,Lasioglossum pygmaeum,Pollinator
Leipzig,21,0.2317090290155574,Megachile circumcincta,Pollinator
Leipzig,21,0.32682375440287703,Xylocopa violacea,Pollinator
Leipzig,28,0.8991362454691186,Anthericum ramosum,Plant
Leipzig,28,0.04781900636144264,Cephalaria procera,Plant
Leipzig,28,0.5079802284919666,Clinopodium album,Plant
Leipzig,28,0.6076361099513313,Convolvulus tricolor,Plant
Leipzig,28,0.45778478805322215,Eriocapitella hupehensis,Plant
Leipzig,28,0.8959305953445852,Helichrysum italicum,Plant
Leipzig,28,0.30793493476524897,Hypericum olympicum,Plant
Leipzig,28,0.43515825892319404,Lavandula angustifolia,Plant
Leipzig,28,0.9884048754239343,Nicotiana tabacum,Plant
Leipzig,28,0.36837457562115983,Rhaponticoides ruthenica,Plant
Leipzig,28,0.45057638200082795,Scabiosa triandra,Plant
Leipzig,28,1,Tanacetum vulgare,Plant
Leipzig,28,0.23771562350293196,Teucrium marum,Plant
Leipzig,28,0.23088726226759473,Apis mellifera,Pollinator
Leipzig,28,0.9627777426027404,Cerceris rybyensis,Pollinator
Leipzig,28,0.03351273520815884,Bombus pascuorum,Pollinator
Leipzig,28,0.2452556296981391,Bombus vestalis,Pollinator
Leipzig,28,0.3958543125311904,Volucella zonaria,Pollinator
Leipzig,28,0.4653826627657211,Anthidium manicatum,Pollinator
Leipzig,28,0.688106883297102,Bombus lapidarius,Pollinator
Leipzig,28,0.6374318656209972,Megachile rotundata,Pollinator
Leipzig,28,0.9547240431836224,Lasioglossum politum,Pollinator
Leipzig,28,0.26888186311006057,Bombus terrestris,Pollinator
Leipzig,28,0,Lucilia sericata,Pollinator
Leipzig,28,0.04716699642403651,Pieris rapae,Pollinator
Leipzig,28,0.34406737016370326,Xylocopa violacea,Pollinator
Leipzig,28,0.9825571990090995,Lasioglossum morio,Pollinator
Leipzig,28,1,Coccinella septempunctata,Pollinator
Leipzig,22,0.6961464610277035,Aquilegia vulgaris,Plant
Leipzig,22,0.20925784854412888,Geranium sanguineum,Plant
Leipzig,22,0.17448800671146647,Helianthemum nummularium,Plant
Leipzig,22,0.09988756565676818,Leucanthemum vulgare,Plant
Leipzig,22,0.2531771422823292,Limnanthes douglasii,Plant
Leipzig,22,0.9218196140051091,Papaver orientale,Plant
Leipzig,22,0.5195804349915684,Psephellus dealbatus,Plant
Leipzig,22,0.23298728578226452,Salvia pratensis,Plant
Leipzig,22,0.434976759196782,Silene nutans,Plant
Leipzig,22,0.07026563239432344,Symphytum officinale,Plant
Leipzig,22,0.9066541787598844,Tanacetum coccineum,Plant
Leipzig,22,0.17730877208422277,Thymus pulegioides,Plant
Leipzig,22,1,Trommsdorffia maculata,Plant
Leipzig,22,0.18155991257154905,Vincetoxicum hirundinaria,Plant
Leipzig,22,0.17318687065486507,Viscaria vulgaris,Plant
Leipzig,22,0.3876042955434078,Bombus lapidarius,Pollinator
Leipzig,22,0.8764042528705827,Ceratina cyanea,Pollinator
Leipzig,22,0.5600226819329682,Xylocopa violacea,Pollinator
Leipzig,22,0.1708883120975185,Anthophora plumipes,Pollinator
Leipzig,22,0.5420660789083617,Apis mellifera,Pollinator
Leipzig,22,0.27974275847578733,Bombus pascuorum,Pollinator
Leipzig,22,0.8090504832105522,Bombylius discolor,Pollinator
Leipzig,22,0.8353252175160497,Andrena minutuloides,Pollinator
Leipzig,22,0.471355841277402,Lucilia sericata,Pollinator
Leipzig,22,1,Lasioglossum laticeps,Pollinator
Leipzig,25,0.7023096286549056,Aquilegia vulgaris,Plant
Leipzig,25,0.8738526962314324,Centranthus ruber,Plant
Leipzig,25,0.18464561549307673,Dasiphora fruticosa,Plant
Leipzig,25,0.8401352438719014,Dictamnus albus,Plant
Leipzig,25,0.6497588398560974,Echium vulgare,Plant
Leipzig,25,0.5180902001667583,Euphorbia seguieriana,Plant
Leipzig,25,0.8557148144218509,Ferulago aucheri,Plant
Leipzig,25,0.428454450907793,Hypericum olympicum,Plant
Leipzig,25,0.2671143483810931,Knautia macedonica,Plant
Leipzig,25,0.3177115023243553,Potentilla kurdica,Plant
Leipzig,25,0.13595929140760002,Psephellus dealbatus,Plant
Leipzig,25,0.8389623190403341,Salvia sclarea,Plant
Leipzig,25,0.47627754374456827,Salvia verticillata,Plant
Leipzig,25,0.45152246649881395,Stachys byzantina,Plant
Leipzig,25,0.612982727782404,Symphytum officinale,Plant
Leipzig,25,0.026317462996153416,Vincetoxicum hirundinaria,Plant
Leipzig,25,0.40174099672223745,NA,Plant
Leipzig,25,0.7046627983256519,Episyrphus balteatus,Pollinator
Leipzig,25,0.9077608464246871,Eupeodes corollae,Pollinator
Leipzig,25,0.6371650914912039,Lasioglossum laticeps,Pollinator
Leipzig,25,0.22801982059062256,Apis mellifera,Pollinator
Leipzig,25,0.7292148365418182,Megachile rotundata,Pollinator
Leipzig,25,0.5913524318113347,Anthophora quadrimaculata,Pollinator
Leipzig,25,0.9028383121017709,Hoplitis adunca,Pollinator
Leipzig,25,0.10845484229254548,Andrena flavipes,Pollinator
Leipzig,25,0.10845484229254548,Cerceris rybyensis,Pollinator
Leipzig,25,0.48756739893964146,Coccinella septempunctata,Pollinator
Leipzig,25,0.10845484229254548,Dinetus pictus,Pollinator
Leipzig,25,0.10845484229254548,Graphosoma italicum,Pollinator
Leipzig,25,0.2874442142410614,Holopyga ignicollis,Pollinator
Leipzig,25,0.10845484229254548,Hylaeus styriacus,Pollinator
Leipzig,25,0.3693432880292552,Lucilia sericata,Pollinator
Leipzig,25,0.10845484229254548,Lygaeus equestris,Pollinator
Leipzig,25,0.3114056148097085,Nomada flavoguttata,Pollinator
Leipzig,25,0.10845484229254548,Nysson maculosus,Pollinator
Leipzig,25,0.10845484229254548,Physocephala rufipes,Pollinator
Leipzig,25,0.10845484229254548,Sphex funerarius,Pollinator
Leipzig,25,0.32008882302736374,Trichius gallicus,Pollinator
Leipzig,25,0.8538449524366584,Andrena minutuloides,Pollinator
Leipzig,25,0.646660104592519,Bombus hortorum,Pollinator
Leipzig,25,0.6735369964416955,Andrena hattorfiana,Pollinator
Leipzig,25,0.4519340257121338,Pseudovadonia livida,Pollinator
Leipzig,25,0.3191791691746463,Bombus lapidarius,Pollinator
Leipzig,25,0.5926155362416351,Osmia aurulenta,Pollinator
Leipzig,25,0.7116792859813271,Xylocopa violacea,Pollinator
Leipzig,25,0.24378488254436184,Bombus terrestris,Pollinator
Leipzig,25,0,Polyommatus icarus,Pollinator
Leipzig,25,0.7131367597501506,Anthidium manicatum,Pollinator
Leipzig,25,0.7153838509413931,Anthophora aestivalis,Pollinator
Leipzig,25,0.8459578691848995,Bombus pascuorum,Pollinator
Leipzig,25,0.4579156118585427,Hylaeus brevicornis,Pollinator
Leipzig,25,0.7483947256751725,Lasioglossum pauxillum,Pollinator
Leipzig,34,0.8322524223500597,Aster mongolicus,Plant
Leipzig,34,0.8453382404742863,Centranthus ruber,Plant
Leipzig,34,0.2992247506014765,Cuphea viscosissima,Plant
Leipzig,34,0.4642067072150547,Eriocapitella hupehensis,Plant
Leipzig,34,0.1123261366608185,Impatiens balsamina,Plant
Leipzig,34,0.3409143009957565,Lomelosia olgae,Plant
Leipzig,34,0.49038294495904927,Scabiosa ochroleuca,Plant
Leipzig,34,0.2656043676044397,Silphium integrifolium,Plant
Leipzig,34,0.33399829960352784,Succisa pratensis,Plant
Leipzig,34,0.3198813816213133,Thunbergia alata,Plant
Leipzig,34,0.1684932634404187,Tropaeolum majus,Plant
Leipzig,34,0.1712442869213411,Vernonia fasciculata,Plant
Leipzig,34,0.44501355892763966,Vitex negundo,Plant
Leipzig,34,0.8838577988186904,Cylindromyia brevicornis,Pollinator
Leipzig,34,0.4127661106147613,Eristalis tenax,Pollinator
Leipzig,34,0.8499210379817176,Lucilia sericata,Pollinator
Leipzig,34,0.29443899101620924,Apis mellifera,Pollinator
Leipzig,34,0.15360590025190587,Myathropa florea,Pollinator
Leipzig,34,0.7138499276566392,Xylocopa violacea,Pollinator
Leipzig,34,0.15738501226796475,Microphthalma europaea,Pollinator
Leipzig,34,0.6727227205365813,Bombus pascuorum,Pollinator
Leipzig,34,0.4901876374472278,Volucella zonaria,Pollinator
Leipzig,34,0.26170415138278086,Episyrphus balteatus,Pollinator
Leipzig,34,0.2129334337366267,Bellardia vulgaris,Pollinator
Leipzig,34,0.43052125610280667,Bombus terrestris,Pollinator
Leipzig,34,0.2907255955115009,Halictus scabiosae,Pollinator
Leipzig,34,0.608467597682905,Bombus vestalis,Pollinator
Leipzig,34,0.6001698222511732,Cydalima perspectalis,Pollinator
Leipzig,34,0.27475849459482643,Cerceris rybyensis,Pollinator
Leipzig,16,0.7455436448745025,Bellis perennis,Plant
Leipzig,16,0.4910872897490051,Bergenia purpurascens,Plant
Leipzig,16,0.42638990453101866,Caltha palustris,Plant
Leipzig,16,0.4363093465207071,Corydalis cava,Plant
Leipzig,16,0.44455744060966673,Euphorbia characias,Plant
Leipzig,16,0.8977183795155619,Helleborus foetidus,Plant
Leipzig,16,1,Iberis sempervirens,Plant
Leipzig,16,1,Lathyrus vernus,Plant
Leipzig,16,0.45233302572793727,Muscari botryoides,Plant
Leipzig,16,0.3780709079652078,Primula denticulata,Plant
Leipzig,16,0.6122304581678232,Primula veris,Plant
Leipzig,16,0.29882462793939024,Pulsatilla vulgaris,Plant
Leipzig,16,0.5873984883019319,Ranunculus ficaria,Plant
Leipzig,16,0.3193789093193972,Taraxacum officinale,Plant
Leipzig,16,0.49907238838177403,Tussilago farfara,Plant
Leipzig,16,0.6326198080524156,Vinca minor,Plant
Leipzig,16,0.593381408284617,Andrena gravida,Pollinator
Leipzig,16,0.5201980827414607,Andrena bicolor,Pollinator
Leipzig,16,0.748618680782028,Bombylius major,Pollinator
Leipzig,16,0.8064740701201784,Anthophora plumipes,Pollinator
Leipzig,16,0.4944035886752358,Apis mellifera,Pollinator
Leipzig,16,0.7068624798865981,Calliphora vicina,Pollinator
Leipzig,16,0.6878701710622407,Lasioglossum morio,Pollinator
Leipzig,16,1,Nomada flavoguttata,Pollinator
Leipzig,16,0.8150508166723031,Lasioglossum pallens,Pollinator
Leipzig,16,0.6358241990601234,Myopa testacea,Pollinator
Leipzig,16,0.6358241990601234,Xylocopa violacea,Pollinator
Leipzig,16,0.030941286749981926,Osmia caerulescens,Pollinator
Leipzig,16,0.5364274384747968,Osmia cornuta,Pollinator
Leipzig,16,0.8150508166723031,Lasioglossum laticeps,Pollinator
Leipzig,16,0.3619498783982824,Bombylius discolor,Pollinator
Leipzig,17,0.1285442470144713,Caltha palustris,Plant
Leipzig,17,0,Helleborus foetidus,Plant
Leipzig,17,0.44796328293299015,Lathyrus vernus,Plant
Leipzig,17,0.18487335571368102,Mahonia aquifolium,Plant
Leipzig,17,0.6157781030739603,Muscari botryoides,Plant
Leipzig,17,1,Primula denticulata,Plant
Leipzig,17,0.3058574275097154,Primula veris,Plant
Leipzig,17,0.2792907674984034,Pulsatilla vulgaris,Plant
Leipzig,17,0.1339299609187322,Syringa persica,Plant
Leipzig,17,0.062010134565044964,Taraxacum officinale,Plant
Leipzig,17,0.062010134565044964,Tussilago farfara,Plant
Leipzig,17,0.3182469848583191,Vinca minor,Plant
Leipzig,17,0.6851072917406965,Weigela florida,Plant
Leipzig,17,0.2449104352007864,NA,Plant
Leipzig,17,0.3875863250683353,Anthophora plumipes,Pollinator
Leipzig,17,0.5198816862728489,Apis mellifera,Pollinator
Leipzig,17,0.4310943609016875,Bombus lapidarius,Pollinator
Leipzig,17,0.5192378459174198,Bombus pratorum,Pollinator
Leipzig,17,0.6010124254513116,Bombylius discolor,Pollinator
Leipzig,17,1,Bombylius major,Pollinator
Leipzig,17,0.5637914160289369,Osmia cornuta,Pollinator
Leipzig,17,0.7912303851224621,Xylocopa violacea,Pollinator
Leipzig,15,0.025539153145524792,Caltha palustris,Plant
Leipzig,15,0.08112788253356626,Euphorbia characias,Plant
Leipzig,15,0.37478477274896566,Helleborus foetidus,Plant
Leipzig,15,0,Lamium flexuosum,Plant
Leipzig,15,0.10366724209106622,Mahonia aquifolium,Plant
Leipzig,15,0.1263815311951867,Muscari botryoides,Plant
Leipzig,15,0.1280120760853559,Pulsatilla vulgaris,Plant
Leipzig,15,0.16513214478128765,Rhododendron wadanum,Plant
Leipzig,15,0.04118720167321617,Tussilago farfara,Plant
Leipzig,15,0.12580977435581917,Vinca minor,Plant
Leipzig,15,0.3110531661140015,NA,Plant
Leipzig,15,0.19200694259884746,Apis mellifera,Pollinator
Leipzig,15,0.6140942344184589,Bombus lapidarius,Pollinator
Leipzig,15,0.5015862289213554,Anthophora plumipes,Pollinator
Leipzig,15,0.5324359230652546,Bombylius discolor,Pollinator
Leipzig,29,0.5166955233534926,Centaurea scabiosa,Plant
Leipzig,29,0.400856964475466,Cephalaria uralensis,Plant
Leipzig,29,0.6487956899247056,Cichorium intybus,Plant
Leipzig,29,0.5373035079197369,Echinacea angustifolia,Plant
Leipzig,29,0.38694567734108354,Hypericum olympicum,Plant
Leipzig,29,0.6798557859953037,Lavandula angustifolia,Plant
Leipzig,29,0.17734994169798993,Lomelosia cretica,Plant
Leipzig,29,0.3681112728066201,Monarda fistulosa,Plant
Leipzig,29,0.8294896342443471,Pycnanthemum tenuifolium,Plant
Leipzig,29,0.9507065861251103,Salvia ringens,Plant
Leipzig,29,0.991280400813561,Tanacetum vulgare,Plant
Leipzig,29,0.9562392523404434,Veronica longifolia,Plant
Leipzig,29,0.6741873331545563,Veronica orchidea,Plant
Leipzig,29,0.5125611755494883,Anthidium manicatum,Pollinator
Leipzig,29,0.6853696808963113,Apis mellifera,Pollinator
Leipzig,29,0.4870835054813023,Bombus hortorum,Pollinator
Leipzig,29,0.19130163570005584,Bombus lapidarius,Pollinator
Leipzig,29,0.6300572762012344,Bombus vestalis,Pollinator
Leipzig,29,0.6106343202364801,Myathropa florea,Pollinator
Leipzig,29,0.061096680964003884,Polyommatus icarus,Pollinator
Leipzig,29,0.9905582312709835,Lasioglossum laticeps,Pollinator
Leipzig,29,0.57747837613736,Aglais io,Pollinator
Leipzig,29,0.8063577440862534,Eupeodes corollae,Pollinator
Leipzig,29,0.9977015823646855,Hylaeus punctatus,Pollinator
Leipzig,29,0.30710174419158665,Bombus pascuorum,Pollinator
Leipzig,29,0.15807409970818986,Lucilia sericata,Pollinator
Leipzig,29,0.17977526716319647,Pieris napi,Pollinator
Leipzig,29,0.6695299199722734,Xylocopa violacea,Pollinator
Leipzig,29,0.499662021538155,Sphecodes albilabris,Pollinator
Leipzig,29,0.9020073579437373,Bombus bohemicus,Pollinator
Leipzig,29,0.4567125922874993,Bombus terrestris,Pollinator
Leipzig,29,0.4567125922874993,Philanthus triangulum,Pollinator
Leipzig,29,0.594530359055667,Bombus hypnorum,Pollinator
Leipzig,29,0.5141060124734974,Bombus pratorum,Pollinator
Leipzig,29,0.6063479253860339,Megachile rotundata,Pollinator
Leipzig,33,0.28200485076793474,Centaurea scabiosa,Plant
Leipzig,33,0.8735855750134974,Coristospermum lucidum,Plant
Leipzig,33,0.08960232064053847,Cuphea viscosissima,Plant
Leipzig,33,0.2315030183975029,Echinacea angustifolia,Plant
Leipzig,33,0.3784379109622626,Eriocapitella hupehensis,Plant
Leipzig,33,0.2938252243712737,Erodium manescavi,Plant
Leipzig,33,0.5661214811553796,Lythrum salicaria,Plant
Leipzig,33,0.25221124915844106,Scabiosa ochroleuca,Plant
Leipzig,33,0.6037136869764106,Seseli montanum,Plant
Leipzig,33,0.5121668483361342,Silphium integrifolium,Plant
Leipzig,33,0.32694977275043985,Succisa pratensis,Plant
Leipzig,33,0.6471956176397545,Vitex negundo,Plant
Leipzig,33,0.252605844963814,Cerceris rybyensis,Pollinator
Leipzig,33,0.8196807406846228,Xylocopa violacea,Pollinator
Leipzig,33,0.6211875021273203,Chrysogaster virescens,Pollinator
Leipzig,33,0.44908116145240856,Lucilia sericata,Pollinator
Leipzig,33,0.7006734334582893,Myathropa florea,Pollinator
Leipzig,33,0.5114738188070357,Villa modesta,Pollinator
Leipzig,33,0.5061213241754038,Apis mellifera,Pollinator
Leipzig,33,0.17857446583705622,Bombus terrestris,Pollinator
Leipzig,33,0.5983517368272214,Episyrphus balteatus,Pollinator
Leipzig,33,0.4564237657136259,Bombus pascuorum,Pollinator
Leipzig,33,0.13820029471531223,Bombus campestris,Pollinator
Leipzig,33,0.13820029471531223,Bombus lapidarius,Pollinator
Leipzig,33,0.14592882058724166,Bombus pratorum,Pollinator
Leipzig,33,0.331892955460217,Bombus vestalis,Pollinator
Leipzig,33,0.43190887291826446,Volucella zonaria,Pollinator
Leipzig,14,0.20276425450970378,Helleborus foetidus,Plant
Leipzig,14,0.35043923442905667,Leucanthemum vulgare,Plant
Leipzig,14,0.4207240922795515,Muscari botryoides,Plant
Leipzig,14,0.4425149155306122,Scopolia carniolica,Plant
Leipzig,14,0.913117222854944,Tussilago farfara,Plant
Leipzig,14,0.4700633150460087,Vinca minor,Plant
Leipzig,14,0.6814536775754755,Apis mellifera,Pollinator
Leipzig,14,0.9999999999999999,Lasioglossum laticeps,Pollinator
Leipzig,14,0.5502218314725554,Osmia cornuta,Pollinator
Leipzig,12,0.789653796459286,Helleborus foetidus,Plant
Leipzig,12,0.518376802529001,Lamium hybridum,Plant
Leipzig,12,0.427664534118984,Muscari botryoides,Plant
Leipzig,12,0.23686731816244375,Ribes sanguineum,Plant
Leipzig,12,0.4511612577310361,Scilla luciliae,Plant
Leipzig,12,1,Tussilago farfara,Plant
Leipzig,12,0.5054549637227027,Bombus terrestris,Pollinator
Leipzig,12,0.6965709315428698,Osmia cornuta,Pollinator
Leipzig,12,1,Apis mellifera,Pollinator
Leipzig,12,1,Andrena bicolor,Pollinator
Halle,32,0.8914885563271879,Achillea filipendulina,Plant
Halle,32,0.6637081079537462,Centranthus ruber,Plant
Halle,32,0.786090554256868,Cephalaria uralensis,Plant
Halle,32,0.61420395324774,Clematis integrifolia,Plant
Halle,32,0.2195896597548681,Clematis recta,Plant
Halle,32,0.7476928793377388,Clinopodium nepeta,Plant
Halle,32,0.8396494914677095,Dianthus carthusianorum,Plant
Halle,32,0.774812336468114,Eryngium maritimum,Plant
Halle,32,0.9343102309501348,Ferula assa-foetida,Plant
Halle,32,0.3069701992303967,Fuchsia magellanica,Plant
Halle,32,0.6239267403493016,Lythrum salicaria,Plant
Halle,32,0.6234983701771181,Marrubium peregrinum,Plant
Halle,32,0.44523931882616086,Platycodon grandiflorus,Plant
Halle,32,1,Tanacetum vulgare,Plant
Halle,32,0.19763072899572853,Vincetoxicum hirundinaria,Plant
Halle,32,0.9099895538708539,Andrena minutuloides,Pollinator
Halle,32,0.4356347073981619,Colletes daviesanus,Pollinator
Halle,32,0.23542626501711075,Halictus subauratus,Pollinator
Halle,32,0.25206518874780437,Lucilia sericata,Pollinator
Halle,32,0.5814969351855755,Ancistrocerus gazella,Pollinator
Halle,32,0.5022482898873554,Eristalis tenax,Pollinator
Halle,32,0.8150413423208219,Pieris rapae,Pollinator
Halle,32,0.27319460425125736,Sphaerophoria scripta,Pollinator
Halle,32,0.680729498773669,Syrphus vitripennis,Pollinator
Halle,32,0.5670970386864693,Halictus scabiosae,Pollinator
Halle,32,0.4734280639307113,Pseudovadonia livida,Pollinator
Halle,32,0.371871347058273,Bombus terrestris,Pollinator
Halle,32,0.6326444971336854,Xylocopa violacea,Pollinator
Halle,32,0.6059146713276214,Anthidium manicatum,Pollinator
Halle,32,0.3935484214534135,Apis mellifera,Pollinator
Halle,32,0.2311244196987986,Bombus pascuorum,Pollinator
Halle,32,0.258119574288395,Cylindromyia brevicornis,Pollinator
Halle,32,0.5626227788490744,Lasioglossum politum,Pollinator
Halle,32,0.8793379533447354,Polyommatus icarus,Pollinator
Halle,32,0.8473077415178492,Miltogramma germari,Pollinator
Halle,32,0.5186514286815656,Polistes dominula,Pollinator
Halle,32,0.20766019226698557,Coccinella septempunctata,Pollinator
Halle,32,0.18114360233542712,Gymnosoma clavatum,Pollinator
Halle,32,0.24024764688731676,Harmonia axyridis,Pollinator
Halle,32,0.5605142963959701,Hylaeus communis,Pollinator
Halle,32,0.42319295866538814,Lasioglossum morio,Pollinator
Halle,32,0.4227894956122614,Lasioglossum nitidulum,Pollinator
Halle,32,0.24024764688731676,Myathropa florea,Pollinator
Halle,32,0.38774460513914527,Sarcophaga incisilobata,Pollinator
Halle,32,0.047191574378194795,Sphecodes albilabris,Pollinator
Halle,32,0.047191574378194795,Tachina fera,Pollinator
Halle,32,0.1865931161392059,Vespula germanica,Pollinator
Halle,32,0.5446856875242554,Megachile willughbiella,Pollinator
Halle,32,0.4800847436582465,Melitta nigricans,Pollinator
Halle,32,0.3590183876987437,Bombus lucorum,Pollinator
Halle,32,0.29584811059917104,Bombus rupestris,Pollinator
Halle,32,0.27349077574908975,Bombus vestalis,Pollinator
Halle,32,0.17708262302800226,Coelioxys aurolimbatus,Pollinator
Halle,32,0.2421656244002455,Megachile pilidens,Pollinator
Halle,32,0.12933413730273752,Sphex funerarius,Pollinator
Halle,32,0.6025596028584798,Bombus lapidarius,Pollinator
Halle,32,0.6842323716523491,Coelioxys elongatus,Pollinator
Halle,32,1,Halictus tumulorum,Pollinator
Halle,26,0.5977296310072799,Achillea millefolium,Plant
Halle,26,0,Aconitum lycoctonum,Plant
Halle,26,0.5334606010892956,Allium cernuum,Plant
Halle,26,0.3109758891002129,Asclepias syriaca,Plant
Halle,26,0.22192372140884747,Cylindropuntia imbricata,Plant
Halle,26,0.7381739493837046,Delosperma cooperi,Plant
Halle,26,0.6805579626834125,Gypsophila paniculata,Plant
Halle,26,0.4770544761171313,Hypericum olympicum,Plant
Halle,26,0.3552316718777539,Hypericum perforatum,Plant
Halle,26,0.5909355077290387,Knautia dipsacifolia,Plant
Halle,26,0.686430931646633,Lavandula angustifolia,Plant
Halle,26,0.4952831542252249,Lotus corniculatus,Plant
Halle,26,0.3841300701428639,Malva thuringiaca,Plant
Halle,26,0.11673205156835527,Salvia officinalis,Plant
Halle,26,0.6878638425815198,Salvia sclarea,Plant
Halle,26,0.11673205156835527,Solanum dulcamara,Plant
Halle,26,0.516671156249513,Teucrium scorodonia,Plant
Halle,26,0.7362481192670843,Verbena rigida,Plant
Halle,26,0.10936242579979934,Apis mellifera,Pollinator
Halle,26,0.2223464055293569,Coccinella septempunctata,Pollinator
Halle,26,0.20815740880887576,Colletes daviesanus,Pollinator
Halle,26,0.3071107966085668,Episyrphus balteatus,Pollinator
Halle,26,0.4568482376279215,Eupeodes corollae,Pollinator
Halle,26,0.638587940494801,Halictus scabiosae,Pollinator
Halle,26,0.3566964020228471,Halictus subauratus,Pollinator
Halle,26,0.512858856154141,Lasioglossum politum,Pollinator
Halle,26,0.3531661033784389,Lucilia sericata,Pollinator
Halle,26,0.3850023923788608,Sphaerophoria scripta,Pollinator
Halle,26,0.3639886877158679,Stenurella melanura,Pollinator
Halle,26,0.41986804684048845,Syrphus vitripennis,Pollinator
Halle,26,0.8954430396254638,Bombus lapidarius,Pollinator
Halle,26,0.6557666542260515,Hemipenthes morio,Pollinator
Halle,26,0.4875075045003245,Bombus subterraneus,Pollinator
Halle,26,0.21946480949988728,Scaeva pyrastri,Pollinator
Halle,26,0.7659501456734658,Megachile willughbiella,Pollinator
Halle,26,0.20493110342401402,Cerceris rybyensis,Pollinator
Halle,26,0.11645265774574907,Formica,Pollinator
Halle,26,0.2563556033828022,Philanthus triangulum,Pollinator
Halle,26,0.2888170546530382,Scolia hirta,Pollinator
Halle,26,0.17848057312634638,Sphecodes monilicornis,Pollinator
Halle,26,0.26107248843372755,Sphex funerarius,Pollinator
Halle,26,0.5370215842735535,Bombus terrestris,Pollinator
Halle,26,0.3445830586288997,Bombus pascuorum,Pollinator
Halle,26,0.6110178575170184,Andrena hattorfiana,Pollinator
Halle,26,0.28675053074544704,Maniola jurtina,Pollinator
Halle,26,0.5480807320146436,Oxythyrea funesta,Pollinator
Halle,26,0.24423047230830813,Bombus rupestris,Pollinator
Halle,26,0.43799246308130296,Bombus vestalis,Pollinator
Halle,26,0.26052109120263717,Pieris rapae,Pollinator
Halle,26,0.09928707023603953,Polygonia c-album,Pollinator
Halle,26,0.792188457492708,Anthidium oblongatum,Pollinator
Halle,26,0.9316899559137095,Xylocopa violacea,Pollinator
Halle,26,0.7782389919663107,Anthidium manicatum,Pollinator
Halle,28,0.8127631414431608,Achillea millefolium,Plant
Halle,28,0.6228849304889895,Centranthus ruber,Plant
Halle,28,0.4475687959287257,Clematis integrifolia,Plant
Halle,28,0.7719008212589691,Clematis recta,Plant
Halle,28,0.9875828386793465,Daucus carota,Plant
Halle,28,0.9236275468382565,Dianthus carthusianorum,Plant
Halle,28,0.27525185895174137,Fuchsia magellanica,Plant
Halle,28,0.7236354398087254,Hypericum perforatum,Plant
Halle,28,0.840066246470666,Inula helenium,Plant
Halle,28,0.8006579175758567,Lavandula angustifolia,Plant
Halle,28,0.5948397561088156,Liatris pycnostachya,Plant
Halle,28,1,Lotus corniculatus,Plant
Halle,28,0.39159083712352033,Lythrum salicaria,Plant
Halle,28,0.46757411747233457,Malva thuringiaca,Plant
Halle,28,0.5182765149235496,Marrubium peregrinum,Plant
Halle,28,0.8040202286895385,Origanum vulgare,Plant
Halle,28,0.5142258846853273,Platycodon grandiflorus,Plant
Halle,28,1,Saponaria officinalis,Plant
Halle,28,0.9029942768313204,Tanacetum vulgare,Plant
Halle,28,0.6632117158452252,Vincetoxicum hirundinaria,Plant
Halle,28,0.11410751108870153,Cerceris rybyensis,Pollinator
Halle,28,0.36950136831793234,Entomophaga nigrohalterata,Pollinator
Halle,28,0.5702375807197423,Halictus subauratus,Pollinator
Halle,28,0.345487406748148,Hedychrum nobile,Pollinator
Halle,28,0.26881324769456527,Hylaeus nigritus,Pollinator
Halle,28,0.48841152582036873,Lucilia sericata,Pollinator
Halle,28,0.4130586606524636,Nomada flavoguttata,Pollinator
Halle,28,0.2986340752755098,Prosena siberita,Pollinator
Halle,28,0.23142776253605588,Sphaerophoria scripta,Pollinator
Halle,28,0.3905506768867028,Sphecodes puncticeps,Pollinator
Halle,28,0.36173531649603174,Syritta pipiens,Pollinator
Halle,28,0.8801126606982649,Ancistrocerus gazella,Pollinator
Halle,28,0.8117149368559977,Oedemera lurida,Pollinator
Halle,28,0.5647083578150178,Bombus lapidarius,Pollinator
Halle,28,0.4557315066020391,Bombus pascuorum,Pollinator
Halle,28,0.6454262251585576,Bombus pratorum,Pollinator
Halle,28,0.54512719534805,Bombus terrestris,Pollinator
Halle,28,0.7957374180112414,Megachile willughbiella,Pollinator
Halle,28,0.7547579183588331,Bellardia viarum,Pollinator
Halle,28,0.5660421941735384,Episyrphus balteatus,Pollinator
Halle,28,0.8856241993338869,Lasioglossum laticeps,Pollinator
Halle,28,0.7955161830704404,Ancistrocerus claripennis,Pollinator
Halle,28,0.9613023145448937,Pollenia pediculata,Pollinator
Halle,28,0.4405378062357456,Andrena flavipes,Pollinator
Halle,28,0.845639171413197,Gonepteryx rhamni,Pollinator
Halle,28,0.9237718239543323,Macroglossum stellatarum,Pollinator
Halle,28,0.6496871353467332,Maniola jurtina,Pollinator
Halle,28,0.4191060030995464,Bombus vestalis,Pollinator
Halle,28,0.9226347369323936,Lasioglossum politum,Pollinator
Halle,28,0.9093194872999627,Aglais io,Pollinator
Halle,28,0.8648407636739164,Bombus rupestris,Pollinator
Halle,28,0.17765702884813808,Eupeodes corollae,Pollinator
Halle,28,0.15447284255555407,Pieris rapae,Pollinator
Halle,28,0.24255090719292233,Thyreus orbatus,Pollinator
Halle,28,0.7543251732110494,Anthidium oblongatum,Pollinator
Halle,28,0.9851312413678759,Megachile pilidens,Pollinator
Halle,28,0.7243769343492461,Anthomyia procellaris,Pollinator
Halle,28,0.6617479922128591,Coccinella septempunctata,Pollinator
Halle,28,0.8476950452907434,Oxythyrea funesta,Pollinator
Halle,28,0.5876537734546425,Bombus hypnorum,Pollinator
Halle,28,0.4869197119711398,Bombus lucorum,Pollinator
Halle,28,0.3092120864538193,Megachile rotundata,Pollinator
Halle,28,0.31266514875926293,Ammophila sabulosa,Pollinator
Halle,28,0.12914646847783323,Apis mellifera,Pollinator
Halle,28,0.4037501734047476,Halictus scabiosae,Pollinator
Halle,28,0.1682255480983379,Lasioglossum nitidulum,Pollinator
Halle,28,0.1682255480983379,Megachile centuncularis,Pollinator
Halle,28,0.1014463884885507,Nowickia ferox,Pollinator
Halle,28,0.5179296886686451,Scolia hirta,Pollinator
Halle,28,0.4562808463627324,Sphecodes albilabris,Pollinator
Halle,28,0.5898942327950193,Chelostoma rapunculi,Pollinator
Halle,28,0.5898942327950193,Lasioglossum morio,Pollinator
Halle,28,1,Xylocopa violacea,Pollinator
Halle,28,0.6907687374696627,Colletes daviesanus,Pollinator
Halle,28,0.854790235333265,Litophasia hyalipennis,Pollinator
Halle,29,0.6316588862130266,Achillea millefolium,Plant
Halle,29,0.7125860095633119,Centaurea cyanus,Plant
Halle,29,0.9345575892500483,Centranthus ruber,Plant
Halle,29,0.7800352982739899,Clematis integrifolia,Plant
Halle,29,0.25252736057054304,Clematis recta,Plant
Halle,29,0.8843212494842451,Dianthus carthusianorum,Plant
Halle,29,0.422859053958807,Fuchsia magellanica,Plant
Halle,29,0.7784762655856019,Lavandula angustifolia,Plant
Halle,29,0.9788337866167118,Lythrum salicaria,Plant
Halle,29,0.9378985674396769,Marrubium peregrinum,Plant
Halle,29,0.7063369565274341,Monarda citriodora,Plant
Halle,29,0.9595776165028276,Origanum vulgare,Plant
Halle,29,0.9512551878089656,Platycodon grandiflorus,Plant
Halle,29,0.6272315266061318,Rudbeckia laciniata,Plant
Halle,29,0.8539090371140373,Seseli gummiferum,Plant
Halle,29,0.8255473753362639,Tanacetum vulgare,Plant
Halle,29,0.7900244012963668,Vincetoxicum hirundinaria,Plant
Halle,29,0.20824298525143384,Cerceris rybyensis,Pollinator
Halle,29,0.6467120645030769,Colletes daviesanus,Pollinator
Halle,29,0.3279725288164534,Dinetus pictus,Pollinator
Halle,29,0.18347887223221965,Eristalis pertinax,Pollinator
Halle,29,0.2660201609201398,Hylaeus nigritus,Pollinator
Halle,29,0.37662184595637843,Lasioglossum politum,Pollinator
Halle,29,0.5795337328031982,Litophasia hyalipennis,Pollinator
Halle,29,0.4585778450060626,Lucilia sericata,Pollinator
Halle,29,0.26650618490052713,Miltogramma punctata,Pollinator
Halle,29,0.353777649964511,Sapygina decemguttata,Pollinator
Halle,29,0.757266538531416,Andrena flavipes,Pollinator
Halle,29,0.6038661977925948,Andrena pilipes,Pollinator
Halle,29,0.5906112137492561,Apis mellifera,Pollinator
Halle,29,0.8409508008912784,Bombus lapidarius,Pollinator
Halle,29,0.8982760367294846,Bombus terrestris,Pollinator
Halle,29,0.685618681875537,Megachile maritima,Pollinator
Halle,29,0.5264134698113379,Xylocopa violacea,Pollinator
Halle,29,0.7313268670065471,Halictus subauratus,Pollinator
Halle,29,0.34533838847504156,Lasioglossum laticeps,Pollinator
Halle,29,0.2986569421934262,Pieris napi,Pollinator
Halle,29,0.9236721128411612,Pieris rapae,Pollinator
Halle,29,0.8309510441940106,Sarcophaga subvicina,Pollinator
Halle,29,0.3164223725647238,Vespula germanica,Pollinator
Halle,29,0.6205980837353628,Bombus pascuorum,Pollinator
Halle,29,0.759672416973853,Heriades truncorum,Pollinator
Halle,29,0.8913675679861953,Trichopsomyia flavitarsis,Pollinator
Halle,29,0.6697443146789726,Bombus vestalis,Pollinator
Halle,29,0.6531372393583318,Bombus lucorum,Pollinator
Halle,29,0.3033888360914256,Coelioxys aurolimbatus,Pollinator
Halle,29,0.6004428885970156,Halictus scabiosae,Pollinator
Halle,29,0.7798284787997853,Megachile willughbiella,Pollinator
Halle,29,0.4524463837610164,Ammophila sabulosa,Pollinator
Halle,29,0.5786416305310929,Lasioglossum calceatum,Pollinator
Halle,29,0.20045594733137678,Merziella longirostris,Pollinator
Halle,29,0.21742511106728218,Nomada fulvicornis,Pollinator
Halle,29,0.08752692836434328,Physocephala rufipes,Pollinator
Halle,29,0.22947168542395072,Scolia hirta,Pollinator
Halle,29,0.08752692836434328,Sphaerophoria scripta,Pollinator
Halle,29,0.44475081990310966,Sphecodes albilabris,Pollinator
Halle,29,0.436302704847964,Sphex funerarius,Pollinator
Halle,29,0.3636836743493806,Andrena bicolor,Pollinator
Halle,29,0.6679302737932493,Chelostoma rapunculi,Pollinator
Halle,29,0.809555548778043,Lasioglossum nitidulum,Pollinator
Halle,29,0.6536548642266059,Bombus rupestris,Pollinator
Halle,29,0.5585898448374444,Episyrphus balteatus,Pollinator
Halle,29,0.7317496334714051,Philanthus triangulum,Pollinator
Halle,29,0.6980377667030513,Oedemera podagrariae,Pollinator
Halle,29,0.7416935432895606,Tachina nupta,Pollinator
Halle,27,0.9836448220504387,Achillea millefolium,Plant
Halle,27,0.6803369758698828,Clematis integrifolia,Plant
Halle,27,0.8093528036148131,Clematis recta,Plant
Halle,27,0.8106121395671579,Dianthus carthusianorum,Plant
Halle,27,0.8199691953608855,Eryngium planum,Plant
Halle,27,0.7514309924734066,Eschscholzia californica,Plant
Halle,27,0.399041331149693,Fuchsia magellanica,Plant
Halle,27,0.43928797732900016,Galega officinalis,Plant
Halle,27,0.9712846725728409,Hemerocallis fulva,Plant
Halle,27,0.6830322721051293,Hypericum perforatum,Plant
Halle,27,0.8849941547665265,Lavandula angustifolia,Plant
Halle,27,0.5489683554181524,Limonium sinuatum,Plant
Halle,27,0.9409343177309196,Lotus corniculatus,Plant
Halle,27,0.9109287971081963,Melilotus albus,Plant
Halle,27,0.9300360987449245,Phedimus kamtschaticus,Plant
Halle,27,0.8115444854480856,Platycodon grandiflorus,Plant
Halle,27,0.6297759398496214,Coccinella septempunctata,Pollinator
Halle,27,0.7394629929908864,Colletes daviesanus,Pollinator
Halle,27,0.6182156886918436,Episyrphus balteatus,Pollinator
Halle,27,0.6860843112965657,Eristalis tenax,Pollinator
Halle,27,0.7024701296485543,Halictus subauratus,Pollinator
Halle,27,0.766234928162651,Hylaeus nigritus,Pollinator
Halle,27,0.7526245723231495,Lasioglossum pauxillum,Pollinator
Halle,27,0.6860843112965657,Megachile ericetorum,Pollinator
Halle,27,0.6297759398496214,Polygonia c-album,Pollinator
Halle,27,0.5289721125816171,Pseudovadonia livida,Pollinator
Halle,27,0.593856917219364,Sphaerophoria scripta,Pollinator
Halle,27,0.6788133822377185,Syrphus vitripennis,Pollinator
Halle,27,0.5820092277393237,Trichius gallicus,Pollinator
Halle,27,0.7180482400080955,Apis mellifera,Pollinator
Halle,27,0.030674163250801956,Bombus pascuorum,Pollinator
Halle,27,0.8086395731162381,Bombus terrestris,Pollinator
Halle,27,0.9459594425417023,Lasioglossum nitidulum,Pollinator
Halle,27,0.7946136215240721,Eupeodes corollae,Pollinator
Halle,27,0.8083972687271495,Lasioglossum politum,Pollinator
Halle,27,0.8324003640952242,Lucilia sericata,Pollinator
Halle,27,0.7028378931919665,Chelostoma rapunculi,Pollinator
Halle,27,0.8752303231640467,Hylaeus gredleri,Pollinator
Halle,27,0.5578089010962617,Maniola jurtina,Pollinator
Halle,27,0.7857696658458587,Oedemera podagrariae,Pollinator
Halle,27,0.7857696658458587,Sphecodes pellucidus,Pollinator
Halle,27,0.8399369983996621,Valgus hemipterus,Pollinator
Halle,27,0.8680838284572054,Anthidium manicatum,Pollinator
Halle,27,0.24660731232488867,Anthophora quadrimaculata,Pollinator
Halle,27,0.014387319507435672,Bombus rupestris,Pollinator
Halle,27,0.09102325436356265,Bombus vestalis,Pollinator
Halle,27,0,Myathropa florea,Pollinator
Halle,27,0,Pieris napi,Pollinator
Halle,27,0.828517647820447,Lasioglossum morio,Pollinator
Halle,27,0.8914685688804919,Anthidium oblongatum,Pollinator
Halle,27,0.8656596513447222,Andrena flavipes,Pollinator
Halle,27,0.5432205466345008,Cerceris rybyensis,Pollinator
Halle,27,0.8673026276332929,Coelioxys afra,Pollinator
Halle,27,0.7402086405403444,Bombus lapidarius,Pollinator
Halle,27,0.500361343773769,Sicus ferrugineus,Pollinator
Halle,27,0.8096617880253312,Megachile willughbiella,Pollinator
Halle,31,0.8278477101140351,Achillea millefolium,Plant
Halle,31,0.4197385743521023,Centranthus ruber,Plant
Halle,31,0.22036230508008134,Clematis integrifolia,Plant
Halle,31,0.2670231404638511,Clematis recta,Plant
Halle,31,0.352221899250856,Dianthus carthusianorum,Plant
Halle,31,0.8944878134985953,Eryngium caeruleum,Plant
Halle,31,0.3692415674242116,Fuchsia magellanica,Plant
Halle,31,0.6554265583482123,Helianthemum nummularium,Plant
Halle,31,0.9416563684439169,Impatiens glandulifera,Plant
Halle,31,0.7230492257140266,Limonium gmelini,Plant
Halle,31,0.8124240502794756,Lythrum salicaria,Plant
Halle,31,0.5594847031226412,Malva thuringiaca,Plant
Halle,31,0.6684979177708871,Origanum vulgare,Plant
Halle,31,0.6876263608982367,Platycodon grandiflorus,Plant
Halle,31,0.058531306900168334,Saponaria officinalis,Plant
Halle,31,0.7205422930649256,Satureja montana,Plant
Halle,31,0.3748430062180441,Scutellaria baicalensis,Plant
Halle,31,0.5399767706305298,Tagetes,Plant
Halle,31,0.9442317184849353,Tanacetum vulgare,Plant
Halle,31,0.6352301416217923,Vincetoxicum hirundinaria,Plant
Halle,31,0.9595254763072634,Hedychrum gerstaeckeri,Pollinator
Halle,31,0.11145686353759528,Lucilia sericata,Pollinator
Halle,31,0.33773930833390964,Apis mellifera,Pollinator
Halle,31,0.4422949262216576,Episyrphus balteatus,Pollinator
Halle,31,0.15784733162760092,Lasioglossum morio,Pollinator
Halle,31,0.7869594916751846,Pieris rapae,Pollinator
Halle,31,0.18491245548092475,Bombus lapidarius,Pollinator
Halle,31,0.8797710508854052,Bombus pascuorum,Pollinator
Halle,31,0.6158474436413458,Coccinella septempunctata,Pollinator
Halle,31,0.44900961069376427,Xylocopa violacea,Pollinator
Halle,31,0.07589560545406361,Cerceris rybyensis,Pollinator
Halle,31,0.3278407673386575,Halictus subauratus,Pollinator
Halle,31,0.6998990023557777,Hylaeus punctatus,Pollinator
Halle,31,0.2578673447778369,Myathropa florea,Pollinator
Halle,31,0.22501691618716194,Polistes dominula,Pollinator
Halle,31,0.49967764363366846,Scolia hirta,Pollinator
Halle,31,0.09933738571814407,Sphaerophoria scripta,Pollinator
Halle,31,0.5996293572349378,Sphecodes ferruginatus,Pollinator
Halle,31,0.09933738571814407,Vespa crabro,Pollinator
Halle,31,0.2627553418467754,Megachile willughbiella,Pollinator
Halle,31,0.44417220900545873,Anthophora furcata,Pollinator
Halle,31,0.44417220900545873,Lasioglossum calceatum,Pollinator
Halle,31,0.6113796413213067,Maniola jurtina,Pollinator
Halle,31,0.875706155667962,Melitta nigricans,Pollinator
Halle,31,0.25542313824638635,Sphex funerarius,Pollinator
Halle,31,0.5353532647993725,Anthidium manicatum,Pollinator
Halle,31,0.1957533269951525,Bombus terrestris,Pollinator
Halle,31,0.6739017281285953,Oxythyrea funesta,Pollinator
Halle,31,0.8566386302877006,Pyrrhocoris apterus,Pollinator
Halle,31,0.35513100216279725,Syritta pipiens,Pollinator
Halle,31,0.8817028014370669,Chelostoma rapunculi,Pollinator
Halle,31,0.44683717840647286,Halictus scabiosae,Pollinator
Halle,31,0.6951403729225929,Lasioglossum leucozonium,Pollinator
Halle,31,0.1884814565772782,Bombus hypnorum,Pollinator
Halle,31,0.2628825355376823,Bombus lucorum,Pollinator
Halle,31,0.10150014574545836,Bombus rupestris,Pollinator
Halle,31,0.0983806053433757,Sarcophaga subvicina,Pollinator
Halle,31,0.17207706342209597,Sphecodes albilabris,Pollinator
Halle,31,0.886431089311504,Colletes daviesanus,Pollinator
Halle,31,0.3769573791159933,Philanthus triangulum,Pollinator
Halle,31,0.8922303234937536,Crossocerus podagricus,Pollinator
Halle,24,0.9999999999999999,Aconitum lycoctonum,Plant
Halle,24,0.13257350800669815,Asparagus oligoclonos,Plant
Halle,24,1,Astragalus alopecurus,Plant
Halle,24,0.36185235214216427,Centranthus ruber,Plant
Halle,24,0.6121247161366948,Cistus salviifolius,Plant
Halle,24,1,Gratiola officinalis,Plant
Halle,24,0.24760338752063699,Helianthemum nummularium,Plant
Halle,24,0.3228253293009091,Hypericum olympicum,Plant
Halle,24,0.7173165090733123,Hypochaeris radicata,Plant
Halle,24,1,Leucanthemum vulgare,Plant
Halle,24,0.6049820784167775,Oenothera odorata,Plant
Halle,24,0.5447583040019531,Phacelia congesta,Plant
Halle,24,0.2881398548199908,Prunella grandiflora,Plant
Halle,24,0.7798086684029174,Salvia officinalis,Plant
Halle,24,0.4694199325658086,Solanum dulcamara,Plant
Halle,24,0.9885714191651235,Trifolium rubens,Plant
Halle,24,0.9999999999999999,Bombus hortorum,Pollinator
Halle,24,0.6973802789615235,Bombus terrestris,Pollinator
Halle,24,1,Anthophora aestivalis,Pollinator
Halle,24,0.5083135733420071,Anthophora quadrimaculata,Pollinator
Halle,24,0.40372843773398104,Apis mellifera,Pollinator
Halle,24,0.5178773754001536,Episyrphus balteatus,Pollinator
Halle,24,0.3378206359048042,Hoplitis adunca,Pollinator
Halle,24,0.4126200674033232,Halictus scabiosae,Pollinator
Halle,24,0.2958487577767928,Xylocopa violacea,Pollinator
Halle,24,1,Eupeodes corollae,Pollinator
Halle,24,0.7586189169745944,Lasioglossum villosulum,Pollinator
Halle,24,0.677677658735038,Megachile pilidens,Pollinator
Halle,24,0.7238053976312742,Anthrenus verbasci,Pollinator
Halle,24,0.9582459848208709,Colletes daviesanus,Pollinator
Halle,24,0.746737495760826,Megachile ericetorum,Pollinator
Halle,24,0.8657630945076921,Osmia caerulescens,Pollinator
Halle,24,1,Bombus pascuorum,Pollinator
Halle,25,1,Aconitum lycoctonum,Plant
Halle,25,0.369617251231925,Allium cernuum,Plant
Halle,25,0.7444610203191062,Ballota nigra,Plant
Halle,25,0.7128622072939922,Betonica officinalis,Plant
Halle,25,0.22555138705954345,Centranthus ruber,Plant
Halle,25,0.7892435234868229,Galega officinalis,Plant
Halle,25,0.37899862772151066,Helianthemum nummularium,Plant
Halle,25,0.5716711189696149,Hypericum olympicum,Plant
Halle,25,0.806180985258761,Knautia dipsacifolia,Plant
Halle,25,0.5128813373289429,Lavandula angustifolia,Plant
Halle,25,0.9503647727014486,Lotus corniculatus,Plant
Halle,25,0.6411768294468466,Penstemon hartwegii,Plant
Halle,25,0.5226309366498549,Salvia sclarea,Plant
Halle,25,0.27698825809702604,Solanum dulcamara,Plant
Halle,25,0.5160635527552232,Stachys byzantina,Plant
Halle,25,0.5163654336522459,Thalictrum flavum,Plant
Halle,25,1,Bombus hortorum,Pollinator
Halle,25,0.28182833651038913,Apis mellifera,Pollinator
Halle,25,0.09629995129055634,Episyrphus balteatus,Pollinator
Halle,25,0.747312479806768,Megachile willughbiella,Pollinator
Halle,25,0.8871071636352719,Anthidium manicatum,Pollinator
Halle,25,0.3201503142239446,Sphaerophoria scripta,Pollinator
Halle,25,0.7674533361794852,Bombus pascuorum,Pollinator
Halle,25,0.3928218267490941,Andrena pilipes,Pollinator
Halle,25,0.6836226828705259,Anthophora quadrimaculata,Pollinator
Halle,25,0.2973312454126862,Bombus terrestris,Pollinator
Halle,25,0.5595990725471138,Lasioglossum pauxillum,Pollinator
Halle,25,0.16975819626062177,Oedemera femorata,Pollinator
Halle,25,0.12944167540665927,Ancistrocerus nigricornis,Pollinator
Halle,25,0.23690326099163547,Andrena flavipes,Pollinator
Halle,25,0.042512825403617366,Anthaxia nitidula,Pollinator
Halle,25,0.13866108449238504,Eupeodes corollae,Pollinator
Halle,25,0.38837597031522036,Lasioglossum laticeps,Pollinator
Halle,25,0.37635057534275934,Lasioglossum politum,Pollinator
Halle,25,0.9331037612862378,Andrena hattorfiana,Pollinator
Halle,25,0.2295277274254545,Maniola jurtina,Pollinator
Halle,25,0.38379502792272385,Oxythyrea funesta,Pollinator
Halle,25,0.2335595736878436,Megachile ericetorum,Pollinator
Halle,25,0.07923984883681393,Pieris rapae,Pollinator
Halle,25,0.9873001382580835,Megachile pilidens,Pollinator
Halle,25,0.7986640896644414,Osmia caerulescens,Pollinator
Halle,25,0.874200865348428,Xylocopa violacea,Pollinator
Halle,18,0.13319440516643977,Aegonychon purpurocaeruleum,Plant
Halle,18,0.6264115853884992,Allium ursinum,Plant
Halle,18,0.6138985999042993,Alyssum saxatile,Plant
Halle,18,0.6717592053748037,Aubrieta deltoidea,Plant
Halle,18,0.8527385633017339,Barbarea vulgaris,Plant
Halle,18,0.5187086010193457,Cotoneaster adpressus,Plant
Halle,18,0.7071489571813161,Erodium cicutarium,Plant
Halle,18,0.9819651203474996,Iberis sempervirens,Plant
Halle,18,0.2727453744542409,Lamium album,Plant
Halle,18,0.9802589672208983,Lathyrus vernus,Plant
Halle,18,0.17377146401747728,Nepeta clarkei,Plant
Halle,18,0.22723961530366651,Paeonia officinalis,Plant
Halle,18,1,Polygonum bistorta,Plant
Halle,18,0.3619842972119729,Primula denticulata,Plant
Halle,18,1.0000000000000002,Ranunculus bulbosus,Plant
Halle,18,0.5242266296798591,Viscaria vulgaris,Plant
Halle,18,0.8377936064697011,Anthophora plumipes,Pollinator
Halle,18,0.5331493728411699,Bombylius major,Pollinator
Halle,18,0.4237159914137673,Osmia bicornis,Pollinator
Halle,18,0.7770858466018978,Anthrenus scrophulariae,Pollinator
Halle,18,0.7309189874462039,Lucilia sericata,Pollinator
Halle,18,0.6850023809228918,Anthocharis cardamines,Pollinator
Halle,18,0.7217225478748238,Bombylius venosus,Pollinator
Halle,18,0.9747469706323516,Apis mellifera,Pollinator
Halle,18,0.8331171152713477,Eucera nigrescens,Pollinator
Halle,18,0.2259201879229539,Osmia brevicornis,Pollinator
Halle,18,0.5860610852672256,Sphecodes albilabris,Pollinator
Halle,18,0.8879175493970751,Cetonia aurata,Pollinator
Halle,18,0.46810835407671053,Tropinota hirta,Pollinator
Halle,18,0.46810835407671053,Valgus hemipterus,Pollinator
Halle,18,0.5752643896574375,Bombus pascuorum,Pollinator
Halle,18,0.5429631878800778,Osmia caerulescens,Pollinator
Halle,18,0.6799244217229674,Anthophora aestivalis,Pollinator
Halle,18,1,Pyrrhocoris apterus,Pollinator
Halle,18,0.5860610852672256,Malachius bipustulatus,Pollinator
Halle,18,0.9818201294132212,Oxythyrea funesta,Pollinator
Halle,19,0.14279639827136134,Aegonychon purpurocaeruleum,Plant
Halle,19,0.9725869338686219,Anthriscus sylvestris,Plant
Halle,19,0.9271593826914396,Aubrieta deltoidea,Plant
Halle,19,0.7788350345850571,Chelidonium majus,Plant
Halle,19,0.9186902243735343,Genista hispanica,Plant
Halle,19,0.8837152361934829,Geum rivale,Plant
Halle,19,0.8817307774826907,Iberis sempervirens,Plant
Halle,19,0.15114494516763716,Lamium album,Plant
Halle,19,0.08559713654519072,Lamium orvala,Plant
Halle,19,0.28643307252426875,Lathyrus vernus,Plant
Halle,19,0.1174840903136458,Nepeta clarkei,Plant
Halle,19,0.11427933882442028,Paeonia daurica,Plant
Halle,19,0.38945623945792707,Pentaglottis sempervirens,Plant
Halle,19,1.0000000000000002,Ranunculus bulbosus,Plant
Halle,19,0.6526801152371938,Viscaria vulgaris,Plant
Halle,19,0.8251026157576641,Anthophora plumipes,Pollinator
Halle,19,0.7905596968021573,Cetonia aurata,Pollinator
Halle,19,0.9080217962822137,Valgus hemipterus,Pollinator
Halle,19,0.6101555772625965,Anthocharis cardamines,Pollinator
Halle,19,0.8450356245581936,Bombylius major,Pollinator
Halle,19,0.8516761182008072,Apis mellifera,Pollinator
Halle,19,0.08305268215527165,Bombylius venosus,Pollinator
Halle,19,0.7196554867706692,Halictus tumulorum,Pollinator
Halle,19,0.6517620429471419,Bombus lapidarius,Pollinator
Halle,19,0.7507840184684335,Bombus terrestris,Pollinator
Halle,19,0.7312941200545102,Osmia cornuta,Pollinator
Halle,19,0.8772015196641021,Lucilia sericata,Pollinator
Halle,19,0.3960083473361519,Eucera nigrescens,Pollinator
Halle,19,0.3960083473361519,Melecta albifrons,Pollinator
Halle,19,0.5016923514162553,Osmia bicornis,Pollinator
Halle,19,0.9886209515700349,Chelostoma florisomne,Pollinator
Halle,19,0.4927532256730477,Oxythyrea funesta,Pollinator
Halle,33,0.7515155364230094,Allium tuberosum,Plant
Halle,33,0.6325730852304892,Allium turkestanicum,Plant
Halle,33,0.7033695180645415,Centranthus ruber,Plant
Halle,33,0.5210087050304618,Cephalaria uralensis,Plant
Halle,33,0,Clematis integrifolia,Plant
Halle,33,0.14010513567344474,Clematis recta,Plant
Halle,33,0.6376048828785941,Cosmos sulphureus,Plant
Halle,33,0.10462148702597945,Dianthus carthusianorum,Plant
Halle,33,0.757973338932934,Foeniculum vulgare,Plant
Halle,33,0.5089574406487011,Helianthemum nummularium,Plant
Halle,33,0.06808521077717217,Lotus corniculatus,Plant
Halle,33,0.745393140304802,Lythrum salicaria,Plant
Halle,33,0.9057314160006623,Melilotus albus,Plant
Halle,33,0.14010513567344474,Saponaria officinalis,Plant
Halle,33,0.4810186111794026,Satureja montana,Plant
Halle,33,0.9439125811125048,Solanum dulcamara,Plant
Halle,33,0.6688509597749972,Succisella inflexa,Plant
Halle,33,0.38445169117182015,Vincetoxicum hirundinaria,Plant
Halle,33,0.5986031526916833,Zinnia elegans,Plant
Halle,33,0.28781025047076886,Ancistrocerus gazella,Pollinator
Halle,33,0.3748288083900413,Bellardia vulgaris,Pollinator
Halle,33,0.6379055925378289,Hylaeus communis,Pollinator
Halle,33,0.32256385718989394,Lasioglossum laticeps,Pollinator
Halle,33,0.304247993578885,Lucilia sericata,Pollinator
Halle,33,0.22123524134973374,Myathropa florea,Pollinator
Halle,33,0.32256385718989394,Nowickia ferox,Pollinator
Halle,33,0.3167990058792561,Scolia hirta,Pollinator
Halle,33,0.29078805502267147,Bombus lucorum,Pollinator
Halle,33,0.5349762123763881,Bombus terrestris,Pollinator
Halle,33,0.5872566351344187,Bombus vestalis,Pollinator
Halle,33,0.43615541075879716,Cerceris rybyensis,Pollinator
Halle,33,0.5140585504314632,Halictus scabiosae,Pollinator
Halle,33,0.5355718201467589,Sphecodes albilabris,Pollinator
Halle,33,0.8344783235238622,Apis mellifera,Pollinator
Halle,33,0.6012580073064149,Pieris rapae,Pollinator
Halle,33,0.5135097223807273,Sphaerophoria scripta,Pollinator
Halle,33,0.7672380482037142,Tachina fera,Pollinator
Halle,33,0.8152607989534966,Xylocopa violacea,Pollinator
Halle,33,0.46292510344572163,Oxythyrea funesta,Pollinator
Halle,33,0.5743941481813288,Bombus lapidarius,Pollinator
Halle,33,0.48542040652743357,Megachile lagopoda,Pollinator
Halle,33,0.19477695610147067,Coccinella septempunctata,Pollinator
Halle,33,0.17472745611435872,Cylindromyia brevicornis,Pollinator
Halle,33,0.33611006549633227,Graphomya maculata,Pollinator
Halle,33,0.4839888398157373,Miltogramma punctata,Pollinator
Halle,33,0.4265185034711257,Polistes dominula,Pollinator
Halle,33,0.4839888398157373,Sarcophaga subvicina,Pollinator
Halle,33,0.34534956166450326,Tiphia femorata,Pollinator
Halle,33,0.9176745654156476,Colletes hederae,Pollinator
Halle,33,0.8062745608842838,Bombus pascuorum,Pollinator
Halle,33,0.7691100292462328,Lasioglossum fulvicorne,Pollinator
Halle,33,0.5707698650137277,Pieris napi,Pollinator
Halle,34,0.5194064145145663,Allium tuberosum,Plant
Halle,34,0.6816040662934566,Centranthus ruber,Plant
Halle,34,0,Clematis recta,Plant
Halle,34,0.8211491362019402,Clinopodium nepeta,Plant
Halle,34,0.8946460147783397,Cosmos sulphureus,Plant
Halle,34,0.3096350832167354,Fuchsia magellanica,Plant
Halle,34,0.8366643875914844,Lythrum salicaria,Plant
Halle,34,0.41863402035301533,Moricandia arvensis,Plant
Halle,34,0.8824239348032479,Reseda alba,Plant
Halle,34,0.9487803273381792,Reseda odorata,Plant
Halle,34,0.7283368260230045,Satureja montana,Plant
Halle,34,0.6564725360242908,Tagetes erecta,Plant
Halle,34,0.20904304333814852,Vincetoxicum hirundinaria,Plant
Halle,34,0.5556780118891947,Zinnia elegans,Plant
Halle,34,0.6658578107766084,NA,Plant
Halle,34,0.50936377081061,Colletes daviesanus,Pollinator
Halle,34,0.3385638846171205,Lucilia sericata,Pollinator
Halle,34,0.3666623644055412,Sphecodes albilabris,Pollinator
Halle,34,0.2152584388801215,Coccinella septempunctata,Pollinator
Halle,34,0.4194363737905737,Myathropa florea,Pollinator
Halle,34,0.7750543223078048,Sphaerophoria scripta,Pollinator
Halle,34,0.7505226554574265,Anthidium oblongatum,Pollinator
Halle,34,0.8187119741115221,Apis mellifera,Pollinator
Halle,34,0.94738542553044,Halictus scabiosae,Pollinator
Halle,34,0.386618592361155,Lasioglossum calceatum,Pollinator
Halle,34,0.5278348591435689,Pieris napi,Pollinator
Halle,34,0.8721705862063251,Hylaeus communis,Pollinator
Halle,34,0.9283667100477656,Lasioglossum politum,Pollinator
Halle,34,0.6523815117449515,Colletes hederae,Pollinator
Halle,34,0.7171035318275938,Bombus terrestris,Pollinator
Halle,34,0.3491379146873725,Bombus vestalis,Pollinator
Halle,34,0.3491379146873725,Hylaeus punctatus,Pollinator
Halle,34,0.44749721456593605,Pieris rapae,Pollinator
Halle,34,0.42905277652479495,Scolia hirta,Pollinator
Halle,34,0.37173699489922496,Sphex funerarius,Pollinator
Halle,34,0.8168583635328858,Bombus lapidarius,Pollinator
Halle,34,0.5928204350047781,Episyrphus balteatus,Pollinator
Halle,34,0.3496489367959985,Polygonia c-album,Pollinator
Halle,34,0.7543317752740973,Xylocopa violacea,Pollinator
Halle,34,0.14304361083108627,Andrena minutuloides,Pollinator
Halle,34,0.22516710709782295,Graphomya maculata,Pollinator
Halle,34,0.07709327106331695,Miltogramma punctata,Pollinator
Halle,34,0.39991758176284115,Sarcophaga subvicina,Pollinator
Halle,34,0.16988903807440425,Tiphia femorata,Pollinator
Halle,15,0.4667021185229662,Arabis alpina,Plant
Halle,15,1,Bellis perennis,Plant
Halle,15,0.3433741937677131,Corydalis cava,Plant
Halle,15,0.6879037939473479,Iberis sempervirens,Plant
Halle,15,0.07003931488191034,Lathyrus vernus,Plant
Halle,15,0.649585556265174,Muscari armeniacum,Plant
Halle,15,0.13305731496032233,Ornithogalum nutans,Plant
Halle,15,0.7082956425302706,Pieris japonica,Plant
Halle,15,0.3538537902700363,Primula veris,Plant
Halle,15,0.5893757070735208,Primula vulgaris,Plant
Halle,15,0.26093714731253814,Pulmonaria mollis,Plant
Halle,15,0,Ranunculus ficaria,Plant
Halle,15,0.360220486112166,Scopolia carniolica,Plant
Halle,15,0.4100781854928711,Taraxacum officinale,Plant
Halle,15,0.6134923954807435,Anthophora plumipes,Pollinator
Halle,15,0.6730128743665826,Bombylius major,Pollinator
Halle,15,1,Andrena flavipes,Pollinator
Halle,15,0.4723343736553596,Xylocopa violacea,Pollinator
Halle,15,0.4355376805366874,Eristalis tenax,Pollinator
Halle,15,0.21239034303474383,Eurychaeta palpalis,Pollinator
Halle,15,0.5376505173114591,Nomada lathburiana,Pollinator
Halle,15,0.7993259897569505,Osmia cornuta,Pollinator
Halle,15,0.4355376805366874,Pollenia amentaria,Pollinator
Halle,15,0.7396292005296731,Apis mellifera,Pollinator
Halle,15,0,Bombus lapidarius,Pollinator
Halle,15,0,Dolichovespula saxonica,Pollinator
Halle,15,0.7656562768116426,Andrena bicolor,Pollinator
Halle,15,0.41148094458851686,Bombylius discolor,Pollinator
Halle,17,0.38588543053541874,Aubrieta olympica,Plant
Halle,17,0.16310424435018947,Aubrieta parviflora,Plant
Halle,17,0.1867373755399064,Fragaria vesca,Plant
Halle,17,0.7256591046683789,Geum rivale,Plant
Halle,17,0.6740682967826382,Hippocrepis emerus,Plant
Halle,17,0.7261836566004127,Iberis sempervirens,Plant
Halle,17,0.6100718494403358,Lamium album,Plant
Halle,17,0.5052844027546046,Lamium purpureum,Plant
Halle,17,0.7223167604877978,Lathyrus vernus,Plant
Halle,17,0.23400283743657718,Potentilla montana,Plant
Halle,17,0.3741229108487738,Primula veris,Plant
Halle,17,0.19046138059458576,Pulmonaria mollis,Plant
Halle,17,0.5513328951260698,Ranunculus lanuginosus,Plant
Halle,17,0.21647697815335437,Taraxacum officinale,Plant
Halle,17,0.0373537842269113,Viscaria vulgaris,Plant
Halle,17,0.3483239599929233,Apis mellifera,Pollinator
Halle,17,0.6447549616111009,Bombylius major,Pollinator
Halle,17,0.512979257223046,Anthophora plumipes,Pollinator
Halle,17,0.7489889695409884,Bombus pascuorum,Pollinator
Halle,17,0.5604293343311887,Xylocopa violacea,Pollinator
Halle,17,0.5340612601305926,Andrena minutula,Pollinator
Halle,17,0.4848378555631088,Bombus terrestris,Pollinator
Halle,17,0.04819024650642373,Cetonia aurata,Pollinator
Halle,17,0.5046567475263631,Lucilia sericata,Pollinator
Halle,17,0.6013452116487675,Osmia cornuta,Pollinator
Halle,17,0.6360883276359061,Osmia bicornis,Pollinator
Halle,17,0.5077846590242029,Syrphus vitripennis,Pollinator
Halle,17,0.3586924659117899,Bombylius discolor,Pollinator
Halle,21,0.973309810364033,Aubrieta pinardii,Plant
Halle,21,0.38149969334605005,Chelidonium majus,Plant
Halle,21,0.6758573411315195,Chrysojasminum fruticans,Plant
Halle,21,0.42839565371355737,Drymocallis rupestris,Plant
Halle,21,0.4619210063457316,Lamium album,Plant
Halle,21,0.46405887050681927,Lathyrus vernus,Plant
Halle,21,0.5291247929614417,Pentaglottis sempervirens,Plant
Halle,21,0.5480002375297169,Rosa foetida,Plant
Halle,21,0.11064439090748845,Silene chungtienensis,Plant
Halle,21,0.6349056743548556,Sisymbrium officinale,Plant
Halle,21,0.8614202737884764,Syringa tomentella,Plant
Halle,21,0.837404672649812,Thymus vulgaris,Plant
Halle,21,0.9338960198615587,Bombylius major,Pollinator
Halle,21,0.5924410703049067,Osmia aurulenta,Pollinator
Halle,21,0.32448078557018417,Anthophora plumipes,Pollinator
Halle,21,0.3869768089313191,Melecta albifrons,Pollinator
Halle,21,0.9831125007265176,Apis mellifera,Pollinator
Halle,21,0.4563070683301342,Osmia bicornis,Pollinator
Halle,21,0.23617147671344374,Bombus hortorum,Pollinator
Halle,21,0.6632862450577318,Episyrphus balteatus,Pollinator
Halle,21,0.8747051000878906,Oxythyrea funesta,Pollinator
Halle,21,0.6786934215211519,Cetonia aurata,Pollinator
Halle,22,0.4793075010589153,Baptisia australis,Plant
Halle,22,0.7420265507465615,Cerinthe minor,Plant
Halle,22,0.2739184372607666,Dictamnus albus,Plant
Halle,22,0.4762782171116682,Globularia trichosantha,Plant
Halle,22,0.3452313122589487,Heuchera grossulariifolia,Plant
Halle,22,0.9643211247871467,Lathyrus vernus,Plant
Halle,22,0.22079689906707112,Limnanthes douglasii,Plant
Halle,22,0.9109020496655528,Potentilla delphinensis,Plant
Halle,22,0.6420015179570406,Ranunculus caucasicus,Plant
Halle,22,1,Reseda lutea,Plant
Halle,22,0.4849733379671741,Salvia officinalis,Plant
Halle,22,0.7298687970542937,Symphytum officinale,Plant
Halle,22,0.483188134823534,Valeriana phu,Plant
Halle,22,0.4626701681709068,Anthophora plumipes,Pollinator
Halle,22,0.21223960751632942,Osmia bicornis,Pollinator
Halle,22,0.750021540376137,Bombus hypnorum,Pollinator
Halle,22,0.6386277850906892,Bombus terrestris,Pollinator
Halle,22,0.12136347676574596,Polistes dominula,Pollinator
Halle,22,0.311471783208004,Apis mellifera,Pollinator
Halle,22,0.30031299176668697,Anthophora quadrimaculata,Pollinator
Halle,22,0.9635288834648295,Halictus subauratus,Pollinator
Halle,22,0.4909237416277001,Oxythyrea funesta,Pollinator
Halle,22,0.9872356420769823,Bombus pascuorum,Pollinator
Halle,22,0.6013783799724733,Cetonia aurata,Pollinator
Halle,22,0.9085037510002608,Chelostoma florisomne,Pollinator
Halle,22,1,Hylaeus signatus,Pollinator
Halle,22,0.11274173418768405,Anthidium manicatum,Pollinator
Halle,22,0.15498298620186893,Bombylius venosus,Pollinator
Halle,22,0.12454634924595633,Eucera nigrescens,Pollinator
Halle,22,0.03308496717976938,Osmia caerulescens,Pollinator
Halle,22,0,Pieris rapae,Pollinator
Halle,22,0.34089419477891236,Vespa crabro,Pollinator
Halle,22,0.4252948923587386,Xylocopa violacea,Pollinator
Halle,22,0.6620584876799874,Megachile ericetorum,Pollinator
Halle,23,0.701284434289043,Baptisia australis,Plant
Halle,23,1,Bupleurum aureum,Plant
Halle,23,0.39535480718728644,Campanula poscharskyana,Plant
Halle,23,0.37556609152345266,Centranthus ruber,Plant
Halle,23,0.7072239492155733,Cerinthe minor,Plant
Halle,23,0.7294642059628524,Delphinium elatum,Plant
Halle,23,0.18233672534261594,Dictamnus albus,Plant
Halle,23,0.7419529583031221,Digitalis purpurea,Plant
Halle,23,0.6583901352168237,Genista radiata,Plant
Halle,23,1,Gratiola officinalis,Plant
Halle,23,0.7907886648200032,Helianthemum apenninum,Plant
Halle,23,0.8688372427409118,Lamium album,Plant
Halle,23,0.8271731823390096,Lotus corniculatus,Plant
Halle,23,0.8716820932297014,Phlomoides tuberosa,Plant
Halle,23,0.47358876818662604,Salvia officinalis,Plant
Halle,23,0.5601517305659399,Solanum dulcamara,Plant
Halle,23,1,Verbena rigida,Plant
Halle,23,0.5819663193394035,Anthophora quadrimaculata,Pollinator
Halle,23,0.9098682432331435,Bombus lapidarius,Pollinator
Halle,23,0.7185238437618412,Bombus pascuorum,Pollinator
Halle,23,0.15093189391085116,Megachile ericetorum,Pollinator
Halle,23,1,Anthrenus verbasci,Pollinator
Halle,23,0.6538212404624778,Apis mellifera,Pollinator
Halle,23,0.5580621381949327,Bombus pratorum,Pollinator
Halle,23,0.2518471595698887,Oedemera lurida,Pollinator
Halle,23,0.9819245026071938,Bombus terrestris,Pollinator
Halle,23,0.6794577900644126,Anthidium manicatum,Pollinator
Halle,23,0.8404203898651598,Bombus hortorum,Pollinator
Halle,23,0.5887066881650569,Bombus hypnorum,Pollinator
Halle,23,0.5887066881650569,Oxythyrea funesta,Pollinator
Halle,23,0.2072465221549573,Coelioxys rufescens,Pollinator
Halle,23,0.7039156313387027,Osmia aurulenta,Pollinator
Halle,23,1,Halictus subauratus,Pollinator
Halle,23,0.48371669157772534,Anthophora plumipes,Pollinator
Halle,23,0.1030309547257818,Osmia caerulescens,Pollinator
Halle,23,0.13500016790346914,Xylocopa violacea,Pollinator
Halle,23,1,Anthophora aestivalis,Pollinator
Halle,20,0.36257552844177376,Chelidonium majus,Plant
Halle,20,0.15761692370706676,Crambe maritima,Plant
Halle,20,0.9538595395082585,Drymocallis rupestris,Plant
Halle,20,1,Erysimum pulchellum,Plant
Halle,20,0.8968193908534727,Fragaria vesca,Plant
Halle,20,0.98693255751291,Genista hispanica,Plant
Halle,20,0.2738377071280459,Geum rivale,Plant
Halle,20,0.9168686326283343,Hippocrepis emerus,Plant
Halle,20,0.11677587150155506,Lamium album,Plant
Halle,20,0.6362105029672414,Lathyrus vernus,Plant
Halle,20,0.9570303679420159,Muscari comosum,Plant
Halle,20,0.12542316330612893,Ranunculus bulbosus,Plant
Halle,20,0.8626161122887456,Rhododendron smirnowii,Plant
Halle,20,0.48057769104825676,Wisteria sinensis,Plant
Halle,20,0.9581264558803558,Apis mellifera,Pollinator
Halle,20,0.6757868039283925,Bombylius major,Pollinator
Halle,20,0.6169195472072687,Lasioglossum politum,Pollinator
Halle,20,0.9523755527426655,Osmia bicornis,Pollinator
Halle,20,0.7722521390583891,Nomada bifasciata,Pollinator
Halle,20,0.7423056100365718,Osmia bicolor,Pollinator
Halle,20,0.797722220131935,Osmia brevicornis,Pollinator
Halle,20,0.707196214085056,Pieris rapae,Pollinator
Halle,20,0.9267492782425243,Bombus terrestris,Pollinator
Halle,20,0.6601841003497065,Anthocharis cardamines,Pollinator
Halle,20,0.99153819467367,Anthophora plumipes,Pollinator
Halle,20,0.9581416375608908,Bombus pascuorum,Pollinator
Halle,20,0.4962615680355711,Eucera nigrescens,Pollinator
Halle,20,0.4962615680355711,Osmia cornuta,Pollinator
Halle,20,0.04631337173383398,Cetonia aurata,Pollinator
Halle,20,0.8164414675316182,Xylocopa violacea,Pollinator
Halle,13,0.39746171370235384,Corydalis cava,Plant
Halle,13,0.16566232953837715,Muscari botryoides,Plant
Halle,13,0.8271863079240394,Pulmonaria mollis,Plant
Halle,13,0.7175542862629156,Puschkinia scilloides,Plant
Halle,13,0.19228400090677233,Viola odorata,Plant
Halle,13,0.9120201339242995,Anthophora plumipes,Pollinator
Halle,13,0.38531507330145764,Osmia cornuta,Pollinator
Halle,13,0.2952675350667904,Apis mellifera,Pollinator
Halle,13,0.45698343374915407,Andrena minutula,Pollinator
Halle,13,0.45698343374915407,Pollenia vagabunda,Pollinator
Halle,14,0.11881549356419811,Corydalis cava,Plant
Halle,14,0.5262959129678065,Iberis sempervirens,Plant
Halle,14,0,Ipheion uniflorum,Plant
Halle,14,0.16602407001403904,Lathyrus vernus,Plant
Halle,14,0.17889219753799876,Magnolia stellata,Plant
Halle,14,0.4220933386694815,Muscari armeniacum,Plant
Halle,14,0,Narcissus pseudonarcissus,Plant
Halle,14,0.6022455275399203,Pieris japonica,Plant
Halle,14,0.638593681708097,Potentilla sterilis,Plant
Halle,14,0.24784046169335988,Primula vulgaris,Plant
Halle,14,0.5686631333782937,Pulmonaria mollis,Plant
Halle,14,0.5176702840279579,Puschkinia scilloides,Plant
Halle,14,0.5825008717723962,Viola odorata,Plant
Halle,14,0.7827256616905405,Anthophora plumipes,Pollinator
Halle,14,0.6539143476005826,Aglais io,Pollinator
Halle,14,0.4489838280084836,Aglais urticae,Pollinator
Halle,14,0.58679254460051,Andrena bicolor,Pollinator
Halle,14,0.42751019712264104,Andrena flavipes,Pollinator
Halle,14,0.19825968730335747,Andrena strohmella,Pollinator
Halle,14,0.5538769645133619,Apis mellifera,Pollinator
Halle,14,0.6421289099604149,Osmia cornuta,Pollinator
Halle,14,0.6798938534903572,Bombus lapidarius,Pollinator
Halle,14,0.4653997786557711,Xylocopa violacea,Pollinator
Halle,14,0,Bombylius discolor,Pollinator
Halle,16,0.6700416679564954,Fragaria vesca,Plant
Halle,16,0.610043459149176,Geum ternatum,Plant
Halle,16,0.45290323699290785,Iberis sempervirens,Plant
Halle,16,0.5313323303919999,Lathyrus vernus,Plant
Halle,16,0.5353432881806156,Malcolmia maritima,Plant
Halle,16,0.37277186835020754,Ornithogalum nutans,Plant
Halle,16,0.2474584299522994,Oxalis acetosella,Plant
Halle,16,0.6743197657097143,Pieris japonica,Plant
Halle,16,1,Primula veris,Plant
Halle,16,0.4764340845048303,Prunus tenella,Plant
Halle,16,0.7521982261059337,Taraxacum officinale,Plant
Halle,16,0.7815880428413124,Tulipa sylvestris,Plant
Halle,16,0.6288641302734452,Viscaria vulgaris,Plant
Halle,16,0.5729326857531382,Bombylius major,Pollinator
Halle,16,0.5751209697328905,Lasioglossum laticeps,Pollinator
Halle,16,0.5751209697328905,Lucilia sericata,Pollinator
Halle,16,0.3868528072345416,Nomada flavoguttata,Pollinator
Halle,16,0.7383012359458196,Anthophora plumipes,Pollinator
Halle,16,0.7501373174367897,Apis mellifera,Pollinator
Halle,16,0.48621856715279854,Cetonia aurata,Pollinator
Halle,16,0.699213405795052,Eristalinus aeneus,Pollinator
Halle,16,0.8136269785260858,Osmia cornuta,Pollinator
Halle,16,0.6872077316091907,Anthocharis cardamines,Pollinator
Halle,16,0.04172762486791454,Lasioglossum nitidiusculum,Pollinator
Halle,16,0.6703698511114928,Bombus terrestris,Pollinator
Halle,16,0.4197207891481876,Oxythyrea funesta,Pollinator
Halle,16,0.7201365870579363,Xylocopa violacea,Pollinator
Halle,16,1,Bombylius discolor,Pollinator
Halle,16,0.4688288535530974,Osmia bicornis,Pollinator
Halle,16,0.04172762486791454,Aglais io,Pollinator
Jena,27,0.6939841207680544,Acantholimon ulicinum,Plant
Jena,27,0.8989501680213198,Achillea filipendulina,Plant
Jena,27,0.7385329863084008,Achillea millefolium,Plant
Jena,27,0.9322645867914374,Betonica officinalis,Plant
Jena,27,0.38676289026721644,Campanula alliariifolia,Plant
Jena,27,0.4330787027815105,Campanula lactiflora,Plant
Jena,27,0.6819724771033604,Centaurea stoebe,Plant
Jena,27,0.5129882550568049,Chamaecytisus hirsutus,Plant
Jena,27,0.21170176190007442,Coronilla varia,Plant
Jena,27,0.6089559614825355,Erigeron annuus,Plant
Jena,27,0.5993720399531878,Galega officinalis,Plant
Jena,27,0.7578486098365023,Genista tinctoria,Plant
Jena,27,0.519525993172912,Hypericum hookerianum,Plant
Jena,27,0.33855427327671206,Hypericum perforatum,Plant
Jena,27,0.8411296129566022,Lavandula angustifolia,Plant
Jena,27,0.1814213455147171,Lotus maritimus,Plant
Jena,27,0.5061474670464453,Medicago sativa,Plant
Jena,27,0.7004029462210115,Trifolium pratense,Plant
Jena,27,0.7489103808362406,Anthophora quadrimaculata,Pollinator
Jena,27,0.4205427784336433,Apis mellifera,Pollinator
Jena,27,0.5286176978270123,Bombus pascuorum,Pollinator
Jena,27,0.7410424455321603,Episyrphus balteatus,Pollinator
Jena,27,0.28908022435048025,Eupeodes corollae,Pollinator
Jena,27,0.5129518301874538,Oedemera lurida,Pollinator
Jena,27,0.5129518301874538,Scaeva pyrastri,Pollinator
Jena,27,0.2867137336369917,Sphaerophoria scripta,Pollinator
Jena,27,0.6225166439993397,Andrena flavipes,Pollinator
Jena,27,0.375627093459026,Coccinella septempunctata,Pollinator
Jena,27,0.5896395897261185,Colletes daviesanus,Pollinator
Jena,27,0.5896395897261185,Halictus subauratus,Pollinator
Jena,27,0.296155007247962,Harmonia axyridis,Pollinator
Jena,27,0.770483559990606,Hylaeus nigritus,Pollinator
Jena,27,0.5261093523649001,Megachile maritima,Pollinator
Jena,27,0.6466883012172595,Oxythyrea funesta,Pollinator
Jena,27,0.45367146286954435,Andrena gelriae,Pollinator
Jena,27,0.7313797406684386,Trichodes apiarius,Pollinator
Jena,27,0.916918021318727,Anthidium manicatum,Pollinator
Jena,27,0.8392572305648864,Bombus lapidarius,Pollinator
Jena,27,0.35254481733008175,Megachile willughbiella,Pollinator
Jena,27,0.3309702718255698,Xylocopa violacea,Pollinator
Jena,27,0.6112928688228374,Chelostoma rapunculi,Pollinator
Jena,27,0.9208856852334628,Bombus hortorum,Pollinator
Jena,27,0.43192956964337853,Bombus terrestris,Pollinator
Jena,27,0.6654851359127849,Heriades truncorum,Pollinator
Jena,27,0.33175316482681794,Megachile centuncularis,Pollinator
Jena,27,0.43657462198223634,Pieris rapae,Pollinator
Jena,27,0.12727891008931091,Bombus pratorum,Pollinator
Jena,27,0,Halictus tumulorum,Pollinator
Jena,27,0.31410760951545996,Issoria lathonia,Pollinator
Jena,27,0,Thyreus orbatus,Pollinator
Jena,29,0.5181707356703456,Acantholimon ulicinum,Plant
Jena,29,0.8738836817405001,Achillea filipendulina,Plant
Jena,29,0.9440157744071808,Achillea millefolium,Plant
Jena,29,0.8993889926237676,Betonica officinalis,Plant
Jena,29,0.6113167922878093,Campanula,Plant
Jena,29,0.7872106052943402,Campanula alliariifolia,Plant
Jena,29,0.6094444943143354,Centaurea subtilis,Plant
Jena,29,0.5523740619265903,Coronilla varia,Plant
Jena,29,0.32998235472192666,Eriocapitella hupehensis,Plant
Jena,29,0.9541706836299759,Jacobaea erucifolia,Plant
Jena,29,0.7064640133083018,Lavandula angustifolia,Plant
Jena,29,0.48913127787591487,Lomelosia albocincta,Plant
Jena,29,0.30506452215398594,Origanum vulgare,Plant
Jena,29,0.4725158345851167,Trifolium pratense,Plant
Jena,29,0.1417672404646723,Bombus pascuorum,Pollinator
Jena,29,0.0483572210674777,Bombus hypnorum,Pollinator
Jena,29,0.27922140199115747,Colletes daviesanus,Pollinator
Jena,29,0.9036107829139316,Hylaeus sinuatus,Pollinator
Jena,29,0.2240179779453666,Phasia pusilla,Pollinator
Jena,29,0.6202278177199128,Gymnomerus laevipes,Pollinator
Jena,29,0.8220950270072088,Lasioglossum interruptum,Pollinator
Jena,29,0.8026559112537444,Lucilia sericata,Pollinator
Jena,29,0.6656499143313092,Sphaerophoria scripta,Pollinator
Jena,29,0.858417894353863,Trichodes apiarius,Pollinator
Jena,29,0.9344072139219041,Anthidium manicatum,Pollinator
Jena,29,0.6199909426883601,Episyrphus balteatus,Pollinator
Jena,29,0.27705344428120116,Bombus lapidarius,Pollinator
Jena,29,0.7364556090021401,Chelostoma rapunculi,Pollinator
Jena,29,0.05473490732807961,Apis mellifera,Pollinator
Jena,29,0.7074291177260292,Bombus soroeensis,Pollinator
Jena,29,0.1492132055913235,Bombus terrestris,Pollinator
Jena,29,0.8786291122936047,Halictus scabiosae,Pollinator
Jena,29,0.875205869621993,Heriades truncorum,Pollinator
Jena,29,0.6722985680020914,Oedemera lurida,Pollinator
Jena,29,0.7037105104615247,Aglais io,Pollinator
Jena,29,0.7546139787302489,Eristalis pertinax,Pollinator
Jena,29,0.7037105104615247,Hylaeus punctatus,Pollinator
Jena,29,0.7828860521416345,Halictus subauratus,Pollinator
Jena,29,0.7497592191544322,Nomada zonata,Pollinator
Jena,29,0.7497592191544322,Stelis punctulatissima,Pollinator
Jena,29,0.013660333976362342,Anthophora quadrimaculata,Pollinator
Jena,29,0,Argynnis paphia,Pollinator
Jena,29,0,Autographa gamma,Pollinator
Jena,29,0.08928210957545005,Bombus lucorum,Pollinator
Jena,29,0.4559429646203309,Bombus pratorum,Pollinator
Jena,29,0.039450661559008546,Bombus vestalis,Pollinator
Jena,29,0.013660333976362342,Maniola jurtina,Pollinator
Jena,29,0,Megachile ericetorum,Pollinator
Jena,29,0,Myathropa florea,Pollinator
Jena,29,0.06912558787531795,Pieris napi,Pollinator
Jena,29,0.008135224496169251,Polyommatus icarus,Pollinator
Jena,29,0,Sicus ferrugineus,Pollinator
Jena,29,0.8697253229871269,Eristalis tenax,Pollinator
Jena,29,0.7106567685888932,Lasioglossum morio,Pollinator
Jena,29,0.7106567685888932,Volucella inanis,Pollinator
Jena,29,0.742055926455627,Volucella zonaria,Pollinator
Jena,28,0.9936476247955603,Achillea filipendulina,Plant
Jena,28,0.5501561761785332,Achillea millefolium,Plant
Jena,28,0.8924291000757022,Betonica officinalis,Plant
Jena,28,0.8220221826058605,Coronilla varia,Plant
Jena,28,0.2929444915417046,Dracocephalum rupestre,Plant
Jena,28,0.8002672729032505,Eriocapitella hupehensis,Plant
Jena,28,0.5464764853050201,Galega officinalis,Plant
Jena,28,0.5895582823440373,Hypericum hookerianum,Plant
Jena,28,0.48809586522741266,Hypericum perforatum,Plant
Jena,28,0.8488173785602607,Lathyrus pratensis,Plant
Jena,28,0.7377662540662209,Lavandula angustifolia,Plant
Jena,28,1,Lysimachia vulgaris,Plant
Jena,28,0.2817393610463987,Malva thuringiaca,Plant
Jena,28,0.6398986801908086,Origanum vulgare,Plant
Jena,28,0.6535561669086608,Rudbeckia fulgida,Plant
Jena,28,0.20107250743647823,Teucrium canadense,Plant
Jena,28,0.8370606215616866,Teucrium chamaedrys,Plant
Jena,28,0.7580803786624084,Trifolium pratense,Plant
Jena,28,1,Vincetoxicum hirundinaria,Plant
Jena,28,0.1959181804132804,Colletes daviesanus,Pollinator
Jena,28,0.38289575079108473,Halictus subauratus,Pollinator
Jena,28,0.9286369460967359,Hylaeus nigritus,Pollinator
Jena,28,0.41350336191823395,Apis mellifera,Pollinator
Jena,28,0.7788876133505049,Episyrphus balteatus,Pollinator
Jena,28,0.6405260158399082,Eupeodes corollae,Pollinator
Jena,28,0.7017338895251437,Halictus scabiosae,Pollinator
Jena,28,0.737904656669951,Heriades truncorum,Pollinator
Jena,28,0.5617583120341054,Lucilia sericata,Pollinator
Jena,28,0.7549840637688031,Phasia pusilla,Pollinator
Jena,28,0.6598541132799914,Sphaerophoria scripta,Pollinator
Jena,28,0.799650176064977,Anthidium manicatum,Pollinator
Jena,28,0.851034929020467,Bombus terrestris,Pollinator
Jena,28,0.1234745538968626,Pieris rapae,Pollinator
Jena,28,0.6019664397107005,Volucella pellucens,Pollinator
Jena,28,0.9371741136655432,Bombus pascuorum,Pollinator
Jena,28,0.5073349804131767,Bombus vestalis,Pollinator
Jena,28,0.24388041849719438,Aglais io,Pollinator
Jena,28,0.4203727690623251,Bombus lapidarius,Pollinator
Jena,28,0.571601770836788,Volucella zonaria,Pollinator
Jena,28,0.7261609336077146,Megachile alpicola,Pollinator
Jena,28,0.8299103579756235,Megachile rotundata,Pollinator
Jena,28,0.8982347972526816,Megachile willughbiella,Pollinator
Jena,28,0.02048539129642138,Aricia agestis,Pollinator
Jena,28,0.08588748239411785,Bombus hypnorum,Pollinator
Jena,28,0.139870209881202,Bombus lucorum,Pollinator
Jena,28,0.13779599744845328,Bombus pratorum,Pollinator
Jena,28,0.08569100534339638,Bombus soroeensis,Pollinator
Jena,28,1,Macropis fulvipes,Pollinator
Jena,28,0.4076876863223929,Bombus hortorum,Pollinator
Jena,28,0.34903914429256455,Sicus ferrugineus,Pollinator
Jena,28,0.925208767726178,Polyommatus icarus,Pollinator
Jena,28,0.8912274889857583,Macroglossum stellatarum,Pollinator
Jena,28,1,Entomophaga nigrohalterata,Pollinator
Jena,26,0.5824998223590556,Achillea millefolium,Plant
Jena,26,0.4486584330634199,Campanula,Plant
Jena,26,0.32597983680263753,Campanula lactiflora,Plant
Jena,26,0.4261482917182676,Campanula rapunculoides,Plant
Jena,26,0.40813002901346174,Centaurea scabiosa,Plant
Jena,26,0.9537038835740834,Chamaecytisus austriacus,Plant
Jena,26,0.37591370643984595,Coronilla varia,Plant
Jena,26,0.6702594508843134,Galega officinalis,Plant
Jena,26,0.9286315162855987,Genista tinctoria,Plant
Jena,26,0.40665649956095257,Hypericum perforatum,Plant
Jena,26,0.38446127003525327,Inula salicina,Plant
Jena,26,0.8239889296167167,Lavandula angustifolia,Plant
Jena,26,0.6026690618379335,Leucanthemum vulgare,Plant
Jena,26,1,Lysimachia vulgaris,Plant
Jena,26,0.5796386362292876,Pentanema helenioides,Plant
Jena,26,0.6801130928492776,Spartium junceum,Plant
Jena,26,0.7710722408043075,Trifolium pratense,Plant
Jena,26,0.7677599312431271,Apis mellifera,Pollinator
Jena,26,0.526117575962635,Episyrphus balteatus,Pollinator
Jena,26,0.40859082828741766,Eupeodes corollae,Pollinator
Jena,26,0.5561289388010766,Heriades truncorum,Pollinator
Jena,26,0.41334165834913317,Lucilia sericata,Pollinator
Jena,26,0.31546427990347137,Pieris rapae,Pollinator
Jena,26,0.411747091197077,Polistes dominula,Pollinator
Jena,26,0.346653543296825,Sphaerophoria scripta,Pollinator
Jena,26,0.3265955732399437,Syrphus vitripennis,Pollinator
Jena,26,0.6824088032552872,Bombus lapidarius,Pollinator
Jena,26,0.5720722091648376,Chelostoma rapunculi,Pollinator
Jena,26,0.6173385170886032,Lasioglossum morio,Pollinator
Jena,26,0.5524959770943605,Andrena flavipes,Pollinator
Jena,26,0.3611487863239825,Bombus hypnorum,Pollinator
Jena,26,0.39375093096548885,Megachile lagopoda,Pollinator
Jena,26,0.9496432924353979,Bombus terrestris,Pollinator
Jena,26,0.4133053970916658,Anthidium manicatum,Pollinator
Jena,26,0.7543148729778769,Bombus pascuorum,Pollinator
Jena,26,0.2723680576044233,Vespula germanica,Pollinator
Jena,26,0.45756981354175547,Megachile ericetorum,Pollinator
Jena,26,0.42137183725212685,Megachile rotundata,Pollinator
Jena,26,0.9769973780893783,Megachile willughbiella,Pollinator
Jena,26,0.5058582938844067,Lasioglossum pauxillum,Pollinator
Jena,26,0.4477861982321461,Scaeva pyrastri,Pollinator
Jena,26,1,Macropis fulvipes,Pollinator
Jena,26,0.6526002238536404,Halictus subauratus,Pollinator
Jena,26,0.41417822835105217,Osmia brevicornis,Pollinator
Jena,26,0.6693872593256628,Xylocopa violacea,Pollinator
Jena,24,0.36336080274695826,Achillea millefolium,Plant
Jena,24,0.2901838628714297,Anthyllis vulneraria,Plant
Jena,24,0.8979704672471512,Baptisia australis,Plant
Jena,24,0.25064729184026296,Campanula persicifolia,Plant
Jena,24,0.8719172965852133,Coronilla orientalis,Plant
Jena,24,0.7487687530199378,Dictamnus albus,Plant
Jena,24,0.7550702895855649,Geranium sanguineum,Plant
Jena,24,0.26258948869396587,Hypericum olympicum,Plant
Jena,24,0.9814603816220699,Leucanthemum vulgare,Plant
Jena,24,0.815515310669123,Linum perenne,Plant
Jena,24,0.2760157212762582,Papaver,Plant
Jena,24,0.3115332946355356,Papaver somniferum,Plant
Jena,24,0.7671985081627528,Phacelia tanacetifolia,Plant
Jena,24,0.18591849512096112,Salvia pratensis,Plant
Jena,24,0.5937709839511642,Scutellaria altissima,Plant
Jena,24,0.8178907106986257,Scutellaria cordifolia,Plant
Jena,24,0.5454263580443269,Trifolium rubens,Plant
Jena,24,0.5284806123694525,NA,Plant
Jena,24,0.9999999999999999,Colletes daviesanus,Pollinator
Jena,24,0.3289944213652726,Andrena gelriae,Pollinator
Jena,24,0.7344001643303337,Bombus pascuorum,Pollinator
Jena,24,0.713326386819096,Bombus terrestris,Pollinator
Jena,24,0.8651830099176997,Megachile ericetorum,Pollinator
Jena,24,0.8481853550729377,Xylocopa violacea,Pollinator
Jena,24,0.43058015164271574,Apis mellifera,Pollinator
Jena,24,0.6165578640471683,Megachile pilidens,Pollinator
Jena,24,0.6066002087237746,Megachile circumcincta,Pollinator
Jena,24,0.8523719776241218,Chelostoma rapunculi,Pollinator
Jena,24,0.6095969248425932,Hemipenthes maura,Pollinator
Jena,24,0.8412628868397984,Megachile willughbiella,Pollinator
Jena,24,0.1478486942811324,Anthophora quadrimaculata,Pollinator
Jena,24,0,Sphaerophoria scripta,Pollinator
Jena,24,0.7877329402264006,Bombus hortorum,Pollinator
Jena,24,0.7396792210766612,Bombus hypnorum,Pollinator
Jena,24,0.48407114677753826,Eucera nigrescens,Pollinator
Jena,24,0.4039599976652502,Tephritidae,Pollinator
Jena,31,0.9142929564946649,Achillea millefolium,Plant
Jena,31,0.3112731408447791,Agapanthus africanus,Plant
Jena,31,0.48042342190449155,Cichorium intybus,Plant
Jena,31,0.092375732291408,Coronilla varia,Plant
Jena,31,0.7871108565942073,Erigeron annuus,Plant
Jena,31,0.5778859261693498,Eriocapitella hupehensis,Plant
Jena,31,0.5533519316872988,Eutrochium maculatum,Plant
Jena,31,0.09671018000675592,Galega officinalis,Plant
Jena,31,1,Heracleum sphondylium,Plant
Jena,31,0.5938696471156077,Hieracium,Plant
Jena,31,0.7638282924317229,Lavandula angustifolia,Plant
Jena,31,0.4285721262765808,Origanum vulgare,Plant
Jena,31,0.9783865188405618,Phlox paniculata,Plant
Jena,31,0.4780367555910102,Scabiosa canescens,Plant
Jena,31,0.6205240679241613,Solidago flexicaulis,Plant
Jena,31,0.521161342806552,Colletes daviesanus,Pollinator
Jena,31,0.5700344616767387,Eurychaeta palpalis,Pollinator
Jena,31,0.6387818503751499,Hylaeus communis,Pollinator
Jena,31,0.8390795327115406,Lucilia sericata,Pollinator
Jena,31,0.60226543803677,Sphaerophoria scripta,Pollinator
Jena,31,0.0440254588941604,Bombus lapidarius,Pollinator
Jena,31,0.8755842208494847,Apis mellifera,Pollinator
Jena,31,0.09546487466715822,Bombus pascuorum,Pollinator
Jena,31,0.031383395714370675,Bombus terrestris,Pollinator
Jena,31,0.44201391644386323,Volucella zonaria,Pollinator
Jena,31,0.6427890235248688,Maniola jurtina,Pollinator
Jena,31,1,Hebia flavipes,Pollinator
Jena,31,0,Bombus lucorum,Pollinator
Jena,31,0,Pieris rapae,Pollinator
Jena,31,0,Polyommatus icarus,Pollinator
Jena,31,0.5833526246655314,Lasioglossum morio,Pollinator
Jena,31,0.6552406798352337,Pieris brassicae,Pollinator
Jena,31,0.990384649696225,Macroglossum stellatarum,Pollinator
Jena,32,0.6859845295061499,Achillea millefolium,Plant
Jena,32,0.9032473581185396,Buddleja davidii,Plant
Jena,32,0.9612033781309989,Daucus carota,Plant
Jena,32,0.2375945861358553,Eriocapitella hupehensis,Plant
Jena,32,0.5441989604526463,Fuchsia magellanica,Plant
Jena,32,0.35299706534484404,Galega officinalis,Plant
Jena,32,0.5373584400607214,Knautia arvensis,Plant
Jena,32,0.2231084495553573,Lactuca plumieri,Plant
Jena,32,0.3965066459948336,Lavandula angustifolia,Plant
Jena,32,0.7695233011139605,Limonium gmelini,Plant
Jena,32,0.7749226645326411,Linum perenne,Plant
Jena,32,0.3590228435479344,Medicago sativa,Plant
Jena,32,0.2765250415476556,Origanum vulgare,Plant
Jena,32,0.271433423478476,Satureja parnassica,Plant
Jena,32,0.46353052635533754,Solidago flexicaulis,Plant
Jena,32,0.41596504715477367,Tilia henryana,Plant
Jena,32,0.7831797088984243,Tripleurospermum maritimum,Plant
Jena,32,0.68828200304492,Halictus tumulorum,Pollinator
Jena,32,0.753641157251723,Lucilia sericata,Pollinator
Jena,32,0.5115118388619717,Pieris rapae,Pollinator
Jena,32,0.8190922433721421,Volucella zonaria,Pollinator
Jena,32,0.44486523259943245,Anthidium manicatum,Pollinator
Jena,32,0.8852546878551781,Hylaeus punctatus,Pollinator
Jena,32,0.4643653494946965,Scaeva pyrastri,Pollinator
Jena,32,0.3503262930611545,Apis mellifera,Pollinator
Jena,32,0.6740764429525973,Myathropa florea,Pollinator
Jena,32,0.3708306637124209,Bombus pascuorum,Pollinator
Jena,32,0.9085086754570478,Episyrphus balteatus,Pollinator
Jena,32,0.7431513797187737,Cerceris quadricincta,Pollinator
Jena,32,0.5452955929926574,Sphaerophoria scripta,Pollinator
Jena,32,0.785296541818461,Bombus lapidarius,Pollinator
Jena,32,0.38302107189434875,Bombus terrestris,Pollinator
Jena,32,0.4287721524632429,Maniola jurtina,Pollinator
Jena,32,0.6082491604562305,Pieris brassicae,Pollinator
Jena,32,0.36064701796918747,Bombus lucorum,Pollinator
Jena,32,0.2868785683490273,Bombus pratorum,Pollinator
Jena,32,0,Carpocoris fuscispinus,Pollinator
Jena,32,0.541960212410006,Cylindromyia brevicornis,Pollinator
Jena,32,0.5783758491570274,Eristalis tenax,Pollinator
Jena,32,0.29546602909425823,Sphex funerarius,Pollinator
Jena,32,0.6034390088304611,Vespa crabro,Pollinator
Jena,32,0.7349785704450439,Colletes daviesanus,Pollinator
Jena,32,0.5650723858522508,Phasia barbifrons,Pollinator
Jena,20,0.2611227388318344,Alkanna orientalis,Plant
Jena,20,1,Allium ursinum,Plant
Jena,20,0.1526737671683225,Asphodelus albus,Plant
Jena,20,1,Cerastium arvense,Plant
Jena,20,0.007212971408147253,Chelidonium majus,Plant
Jena,20,0.5222051959294398,Cytisophyllum sessilifolium,Plant
Jena,20,1,Geranium sanguineum,Plant
Jena,20,0.8838651523077059,Geum rivale,Plant
Jena,20,0.5574108524245658,Globularia cordifolia,Plant
Jena,20,1,Iberis sempervirens,Plant
Jena,20,0.6056430609544494,Lamium album,Plant
Jena,20,0.4309661434393185,Lathyrus aureus,Plant
Jena,20,0.160983428110597,Lonicera floribunda,Plant
Jena,20,0,Paeonia delavayi,Plant
Jena,20,0,Philadelphus pekinensis,Plant
Jena,20,1,Ranunculus,Plant
Jena,20,0.6311198679051535,Spiraea chamaedryfolia,Plant
Jena,20,0.9550110199687777,Vicia sepium,Plant
Jena,20,0.3095009846521926,Viscaria vulgaris,Plant
Jena,20,0.7615896567888228,Anthophora plumipes,Pollinator
Jena,20,0.8778638189879251,Minettia longipennis,Pollinator
Jena,20,0.8003720471136121,Sphaerophoria rueppellii,Pollinator
Jena,20,0.5859480727054637,Apis mellifera,Pollinator
Jena,20,0.8522498868213139,Paragus constrictus,Pollinator
Jena,20,0.8522498868213139,Sarcophaga incisilobata,Pollinator
Jena,20,0.4586250735109692,Bombus lapidarius,Pollinator
Jena,20,0.745879865710376,Bombus terrestris,Pollinator
Jena,20,0.3225712715984176,Lasioglossum pallens,Pollinator
Jena,20,0.3225712715984176,Xylocopa violacea,Pollinator
Jena,20,1,Bombylius major,Pollinator
Jena,20,0.718960146367544,Bombus pratorum,Pollinator
Jena,20,0.9103004900617747,Lucilia sericata,Pollinator
Jena,20,0.6893470993766397,Osmia bicornis,Pollinator
Jena,20,0.9870822221071781,Eucera nigrescens,Pollinator
Jena,20,1,Chelostoma florisomne,Pollinator
Jena,20,0.7270664231852646,Bombus hypnorum,Pollinator
Jena,20,0.5852129925332475,Osmia cornuta,Pollinator
Jena,22,0.7612480463442226,Alkanna orientalis,Plant
Jena,22,0.4811205428527541,Asphodelus albus,Plant
Jena,22,1,Brunnera macrophylla,Plant
Jena,22,0.7211057518066318,Cytisophyllum sessilifolium,Plant
Jena,22,1,Geranium sanguineum,Plant
Jena,22,0.755005836324925,Iris germanica,Plant
Jena,22,0.7830576468409839,Lamium album,Plant
Jena,22,0.782313634525482,Lathyrus niger,Plant
Jena,22,0.4726316457473312,Linum perenne,Plant
Jena,22,0.7927209654773633,Paeonia daurica,Plant
Jena,22,0.5880198697056475,Papaver nudicaule,Plant
Jena,22,1,Philadelphus pekinensis,Plant
Jena,22,0.7381850269539437,Salvia pratensis,Plant
Jena,22,0.4539595533580656,Silene nutans,Plant
Jena,22,0.33122394967939267,Trifolium pratense,Plant
Jena,22,0,Viscaria vulgaris,Plant
Jena,22,0.8618933293893569,Anthophora plumipes,Pollinator
Jena,22,0.30319789068427755,Osmia bicornis,Pollinator
Jena,22,0.7081050157215842,Bombus terrestris,Pollinator
Jena,22,1,Episyrphus balteatus,Pollinator
Jena,22,0.8023617861096868,Halictus tumulorum,Pollinator
Jena,22,1,Bombus hypnorum,Pollinator
Jena,22,0.5676898021020031,Apis mellifera,Pollinator
Jena,22,0.9122177944425051,Xylocopa violacea,Pollinator
Jena,22,0.5649581186309653,Anthidium manicatum,Pollinator
Jena,22,0.6560536945597173,Bombus pascuorum,Pollinator
Jena,22,0.38142996747492663,Osmia caerulescens,Pollinator
Jena,22,0.8580663963365737,Eucera nigrescens,Pollinator
Jena,22,0.38930988006533346,Vespa crabro,Pollinator
Jena,22,1,Meliscaeva auricollis,Pollinator
Jena,23,0.6552546291927195,Alkanna orientalis,Plant
Jena,23,0.8535931429327754,Anthyllis vulneraria,Plant
Jena,23,0.29809678628467057,Aquilegia vulgaris,Plant
Jena,23,0.7944669088220698,Baptisia australis,Plant
Jena,23,1,Campanula glomerata,Plant
Jena,23,0.6959673405557134,Campanula rotundifolia,Plant
Jena,23,0.7464234553815275,Dianthus petraeus,Plant
Jena,23,1,Geranium,Plant
Jena,23,0.26646789500253143,Geranium sanguineum,Plant
Jena,23,0.603582275192238,Hypericum fragile,Plant
Jena,23,0.7454248637992856,Lindelofia anchusoides,Plant
Jena,23,0.24672624244727975,Linum perenne,Plant
Jena,23,0.8910065073576774,Lotus maritimus,Plant
Jena,23,0.7659323033213765,Paeonia daurica,Plant
Jena,23,0.7323654282893828,Papaver nudicaule,Plant
Jena,23,1,Pilosella officinarum,Plant
Jena,23,1,Silene nutans,Plant
Jena,23,1,Spartium junceum,Plant
Jena,23,0.7119417094158087,Bombus pratorum,Pollinator
Jena,23,0.6364995687461744,Osmia bicornis,Pollinator
Jena,23,0.5443432128507463,Anthophora aestivalis,Pollinator
Jena,23,0.8601739284136315,Bombus hortorum,Pollinator
Jena,23,0.7249265201208179,Eucera nigrescens,Pollinator
Jena,23,0.8681417700844221,Megachile willughbiella,Pollinator
Jena,23,1,Bombus lapidarius,Pollinator
Jena,23,1,Hoplitis adunca,Pollinator
Jena,23,0.8443140841283547,Bombus terrestris,Pollinator
Jena,23,0.5481666297721136,Bombus pascuorum,Pollinator
Jena,23,0.8362544800714916,Apis mellifera,Pollinator
Jena,23,0.45030992494827843,Bombus hypnorum,Pollinator
Jena,23,0.3308545834471137,Bombylius venosus,Pollinator
Jena,23,1,Polyommatus icarus,Pollinator
Jena,23,1,Sphaerophoria scripta,Pollinator
Jena,23,1,Xylocopa violacea,Pollinator
Jena,25,0.37558684931285496,Allium cernuum,Plant
Jena,25,0.9005391815852466,Anthyllis vulneraria,Plant
Jena,25,0.36168775438111284,Borago officinalis,Plant
Jena,25,0.8926475304676605,Campanula rapunculoides,Plant
Jena,25,0.8420874573642068,Clematis recta,Plant
Jena,25,0.8877878905931393,Digitalis grandiflora,Plant
Jena,25,0.5661964719493833,Digitalis obscura,Plant
Jena,25,0.7510868155255085,Euphorbia nicaeensis,Plant
Jena,25,0.43766954279757697,Geranium sanguineum,Plant
Jena,25,0.37550512643424144,Hypericum olympicum,Plant
Jena,25,0.9211290156105227,Leucanthemum vulgare,Plant
Jena,25,0.3658311946137733,Linum perenne,Plant
Jena,25,0.6718396106417591,Phedimus aizoon,Plant
Jena,25,0.9559489988023127,Salvia nutans,Plant
Jena,25,0.3698165156140474,Symphytum officinale,Plant
Jena,25,0.3999951375196356,Vincetoxicum hirundinaria,Plant
Jena,25,0.585002327031831,Anthophora quadrimaculata,Pollinator
Jena,25,0.6927457018984174,Apis mellifera,Pollinator
Jena,25,0.7876107710458116,Bombus lapidarius,Pollinator
Jena,25,0.8730078513356315,Bombus pascuorum,Pollinator
Jena,25,0.7750677003955992,Bombus terrestris,Pollinator
Jena,25,0.6397292316245471,Chelostoma rapunculi,Pollinator
Jena,25,0.11697930740825971,Episyrphus balteatus,Pollinator
Jena,25,0.6638157563577625,Lucilia sericata,Pollinator
Jena,25,0.8614183156266086,Bombus hortorum,Pollinator
Jena,25,0.6510118222712127,Bombus hypnorum,Pollinator
Jena,25,0.5066919978694429,Cerceris rybyensis,Pollinator
Jena,25,0.5997643280590023,Gymnosoma nudifrons,Pollinator
Jena,25,0.819452363745675,Hylaeus punctatus,Pollinator
Jena,25,0.5066919978694429,Sarcophaga haemorrhoa,Pollinator
Jena,25,0.8917601880077543,Hylaeus nigritus,Pollinator
Jena,25,0.35235723060829555,Polistes dominula,Pollinator
Jena,25,0.5209550240467484,Sphaerophoria scripta,Pollinator
Jena,25,0.3890138289901183,Timarcha goettingensis,Pollinator
Jena,25,0.32995641453923896,Anthrenus verbasci,Pollinator
Jena,25,0.5570918329684161,Eupeodes corollae,Pollinator
Jena,25,0.8914681691042934,Anthidium manicatum,Pollinator
Jena,25,0.6080651931127146,Bombus pratorum,Pollinator
Jena,33,0.32841774239249827,Allium tuberosum,Plant
Jena,33,0.46738437454944615,Betonica alopecuros,Plant
Jena,33,0.8577349743519024,Campanula pyramidalis,Plant
Jena,33,0.5889999918402117,Dasiphora fruticosa,Plant
Jena,33,0.5229874807421163,Eriocapitella hupehensis,Plant
Jena,33,0.2618370061677586,Fagopyrum esculentum,Plant
Jena,33,0.5053355605388175,Fuchsia magellanica,Plant
Jena,33,0.5841342516857011,Heuchera villosa,Plant
Jena,33,0.6875305394825293,Lactuca macrophylla,Plant
Jena,33,0.8660691904665052,Lavandula angustifolia,Plant
Jena,33,0.4112710126068587,Origanum vulgare,Plant
Jena,33,0.6546609840044865,Seseli montanum,Plant
Jena,33,0.46246002548763127,Trifolium pratense,Plant
Jena,33,0.3945586762218775,Trommsdorffia maculata,Plant
Jena,33,0.8018832974825676,Apis mellifera,Pollinator
Jena,33,0.36991918036504695,Botanophila striolata,Pollinator
Jena,33,0.30757991064750206,Lucilia sericata,Pollinator
Jena,33,0.4831308084975488,Syritta pipiens,Pollinator
Jena,33,0.425706955062551,Vespula germanica,Pollinator
Jena,33,0.6214554516494019,Bombus pascuorum,Pollinator
Jena,33,0.4675351018343919,Episyrphus balteatus,Pollinator
Jena,33,0.3338702742362816,Megachile versicolor,Pollinator
Jena,33,0.4018895181765493,Pyrrhocoris marginatus,Pollinator
Jena,33,0.6287664107333659,Xylocopa violacea,Pollinator
Jena,33,0.4254459114349491,Hylaeus punctatus,Pollinator
Jena,33,0.6304064082885399,Maniola jurtina,Pollinator
Jena,33,0.3922859583979718,Sphaerophoria scripta,Pollinator
Jena,33,0.41863942615864497,Lasioglossum politum,Pollinator
Jena,33,0.4933668891816212,Polistes dominula,Pollinator
Jena,33,0.251242169057703,Volucella zonaria,Pollinator
Jena,33,0.5916283265568383,Bombus lapidarius,Pollinator
Jena,33,0.5586083341269086,Bombus terrestris,Pollinator
Jena,33,0.8227226589417268,Pieris rapae,Pollinator
Jena,33,0,Ectemnius lituratus,Pollinator
Jena,33,0.021099577384571428,Gymnosoma clavatum,Pollinator
Jena,33,0.05359895342839263,Myathropa florea,Pollinator
Jena,19,0.8807111837912406,Allium ursinum,Plant
Jena,19,0.8866860336615235,Aubrieta pinardii,Plant
Jena,19,0.8547069791607571,Bellis perennis,Plant
Jena,19,0.6731430420317602,Brunnera macrophylla,Plant
Jena,19,1,Cardamine pratensis,Plant
Jena,19,0.567849571975963,Chelidonium majus,Plant
Jena,19,0.6445842709075675,Genista germanica,Plant
Jena,19,0.6277902959662834,Geranium molle,Plant
Jena,19,0.5817333752950995,Geum rivale,Plant
Jena,19,1,Iberis sempervirens,Plant
Jena,19,0.4303773032905367,Lamium galeobdolon,Plant
Jena,19,0.7232749267027254,Lathyrus vernus,Plant
Jena,19,0.664846067355288,Paeonia daurica,Plant
Jena,19,1,Paeonia delavayi,Plant
Jena,19,0.288414589626963,Paeonia officinalis,Plant
Jena,19,1,Ranunculus,Plant
Jena,19,1,Scrophularia versicolor,Plant
Jena,19,0.8791128402306567,Pieris napi,Pollinator
Jena,19,0.8603557012409337,Bombylius major,Pollinator
Jena,19,0.6955797133008947,Bombylius venosus,Pollinator
Jena,19,0.66467485518355,Lasioglossum morio,Pollinator
Jena,19,0.6813537026268602,Bombus pratorum,Pollinator
Jena,19,1,Sphaerophoria scripta,Pollinator
Jena,19,0.6212077552297126,Anthophora plumipes,Pollinator
Jena,19,0.902493666823628,Polistes dominula,Pollinator
Jena,19,0.7428434231281095,Bombus pascuorum,Pollinator
Jena,19,0.9654135305253178,Cetonia aurata,Pollinator
Jena,19,0.4523773075884043,Sphaerophoria rueppellii,Pollinator
Jena,19,0.8319149408806816,Eucera nigrescens,Pollinator
Jena,19,0.7493324973623471,Apis mellifera,Pollinator
Jena,19,1,Bombus lapidarius,Pollinator
Jena,19,1,Chelostoma florisomne,Pollinator
Jena,19,1,Osmia bicornis,Pollinator
Jena,15,0.001029628305822513,Arabis alpina,Plant
Jena,15,0.0033058036145577085,Aubrieta pinardii,Plant
Jena,15,0,Bergenia ciliata,Plant
Jena,15,0,Bergenia purpurascens,Plant
Jena,15,0.006485963213032737,Corydalis cava,Plant
Jena,15,1,Iberis sempervirens,Plant
Jena,15,0,Iris pseudacorus,Plant
Jena,15,0,Ornithogalum nutans,Plant
Jena,15,1,Primula vulgaris,Plant
Jena,15,0,Symphytum bulbosum,Plant
Jena,15,1,Anthophora plumipes,Pollinator
Jena,15,1,Andrena nitida,Pollinator
Jena,15,1,Apis mellifera,Pollinator
Jena,18,0.5585304608136463,Aubrieta pinardii,Plant
Jena,18,0.3838987160143054,Brunnera macrophylla,Plant
Jena,18,0.6509279805256735,Cardamine pratensis,Plant
Jena,18,0.31719318005402075,Genista germanica,Plant
Jena,18,0.5179370448167605,Geum rivale,Plant
Jena,18,0.08326040775218828,Hepatica nobilis,Plant
Jena,18,0.7220959666586505,Iberis sempervirens,Plant
Jena,18,0.42721353372749926,Lamium galeobdolon,Plant
Jena,18,0.7144681580901777,Lathyrus vernus,Plant
Jena,18,0.46194785064113686,Paeonia daurica,Plant
Jena,18,0.4789082783221799,Paeonia officinalis,Plant
Jena,18,0.544170906319157,Primula veris,Plant
Jena,18,0.6794915059872206,Ranunculus,Plant
Jena,18,0.3085280190028419,Rhododendron saluenense,Plant
Jena,18,0.3269450212205562,Verbascum phoeniceum,Plant
Jena,18,0.5506387867368108,Vicia sepium,Plant
Jena,18,0.48572498695420174,Anthocharis cardamines,Pollinator
Jena,18,0.5499182817575543,Bombylius discolor,Pollinator
Jena,18,0.8358081964378666,Bombylius major,Pollinator
Jena,18,0.1618764134699151,Andrena minutula,Pollinator
Jena,18,0.6828307106156192,Anthophora plumipes,Pollinator
Jena,18,0.5354625789551548,Leucophora personata,Pollinator
Jena,18,0.44865790818951035,Melecta albifrons,Pollinator
Jena,18,0.4457916826531808,Osmia bicornis,Pollinator
Jena,18,0.8249931571613182,Bombus pratorum,Pollinator
Jena,18,0.6054855484832511,Bombus terrestris,Pollinator
Jena,18,0.7334906982688147,Cetonia aurata,Pollinator
Jena,18,0.5774007142178026,Lucilia sericata,Pollinator
Jena,18,0.5427502962967685,Bombus pascuorum,Pollinator
Jena,18,0.565739940792373,Eucera nigrescens,Pollinator
Jena,18,0.4570269483738034,Apis mellifera,Pollinator
Jena,17,0.5881071717369549,Aubrieta pinardii,Plant
Jena,17,0.3911936205403994,Brunnera macrophylla,Plant
Jena,17,0.6991532330021263,Cardamine pratensis,Plant
Jena,17,0.6209943881673242,Iberis sempervirens,Plant
Jena,17,0.12203173071611993,Ipheion uniflorum,Plant
Jena,17,0.44170834746075077,Lamium orvala,Plant
Jena,17,0.8751850482005624,Lathyrus vernus,Plant
Jena,17,0.3211782822297059,Paeonia mascula,Plant
Jena,17,0.3211782822297059,Primula veris,Plant
Jena,17,0.8837120290581308,Anthophora plumipes,Pollinator
Jena,17,0.598890716783491,Bombylius major,Pollinator
Jena,17,0.8338387305768327,Botanophila striolata,Pollinator
Jena,17,0.24460226660051823,Osmia bicornis,Pollinator
Jena,17,0.405949628468239,Bombus terrestris,Pollinator
Jena,17,0.5115834182437813,Bombus pascuorum,Pollinator
Jena,17,0.2756129625975338,Eucera nigrescens,Pollinator
Jena,21,0.5182477008596797,Brassica oleracea,Plant
Jena,21,1,Brunnera macrophylla,Plant
Jena,21,0.6379148064399195,Cerastium arvense,Plant
Jena,21,1,Chelidonium majus,Plant
Jena,21,0.59607424571326,Cytisophyllum sessilifolium,Plant
Jena,21,0.7076422281913349,Iberis sempervirens,Plant
Jena,21,0.25400259434187733,Lamium album,Plant
Jena,21,0.7428005673891402,Lathyrus aureus,Plant
Jena,21,0.48890376555737214,Lonicera floribunda,Plant
Jena,21,0.47673220611991496,Paeonia delavayi,Plant
Jena,21,0.9481575544348194,Philadelphus pekinensis,Plant
Jena,21,0.5716421889715073,Rosa spinosissima,Plant
Jena,21,0.38008271035955715,Trifolium pratense,Plant
Jena,21,0.8016788006114575,Viscaria vulgaris,Plant
Jena,21,0.7725400517525427,Apis mellifera,Pollinator
Jena,21,1,Eupeodes corollae,Pollinator
Jena,21,0.4982171008031283,Osmia aurulenta,Pollinator
Jena,21,1,Andrena flavipes,Pollinator
Jena,21,0.524198179955241,Bombus lapidarius,Pollinator
Jena,21,0.36911491604120555,Bombus pascuorum,Pollinator
Jena,21,0.5805927429520845,Bombus terrestris,Pollinator
Jena,21,0.5680772973054746,Eucera nigrescens,Pollinator
Jena,21,0.5567368313153062,Anthophora plumipes,Pollinator
Jena,21,0.9123536636152976,Bombylius major,Pollinator
Jena,21,0.855845469657964,Bombus pratorum,Pollinator
Jena,21,0.36830008650362633,Osmia bicornis,Pollinator
Jena,21,0.7097386172836799,Vespa crabro,Pollinator
Jena,21,0.4848709078751242,Bombus hypnorum,Pollinator
Jena,21,0.5225668229978536,Melecta albifrons,Pollinator
Jena,14,0.7465300874831596,Corydalis cava,Plant
Jena,14,0.5670508167931004,Hepatica nobilis,Plant
Jena,14,0.30838499669277153,Lathyrus vernus,Plant
Jena,14,0.5476921651169975,Primula denticulata,Plant
Jena,14,0,Primula vulgaris,Plant
Jena,14,0.4954888472622606,Pulsatilla vulgaris,Plant
Jena,14,0.2844091637031781,Ranunculus ficaria,Plant
Jena,14,0.6688221354667978,Vinca minor,Plant
Jena,14,0.4584188626107698,Anthophora plumipes,Pollinator
Jena,14,0.72443316769391,Apis mellifera,Pollinator
Jena,14,0.40743001334727735,Bombylius major,Pollinator
Jena,14,0.5745046777978443,Macroglossum stellatarum,Pollinator
Jena,14,0.5169495336222423,Xylocopa violacea,Pollinator
Jena,14,0.1671335071318472,Bombus terrestris,Pollinator
Jena,14,0.64803900089883,Osmia cornuta,Pollinator
