Botanical_garden,Plant_accepted_name,Pollinator_accepted_name,Pollinator_family,Pollinator_genus,Pollinator_rank,Interactions,Year,Month,Day,Random_census_stop,Sampling
Halle,Viola odorata,Osmia cornuta,Megachilidae,Osmia,SPECIES,3,2023,3,29,NA,Focal
Halle,Viola odorata,Anthophora plumipes,Apidae,Anthophora,SPECIES,1,2023,3,29,NA,Focal
Halle,Viola odorata,Apis mellifera,Apidae,Apis,SPECIES,1,2023,3,29,NA,Focal
Halle,Viola odorata,Andrena minutula,Andrenidae,Andrena,SPECIES,1,2023,3,29,NA,Focal
Halle,Puschkinia scilloides,Apis mellifera,Apidae,Apis,SPECIES,15,2023,3,29,NA,Focal
Halle,Puschkinia scilloides,Osmia cornuta,Megachilidae,Osmia,SPECIES,3,2023,3,29,NA,Focal
Halle,Puschkinia scilloides,Osmia cornuta,Megachilidae,Osmia,SPECIES,4,2023,3,29,NA,Focal
Halle,Puschkinia scilloides,Osmia cornuta,Megachilidae,Osmia,SPECIES,4,2023,3,29,NA,Focal
Halle,Puschkinia scilloides,Osmia cornuta,Megachilidae,Osmia,SPECIES,3,2023,3,29,NA,Focal
Halle,Puschkinia scilloides,Osmia cornuta,Megachilidae,Osmia,SPECIES,4,2023,3,29,NA,Focal
Halle,Puschkinia scilloides,Osmia cornuta,Megachilidae,Osmia,SPECIES,3,2023,3,29,NA,Focal
Halle,Muscari botryoides,Osmia cornuta,Megachilidae,Osmia,SPECIES,2,2023,3,29,1,Random_census
Halle,Corydalis cava,Anthophora plumipes,Apidae,Anthophora,SPECIES,3,2023,3,29,2,Random_census
Halle,Pulmonaria mollis,Anthophora plumipes,Apidae,Anthophora,SPECIES,8,2023,3,29,3,Random_census
Halle,Pulmonaria mollis,Anthophora plumipes,Apidae,Anthophora,SPECIES,6,2023,3,29,4,Random_census
Halle,Viola odorata,Osmia cornuta,Megachilidae,Osmia,SPECIES,1,2023,4,6,NA,Focal
Halle,Viola odorata,Osmia cornuta,Megachilidae,Osmia,SPECIES,5,2023,4,6,NA,Focal
Halle,Viola odorata,Anthophora plumipes,Apidae,Anthophora,SPECIES,1,2023,4,6,NA,Focal
Halle,Viola odorata,Anthophora plumipes,Apidae,Anthophora,SPECIES,1,2023,4,6,NA,Focal
Halle,Viola odorata,Osmia cornuta,Megachilidae,Osmia,SPECIES,2,2023,4,6,NA,Focal
Halle,Viola odorata,Osmia cornuta,Megachilidae,Osmia,SPECIES,1,2023,4,6,NA,Focal
Halle,Viola odorata,Osmia cornuta,Megachilidae,Osmia,SPECIES,5,2023,4,6,NA,Focal
Halle,Viola odorata,Osmia cornuta,Megachilidae,Osmia,SPECIES,2,2023,4,6,NA,Focal
Halle,Viola odorata,Osmia cornuta,Megachilidae,Osmia,SPECIES,1,2023,4,6,NA,Focal
Halle,Viola odorata,Andrena strohmella,Andrenidae,Andrena,SPECIES,1,2023,4,6,NA,Focal
Halle,Viola odorata,Osmia cornuta,Megachilidae,Osmia,SPECIES,20,2023,4,6,NA,Focal
Halle,Viola odorata,Anthophora plumipes,Apidae,Anthophora,SPECIES,1,2023,4,6,NA,Focal
Halle,Viola odorata,Osmia cornuta,Megachilidae,Osmia,SPECIES,1,2023,4,6,NA,Focal
Halle,Puschkinia scilloides,Osmia cornuta,Megachilidae,Osmia,SPECIES,3,2023,4,6,NA,Focal
Halle,Puschkinia scilloides,Osmia cornuta,Megachilidae,Osmia,SPECIES,1,2023,4,6,NA,Focal
Halle,Puschkinia scilloides,Osmia cornuta,Megachilidae,Osmia,SPECIES,2,2023,4,6,NA,Focal
Halle,Puschkinia scilloides,Osmia cornuta,Megachilidae,Osmia,SPECIES,3,2023,4,6,NA,Focal
Halle,Puschkinia scilloides,Osmia cornuta,Megachilidae,Osmia,SPECIES,1,2023,4,6,NA,Focal
Halle,Puschkinia scilloides,Apis mellifera,Apidae,Apis,SPECIES,5,2023,4,6,NA,Focal
Halle,Puschkinia scilloides,Apis mellifera,Apidae,Apis,SPECIES,4,2023,4,6,NA,Focal
Halle,Puschkinia scilloides,Apis mellifera,Apidae,Apis,SPECIES,5,2023,4,6,NA,Focal
Halle,Puschkinia scilloides,Apis mellifera,Apidae,Apis,SPECIES,2,2023,4,6,NA,Focal
Halle,Puschkinia scilloides,Andrena strohmella,Andrenidae,Andrena,SPECIES,1,2023,4,6,NA,Focal
Halle,Puschkinia scilloides,Andrena flavipes,Andrenidae,Andrena,SPECIES,1,2023,4,6,NA,Focal
Halle,Narcissus pseudonarcissus,Anthophora plumipes,Apidae,Anthophora,SPECIES,1,2023,4,6,NA,Focal
Halle,Iberis sempervirens,Osmia cornuta,Megachilidae,Osmia,SPECIES,1,2023,4,6,NA,Focal
Halle,Iberis sempervirens,Osmia cornuta,Megachilidae,Osmia,SPECIES,1,2023,4,6,NA,Focal
Halle,Iberis sempervirens,Osmia cornuta,Megachilidae,Osmia,SPECIES,1,2023,4,6,NA,Focal
Halle,Iberis sempervirens,Osmia cornuta,Megachilidae,Osmia,SPECIES,1,2023,4,6,NA,Focal
Halle,Iberis sempervirens,Osmia cornuta,Megachilidae,Osmia,SPECIES,1,2023,4,6,NA,Focal
Halle,Iberis sempervirens,Osmia cornuta,Megachilidae,Osmia,SPECIES,1,2023,4,6,NA,Focal
Halle,Iberis sempervirens,Andrena flavipes,Andrenidae,Andrena,SPECIES,2,2023,4,6,NA,Focal
Halle,Iberis sempervirens,Andrena flavipes,Andrenidae,Andrena,SPECIES,1,2023,4,6,NA,Focal
Halle,Iberis sempervirens,Apis mellifera,Apidae,Apis,SPECIES,1,2023,4,6,NA,Focal
Halle,Iberis sempervirens,Apis mellifera,Apidae,Apis,SPECIES,1,2023,4,6,NA,Focal
Halle,Iberis sempervirens,Apis mellifera,Apidae,Apis,SPECIES,1,2023,4,6,NA,Focal
Halle,Iberis sempervirens,Apis mellifera,Apidae,Apis,SPECIES,3,2023,4,6,NA,Focal
Halle,Iberis sempervirens,Andrena strohmella,Andrenidae,Andrena,SPECIES,1,2023,4,6,NA,Focal
Halle,Iberis sempervirens,Andrena bicolor,Andrenidae,Andrena,SPECIES,6,2023,4,6,NA,Focal
Halle,Lathyrus vernus,Anthophora plumipes,Apidae,Anthophora,SPECIES,1,2023,4,6,NA,Focal
Halle,Lathyrus vernus,Anthophora plumipes,Apidae,Anthophora,SPECIES,1,2023,4,6,NA,Focal
Halle,Lathyrus vernus,Anthophora plumipes,Apidae,Anthophora,SPECIES,2,2023,4,6,NA,Focal
Halle,Lathyrus vernus,Anthophora plumipes,Apidae,Anthophora,SPECIES,1,2023,4,6,NA,Focal
Halle,Lathyrus vernus,Anthophora plumipes,Apidae,Anthophora,SPECIES,4,2023,4,6,NA,Focal
Halle,Muscari armeniacum,Osmia cornuta,Megachilidae,Osmia,SPECIES,2,2023,4,6,1,Random_census
Halle,Primula vulgaris,Osmia cornuta,Megachilidae,Osmia,SPECIES,1,2023,4,6,2,Random_census
Halle,Corydalis cava,Osmia cornuta,Megachilidae,Osmia,SPECIES,3,2023,4,6,3,Random_census
Halle,Corydalis cava,Osmia cornuta,Megachilidae,Osmia,SPECIES,1,2023,4,6,3,Random_census
Halle,Muscari armeniacum,Osmia cornuta,Megachilidae,Osmia,SPECIES,1,2023,4,6,4,Random_census
Halle,Magnolia stellata,Osmia cornuta,Megachilidae,Osmia,SPECIES,1,2023,4,6,5,Random_census
Halle,Pieris japonica,Osmia cornuta,Megachilidae,Osmia,SPECIES,1,2023,4,6,6,Random_census
Halle,Muscari armeniacum,Bombus lapidarius,Apidae,Bombus,SPECIES,1,2023,4,6,7,Random_census
Halle,Ipheion uniflorum,Anthophora plumipes,Apidae,Anthophora,SPECIES,1,2023,4,6,8,Random_census
Halle,Pulmonaria mollis,Anthophora plumipes,Apidae,Anthophora,SPECIES,5,2023,4,6,9,Random_census
Halle,Pulmonaria mollis,Anthophora plumipes,Apidae,Anthophora,SPECIES,5,2023,4,6,9,Random_census
Halle,Pulmonaria mollis,Anthophora plumipes,Apidae,Anthophora,SPECIES,5,2023,4,6,9,Random_census
Halle,Pulmonaria mollis,Anthophora plumipes,Apidae,Anthophora,SPECIES,5,2023,4,6,9,Random_census
Halle,Pulmonaria mollis,Anthophora plumipes,Apidae,Anthophora,SPECIES,5,2023,4,6,9,Random_census
Halle,Pulmonaria mollis,Anthophora plumipes,Apidae,Anthophora,SPECIES,5,2023,4,6,9,Random_census
Halle,Pulmonaria mollis,Anthophora plumipes,Apidae,Anthophora,SPECIES,5,2023,4,6,9,Random_census
Halle,Pulmonaria mollis,Anthophora plumipes,Apidae,Anthophora,SPECIES,5,2023,4,6,9,Random_census
Halle,Pulmonaria mollis,Anthophora plumipes,Apidae,Anthophora,SPECIES,5,2023,4,6,9,Random_census
Halle,Pulmonaria mollis,Anthophora plumipes,Apidae,Anthophora,SPECIES,5,2023,4,6,9,Random_census
Halle,Pulmonaria mollis,Anthophora plumipes,Apidae,Anthophora,SPECIES,5,2023,4,6,9,Random_census
Halle,Pulmonaria mollis,Anthophora plumipes,Apidae,Anthophora,SPECIES,5,2023,4,6,9,Random_census
Halle,Pulmonaria mollis,Anthophora plumipes,Apidae,Anthophora,SPECIES,5,2023,4,6,9,Random_census
Halle,Pulmonaria mollis,Anthophora plumipes,Apidae,Anthophora,SPECIES,5,2023,4,6,9,Random_census
Halle,Pulmonaria mollis,Anthophora plumipes,Apidae,Anthophora,SPECIES,5,2023,4,6,9,Random_census
Halle,Primula vulgaris,Andrena strohmella,Andrenidae,Andrena,SPECIES,1,2023,4,6,10,Random_census
Halle,Potentilla sterilis,Andrena strohmella,Andrenidae,Andrena,SPECIES,1,2023,4,6,11,Random_census
Halle,Primula vulgaris,Apis mellifera,Apidae,Apis,SPECIES,1,2023,4,6,12,Random_census
Halle,Primula vulgaris,Apis mellifera,Apidae,Apis,SPECIES,1,2023,4,6,12,Random_census
Halle,Magnolia stellata,Apis mellifera,Apidae,Apis,SPECIES,1,2023,4,6,13,Random_census
Halle,Corydalis cava,Anthophora plumipes,Apidae,Anthophora,SPECIES,2,2023,4,6,14,Random_census
Halle,Corydalis cava,Anthophora plumipes,Apidae,Anthophora,SPECIES,1,2023,4,6,14,Random_census
Halle,Corydalis cava,Anthophora plumipes,Apidae,Anthophora,SPECIES,1,2023,4,6,14,Random_census
Halle,Primula vulgaris,Anthophora plumipes,Apidae,Anthophora,SPECIES,18,2023,4,6,15,Random_census
Halle,Primula vulgaris,Anthophora plumipes,Apidae,Anthophora,SPECIES,10,2023,4,6,15,Random_census
Halle,Primula vulgaris,Anthophora plumipes,Apidae,Anthophora,SPECIES,1,2023,4,6,15,Random_census
Halle,Primula vulgaris,Anthophora plumipes,Apidae,Anthophora,SPECIES,1,2023,4,6,15,Random_census
Halle,Anemone nemorosa,Anthophora plumipes,Apidae,Anthophora,SPECIES,1,2023,4,6,16,Random_census
Halle,Primula vulgaris,Xylocopa violacea,Apidae,Xylocopa,SPECIES,6,2023,4,6,17,Random_census
Halle,Potentilla sterilis,Andrena flavipes,Andrenidae,Andrena,SPECIES,1,2023,4,6,18,Random_census
Halle,Scopolia carniolica,Apis mellifera,Apidae,Apis,SPECIES,3,2023,4,10,NA,Focal
Halle,Primula veris,Anthophora plumipes,Apidae,Anthophora,SPECIES,15,2023,4,10,NA,Focal
Halle,Primula veris,Anthophora plumipes,Apidae,Anthophora,SPECIES,5,2023,4,10,NA,Focal
Halle,Iberis sempervirens,Xylocopa violacea,Apidae,Xylocopa,SPECIES,1,2023,4,10,NA,Focal
Halle,Iberis sempervirens,Xylocopa violacea,Apidae,Xylocopa,SPECIES,1,2023,4,10,NA,Focal
Halle,Iberis sempervirens,Osmia cornuta,Megachilidae,Osmia,SPECIES,1,2023,4,10,NA,Focal
Halle,Iberis sempervirens,Nomada lathburiana,Apidae,Nomada,SPECIES,1,2023,4,10,NA,Focal
Halle,Iberis sempervirens,Nomada lathburiana,Apidae,Nomada,SPECIES,1,2023,4,10,NA,Focal
Halle,Lathyrus vernus,Anthophora plumipes,Apidae,Anthophora,SPECIES,1,2023,4,10,NA,Focal
Halle,Lathyrus vernus,Anthophora plumipes,Apidae,Anthophora,SPECIES,1,2023,4,10,NA,Focal
Halle,Pulmonaria mollis,Anthophora plumipes,Apidae,Anthophora,SPECIES,3,2023,4,10,1,Random_census
Halle,Pulmonaria mollis,Anthophora plumipes,Apidae,Anthophora,SPECIES,2,2023,4,10,1,Random_census
Halle,Pulmonaria mollis,Anthophora plumipes,Apidae,Anthophora,SPECIES,3,2023,4,10,1,Random_census
Halle,Pulmonaria mollis,Anthophora plumipes,Apidae,Anthophora,SPECIES,1,2023,4,10,1,Random_census
Halle,Muscari armeniacum,Osmia cornuta,Megachilidae,Osmia,SPECIES,4,2023,4,10,1,Random_census
Halle,Muscari armeniacum,Osmia cornuta,Megachilidae,Osmia,SPECIES,3,2023,4,10,1,Random_census
Halle,Muscari armeniacum,Anthophora plumipes,Apidae,Anthophora,SPECIES,1,2023,4,10,1,Random_census
Halle,Pulmonaria mollis,Anthophora plumipes,Apidae,Anthophora,SPECIES,3,2023,4,10,1,Random_census
Halle,Pieris japonica,Xylocopa violacea,Apidae,Xylocopa,SPECIES,1,2023,4,10,2,Random_census
Halle,Pieris japonica,Bombus lapidarius,Apidae,Bombus,SPECIES,1,2023,4,10,2,Random_census
Halle,Pieris japonica,Apis mellifera,Apidae,Apis,SPECIES,7,2023,4,10,2,Random_census
Halle,Pieris japonica,Apis mellifera,Apidae,Apis,SPECIES,5,2023,4,10,2,Random_census
Halle,Pieris japonica,Apis mellifera,Apidae,Apis,SPECIES,1,2023,4,10,2,Random_census
Halle,Pieris japonica,Apis mellifera,Apidae,Apis,SPECIES,1,2023,4,10,2,Random_census
Halle,Pieris japonica,Apis mellifera,Apidae,Apis,SPECIES,1,2023,4,10,2,Random_census
Halle,Pieris japonica,Apis mellifera,Apidae,Apis,SPECIES,1,2023,4,10,2,Random_census
Halle,Pieris japonica,Apis mellifera,Apidae,Apis,SPECIES,1,2023,4,10,2,Random_census
Halle,Pieris japonica,Xylocopa violacea,Apidae,Xylocopa,SPECIES,1,2023,4,10,2,Random_census
Halle,Muscari armeniacum,Anthophora plumipes,Apidae,Anthophora,SPECIES,1,2023,4,10,3,Random_census
Halle,Primula vulgaris,Anthophora plumipes,Apidae,Anthophora,SPECIES,1,2023,4,10,4,Random_census
Halle,Primula vulgaris,Anthophora plumipes,Apidae,Anthophora,SPECIES,1,2023,4,10,4,Random_census
Halle,Taraxacum officinale,Apis mellifera,Apidae,Apis,SPECIES,1,2023,4,10,4,Random_census
Halle,Ornithogalum nutans,Anthophora plumipes,Apidae,Anthophora,SPECIES,3,2023,4,10,5,Random_census
Halle,Ornithogalum nutans,Anthophora plumipes,Apidae,Anthophora,SPECIES,2,2023,4,10,5,Random_census
Halle,Ornithogalum nutans,Anthophora plumipes,Apidae,Anthophora,SPECIES,3,2023,4,10,5,Random_census
Halle,Ornithogalum nutans,Anthophora plumipes,Apidae,Anthophora,SPECIES,4,2023,4,10,5,Random_census
Halle,Taraxacum officinale,Nomada lathburiana,Apidae,Nomada,SPECIES,1,2023,4,10,6,Random_census
Halle,Ranunculus ficaria,Anthophora plumipes,Apidae,Anthophora,SPECIES,1,2023,4,10,7,Random_census
Halle,Arabis alpina,Anthophora plumipes,Apidae,Anthophora,SPECIES,1,2023,4,10,8,Random_census
Halle,Arabis alpina,Anthophora plumipes,Apidae,Anthophora,SPECIES,3,2023,4,10,8,Random_census
Halle,Ornithogalum nutans,Apis mellifera,Apidae,Apis,SPECIES,3,2023,4,10,9,Random_census
Halle,Ornithogalum nutans,Apis mellifera,Apidae,Apis,SPECIES,2,2023,4,10,9,Random_census
Halle,Primula vulgaris,Andrena bicolor,Andrenidae,Andrena,SPECIES,3,2023,4,10,9,Random_census
Halle,Corydalis cava,Xylocopa violacea,Apidae,Xylocopa,SPECIES,5,2023,4,10,10,Random_census
Halle,Corydalis cava,Anthophora plumipes,Apidae,Anthophora,SPECIES,5,2023,4,10,10,Random_census
Halle,Corydalis cava,Anthophora plumipes,Apidae,Anthophora,SPECIES,2,2023,4,10,10,Random_census
Halle,Corydalis cava,Xylocopa violacea,Apidae,Xylocopa,SPECIES,1,2023,4,10,10,Random_census
Halle,Bellis perennis,Andrena flavipes,Andrenidae,Andrena,SPECIES,1,2023,4,10,10,Random_census
Halle,Viscaria vulgaris,Anthophora plumipes,Apidae,Anthophora,SPECIES,20,2023,4,22,NA,Focal
Halle,Viscaria vulgaris,Anthophora plumipes,Apidae,Anthophora,SPECIES,5,2023,4,22,NA,Focal
Halle,Viscaria vulgaris,Anthophora plumipes,Apidae,Anthophora,SPECIES,9,2023,4,22,NA,Focal
Halle,Lathyrus vernus,Apis mellifera,Apidae,Apis,SPECIES,1,2023,4,22,NA,Focal
Halle,Lathyrus vernus,Anthophora plumipes,Apidae,Anthophora,SPECIES,4,2023,4,22,NA,Focal
Halle,Lathyrus vernus,Osmia cornuta,Megachilidae,Osmia,SPECIES,5,2023,4,22,NA,Focal
Halle,Lathyrus vernus,Osmia cornuta,Megachilidae,Osmia,SPECIES,2,2023,4,22,NA,Focal
Halle,Lathyrus vernus,Osmia cornuta,Megachilidae,Osmia,SPECIES,5,2023,4,22,NA,Focal
Halle,Oxalis acetosella,Anthophora plumipes,Apidae,Anthophora,SPECIES,3,2023,4,22,NA,Focal
Halle,Oxalis acetosella,Osmia cornuta,Megachilidae,Osmia,SPECIES,1,2023,4,22,NA,Focal
Halle,Iberis sempervirens,Andrena,Andrenidae,Andrena,GENUS,1,2023,4,22,NA,Focal
Halle,Iberis sempervirens,Apis mellifera,Apidae,Apis,SPECIES,1,2023,4,22,NA,Focal
Halle,Iberis sempervirens,Anthophora plumipes,Apidae,Anthophora,SPECIES,1,2023,4,22,NA,Focal
Halle,Prunus tenella,Apis mellifera,Apidae,Apis,SPECIES,11,2023,4,22,1,Random_census
Halle,Prunus tenella,Osmia bicornis,Megachilidae,Osmia,SPECIES,2,2023,4,22,1,Random_census
Halle,Geum ternatum,Lasioglossum laticeps,Halictidae,Lasioglossum,SPECIES,2,2023,4,22,2,Random_census
Halle,Taraxacum officinale,Osmia bicornis,Megachilidae,Osmia,SPECIES,4,2023,4,22,3,Random_census
Halle,Taraxacum officinale,Apis mellifera,Apidae,Apis,SPECIES,3,2023,4,22,3,Random_census
Halle,Taraxacum officinale,Apis mellifera,Apidae,Apis,SPECIES,3,2023,4,22,3,Random_census
Halle,Taraxacum officinale,Apis mellifera,Apidae,Apis,SPECIES,2,2023,4,22,3,Random_census
Halle,Taraxacum officinale,Apis mellifera,Apidae,Apis,SPECIES,2,2023,4,22,3,Random_census
Halle,Taraxacum officinale,Osmia bicornis,Megachilidae,Osmia,SPECIES,1,2023,4,22,3,Random_census
Halle,Taraxacum officinale,Lasioglossum,Halictidae,Lasioglossum,GENUS,1,2023,4,22,3,Random_census
Halle,Taraxacum officinale,Apis mellifera,Apidae,Apis,SPECIES,2,2023,4,22,4,Random_census
Halle,Taraxacum officinale,Apis mellifera,Apidae,Apis,SPECIES,1,2023,4,22,4,Random_census
Halle,Tulipa sylvestris,Bombus terrestris,Apidae,Bombus,SPECIES,1,2023,4,22,5,Random_census
Halle,Taraxacum officinale,Osmia bicornis,Megachilidae,Osmia,SPECIES,1,2023,4,22,5,Random_census
Halle,Taraxacum officinale,Apis mellifera,Apidae,Apis,SPECIES,1,2023,4,22,5,Random_census
Halle,Ornithogalum nutans,Anthophora plumipes,Apidae,Anthophora,SPECIES,3,2023,4,22,5,Random_census
Halle,Ornithogalum nutans,Anthophora plumipes,Apidae,Anthophora,SPECIES,5,2023,4,22,6,Random_census
Halle,Ornithogalum nutans,Anthophora plumipes,Apidae,Anthophora,SPECIES,2,2023,4,22,6,Random_census
Halle,Ornithogalum nutans,Anthophora plumipes,Apidae,Anthophora,SPECIES,2,2023,4,22,6,Random_census
Halle,Geum ternatum,Nomada flavoguttata,Apidae,Nomada,SPECIES,1,2023,4,22,7,Random_census
Halle,Pieris japonica,Bombus terrestris,Apidae,Bombus,SPECIES,2,2023,4,22,8,Random_census
Halle,Pieris japonica,Xylocopa violacea,Apidae,Xylocopa,SPECIES,2,2023,4,22,8,Random_census
Halle,Pieris japonica,Xylocopa violacea,Apidae,Xylocopa,SPECIES,1,2023,4,22,8,Random_census
Halle,Pieris japonica,Anthophora plumipes,Apidae,Anthophora,SPECIES,1,2023,4,22,8,Random_census
Halle,Pieris japonica,Apis mellifera,Apidae,Apis,SPECIES,1,2023,4,22,8,Random_census
Halle,Taraxacum officinale,Apis mellifera,Apidae,Apis,SPECIES,4,2023,4,22,9,Random_census
Halle,Taraxacum officinale,Apis mellifera,Apidae,Apis,SPECIES,4,2023,4,22,9,Random_census
Halle,Taraxacum officinale,Apis mellifera,Apidae,Apis,SPECIES,1,2023,4,22,9,Random_census
Halle,Taraxacum officinale,Halictus rubicundus,Halictidae,Halictus,SPECIES,1,2023,4,22,9,Random_census
Halle,Malcolmia maritima,Anthophora plumipes,Apidae,Anthophora,SPECIES,3,2023,4,22,10,Random_census
Halle,Malcolmia maritima,Lasioglossum nitidiusculum,Halictidae,Lasioglossum,SPECIES,1,2023,4,22,10,Random_census
Halle,Lamium album,Bombus terrestris,Apidae,Bombus,SPECIES,1,2023,4,27,NA,Focal
Halle,Geum rivale,Bombus pascuorum,Apidae,Bombus,SPECIES,14,2023,4,27,NA,Focal
Halle,Geum rivale,Anthophora plumipes,Apidae,Anthophora,SPECIES,5,2023,4,27,NA,Focal
Halle,Geum rivale,Osmia,Megachilidae,Osmia,GENUS,3,2023,4,27,NA,Focal
Halle,Geum rivale,Anthophora plumipes,Apidae,Anthophora,SPECIES,3,2023,4,27,NA,Focal
Halle,Geum rivale,Anthophora plumipes,Apidae,Anthophora,SPECIES,3,2023,4,27,NA,Focal
Halle,Geum rivale,Anthophora plumipes,Apidae,Anthophora,SPECIES,3,2023,4,27,NA,Focal
Halle,Geum rivale,Anthophora plumipes,Apidae,Anthophora,SPECIES,3,2023,4,27,NA,Focal
Halle,Geum rivale,Anthophora plumipes,Apidae,Anthophora,SPECIES,4,2023,4,27,NA,Focal
Halle,Primula veris,Anthophora plumipes,Apidae,Anthophora,SPECIES,3,2023,4,27,NA,Focal
Halle,Viscaria vulgaris,Apis mellifera,Apidae,Apis,SPECIES,1,2023,4,27,NA,Focal
Halle,Iberis sempervirens,Anthophora plumipes,Apidae,Anthophora,SPECIES,5,2023,4,27,NA,Focal
Halle,Iberis sempervirens,Anthophora plumipes,Apidae,Anthophora,SPECIES,2,2023,4,27,NA,Focal
Halle,Iberis sempervirens,Anthophora plumipes,Apidae,Anthophora,SPECIES,3,2023,4,27,NA,Focal
Halle,Iberis sempervirens,Anthophora plumipes,Apidae,Anthophora,SPECIES,1,2023,4,27,NA,Focal
Halle,Iberis sempervirens,Osmia cornuta,Megachilidae,Osmia,SPECIES,2,2023,4,27,NA,Focal
Halle,Iberis sempervirens,Osmia cornuta,Megachilidae,Osmia,SPECIES,2,2023,4,27,NA,Focal
Halle,Iberis sempervirens,Osmia cornuta,Megachilidae,Osmia,SPECIES,3,2023,4,27,NA,Focal
Halle,Iberis sempervirens,Osmia cornuta,Megachilidae,Osmia,SPECIES,1,2023,4,27,NA,Focal
Halle,Iberis sempervirens,Osmia cornuta,Megachilidae,Osmia,SPECIES,1,2023,4,27,NA,Focal
Halle,Iberis sempervirens,Osmia cornuta,Megachilidae,Osmia,SPECIES,2,2023,4,27,NA,Focal
Halle,Iberis sempervirens,Osmia cornuta,Megachilidae,Osmia,SPECIES,2,2023,4,27,NA,Focal
Halle,Iberis sempervirens,Osmia cornuta,Megachilidae,Osmia,SPECIES,1,2023,4,27,NA,Focal
Halle,Iberis sempervirens,Osmia cornuta,Megachilidae,Osmia,SPECIES,1,2023,4,27,NA,Focal
Halle,Iberis sempervirens,Apis mellifera,Apidae,Apis,SPECIES,2,2023,4,27,NA,Focal
Halle,Iberis sempervirens,Apis mellifera,Apidae,Apis,SPECIES,1,2023,4,27,NA,Focal
Halle,Iberis sempervirens,Bombus terrestris,Apidae,Bombus,SPECIES,2,2023,4,27,NA,Focal
Halle,Iberis sempervirens,Andrena minutula,Andrenidae,Andrena,SPECIES,10,2023,4,27,NA,Focal
Halle,Iberis sempervirens,Andrena minutula,Andrenidae,Andrena,SPECIES,3,2023,4,27,NA,Focal
Halle,Iberis sempervirens,Andrena minutula,Andrenidae,Andrena,SPECIES,3,2023,4,27,NA,Focal
Halle,Iberis sempervirens,Bombus terrestris,Apidae,Bombus,SPECIES,1,2023,4,27,NA,Focal
Halle,Iberis sempervirens,Bombus terrestris,Apidae,Bombus,SPECIES,1,2023,4,27,NA,Focal
Halle,Iberis sempervirens,Bombus terrestris,Apidae,Bombus,SPECIES,1,2023,4,27,NA,Focal
Halle,Iberis sempervirens,Osmia cornuta,Megachilidae,Osmia,SPECIES,1,2023,4,27,NA,Focal
Halle,Iberis sempervirens,Bombus terrestris,Apidae,Bombus,SPECIES,1,2023,4,27,NA,Focal
Halle,Lathyrus vernus,Bombus pascuorum,Apidae,Bombus,SPECIES,5,2023,4,27,NA,Focal
Halle,Lathyrus vernus,Osmia bicornis,Megachilidae,Osmia,SPECIES,2,2023,4,27,NA,Focal
Halle,Pulmonaria mollis,Apis mellifera,Apidae,Apis,SPECIES,5,2023,4,27,1,Random_census
Halle,Pulmonaria mollis,Apis mellifera,Apidae,Apis,SPECIES,4,2023,4,27,1,Random_census
Halle,Pulmonaria mollis,Apis mellifera,Apidae,Apis,SPECIES,3,2023,4,27,1,Random_census
Halle,Pulmonaria mollis,Apis mellifera,Apidae,Apis,SPECIES,6,2023,4,27,1,Random_census
Halle,Pulmonaria mollis,Apis mellifera,Apidae,Apis,SPECIES,2,2023,4,27,1,Random_census
Halle,Pulmonaria mollis,Anthophora plumipes,Apidae,Anthophora,SPECIES,7,2023,4,27,1,Random_census
Halle,Pulmonaria mollis,Anthophora plumipes,Apidae,Anthophora,SPECIES,2,2023,4,27,1,Random_census
Halle,Ranunculus lanuginosus,Osmia cornuta,Megachilidae,Osmia,SPECIES,2,2023,4,27,2,Random_census
Halle,Aubrieta olympica,Apis mellifera,Apidae,Apis,SPECIES,10,2023,4,27,3,Random_census
Halle,Aubrieta parviflora,Apis mellifera,Apidae,Apis,SPECIES,10,2023,4,27,4,Random_census
Halle,Aubrieta parviflora,Apis mellifera,Apidae,Apis,SPECIES,5,2023,4,27,4,Random_census
Halle,Aubrieta parviflora,Anthophora plumipes,Apidae,Anthophora,SPECIES,1,2023,4,27,4,Random_census
Halle,Hippocrepis emerus,Xylocopa violacea,Apidae,Xylocopa,SPECIES,7,2023,4,27,6,Random_census
Halle,Hippocrepis emerus,Xylocopa violacea,Apidae,Xylocopa,SPECIES,5,2023,4,27,6,Random_census
Halle,Hippocrepis emerus,Xylocopa violacea,Apidae,Xylocopa,SPECIES,10,2023,4,27,6,Random_census
Halle,Hippocrepis emerus,Apis mellifera,Apidae,Apis,SPECIES,5,2023,4,27,6,Random_census
Halle,Hippocrepis emerus,Apis mellifera,Apidae,Apis,SPECIES,5,2023,4,27,6,Random_census
Halle,Hippocrepis emerus,Apis mellifera,Apidae,Apis,SPECIES,5,2023,4,27,6,Random_census
Halle,Hippocrepis emerus,Apis mellifera,Apidae,Apis,SPECIES,6,2023,4,27,6,Random_census
Halle,Hippocrepis emerus,Apis mellifera,Apidae,Apis,SPECIES,4,2023,4,27,6,Random_census
Halle,Hippocrepis emerus,Apis mellifera,Apidae,Apis,SPECIES,5,2023,4,27,6,Random_census
Halle,Hippocrepis emerus,Apis mellifera,Apidae,Apis,SPECIES,5,2023,4,27,6,Random_census
Halle,Hippocrepis emerus,Apis mellifera,Apidae,Apis,SPECIES,6,2023,4,27,6,Random_census
Halle,Hippocrepis emerus,Apis mellifera,Apidae,Apis,SPECIES,5,2023,4,27,6,Random_census
Halle,Hippocrepis emerus,Apis mellifera,Apidae,Apis,SPECIES,3,2023,4,27,6,Random_census
Halle,Hippocrepis emerus,Apis mellifera,Apidae,Apis,SPECIES,3,2023,4,27,6,Random_census
Halle,Hippocrepis emerus,Apis mellifera,Apidae,Apis,SPECIES,5,2023,4,27,6,Random_census
Halle,Taraxacum officinale,Apis mellifera,Apidae,Apis,SPECIES,4,2023,4,27,7,Random_census
Halle,Taraxacum officinale,Apis mellifera,Apidae,Apis,SPECIES,2,2023,4,27,7,Random_census
Halle,Taraxacum officinale,Andrena minutula,Andrenidae,Andrena,SPECIES,1,2023,4,27,7,Random_census
Halle,Taraxacum officinale,Andrena minutula,Andrenidae,Andrena,SPECIES,1,2023,4,27,7,Random_census
Halle,Potentilla montana,Apis mellifera,Apidae,Apis,SPECIES,3,2023,4,27,8,Random_census
Halle,Potentilla montana,Apis mellifera,Apidae,Apis,SPECIES,3,2023,4,27,8,Random_census
Halle,Lamium purpureum,Anthophora plumipes,Apidae,Anthophora,SPECIES,3,2023,4,27,9,Random_census
Halle,Lamium purpureum,Anthophora plumipes,Apidae,Anthophora,SPECIES,3,2023,4,27,9,Random_census
Halle,Lamium purpureum,Anthophora plumipes,Apidae,Anthophora,SPECIES,2,2023,4,27,9,Random_census
Halle,Lamium purpureum,Osmia bicornis,Megachilidae,Osmia,SPECIES,1,2023,4,27,9,Random_census
Halle,Taraxacum officinale,Apis mellifera,Apidae,Apis,SPECIES,2,2023,4,27,10,Random_census
Halle,Taraxacum officinale,Apis mellifera,Apidae,Apis,SPECIES,2,2023,4,27,10,Random_census
Halle,Lathyrus vernus,Eucera nigrescens,Apidae,Eucera,SPECIES,5,2023,5,4,NA,Focal
Halle,Lathyrus vernus,Eucera nigrescens,Apidae,Eucera,SPECIES,7,2023,5,4,NA,Focal
Halle,Lathyrus vernus,Eucera nigrescens,Apidae,Eucera,SPECIES,3,2023,5,4,NA,Focal
Halle,Lathyrus vernus,Eucera nigrescens,Apidae,Eucera,SPECIES,5,2023,5,4,NA,Focal
Halle,Lathyrus vernus,Eucera nigrescens,Apidae,Eucera,SPECIES,4,2023,5,4,NA,Focal
Halle,Lathyrus vernus,Eucera nigrescens,Apidae,Eucera,SPECIES,6,2023,5,4,NA,Focal
Halle,Lathyrus vernus,Eucera nigrescens,Apidae,Eucera,SPECIES,5,2023,5,4,NA,Focal
Halle,Lathyrus vernus,Anthophora aestivalis,Apidae,Anthophora,SPECIES,5,2023,5,4,NA,Focal
Halle,Lathyrus vernus,Anthophora aestivalis,Apidae,Anthophora,SPECIES,6,2023,5,4,NA,Focal
Halle,Lamium album,Anthophora plumipes,Apidae,Anthophora,SPECIES,5,2023,5,4,NA,Focal
Halle,Lamium album,Anthophora plumipes,Apidae,Anthophora,SPECIES,17,2023,5,4,NA,Focal
Halle,Lamium album,Anthophora plumipes,Apidae,Anthophora,SPECIES,5,2023,5,4,NA,Focal
Halle,Lamium album,Anthophora plumipes,Apidae,Anthophora,SPECIES,10,2023,5,4,NA,Focal
Halle,Lamium album,Anthophora plumipes,Apidae,Anthophora,SPECIES,3,2023,5,4,NA,Focal
Halle,Lamium album,Anthophora plumipes,Apidae,Anthophora,SPECIES,3,2023,5,4,NA,Focal
Halle,Lamium album,Anthophora plumipes,Apidae,Anthophora,SPECIES,3,2023,5,4,NA,Focal
Halle,Lamium album,Bombus pascuorum,Apidae,Bombus,SPECIES,10,2023,5,4,NA,Focal
Halle,Lamium album,Osmia caerulescens,Megachilidae,Osmia,SPECIES,5,2023,5,4,NA,Focal
Halle,Lamium album,Osmia caerulescens,Megachilidae,Osmia,SPECIES,3,2023,5,4,NA,Focal
Halle,Viscaria vulgaris,Anthophora plumipes,Apidae,Anthophora,SPECIES,14,2023,5,4,NA,Focal
Halle,Viscaria vulgaris,Anthophora plumipes,Apidae,Anthophora,SPECIES,63,2023,5,4,NA,Focal
Halle,Viscaria vulgaris,Anthophora plumipes,Apidae,Anthophora,SPECIES,34,2023,5,4,NA,Focal
Halle,Viscaria vulgaris,Anthophora plumipes,Apidae,Anthophora,SPECIES,55,2023,5,4,NA,Focal
Halle,Viscaria vulgaris,Anthophora plumipes,Apidae,Anthophora,SPECIES,45,2023,5,4,NA,Focal
Halle,Viscaria vulgaris,Anthophora plumipes,Apidae,Anthophora,SPECIES,165,2023,5,4,NA,Focal
Halle,Viscaria vulgaris,Anthophora plumipes,Apidae,Anthophora,SPECIES,72,2023,5,4,NA,Focal
Halle,Viscaria vulgaris,Anthophora plumipes,Apidae,Anthophora,SPECIES,38,2023,5,4,NA,Focal
Halle,Aegonychon purpurocaeruleum,Anthophora plumipes,Apidae,Anthophora,SPECIES,5,2023,5,4,1,Random_census
Halle,Aegonychon purpurocaeruleum,Anthophora plumipes,Apidae,Anthophora,SPECIES,12,2023,5,4,1,Random_census
Halle,Aegonychon purpurocaeruleum,Anthophora plumipes,Apidae,Anthophora,SPECIES,8,2023,5,4,1,Random_census
Halle,Aegonychon purpurocaeruleum,Anthophora plumipes,Apidae,Anthophora,SPECIES,10,2023,5,4,1,Random_census
Halle,Aegonychon purpurocaeruleum,Anthophora plumipes,Apidae,Anthophora,SPECIES,6,2023,5,4,1,Random_census
Halle,Aegonychon purpurocaeruleum,Osmia bicornis,Megachilidae,Osmia,SPECIES,2,2023,5,4,1,Random_census
Halle,Nepeta clarkei,Anthophora plumipes,Apidae,Anthophora,SPECIES,12,2023,5,4,2,Random_census
Halle,Nepeta clarkei,Anthophora plumipes,Apidae,Anthophora,SPECIES,25,2023,5,4,2,Random_census
Halle,Nepeta clarkei,Anthophora plumipes,Apidae,Anthophora,SPECIES,23,2023,5,4,2,Random_census
Halle,Nepeta clarkei,Anthophora plumipes,Apidae,Anthophora,SPECIES,18,2023,5,4,2,Random_census
Halle,Nepeta clarkei,Anthophora plumipes,Apidae,Anthophora,SPECIES,5,2023,5,4,2,Random_census
Halle,Nepeta clarkei,Anthophora plumipes,Apidae,Anthophora,SPECIES,10,2023,5,4,2,Random_census
Halle,Nepeta clarkei,Anthophora plumipes,Apidae,Anthophora,SPECIES,23,2023,5,4,2,Random_census
Halle,Nepeta clarkei,Anthophora plumipes,Apidae,Anthophora,SPECIES,15,2023,5,4,2,Random_census
Halle,Cotoneaster adpressus,Apis mellifera,Apidae,Apis,SPECIES,3,2023,5,4,3,Random_census
Halle,Cotoneaster adpressus,Apis mellifera,Apidae,Apis,SPECIES,5,2023,5,4,3,Random_census
Halle,Cotoneaster adpressus,Apis mellifera,Apidae,Apis,SPECIES,3,2023,5,4,3,Random_census
Halle,Cotoneaster adpressus,Apis mellifera,Apidae,Apis,SPECIES,6,2023,5,4,3,Random_census
Halle,Cotoneaster adpressus,Apis mellifera,Apidae,Apis,SPECIES,2,2023,5,4,3,Random_census
Halle,Cotoneaster adpressus,Apis mellifera,Apidae,Apis,SPECIES,3,2023,5,4,3,Random_census
Halle,Cotoneaster adpressus,Apis mellifera,Apidae,Apis,SPECIES,4,2023,5,4,3,Random_census
Halle,Cotoneaster adpressus,Apis mellifera,Apidae,Apis,SPECIES,5,2023,5,4,3,Random_census
Halle,Cotoneaster adpressus,Apis mellifera,Apidae,Apis,SPECIES,5,2023,5,4,3,Random_census
Halle,Cotoneaster adpressus,Apis mellifera,Apidae,Apis,SPECIES,3,2023,5,4,3,Random_census
Halle,Ranunculus bulbosus,Osmia,Megachilidae,Osmia,GENUS,3,2023,5,4,5,Random_census
Halle,Erodium cicutarium,Apis mellifera,Apidae,Apis,SPECIES,2,2023,5,4,6,Random_census
Halle,Erodium cicutarium,Sphecodes albilabris,Halictidae,Sphecodes,SPECIES,1,2023,5,4,6,Random_census
Halle,Aubrieta deltoidea,Anthophora plumipes,Apidae,Anthophora,SPECIES,5,2023,5,4,7,Random_census
Halle,Paeonia officinalis,Apis mellifera,Apidae,Apis,SPECIES,1,2023,5,4,9,Random_census
Halle,Paeonia officinalis,Apis mellifera,Apidae,Apis,SPECIES,1,2023,5,4,9,Random_census
Halle,Barbarea vulgaris,Apis mellifera,Apidae,Apis,SPECIES,15,2023,5,4,10,Random_census
Halle,Barbarea vulgaris,Apis mellifera,Apidae,Apis,SPECIES,30,2023,5,4,10,Random_census
Halle,Barbarea vulgaris,Apis mellifera,Apidae,Apis,SPECIES,25,2023,5,4,10,Random_census
Halle,Barbarea vulgaris,Apis mellifera,Apidae,Apis,SPECIES,60,2023,5,4,10,Random_census
Halle,Barbarea vulgaris,Apis mellifera,Apidae,Apis,SPECIES,20,2023,5,4,10,Random_census
Halle,Barbarea vulgaris,Osmia brevicornis,Megachilidae,Osmia,SPECIES,2,2023,5,4,10,Random_census
Halle,Viscaria vulgaris,Anthophora plumipes,Apidae,Anthophora,SPECIES,50,2023,5,9,NA,Focal
Halle,Viscaria vulgaris,Anthophora plumipes,Apidae,Anthophora,SPECIES,25,2023,5,9,NA,Focal
Halle,Viscaria vulgaris,Anthophora plumipes,Apidae,Anthophora,SPECIES,35,2023,5,9,NA,Focal
Halle,Viscaria vulgaris,Anthophora plumipes,Apidae,Anthophora,SPECIES,40,2023,5,9,NA,Focal
Halle,Viscaria vulgaris,Anthophora plumipes,Apidae,Anthophora,SPECIES,50,2023,5,9,NA,Focal
Halle,Viscaria vulgaris,Anthophora plumipes,Apidae,Anthophora,SPECIES,30,2023,5,9,NA,Focal
Halle,Viscaria vulgaris,Anthophora plumipes,Apidae,Anthophora,SPECIES,20,2023,5,9,NA,Focal
Halle,Viscaria vulgaris,Anthophora plumipes,Apidae,Anthophora,SPECIES,3,2023,5,9,NA,Focal
Halle,Viscaria vulgaris,Anthophora plumipes,Apidae,Anthophora,SPECIES,35,2023,5,9,NA,Focal
Halle,Viscaria vulgaris,Anthophora plumipes,Apidae,Anthophora,SPECIES,3,2023,5,9,NA,Focal
Halle,Viscaria vulgaris,Anthophora plumipes,Apidae,Anthophora,SPECIES,5,2023,5,9,NA,Focal
Halle,Viscaria vulgaris,Anthophora plumipes,Apidae,Anthophora,SPECIES,50,2023,5,9,NA,Focal
Halle,Viscaria vulgaris,Anthophora plumipes,Apidae,Anthophora,SPECIES,30,2023,5,9,NA,Focal
Halle,Viscaria vulgaris,Anthophora plumipes,Apidae,Anthophora,SPECIES,65,2023,5,9,NA,Focal
Halle,Viscaria vulgaris,Anthophora plumipes,Apidae,Anthophora,SPECIES,30,2023,5,9,NA,Focal
Halle,Viscaria vulgaris,Anthophora plumipes,Apidae,Anthophora,SPECIES,35,2023,5,9,NA,Focal
Halle,Viscaria vulgaris,Anthophora plumipes,Apidae,Anthophora,SPECIES,5,2023,5,9,NA,Focal
Halle,Geum rivale,Halictus tumulorum,Halictidae,Halictus,SPECIES,3,2023,5,9,NA,Focal
Halle,Geum rivale,Halictus tumulorum,Halictidae,Halictus,SPECIES,3,2023,5,9,NA,Focal
Halle,Geum rivale,Halictus tumulorum,Halictidae,Halictus,SPECIES,1,2023,5,9,NA,Focal
Halle,Geum rivale,Halictus tumulorum,Halictidae,Halictus,SPECIES,1,2023,5,9,NA,Focal
Halle,Geum rivale,Halictus tumulorum,Halictidae,Halictus,SPECIES,3,2023,5,9,NA,Focal
Halle,Geum rivale,Halictus tumulorum,Halictidae,Halictus,SPECIES,2,2023,5,9,NA,Focal
Halle,Geum rivale,Halictus tumulorum,Halictidae,Halictus,SPECIES,1,2023,5,9,NA,Focal
Halle,Geum rivale,Halictus tumulorum,Halictidae,Halictus,SPECIES,2,2023,5,9,NA,Focal
Halle,Geum rivale,Halictus tumulorum,Halictidae,Halictus,SPECIES,1,2023,5,9,NA,Focal
Halle,Chelidonium majus,Apis mellifera,Apidae,Apis,SPECIES,3,2023,5,9,NA,Focal
Halle,Chelidonium majus,Apis mellifera,Apidae,Apis,SPECIES,130,2023,5,9,NA,Focal
Halle,Chelidonium majus,Halictus tumulorum,Halictidae,Halictus,SPECIES,5,2023,5,9,NA,Focal
Halle,Chelidonium majus,Lasioglossum,Halictidae,Lasioglossum,GENUS,5,2023,5,9,NA,Focal
Halle,Chelidonium majus,Halictus tumulorum,Halictidae,Halictus,SPECIES,3,2023,5,9,NA,Focal
Halle,Chelidonium majus,Halictus tumulorum,Halictidae,Halictus,SPECIES,2,2023,5,9,NA,Focal
Halle,Chelidonium majus,Anthophora plumipes,Apidae,Anthophora,SPECIES,1,2023,5,9,NA,Focal
Halle,Lamium album,Anthophora plumipes,Apidae,Anthophora,SPECIES,2,2023,5,9,NA,Focal
Halle,Lamium album,Osmia cornuta,Megachilidae,Osmia,SPECIES,3,2023,5,9,NA,Focal
Halle,Lamium album,Anthophora plumipes,Apidae,Anthophora,SPECIES,7,2023,5,9,NA,Focal
Halle,Lamium album,Osmia,Megachilidae,Osmia,GENUS,2,2023,5,9,NA,Focal
Halle,Fragaria vesca,Halictidae,Halictidae,NA,FAMILY,1,2023,5,9,NA,Focal
Halle,Lathyrus vernus,Anthophora plumipes,Apidae,Anthophora,SPECIES,1,2023,5,9,NA,Focal
Halle,Lathyrus vernus,Anthophora plumipes,Apidae,Anthophora,SPECIES,5,2023,5,9,NA,Focal
Halle,Lathyrus vernus,Osmia cornuta,Megachilidae,Osmia,SPECIES,3,2023,5,9,NA,Focal
Halle,Lathyrus vernus,Osmia cornuta,Megachilidae,Osmia,SPECIES,2,2023,5,9,NA,Focal
Halle,Chelidonium majus,Anthophora plumipes,Apidae,Anthophora,SPECIES,5,2023,5,9,1,Random_census
Halle,Aegonychon purpurocaeruleum,Anthophora plumipes,Apidae,Anthophora,SPECIES,12,2023,5,9,2,Random_census
Halle,Aegonychon purpurocaeruleum,Anthophora plumipes,Apidae,Anthophora,SPECIES,15,2023,5,9,2,Random_census
Halle,Aegonychon purpurocaeruleum,Anthophora plumipes,Apidae,Anthophora,SPECIES,10,2023,5,9,2,Random_census
Halle,Aegonychon purpurocaeruleum,Anthophora plumipes,Apidae,Anthophora,SPECIES,5,2023,5,9,2,Random_census
Halle,Aegonychon purpurocaeruleum,Anthophora plumipes,Apidae,Anthophora,SPECIES,3,2023,5,9,2,Random_census
Halle,Lamium orvala,Anthophora plumipes,Apidae,Anthophora,SPECIES,3,2023,5,9,4,Random_census
Halle,Lamium orvala,Anthophora plumipes,Apidae,Anthophora,SPECIES,5,2023,5,9,4,Random_census
Halle,Lamium orvala,Anthophora plumipes,Apidae,Anthophora,SPECIES,4,2023,5,9,4,Random_census
Halle,Lamium orvala,Anthophora plumipes,Apidae,Anthophora,SPECIES,5,2023,5,9,4,Random_census
Halle,Lamium orvala,Anthophora plumipes,Apidae,Anthophora,SPECIES,20,2023,5,9,4,Random_census
Halle,Lamium orvala,Apis mellifera,Apidae,Apis,SPECIES,3,2023,5,9,4,Random_census
Halle,Pentaglottis sempervirens,Bombus lapidarius,Apidae,Bombus,SPECIES,3,2023,5,9,5,Random_census
Halle,Pentaglottis sempervirens,Anthophora plumipes,Apidae,Anthophora,SPECIES,3,2023,5,9,5,Random_census
Halle,Pentaglottis sempervirens,Osmia bicornis,Megachilidae,Osmia,SPECIES,3,2023,5,9,5,Random_census
Halle,Pentaglottis sempervirens,Apis mellifera,Apidae,Apis,SPECIES,5,2023,5,9,5,Random_census
Halle,Pentaglottis sempervirens,Apis mellifera,Apidae,Apis,SPECIES,10,2023,5,9,5,Random_census
Halle,Pentaglottis sempervirens,Halictidae,Halictidae,NA,FAMILY,3,2023,5,9,5,Random_census
Halle,Pentaglottis sempervirens,Eucera nigrescens,Apidae,Eucera,SPECIES,1,2023,5,9,5,Random_census
Halle,Pentaglottis sempervirens,Melecta albifrons,Apidae,Melecta,SPECIES,1,2023,5,9,5,Random_census
Halle,Paeonia daurica,Apis mellifera,Apidae,Apis,SPECIES,2,2023,5,9,6,Random_census
Halle,Paeonia daurica,Apis mellifera,Apidae,Apis,SPECIES,1,2023,5,9,6,Random_census
Halle,Paeonia daurica,Apis mellifera,Apidae,Apis,SPECIES,2,2023,5,9,6,Random_census
Halle,Paeonia daurica,Anthophora plumipes,Apidae,Anthophora,SPECIES,1,2023,5,9,6,Random_census
Halle,Paeonia daurica,Anthophora plumipes,Apidae,Anthophora,SPECIES,2,2023,5,9,6,Random_census
Halle,Ranunculus bulbosus,Chelostoma florisomne,Megachilidae,Chelostoma,SPECIES,5,2023,5,9,7,Random_census
Halle,Ranunculus bulbosus,Chelostoma florisomne,Megachilidae,Chelostoma,SPECIES,3,2023,5,9,7,Random_census
Halle,Ranunculus bulbosus,Chelostoma florisomne,Megachilidae,Chelostoma,SPECIES,5,2023,5,9,7,Random_census
Halle,Ranunculus bulbosus,Chelostoma florisomne,Megachilidae,Chelostoma,SPECIES,5,2023,5,9,7,Random_census
Halle,Ranunculus bulbosus,Chelostoma florisomne,Megachilidae,Chelostoma,SPECIES,5,2023,5,9,7,Random_census
Halle,Nepeta clarkei,Anthophora plumipes,Apidae,Anthophora,SPECIES,5,2023,5,9,8,Random_census
Halle,Nepeta clarkei,Anthophora plumipes,Apidae,Anthophora,SPECIES,10,2023,5,9,8,Random_census
Halle,Nepeta clarkei,Anthophora plumipes,Apidae,Anthophora,SPECIES,15,2023,5,9,8,Random_census
Halle,Genista hispanica,Bombus terrestris,Apidae,Bombus,SPECIES,5,2023,5,9,9,Random_census
Halle,Genista hispanica,Bombus terrestris,Apidae,Bombus,SPECIES,5,2023,5,9,9,Random_census
Halle,Genista hispanica,Osmia cornuta,Megachilidae,Osmia,SPECIES,10,2023,5,9,9,Random_census
Halle,Genista hispanica,Bombus lapidarius,Apidae,Bombus,SPECIES,10,2023,5,9,9,Random_census
Halle,Geum rivale,Anthophora plumipes,Apidae,Anthophora,SPECIES,3,2023,5,15,NA,Focal
Halle,Geum rivale,Anthophora plumipes,Apidae,Anthophora,SPECIES,2,2023,5,15,NA,Focal
Halle,Geum rivale,Anthophora plumipes,Apidae,Anthophora,SPECIES,6,2023,5,15,NA,Focal
Halle,Geum rivale,Anthophora plumipes,Apidae,Anthophora,SPECIES,7,2023,5,15,NA,Focal
Halle,Geum rivale,Lasioglossum politum,Halictidae,Lasioglossum,SPECIES,2,2023,5,15,NA,Focal
Halle,Geum rivale,Lasioglossum politum,Halictidae,Lasioglossum,SPECIES,1,2023,5,15,NA,Focal
Halle,Chelidonium majus,Apis mellifera,Apidae,Apis,SPECIES,5,2023,5,15,NA,Focal
Halle,Chelidonium majus,Apis mellifera,Apidae,Apis,SPECIES,10,2023,5,15,NA,Focal
Halle,Chelidonium majus,Apis mellifera,Apidae,Apis,SPECIES,15,2023,5,15,NA,Focal
Halle,Chelidonium majus,Apis mellifera,Apidae,Apis,SPECIES,25,2023,5,15,NA,Focal
Halle,Chelidonium majus,Lasioglossum politum,Halictidae,Lasioglossum,SPECIES,5,2023,5,15,NA,Focal
Halle,Chelidonium majus,Lasioglossum politum,Halictidae,Lasioglossum,SPECIES,3,2023,5,15,NA,Focal
Halle,Chelidonium majus,Lasioglossum politum,Halictidae,Lasioglossum,SPECIES,5,2023,5,15,NA,Focal
Halle,Lamium album,Anthophora plumipes,Apidae,Anthophora,SPECIES,3,2023,5,15,NA,Focal
Halle,Lamium album,Anthophora plumipes,Apidae,Anthophora,SPECIES,3,2023,5,15,NA,Focal
Halle,Lamium album,Anthophora plumipes,Apidae,Anthophora,SPECIES,2,2023,5,15,NA,Focal
Halle,Lamium album,Lasioglossum,Halictidae,Lasioglossum,GENUS,4,2023,5,15,NA,Focal
Halle,Lamium album,Anthophora plumipes,Apidae,Anthophora,SPECIES,1,2023,5,15,NA,Focal
Halle,Lathyrus vernus,Osmia cornuta,Megachilidae,Osmia,SPECIES,1,2023,5,15,NA,Focal
Halle,Lathyrus vernus,Eucera nigrescens,Apidae,Eucera,SPECIES,1,2023,5,15,NA,Focal
Halle,Lathyrus vernus,Osmia bicornis,Megachilidae,Osmia,SPECIES,10,2023,5,15,NA,Focal
Halle,Erysimum pulchellum,Osmia bicolor,Megachilidae,Osmia,SPECIES,4,2023,5,15,1,Random_census
Halle,Erysimum pulchellum,Nomada bifasciata,Apidae,Nomada,SPECIES,5,2023,5,15,1,Random_census
Halle,Erysimum pulchellum,Osmia brevicornis,Megachilidae,Osmia,SPECIES,6,2023,5,15,1,Random_census
Halle,Wisteria sinensis,Xylocopa violacea,Apidae,Xylocopa,SPECIES,15,2023,5,15,2,Random_census
Halle,Wisteria sinensis,Apis mellifera,Apidae,Apis,SPECIES,5,2023,5,15,2,Random_census
Halle,Wisteria sinensis,Megachilidae,Megachilidae,NA,FAMILY,7,2023,5,15,2,Random_census
Halle,Wisteria sinensis,Apis mellifera,Apidae,Apis,SPECIES,5,2023,5,15,2,Random_census
Halle,Wisteria sinensis,Apis mellifera,Apidae,Apis,SPECIES,10,2023,5,15,2,Random_census
Halle,Genista hispanica,Bombus terrestris,Apidae,Bombus,SPECIES,40,2023,5,15,3,Random_census
Halle,Rhododendron smirnowii,Bombus terrestris,Apidae,Bombus,SPECIES,2,2023,5,15,4,Random_census
Halle,Rhododendron smirnowii,Apis mellifera,Apidae,Apis,SPECIES,34,2023,5,15,4,Random_census
Halle,Rhododendron smirnowii,Apis mellifera,Apidae,Apis,SPECIES,65,2023,5,15,4,Random_census
Halle,Rhododendron smirnowii,Apis mellifera,Apidae,Apis,SPECIES,35,2023,5,15,4,Random_census
Halle,Rhododendron smirnowii,Apis mellifera,Apidae,Apis,SPECIES,50,2023,5,15,4,Random_census
Halle,Rhododendron smirnowii,Apis mellifera,Apidae,Apis,SPECIES,60,2023,5,15,4,Random_census
Halle,Rhododendron smirnowii,Apis mellifera,Apidae,Apis,SPECIES,40,2023,5,15,4,Random_census
Halle,Rhododendron smirnowii,Apis mellifera,Apidae,Apis,SPECIES,30,2023,5,15,4,Random_census
Halle,Rhododendron smirnowii,Apis mellifera,Apidae,Apis,SPECIES,35,2023,5,15,4,Random_census
Halle,Rhododendron smirnowii,Apis mellifera,Apidae,Apis,SPECIES,55,2023,5,15,4,Random_census
Halle,Rhododendron smirnowii,Apis mellifera,Apidae,Apis,SPECIES,60,2023,5,15,4,Random_census
Halle,Rhododendron smirnowii,Apis mellifera,Apidae,Apis,SPECIES,50,2023,5,15,4,Random_census
Halle,Rhododendron smirnowii,Apis mellifera,Apidae,Apis,SPECIES,25,2023,5,15,4,Random_census
Halle,Rhododendron smirnowii,Apis mellifera,Apidae,Apis,SPECIES,15,2023,5,15,4,Random_census
Halle,Rhododendron smirnowii,Apis mellifera,Apidae,Apis,SPECIES,30,2023,5,15,4,Random_census
Halle,Hippocrepis emerus,Bombus pascuorum,Apidae,Bombus,SPECIES,20,2023,5,15,5,Random_census
Halle,Hippocrepis emerus,Bombus pascuorum,Apidae,Bombus,SPECIES,30,2023,5,15,5,Random_census
Halle,Drymocallis rupestris,Osmia bicornis,Megachilidae,Osmia,SPECIES,20,2023,5,15,6,Random_census
Halle,Drymocallis rupestris,Osmia bicornis,Megachilidae,Osmia,SPECIES,35,2023,5,15,6,Random_census
Halle,Drymocallis rupestris,Osmia bicornis,Megachilidae,Osmia,SPECIES,5,2023,5,15,6,Random_census
Halle,Lathyrus vernus,Bombus pascuorum,Apidae,Bombus,SPECIES,17,2023,5,15,7,Random_census
Halle,Crambe maritima,Apis mellifera,Apidae,Apis,SPECIES,5,2023,5,15,8,Random_census
Halle,Crambe maritima,Apis mellifera,Apidae,Apis,SPECIES,1,2023,5,15,8,Random_census
Halle,Crambe maritima,Apis mellifera,Apidae,Apis,SPECIES,3,2023,5,15,8,Random_census
Halle,Ranunculus bulbosus,Apis mellifera,Apidae,Apis,SPECIES,3,2023,5,15,9,Random_census
Halle,Muscari comosum,Anthophora plumipes,Apidae,Anthophora,SPECIES,150,2023,5,15,10,Random_census
Halle,Muscari comosum,Anthophora plumipes,Apidae,Anthophora,SPECIES,150,2023,5,15,10,Random_census
Halle,Muscari comosum,Anthophora plumipes,Apidae,Anthophora,SPECIES,150,2023,5,15,10,Random_census
Halle,Muscari comosum,Anthophora plumipes,Apidae,Anthophora,SPECIES,150,2023,5,15,10,Random_census
Halle,Muscari comosum,Anthophora plumipes,Apidae,Anthophora,SPECIES,100,2023,5,15,10,Random_census
Halle,Muscari comosum,Anthophora plumipes,Apidae,Anthophora,SPECIES,100,2023,5,15,10,Random_census
Halle,Lathyrus vernus,Osmia aurulenta,Megachilidae,Osmia,SPECIES,50,2023,5,22,NA,Focal
Halle,Lathyrus vernus,Osmia aurulenta,Megachilidae,Osmia,SPECIES,40,2023,5,22,NA,Focal
Halle,Lathyrus vernus,Osmia aurulenta,Megachilidae,Osmia,SPECIES,20,2023,5,22,NA,Focal
Halle,Lathyrus vernus,Osmia aurulenta,Megachilidae,Osmia,SPECIES,30,2023,5,22,NA,Focal
Halle,Lathyrus vernus,Osmia aurulenta,Megachilidae,Osmia,SPECIES,50,2023,5,22,NA,Focal
Halle,Lathyrus vernus,Osmia bicornis,Megachilidae,Osmia,SPECIES,50,2023,5,22,NA,Focal
Halle,Lathyrus vernus,Anthophora plumipes,Apidae,Anthophora,SPECIES,100,2023,5,22,NA,Focal
Halle,Lathyrus vernus,Anthophora plumipes,Apidae,Anthophora,SPECIES,100,2023,5,22,NA,Focal
Halle,Lathyrus vernus,Anthophora plumipes,Apidae,Anthophora,SPECIES,10,2023,5,22,NA,Focal
Halle,Lathyrus vernus,Anthophora plumipes,Apidae,Anthophora,SPECIES,20,2023,5,22,NA,Focal
Halle,Lathyrus vernus,Bombus hortorum,Apidae,Bombus,SPECIES,5,2023,5,22,NA,Focal
Halle,Lathyrus vernus,Bombus hortorum,Apidae,Bombus,SPECIES,5,2023,5,22,NA,Focal
Halle,Chelidonium majus,Osmia aurulenta,Megachilidae,Osmia,SPECIES,3,2023,5,22,NA,Focal
Halle,Chelidonium majus,Osmia aurulenta,Megachilidae,Osmia,SPECIES,2,2023,5,22,NA,Focal
Halle,Chelidonium majus,Osmia aurulenta,Megachilidae,Osmia,SPECIES,3,2023,5,22,NA,Focal
Halle,Aconitum lycoctonum,Lasioglossum,Halictidae,Lasioglossum,GENUS,3,2023,5,22,NA,Focal
Halle,Aconitum lycoctonum,Lasioglossum,Halictidae,Lasioglossum,GENUS,2,2023,5,22,NA,Focal
Halle,Lamium album,Osmia aurulenta,Megachilidae,Osmia,SPECIES,5,2023,5,22,NA,Focal
Halle,Lamium album,Osmia aurulenta,Megachilidae,Osmia,SPECIES,5,2023,5,22,NA,Focal
Halle,Lamium album,Osmia aurulenta,Megachilidae,Osmia,SPECIES,3,2023,5,22,NA,Focal
Halle,Lamium album,Osmia aurulenta,Megachilidae,Osmia,SPECIES,3,2023,5,22,NA,Focal
Halle,Lamium album,Osmia bicornis,Megachilidae,Osmia,SPECIES,5,2023,5,22,NA,Focal
Halle,Lamium album,Osmia bicornis,Megachilidae,Osmia,SPECIES,5,2023,5,22,NA,Focal
Halle,Lamium album,Osmia bicornis,Megachilidae,Osmia,SPECIES,3,2023,5,22,NA,Focal
Halle,Chrysojasminum fruticans,Anthophora plumipes,Apidae,Anthophora,SPECIES,105,2023,5,22,1,Random_census
Halle,Chrysojasminum fruticans,Anthophora plumipes,Apidae,Anthophora,SPECIES,108,2023,5,22,1,Random_census
Halle,Chrysojasminum fruticans,Anthophora plumipes,Apidae,Anthophora,SPECIES,120,2023,5,22,1,Random_census
Halle,Chrysojasminum fruticans,Anthophora plumipes,Apidae,Anthophora,SPECIES,50,2023,5,22,1,Random_census
Halle,Chrysojasminum fruticans,Anthophora plumipes,Apidae,Anthophora,SPECIES,100,2023,5,22,1,Random_census
Halle,Chrysojasminum fruticans,Melecta albifrons,Apidae,Melecta,SPECIES,50,2023,5,22,1,Random_census
Halle,Chrysojasminum fruticans,Melecta albifrons,Apidae,Melecta,SPECIES,80,2023,5,22,1,Random_census
Halle,Chrysojasminum fruticans,Melecta albifrons,Apidae,Melecta,SPECIES,60,2023,5,22,1,Random_census
Halle,Chrysojasminum fruticans,Melecta albifrons,Apidae,Melecta,SPECIES,60,2023,5,22,1,Random_census
Halle,Chrysojasminum fruticans,Melecta albifrons,Apidae,Melecta,SPECIES,80,2023,5,22,1,Random_census
Halle,Chrysojasminum fruticans,Anthophora plumipes,Apidae,Anthophora,SPECIES,120,2023,5,22,1,Random_census
Halle,Chrysojasminum fruticans,Osmia,Megachilidae,Osmia,GENUS,20,2023,5,22,1,Random_census
Halle,Sisymbrium officinale,Osmia bicornis,Megachilidae,Osmia,SPECIES,6,2023,5,22,2,Random_census
Halle,Sisymbrium officinale,Osmia bicornis,Megachilidae,Osmia,SPECIES,5,2023,5,22,2,Random_census
Halle,Drymocallis rupestris,Apis mellifera,Apidae,Apis,SPECIES,5,2023,5,22,3,Random_census
Halle,Drymocallis rupestris,Apis mellifera,Apidae,Apis,SPECIES,10,2023,5,22,3,Random_census
Halle,Drymocallis rupestris,Apis mellifera,Apidae,Apis,SPECIES,5,2023,5,22,3,Random_census
Halle,Thymus vulgaris,Apis mellifera,Apidae,Apis,SPECIES,5,2023,5,22,4,Random_census
Halle,Thymus vulgaris,Apis mellifera,Apidae,Apis,SPECIES,3,2023,5,22,4,Random_census
Halle,Thymus vulgaris,Apis mellifera,Apidae,Apis,SPECIES,10,2023,5,22,4,Random_census
Halle,Silene chungtienensis,Anthophora plumipes,Apidae,Anthophora,SPECIES,5,2023,5,22,5,Random_census
Halle,Thymus vulgaris,Apis mellifera,Apidae,Apis,SPECIES,10,2023,5,22,8,Random_census
Halle,Thymus vulgaris,Apis mellifera,Apidae,Apis,SPECIES,15,2023,5,22,8,Random_census
Halle,Thymus vulgaris,Apis mellifera,Apidae,Apis,SPECIES,10,2023,5,22,8,Random_census
Halle,Thymus vulgaris,Apis mellifera,Apidae,Apis,SPECIES,20,2023,5,22,8,Random_census
Halle,Thymus vulgaris,Apis mellifera,Apidae,Apis,SPECIES,22,2023,5,22,8,Random_census
Halle,Thymus vulgaris,Apis mellifera,Apidae,Apis,SPECIES,15,2023,5,22,8,Random_census
Halle,Thymus vulgaris,Apis mellifera,Apidae,Apis,SPECIES,12,2023,5,22,8,Random_census
Halle,Thymus vulgaris,Apis mellifera,Apidae,Apis,SPECIES,25,2023,5,22,8,Random_census
Halle,Thymus vulgaris,Apis mellifera,Apidae,Apis,SPECIES,10,2023,5,22,8,Random_census
Halle,Thymus vulgaris,Apis mellifera,Apidae,Apis,SPECIES,20,2023,5,22,8,Random_census
Halle,Rosa foetida,Apis mellifera,Apidae,Apis,SPECIES,3,2023,5,22,9,Random_census
Halle,Rosa foetida,Apis mellifera,Apidae,Apis,SPECIES,1,2023,5,22,9,Random_census
Halle,Pentaglottis sempervirens,Apis mellifera,Apidae,Apis,SPECIES,10,2023,5,22,10,Random_census
Halle,Pentaglottis sempervirens,Apis mellifera,Apidae,Apis,SPECIES,15,2023,5,22,10,Random_census
Halle,Pentaglottis sempervirens,Apis mellifera,Apidae,Apis,SPECIES,12,2023,5,22,10,Random_census
Halle,Pentaglottis sempervirens,Apis mellifera,Apidae,Apis,SPECIES,10,2023,5,22,10,Random_census
Halle,Pentaglottis sempervirens,Apis mellifera,Apidae,Apis,SPECIES,10,2023,5,22,10,Random_census
Halle,Salvia officinalis,Apis mellifera,Apidae,Apis,SPECIES,50,2023,5,31,NA,Focal
Halle,Salvia officinalis,Apis mellifera,Apidae,Apis,SPECIES,50,2023,5,31,NA,Focal
Halle,Salvia officinalis,Apis mellifera,Apidae,Apis,SPECIES,20,2023,5,31,NA,Focal
Halle,Salvia officinalis,Apis mellifera,Apidae,Apis,SPECIES,30,2023,5,31,NA,Focal
Halle,Salvia officinalis,Apis mellifera,Apidae,Apis,SPECIES,50,2023,5,31,NA,Focal
Halle,Salvia officinalis,Apis mellifera,Apidae,Apis,SPECIES,60,2023,5,31,NA,Focal
Halle,Salvia officinalis,Eucera nigrescens,Apidae,Eucera,SPECIES,10,2023,5,31,NA,Focal
Halle,Salvia officinalis,Eucera nigrescens,Apidae,Eucera,SPECIES,10,2023,5,31,NA,Focal
Halle,Salvia officinalis,Eucera nigrescens,Apidae,Eucera,SPECIES,10,2023,5,31,NA,Focal
Halle,Salvia officinalis,Anthophora quadrimaculata,Apidae,Anthophora,SPECIES,10,2023,5,31,NA,Focal
Halle,Salvia officinalis,Anthophora quadrimaculata,Apidae,Anthophora,SPECIES,15,2023,5,31,NA,Focal
Halle,Salvia officinalis,Anthophora quadrimaculata,Apidae,Anthophora,SPECIES,30,2023,5,31,NA,Focal
Halle,Salvia officinalis,Anthophora quadrimaculata,Apidae,Anthophora,SPECIES,30,2023,5,31,NA,Focal
Halle,Salvia officinalis,Anthophora quadrimaculata,Apidae,Anthophora,SPECIES,30,2023,5,31,NA,Focal
Halle,Salvia officinalis,Anthophora quadrimaculata,Apidae,Anthophora,SPECIES,30,2023,5,31,NA,Focal
Halle,Salvia officinalis,Anthophora quadrimaculata,Apidae,Anthophora,SPECIES,30,2023,5,31,NA,Focal
Halle,Salvia officinalis,Anthophora quadrimaculata,Apidae,Anthophora,SPECIES,30,2023,5,31,NA,Focal
Halle,Salvia officinalis,Anthidium manicatum,Megachilidae,Anthidium,SPECIES,10,2023,5,31,NA,Focal
Halle,Salvia officinalis,Anthidium manicatum,Megachilidae,Anthidium,SPECIES,15,2023,5,31,NA,Focal
Halle,Salvia officinalis,Anthidium manicatum,Megachilidae,Anthidium,SPECIES,15,2023,5,31,NA,Focal
Halle,Salvia officinalis,Anthophora plumipes,Apidae,Anthophora,SPECIES,10,2023,5,31,NA,Focal
Halle,Salvia officinalis,Anthophora plumipes,Apidae,Anthophora,SPECIES,10,2023,5,31,NA,Focal
Halle,Salvia officinalis,Osmia bicornis,Megachilidae,Osmia,SPECIES,5,2023,5,31,NA,Focal
Halle,Salvia officinalis,Osmia bicornis,Megachilidae,Osmia,SPECIES,5,2023,5,31,NA,Focal
Halle,Salvia officinalis,Osmia bicornis,Megachilidae,Osmia,SPECIES,5,2023,5,31,NA,Focal
Halle,Salvia officinalis,Osmia caerulescens,Megachilidae,Osmia,SPECIES,5,2023,5,31,NA,Focal
Halle,Salvia officinalis,Lasioglossum,Halictidae,Lasioglossum,GENUS,5,2023,5,31,NA,Focal
Halle,Dictamnus albus,Apis mellifera,Apidae,Apis,SPECIES,10,2023,5,31,NA,Focal
Halle,Dictamnus albus,Apis mellifera,Apidae,Apis,SPECIES,20,2023,5,31,NA,Focal
Halle,Dictamnus albus,Apis mellifera,Apidae,Apis,SPECIES,5,2023,5,31,NA,Focal
Halle,Dictamnus albus,Megachile,Megachilidae,Megachile,GENUS,15,2023,5,31,NA,Focal
Halle,Lathyrus vernus,Bombus pascuorum,Apidae,Bombus,SPECIES,10,2023,5,31,NA,Focal
Halle,Lathyrus vernus,Bombus pascuorum,Apidae,Bombus,SPECIES,10,2023,5,31,NA,Focal
Halle,Cerinthe minor,Anthophora plumipes,Apidae,Anthophora,SPECIES,10,2023,5,31,1,Random_census
Halle,Cerinthe minor,Bombus terrestris,Apidae,Bombus,SPECIES,20,2023,5,31,1,Random_census
Halle,Cerinthe minor,Bombus hypnorum,Apidae,Bombus,SPECIES,20,2023,5,31,1,Random_census
Halle,Symphytum officinale,Bombus terrestris,Apidae,Bombus,SPECIES,15,2023,5,31,2,Random_census
Halle,Symphytum officinale,Bombus terrestris,Apidae,Bombus,SPECIES,10,2023,5,31,2,Random_census
Halle,Symphytum officinale,Anthophora plumipes,Apidae,Anthophora,SPECIES,20,2023,5,31,2,Random_census
Halle,Symphytum officinale,Anthophora plumipes,Apidae,Anthophora,SPECIES,20,2023,5,31,2,Random_census
Halle,Symphytum officinale,Anthophora plumipes,Apidae,Anthophora,SPECIES,10,2023,5,31,2,Random_census
Halle,Symphytum officinale,Xylocopa violacea,Apidae,Xylocopa,SPECIES,5,2023,5,31,2,Random_census
Halle,Symphytum officinale,Anthidium manicatum,Megachilidae,Anthidium,SPECIES,3,2023,5,31,2,Random_census
Halle,Symphytum officinale,Anthidium manicatum,Megachilidae,Anthidium,SPECIES,2,2023,5,31,2,Random_census
Halle,Symphytum officinale,Osmia,Megachilidae,Osmia,GENUS,1,2023,5,31,2,Random_census
Halle,Valeriana phu,Apis mellifera,Apidae,Apis,SPECIES,10,2023,5,31,3,Random_census
Halle,Valeriana phu,Megachile ericetorum,Megachilidae,Megachile,SPECIES,5,2023,5,31,3,Random_census
Halle,Valeriana phu,Osmia bicornis,Megachilidae,Osmia,SPECIES,3,2023,5,31,3,Random_census
Halle,Globularia trichosantha,Anthophora quadrimaculata,Apidae,Anthophora,SPECIES,2,2023,5,31,4,Random_census
Halle,Globularia trichosantha,Anthophora quadrimaculata,Apidae,Anthophora,SPECIES,3,2023,5,31,4,Random_census
Halle,Globularia trichosantha,Halictus subauratus,Halictidae,Halictus,SPECIES,3,2023,5,31,4,Random_census
Halle,Globularia trichosantha,Halictus subauratus,Halictidae,Halictus,SPECIES,4,2023,5,31,4,Random_census
Halle,Globularia trichosantha,Halictus subauratus,Halictidae,Halictus,SPECIES,2,2023,5,31,4,Random_census
Halle,Heuchera grossulariifolia,Apis mellifera,Apidae,Apis,SPECIES,12,2023,5,31,9,Random_census
Halle,Heuchera grossulariifolia,Apis mellifera,Apidae,Apis,SPECIES,10,2023,5,31,9,Random_census
Halle,Heuchera grossulariifolia,Apis mellifera,Apidae,Apis,SPECIES,10,2023,5,31,9,Random_census
Halle,Heuchera grossulariifolia,Apis mellifera,Apidae,Apis,SPECIES,5,2023,5,31,9,Random_census
Halle,Heuchera grossulariifolia,Apis mellifera,Apidae,Apis,SPECIES,8,2023,5,31,9,Random_census
Halle,Heuchera grossulariifolia,Apis mellifera,Apidae,Apis,SPECIES,15,2023,5,31,9,Random_census
Halle,Heuchera grossulariifolia,Apis mellifera,Apidae,Apis,SPECIES,10,2023,5,31,9,Random_census
Halle,Heuchera grossulariifolia,Osmia bicornis,Megachilidae,Osmia,SPECIES,10,2023,5,31,9,Random_census
Halle,Heuchera grossulariifolia,Osmia bicornis,Megachilidae,Osmia,SPECIES,1,2023,5,31,9,Random_census
Halle,Heuchera grossulariifolia,Osmia bicornis,Megachilidae,Osmia,SPECIES,1,2023,5,31,9,Random_census
Halle,Potentilla delphinensis,Andrena,Andrenidae,Andrena,GENUS,1,2023,5,31,10,Random_census
Halle,Potentilla delphinensis,Halictus subauratus,Halictidae,Halictus,SPECIES,10,2023,5,31,10,Random_census
Halle,Potentilla delphinensis,Halictus subauratus,Halictidae,Halictus,SPECIES,5,2023,5,31,10,Random_census
Halle,Potentilla delphinensis,Halictus subauratus,Halictidae,Halictus,SPECIES,8,2023,5,31,10,Random_census
Halle,Limnanthes douglasii,Apis mellifera,Apidae,Apis,SPECIES,10,2023,5,31,5,Random_census
Halle,Limnanthes douglasii,Apis mellifera,Apidae,Apis,SPECIES,1,2023,5,31,5,Random_census
Halle,Limnanthes douglasii,Andrena,Andrenidae,Andrena,GENUS,5,2023,5,31,5,Random_census
Halle,Reseda lutea,Hylaeus signatus,Colletidae,Hylaeus,SPECIES,1,2023,5,31,6,Random_census
Halle,Reseda lutea,Hylaeus signatus,Colletidae,Hylaeus,SPECIES,1,2023,5,31,6,Random_census
Halle,Reseda lutea,Hylaeus signatus,Colletidae,Hylaeus,SPECIES,1,2023,5,31,6,Random_census
Halle,Reseda lutea,Hylaeus signatus,Colletidae,Hylaeus,SPECIES,3,2023,5,31,6,Random_census
Halle,Reseda lutea,Hylaeus signatus,Colletidae,Hylaeus,SPECIES,3,2023,5,31,6,Random_census
Halle,Reseda lutea,Hylaeus signatus,Colletidae,Hylaeus,SPECIES,1,2023,5,31,6,Random_census
Halle,Reseda lutea,Hylaeus signatus,Colletidae,Hylaeus,SPECIES,1,2023,5,31,6,Random_census
Halle,Reseda lutea,Hylaeus signatus,Colletidae,Hylaeus,SPECIES,2,2023,5,31,6,Random_census
Halle,Baptisia australis,Osmia bicornis,Megachilidae,Osmia,SPECIES,5,2023,5,31,7,Random_census
Halle,Baptisia australis,Anthophora plumipes,Apidae,Anthophora,SPECIES,10,2023,5,31,7,Random_census
Halle,Ranunculus caucasicus,Apis mellifera,Apidae,Apis,SPECIES,5,2023,5,31,8,Random_census
Halle,Ranunculus caucasicus,Chelostoma florisomne,Megachilidae,Chelostoma,SPECIES,5,2023,5,31,8,Random_census
Halle,Ranunculus caucasicus,Chelostoma florisomne,Megachilidae,Chelostoma,SPECIES,5,2023,5,31,8,Random_census
Halle,Dictamnus albus,Apis mellifera,Apidae,Apis,SPECIES,3,2023,6,5,NA,Focal
Halle,Dictamnus albus,Apis mellifera,Apidae,Apis,SPECIES,10,2023,6,5,NA,Focal
Halle,Dictamnus albus,Apis mellifera,Apidae,Apis,SPECIES,5,2023,6,5,NA,Focal
Halle,Dictamnus albus,Apis mellifera,Apidae,Apis,SPECIES,3,2023,6,5,NA,Focal
Halle,Solanum dulcamara,Bombus pascuorum,Apidae,Bombus,SPECIES,3,2023,6,5,NA,Focal
Halle,Solanum dulcamara,Bombus pascuorum,Apidae,Bombus,SPECIES,3,2023,6,5,NA,Focal
Halle,Solanum dulcamara,Bombus terrestris,Apidae,Bombus,SPECIES,10,2023,6,5,NA,Focal
Halle,Solanum dulcamara,Bombus terrestris,Apidae,Bombus,SPECIES,8,2023,6,5,NA,Focal
Halle,Solanum dulcamara,Bombus terrestris,Apidae,Bombus,SPECIES,5,2023,6,5,NA,Focal
Halle,Centranthus ruber,Anthophora quadrimaculata,Apidae,Anthophora,SPECIES,10,2023,6,5,NA,Focal
Halle,Lamium album,Anthophora plumipes,Apidae,Anthophora,SPECIES,5,2023,6,5,NA,Focal
Halle,Gratiola officinalis,Halictus subauratus,Halictidae,Halictus,SPECIES,1,2023,6,5,NA,Focal
Halle,Salvia officinalis,Apis mellifera,Apidae,Apis,SPECIES,50,2023,6,5,NA,Focal
Halle,Salvia officinalis,Apis mellifera,Apidae,Apis,SPECIES,100,2023,6,5,NA,Focal
Halle,Salvia officinalis,Apis mellifera,Apidae,Apis,SPECIES,20,2023,6,5,NA,Focal
Halle,Salvia officinalis,Apis mellifera,Apidae,Apis,SPECIES,20,2023,6,5,NA,Focal
Halle,Salvia officinalis,Apis mellifera,Apidae,Apis,SPECIES,50,2023,6,5,NA,Focal
Halle,Salvia officinalis,Apis mellifera,Apidae,Apis,SPECIES,30,2023,6,5,NA,Focal
Halle,Salvia officinalis,Apis mellifera,Apidae,Apis,SPECIES,40,2023,6,5,NA,Focal
Halle,Salvia officinalis,Apis mellifera,Apidae,Apis,SPECIES,30,2023,6,5,NA,Focal
Halle,Salvia officinalis,Apis mellifera,Apidae,Apis,SPECIES,50,2023,6,5,NA,Focal
Halle,Salvia officinalis,Apis mellifera,Apidae,Apis,SPECIES,50,2023,6,5,NA,Focal
Halle,Salvia officinalis,Anthidium manicatum,Megachilidae,Anthidium,SPECIES,10,2023,6,5,NA,Focal
Halle,Salvia officinalis,Anthidium manicatum,Megachilidae,Anthidium,SPECIES,20,2023,6,5,NA,Focal
Halle,Salvia officinalis,Osmia caerulescens,Megachilidae,Osmia,SPECIES,3,2023,6,5,NA,Focal
Halle,Salvia officinalis,Anthophora quadrimaculata,Apidae,Anthophora,SPECIES,10,2023,6,5,NA,Focal
Halle,Salvia officinalis,Xylocopa violacea,Apidae,Xylocopa,SPECIES,5,2023,6,5,NA,Focal
Halle,Salvia officinalis,Anthophora quadrimaculata,Apidae,Anthophora,SPECIES,10,2023,6,5,NA,Focal
Halle,Salvia officinalis,Anthophora quadrimaculata,Apidae,Anthophora,SPECIES,15,2023,6,5,NA,Focal
Halle,Salvia officinalis,Anthophora quadrimaculata,Apidae,Anthophora,SPECIES,10,2023,6,5,NA,Focal
Halle,Salvia officinalis,Anthophora quadrimaculata,Apidae,Anthophora,SPECIES,15,2023,6,5,NA,Focal
Halle,Salvia officinalis,Coelioxys rufescens,Megachilidae,Coelioxys,SPECIES,10,2023,6,5,NA,Focal
Halle,Salvia officinalis,Coelioxys rufescens,Megachilidae,Coelioxys,SPECIES,5,2023,6,5,NA,Focal
Halle,Salvia officinalis,Coelioxys rufescens,Megachilidae,Coelioxys,SPECIES,10,2023,6,5,NA,Focal
Halle,Salvia officinalis,Coelioxys rufescens,Megachilidae,Coelioxys,SPECIES,20,2023,6,5,NA,Focal
Halle,Salvia officinalis,Anthophora plumipes,Apidae,Anthophora,SPECIES,5,2023,6,5,NA,Focal
Halle,Salvia officinalis,Megachile ericetorum,Megachilidae,Megachile,SPECIES,10,2023,6,5,NA,Focal
Halle,Salvia officinalis,Megachile ericetorum,Megachilidae,Megachile,SPECIES,5,2023,6,5,NA,Focal
Halle,Salvia officinalis,Megachile ericetorum,Megachilidae,Megachile,SPECIES,5,2023,6,5,NA,Focal
Halle,Lotus corniculatus,Bombus lapidarius,Apidae,Bombus,SPECIES,3,2023,6,5,NA,Focal
Halle,Lotus corniculatus,Bombus pascuorum,Apidae,Bombus,SPECIES,5,2023,6,5,NA,Focal
Halle,Lotus corniculatus,Bombus pascuorum,Apidae,Bombus,SPECIES,5,2023,6,5,NA,Focal
Halle,Lotus corniculatus,Bombus pascuorum,Apidae,Bombus,SPECIES,5,2023,6,5,NA,Focal
Halle,Lotus corniculatus,Osmia aurulenta,Megachilidae,Osmia,SPECIES,10,2023,6,5,NA,Focal
Halle,Lotus corniculatus,Andrena,Andrenidae,Andrena,GENUS,1,2023,6,5,NA,Focal
Halle,Helianthemum apenninum,Anthophora quadrimaculata,Apidae,Anthophora,SPECIES,30,2023,6,5,1,Random_census
Halle,Helianthemum apenninum,Anthophora quadrimaculata,Apidae,Anthophora,SPECIES,27,2023,6,5,1,Random_census
Halle,Helianthemum apenninum,Anthophora quadrimaculata,Apidae,Anthophora,SPECIES,12,2023,6,5,1,Random_census
Halle,Helianthemum apenninum,Anthophora quadrimaculata,Apidae,Anthophora,SPECIES,25,2023,6,5,1,Random_census
Halle,Helianthemum apenninum,Anthophora quadrimaculata,Apidae,Anthophora,SPECIES,20,2023,6,5,1,Random_census
Halle,Delphinium elatum,Bombus terrestris,Apidae,Bombus,SPECIES,50,2023,6,5,2,Random_census
Halle,Delphinium elatum,Bombus terrestris,Apidae,Bombus,SPECIES,5,2023,6,5,2,Random_census
Halle,Cerinthe minor,Bombus terrestris,Apidae,Bombus,SPECIES,50,2023,6,5,3,Random_census
Halle,Verbena rigida,Anthophora aestivalis,Apidae,Anthophora,SPECIES,2,2023,6,5,4,Random_census
Halle,Phlomoides tuberosa,Anthidium manicatum,Megachilidae,Anthidium,SPECIES,50,2023,6,5,5,Random_census
Halle,Phlomoides tuberosa,Anthidium manicatum,Megachilidae,Anthidium,SPECIES,50,2023,6,5,5,Random_census
Halle,Phlomoides tuberosa,Xylocopa violacea,Apidae,Xylocopa,SPECIES,5,2023,6,5,5,Random_census
Halle,Phlomoides tuberosa,Anthidium manicatum,Megachilidae,Anthidium,SPECIES,20,2023,6,5,5,Random_census
Halle,Phlomoides tuberosa,Osmia caerulescens,Megachilidae,Osmia,SPECIES,3,2023,6,5,5,Random_census
Halle,Digitalis purpurea,Bombus hypnorum,Apidae,Bombus,SPECIES,2,2023,6,5,6,Random_census
Halle,Digitalis purpurea,Bombus hortorum,Apidae,Bombus,SPECIES,10,2023,6,5,6,Random_census
Halle,Digitalis purpurea,Anthidium manicatum,Megachilidae,Anthidium,SPECIES,5,2023,6,5,6,Random_census
Halle,Digitalis purpurea,Anthidium manicatum,Megachilidae,Anthidium,SPECIES,2,2023,6,5,6,Random_census
Halle,Digitalis purpurea,Lasioglossum,Halictidae,Lasioglossum,GENUS,8,2023,6,5,6,Random_census
Halle,Baptisia australis,Bombus lapidarius,Apidae,Bombus,SPECIES,50,2023,6,5,7,Random_census
Halle,Baptisia australis,Bombus pascuorum,Apidae,Bombus,SPECIES,2,2023,6,5,7,Random_census
Halle,Baptisia australis,Megachile ericetorum,Megachilidae,Megachile,SPECIES,3,2023,6,5,7,Random_census
Halle,Baptisia australis,Anthophora quadrimaculata,Apidae,Anthophora,SPECIES,5,2023,6,5,7,Random_census
Halle,Genista radiata,Bombus lapidarius,Apidae,Bombus,SPECIES,20,2023,6,5,9,Random_census
Halle,Genista radiata,Coelioxys rufescens,Megachilidae,Coelioxys,SPECIES,3,2023,6,5,9,Random_census
Halle,Genista radiata,Bombus lapidarius,Apidae,Bombus,SPECIES,10,2023,6,5,9,Random_census
Halle,Genista radiata,Osmia aurulenta,Megachilidae,Osmia,SPECIES,2,2023,6,5,9,Random_census
Halle,Campanula poscharskyana,Apis mellifera,Apidae,Apis,SPECIES,20,2023,6,5,10,Random_census
Halle,Campanula poscharskyana,Apis mellifera,Apidae,Apis,SPECIES,20,2023,6,5,10,Random_census
Halle,Campanula poscharskyana,Apis mellifera,Apidae,Apis,SPECIES,20,2023,6,5,10,Random_census
Halle,Campanula poscharskyana,Apis mellifera,Apidae,Apis,SPECIES,20,2023,6,5,10,Random_census
Halle,Campanula poscharskyana,Apis mellifera,Apidae,Apis,SPECIES,20,2023,6,5,10,Random_census
Halle,Campanula poscharskyana,Bombus pratorum,Apidae,Bombus,SPECIES,20,2023,6,5,10,Random_census
Halle,Helianthemum nummularium,Bombus terrestris,Apidae,Bombus,SPECIES,40,2023,6,13,NA,Focal
Halle,Helianthemum nummularium,Bombus terrestris,Apidae,Bombus,SPECIES,150,2023,6,13,NA,Focal
Halle,Helianthemum nummularium,Bombus terrestris,Apidae,Bombus,SPECIES,130,2023,6,13,NA,Focal
Halle,Helianthemum nummularium,Bombus terrestris,Apidae,Bombus,SPECIES,140,2023,6,13,NA,Focal
Halle,Helianthemum nummularium,Apis mellifera,Apidae,Apis,SPECIES,50,2023,6,13,NA,Focal
Halle,Helianthemum nummularium,Apis mellifera,Apidae,Apis,SPECIES,40,2023,6,13,NA,Focal
Halle,Helianthemum nummularium,Apis mellifera,Apidae,Apis,SPECIES,40,2023,6,13,NA,Focal
Halle,Helianthemum nummularium,Anthophora quadrimaculata,Apidae,Anthophora,SPECIES,40,2023,6,13,NA,Focal
Halle,Helianthemum nummularium,Anthophora quadrimaculata,Apidae,Anthophora,SPECIES,50,2023,6,13,NA,Focal
Halle,Leucanthemum vulgare,Colletes daviesanus,Colletidae,Colletes,SPECIES,5,2023,6,13,NA,Focal
Halle,Leucanthemum vulgare,Colletes daviesanus,Colletidae,Colletes,SPECIES,5,2023,6,13,NA,Focal
Halle,Leucanthemum vulgare,Colletes daviesanus,Colletidae,Colletes,SPECIES,3,2023,6,13,NA,Focal
Halle,Solanum dulcamara,Bombus pascuorum,Apidae,Bombus,SPECIES,3,2023,6,13,NA,Focal
Halle,Centranthus ruber,Hoplitis adunca,Megachilidae,Hoplitis,SPECIES,3,2023,6,13,NA,Focal
Halle,Centranthus ruber,Lasioglossum,Halictidae,Lasioglossum,GENUS,3,2023,6,13,NA,Focal
Halle,Centranthus ruber,Lasioglossum,Halictidae,Lasioglossum,GENUS,2,2023,6,13,NA,Focal
Halle,Centranthus ruber,Anthophora quadrimaculata,Apidae,Anthophora,SPECIES,5,2023,6,13,NA,Focal
Halle,Centranthus ruber,Anthophora quadrimaculata,Apidae,Anthophora,SPECIES,5,2023,6,13,NA,Focal
Halle,Centranthus ruber,Apis mellifera,Apidae,Apis,SPECIES,5,2023,6,13,NA,Focal
Halle,Centranthus ruber,Apis mellifera,Apidae,Apis,SPECIES,130,2023,6,13,NA,Focal
Halle,Centranthus ruber,Anthophora quadrimaculata,Apidae,Anthophora,SPECIES,5,2023,6,13,NA,Focal
Halle,Gratiola officinalis,Lasioglossum,Halictidae,Lasioglossum,GENUS,3,2023,6,13,NA,Focal
Halle,Salvia officinalis,Apis mellifera,Apidae,Apis,SPECIES,2,2023,6,13,NA,Focal
Halle,Salvia officinalis,Apis mellifera,Apidae,Apis,SPECIES,1,2023,6,13,NA,Focal
Halle,Salvia officinalis,Apis mellifera,Apidae,Apis,SPECIES,3,2023,6,13,NA,Focal
Halle,Salvia officinalis,Apis mellifera,Apidae,Apis,SPECIES,1,2023,6,13,NA,Focal
Halle,Salvia officinalis,Osmia caerulescens,Megachilidae,Osmia,SPECIES,10,2023,6,13,NA,Focal
Halle,Salvia officinalis,Osmia caerulescens,Megachilidae,Osmia,SPECIES,10,2023,6,13,NA,Focal
Halle,Salvia officinalis,Megachile ericetorum,Megachilidae,Megachile,SPECIES,10,2023,6,13,NA,Focal
Halle,Hypericum olympicum,Apis mellifera,Apidae,Apis,SPECIES,30,2023,6,13,NA,Focal
Halle,Hypericum olympicum,Bombus terrestris,Apidae,Bombus,SPECIES,2,2023,6,13,NA,Focal
Halle,Hypericum olympicum,Bombus terrestris,Apidae,Bombus,SPECIES,60,2023,6,13,1,Random_census
Halle,Hypericum olympicum,Bombus terrestris,Apidae,Bombus,SPECIES,60,2023,6,13,1,Random_census
Halle,Hypericum olympicum,Bombus terrestris,Apidae,Bombus,SPECIES,70,2023,6,13,1,Random_census
Halle,Hypericum olympicum,Bombus terrestris,Apidae,Bombus,SPECIES,80,2023,6,13,1,Random_census
Halle,Hypericum olympicum,Apis mellifera,Apidae,Apis,SPECIES,3,2023,6,13,1,Random_census
Halle,Aconitum lycoctonum,Bombus hortorum,Apidae,Bombus,SPECIES,5,2023,6,13,2,Random_census
Halle,Asparagus oligoclonos,Bombus terrestris,Apidae,Bombus,SPECIES,5,2023,6,13,4,Random_census
Halle,Phacelia congesta,Apis mellifera,Apidae,Apis,SPECIES,30,2023,6,13,5,Random_census
Halle,Phacelia congesta,Apis mellifera,Apidae,Apis,SPECIES,20,2023,6,13,5,Random_census
Halle,Phacelia congesta,Anthophora quadrimaculata,Apidae,Anthophora,SPECIES,60,2023,6,13,5,Random_census
Halle,Phacelia congesta,Anthophora quadrimaculata,Apidae,Anthophora,SPECIES,50,2023,6,13,5,Random_census
Halle,Phacelia congesta,Anthophora quadrimaculata,Apidae,Anthophora,SPECIES,20,2023,6,13,5,Random_census
Halle,Phacelia congesta,Anthophora quadrimaculata,Apidae,Anthophora,SPECIES,20,2023,6,13,5,Random_census
Halle,Hypochaeris radicata,Lasioglossum villosulum,Halictidae,Lasioglossum,SPECIES,2,2023,6,13,6,Random_census
Halle,Hypochaeris radicata,Halictus scabiosae,Halictidae,Halictus,SPECIES,3,2023,6,13,6,Random_census
Halle,Hypochaeris radicata,Lasioglossum,Halictidae,Lasioglossum,GENUS,3,2023,6,13,6,Random_census
Halle,Hypochaeris radicata,Megachile pilidens,Megachilidae,Megachile,SPECIES,4,2023,6,13,6,Random_census
Halle,Hypochaeris radicata,Lasioglossum,Halictidae,Lasioglossum,GENUS,5,2023,6,13,6,Random_census
Halle,Hypochaeris radicata,Lasioglossum,Halictidae,Lasioglossum,GENUS,6,2023,6,13,6,Random_census
Halle,Prunella grandiflora,Bombus terrestris,Apidae,Bombus,SPECIES,60,2023,6,13,7,Random_census
Halle,Prunella grandiflora,Megachile pilidens,Megachilidae,Megachile,SPECIES,5,2023,6,13,7,Random_census
Halle,Prunella grandiflora,Megachile pilidens,Megachilidae,Megachile,SPECIES,10,2023,6,13,7,Random_census
Halle,Prunella grandiflora,Apis mellifera,Apidae,Apis,SPECIES,5,2023,6,13,7,Random_census
Halle,Cistus salviifolius,Apis mellifera,Apidae,Apis,SPECIES,50,2023,6,13,8,Random_census
Halle,Cistus salviifolius,Apis mellifera,Apidae,Apis,SPECIES,100,2023,6,13,8,Random_census
Halle,Cistus salviifolius,Apis mellifera,Apidae,Apis,SPECIES,40,2023,6,13,8,Random_census
Halle,Cistus salviifolius,Apis mellifera,Apidae,Apis,SPECIES,50,2023,6,13,8,Random_census
Halle,Cistus salviifolius,Apis mellifera,Apidae,Apis,SPECIES,50,2023,6,13,8,Random_census
Halle,Cistus salviifolius,Apis mellifera,Apidae,Apis,SPECIES,50,2023,6,13,8,Random_census
Halle,Cistus salviifolius,Xylocopa violacea,Apidae,Xylocopa,SPECIES,10,2023,6,13,8,Random_census
Halle,Cistus salviifolius,Halictus scabiosae,Halictidae,Halictus,SPECIES,30,2023,6,13,8,Random_census
Halle,Astragalus alopecurus,Anthophora aestivalis,Apidae,Anthophora,SPECIES,30,2023,6,13,9,Random_census
Halle,Astragalus alopecurus,Anthophora aestivalis,Apidae,Anthophora,SPECIES,30,2023,6,13,9,Random_census
Halle,Astragalus alopecurus,Anthophora aestivalis,Apidae,Anthophora,SPECIES,20,2023,6,13,9,Random_census
Halle,Trifolium rubens,Bombus pascuorum,Apidae,Bombus,SPECIES,30,2023,6,13,10,Random_census
Halle,Trifolium rubens,Bombus pascuorum,Apidae,Bombus,SPECIES,50,2023,6,13,10,Random_census
Halle,Helianthemum nummularium,Andrena pilipes,Andrenidae,Andrena,SPECIES,5,2023,6,21,NA,Focal
Halle,Helianthemum nummularium,Lasioglossum pauxillum,Halictidae,Lasioglossum,SPECIES,10,2023,6,21,NA,Focal
Halle,Helianthemum nummularium,Lasioglossum pauxillum,Halictidae,Lasioglossum,SPECIES,20,2023,6,21,NA,Focal
Halle,Helianthemum nummularium,Anthophora quadrimaculata,Apidae,Anthophora,SPECIES,20,2023,6,21,NA,Focal
Halle,Helianthemum nummularium,Anthophora quadrimaculata,Apidae,Anthophora,SPECIES,15,2023,6,21,NA,Focal
Halle,Helianthemum nummularium,Anthophora quadrimaculata,Apidae,Anthophora,SPECIES,30,2023,6,21,NA,Focal
Halle,Helianthemum nummularium,Anthophora quadrimaculata,Apidae,Anthophora,SPECIES,50,2023,6,21,NA,Focal
Halle,Helianthemum nummularium,Anthophora quadrimaculata,Apidae,Anthophora,SPECIES,20,2023,6,21,NA,Focal
Halle,Helianthemum nummularium,Apis mellifera,Apidae,Apis,SPECIES,NA,2023,6,21,NA,Focal
Halle,Helianthemum nummularium,Apis mellifera,Apidae,Apis,SPECIES,NA,2023,6,21,NA,Focal
Halle,Helianthemum nummularium,Apis mellifera,Apidae,Apis,SPECIES,NA,2023,6,21,NA,Focal
Halle,Helianthemum nummularium,Bombus terrestris,Apidae,Bombus,SPECIES,10,2023,6,21,NA,Focal
Halle,Hypericum olympicum,Apis mellifera,Apidae,Apis,SPECIES,100,2023,6,21,NA,Focal
Halle,Hypericum olympicum,Apis mellifera,Apidae,Apis,SPECIES,100,2023,6,21,NA,Focal
Halle,Hypericum olympicum,Apis mellifera,Apidae,Apis,SPECIES,50,2023,6,21,NA,Focal
Halle,Hypericum olympicum,Apis mellifera,Apidae,Apis,SPECIES,100,2023,6,21,NA,Focal
Halle,Hypericum olympicum,Apis mellifera,Apidae,Apis,SPECIES,120,2023,6,21,NA,Focal
Halle,Hypericum olympicum,Bombus terrestris,Apidae,Bombus,SPECIES,10,2023,6,21,NA,Focal
Halle,Hypericum olympicum,Bombus terrestris,Apidae,Bombus,SPECIES,20,2023,6,21,NA,Focal
Halle,Hypericum olympicum,Bombus terrestris,Apidae,Bombus,SPECIES,25,2023,6,21,NA,Focal
Halle,Hypericum olympicum,Lasioglossum pauxillum,Halictidae,Lasioglossum,SPECIES,5,2023,6,21,NA,Focal
Halle,Hypericum olympicum,Lasioglossum pauxillum,Halictidae,Lasioglossum,SPECIES,10,2023,6,21,NA,Focal
Halle,Hypericum olympicum,Lasioglossum pauxillum,Halictidae,Lasioglossum,SPECIES,5,2023,6,21,NA,Focal
Halle,Hypericum olympicum,Lasioglossum politum,Halictidae,Lasioglossum,SPECIES,20,2023,6,21,NA,Focal
Halle,Hypericum olympicum,Lasioglossum politum,Halictidae,Lasioglossum,SPECIES,20,2023,6,21,NA,Focal
Halle,Hypericum olympicum,Lasioglossum politum,Halictidae,Lasioglossum,SPECIES,30,2023,6,21,NA,Focal
Halle,Hypericum olympicum,Lasioglossum politum,Halictidae,Lasioglossum,SPECIES,20,2023,6,21,NA,Focal
Halle,Hypericum olympicum,Lasioglossum politum,Halictidae,Lasioglossum,SPECIES,30,2023,6,21,NA,Focal
Halle,Hypericum olympicum,Lasioglossum laticeps,Halictidae,Lasioglossum,SPECIES,20,2023,6,21,NA,Focal
Halle,Hypericum olympicum,Lasioglossum laticeps,Halictidae,Lasioglossum,SPECIES,20,2023,6,21,NA,Focal
Halle,Hypericum olympicum,Lasioglossum laticeps,Halictidae,Lasioglossum,SPECIES,25,2023,6,21,NA,Focal
Halle,Hypericum olympicum,Lasioglossum laticeps,Halictidae,Lasioglossum,SPECIES,30,2023,6,21,NA,Focal
Halle,Hypericum olympicum,Lasioglossum laticeps,Halictidae,Lasioglossum,SPECIES,20,2023,6,21,NA,Focal
Halle,Hypericum olympicum,Andrena flavipes,Andrenidae,Andrena,SPECIES,10,2023,6,21,NA,Focal
Halle,Hypericum olympicum,Andrena flavipes,Andrenidae,Andrena,SPECIES,10,2023,6,21,NA,Focal
Halle,Lavandula angustifolia,Apis mellifera,Apidae,Apis,SPECIES,30,2023,6,21,NA,Focal
Halle,Lavandula angustifolia,Apis mellifera,Apidae,Apis,SPECIES,30,2023,6,21,NA,Focal
Halle,Lavandula angustifolia,Apis mellifera,Apidae,Apis,SPECIES,30,2023,6,21,NA,Focal
Halle,Lavandula angustifolia,Apis mellifera,Apidae,Apis,SPECIES,30,2023,6,21,NA,Focal
Halle,Lavandula angustifolia,Apis mellifera,Apidae,Apis,SPECIES,30,2023,6,21,NA,Focal
Halle,Lavandula angustifolia,Apis mellifera,Apidae,Apis,SPECIES,35,2023,6,21,NA,Focal
Halle,Lavandula angustifolia,Apis mellifera,Apidae,Apis,SPECIES,40,2023,6,21,NA,Focal
Halle,Lavandula angustifolia,Apis mellifera,Apidae,Apis,SPECIES,50,2023,6,21,NA,Focal
Halle,Lavandula angustifolia,Anthophora quadrimaculata,Apidae,Anthophora,SPECIES,120,2023,6,21,NA,Focal
Halle,Lavandula angustifolia,Anthophora quadrimaculata,Apidae,Anthophora,SPECIES,150,2023,6,21,NA,Focal
Halle,Lavandula angustifolia,Anthophora quadrimaculata,Apidae,Anthophora,SPECIES,150,2023,6,21,NA,Focal
Halle,Lavandula angustifolia,Anthophora quadrimaculata,Apidae,Anthophora,SPECIES,150,2023,6,21,NA,Focal
Halle,Lavandula angustifolia,Anthophora quadrimaculata,Apidae,Anthophora,SPECIES,200,2023,6,21,NA,Focal
Halle,Lavandula angustifolia,Megachile ericetorum,Megachilidae,Megachile,SPECIES,30,2023,6,21,NA,Focal
Halle,Lavandula angustifolia,Megachile ericetorum,Megachilidae,Megachile,SPECIES,30,2023,6,21,NA,Focal
Halle,Solanum dulcamara,Anthophora quadrimaculata,Apidae,Anthophora,SPECIES,5,2023,6,21,NA,Focal
Halle,Solanum dulcamara,Anthophora quadrimaculata,Apidae,Anthophora,SPECIES,5,2023,6,21,NA,Focal
Halle,Solanum dulcamara,Bombus pascuorum,Apidae,Bombus,SPECIES,4,2023,6,21,NA,Focal
Halle,Centranthus ruber,Apis mellifera,Apidae,Apis,SPECIES,10,2023,6,21,NA,Focal
Halle,Centranthus ruber,Apis mellifera,Apidae,Apis,SPECIES,20,2023,6,21,NA,Focal
Halle,Centranthus ruber,Apis mellifera,Apidae,Apis,SPECIES,10,2023,6,21,NA,Focal
Halle,Centranthus ruber,Megachile,Megachilidae,Megachile,GENUS,10,2023,6,21,NA,Focal
Halle,Centranthus ruber,Megachile,Megachilidae,Megachile,GENUS,15,2023,6,21,NA,Focal
Halle,Centranthus ruber,Megachile,Megachilidae,Megachile,GENUS,50,2023,6,21,NA,Focal
Halle,Centranthus ruber,Lasioglossum,Halictidae,Lasioglossum,GENUS,10,2023,6,21,NA,Focal
Halle,Centranthus ruber,Lasioglossum,Halictidae,Lasioglossum,GENUS,5,2023,6,21,NA,Focal
Halle,Centranthus ruber,Lasioglossum,Halictidae,Lasioglossum,GENUS,10,2023,6,21,NA,Focal
Halle,Lotus corniculatus,Megachile pilidens,Megachilidae,Megachile,SPECIES,20,2023,6,21,NA,Focal
Halle,Lotus corniculatus,Megachile pilidens,Megachilidae,Megachile,SPECIES,10,2023,6,21,NA,Focal
Halle,Lotus corniculatus,Megachile pilidens,Megachilidae,Megachile,SPECIES,5,2023,6,21,NA,Focal
Halle,Lotus corniculatus,Anthidium manicatum,Megachilidae,Anthidium,SPECIES,1,2023,6,21,NA,Focal
Halle,Allium cernuum,Apis mellifera,Apidae,Apis,SPECIES,20,2023,6,21,1,Random_census
Halle,Allium cernuum,Apis mellifera,Apidae,Apis,SPECIES,25,2023,6,21,1,Random_census
Halle,Allium cernuum,Apis mellifera,Apidae,Apis,SPECIES,30,2023,6,21,1,Random_census
Halle,Allium cernuum,Apis mellifera,Apidae,Apis,SPECIES,20,2023,6,21,1,Random_census
Halle,Allium cernuum,Apis mellifera,Apidae,Apis,SPECIES,20,2023,6,21,1,Random_census
Halle,Allium cernuum,Apis mellifera,Apidae,Apis,SPECIES,15,2023,6,21,1,Random_census
Halle,Allium cernuum,Apis mellifera,Apidae,Apis,SPECIES,20,2023,6,21,1,Random_census
Halle,Allium cernuum,Apis mellifera,Apidae,Apis,SPECIES,20,2023,6,21,1,Random_census
Halle,Allium cernuum,Apis mellifera,Apidae,Apis,SPECIES,20,2023,6,21,1,Random_census
Halle,Allium cernuum,Apis mellifera,Apidae,Apis,SPECIES,20,2023,6,21,1,Random_census
Halle,Allium cernuum,Megachile willughbiella,Megachilidae,Megachile,SPECIES,5,2023,6,21,1,Random_census
Halle,Galega officinalis,Apis mellifera,Apidae,Apis,SPECIES,5,2023,6,21,1,Random_census
Halle,Galega officinalis,Apis mellifera,Apidae,Apis,SPECIES,3,2023,6,21,2,Random_census
Halle,Galega officinalis,Megachile willughbiella,Megachilidae,Megachile,SPECIES,5,2023,6,21,2,Random_census
Halle,Galega officinalis,Megachile willughbiella,Megachilidae,Megachile,SPECIES,10,2023,6,21,2,Random_census
Halle,Galega officinalis,Megachile willughbiella,Megachilidae,Megachile,SPECIES,15,2023,6,21,2,Random_census
Halle,Galega officinalis,Bombus pascuorum,Apidae,Bombus,SPECIES,20,2023,6,21,2,Random_census
Halle,Galega officinalis,Colletes,Colletidae,Colletes,GENUS,5,2023,6,21,2,Random_census
Halle,Galega officinalis,Colletes,Colletidae,Colletes,GENUS,5,2023,6,21,2,Random_census
Halle,Galega officinalis,Colletes,Colletidae,Colletes,GENUS,5,2023,6,21,2,Random_census
Halle,Aconitum lycoctonum,Bombus hortorum,Apidae,Bombus,SPECIES,12,2023,6,21,3,Random_census
Halle,Thalictrum flavum,Bombus terrestris,Apidae,Bombus,SPECIES,3,2023,6,21,4,Random_census
Halle,Stachys byzantina,Anthidium manicatum,Megachilidae,Anthidium,SPECIES,10,2023,6,21,5,Random_census
Halle,Stachys byzantina,Apis mellifera,Apidae,Apis,SPECIES,20,2023,6,21,5,Random_census
Halle,Stachys byzantina,Megachile ericetorum,Megachilidae,Megachile,SPECIES,5,2023,6,21,5,Random_census
Halle,Stachys byzantina,Megachile ericetorum,Megachilidae,Megachile,SPECIES,5,2023,6,21,5,Random_census
Halle,Stachys byzantina,Lasioglossum pauxillum,Halictidae,Lasioglossum,SPECIES,30,2023,6,21,5,Random_census
Halle,Stachys byzantina,Lasioglossum pauxillum,Halictidae,Lasioglossum,SPECIES,35,2023,6,21,5,Random_census
Halle,Stachys byzantina,Lasioglossum politum,Halictidae,Lasioglossum,SPECIES,3,2023,6,21,5,Random_census
Halle,Salvia sclarea,Xylocopa violacea,Apidae,Xylocopa,SPECIES,10,2023,6,21,6,Random_census
Halle,Salvia sclarea,Apis mellifera,Apidae,Apis,SPECIES,10,2023,6,21,6,Random_census
Halle,Salvia sclarea,Megachile,Megachilidae,Megachile,GENUS,5,2023,6,21,6,Random_census
Halle,Salvia sclarea,Lasioglossum,Halictidae,Lasioglossum,GENUS,5,2023,6,21,6,Random_census
Halle,Penstemon hartwegii,Anthidium manicatum,Megachilidae,Anthidium,SPECIES,5,2023,6,21,7,Random_census
Halle,Penstemon hartwegii,Anthidium manicatum,Megachilidae,Anthidium,SPECIES,3,2023,6,21,7,Random_census
Halle,Penstemon hartwegii,Lasioglossum,Halictidae,Lasioglossum,GENUS,1,2023,6,21,7,Random_census
Halle,Penstemon hartwegii,Lasioglossum,Halictidae,Lasioglossum,GENUS,5,2023,6,21,7,Random_census
Halle,Penstemon hartwegii,Lasioglossum,Halictidae,Lasioglossum,GENUS,3,2023,6,21,7,Random_census
Halle,Penstemon hartwegii,Osmia caerulescens,Megachilidae,Osmia,SPECIES,3,2023,6,21,7,Random_census
Halle,Ballota nigra,Anthidium manicatum,Megachilidae,Anthidium,SPECIES,30,2023,6,21,8,Random_census
Halle,Ballota nigra,Anthidium manicatum,Megachilidae,Anthidium,SPECIES,5,2023,6,21,8,Random_census
Halle,Ballota nigra,Anthidium manicatum,Megachilidae,Anthidium,SPECIES,5,2023,6,21,8,Random_census
Halle,Ballota nigra,Megachile,Megachilidae,Megachile,GENUS,5,2023,6,21,8,Random_census
Halle,Ballota nigra,Megachile,Megachilidae,Megachile,GENUS,10,2023,6,21,8,Random_census
Halle,Ballota nigra,Megachile,Megachilidae,Megachile,GENUS,5,2023,6,21,8,Random_census
Halle,Betonica officinalis,Anthidium manicatum,Megachilidae,Anthidium,SPECIES,20,2023,6,21,9,Random_census
Halle,Betonica officinalis,Anthidium manicatum,Megachilidae,Anthidium,SPECIES,10,2023,6,21,9,Random_census
Halle,Betonica officinalis,Anthidium manicatum,Megachilidae,Anthidium,SPECIES,10,2023,6,21,9,Random_census
Halle,Betonica officinalis,Anthidium manicatum,Megachilidae,Anthidium,SPECIES,5,2023,6,21,9,Random_census
Halle,Betonica officinalis,Anthidium manicatum,Megachilidae,Anthidium,SPECIES,5,2023,6,21,9,Random_census
Halle,Betonica officinalis,Anthidium manicatum,Megachilidae,Anthidium,SPECIES,1,2023,6,21,9,Random_census
Halle,Betonica officinalis,Apis mellifera,Apidae,Apis,SPECIES,2,2023,6,21,9,Random_census
Halle,Betonica officinalis,Apis mellifera,Apidae,Apis,SPECIES,2,2023,6,21,9,Random_census
Halle,Betonica officinalis,Lasioglossum,Halictidae,Lasioglossum,GENUS,2,2023,6,21,9,Random_census
Halle,Betonica officinalis,Lasioglossum,Halictidae,Lasioglossum,GENUS,2,2023,6,21,9,Random_census
Halle,Knautia dipsacifolia,Andrena hattorfiana,Andrenidae,Andrena,SPECIES,30,2023,6,21,10,Random_census
Halle,Knautia dipsacifolia,Andrena hattorfiana,Andrenidae,Andrena,SPECIES,20,2023,6,21,10,Random_census
Halle,Knautia dipsacifolia,Andrena hattorfiana,Andrenidae,Andrena,SPECIES,30,2023,6,21,10,Random_census
Halle,Knautia dipsacifolia,Andrena hattorfiana,Andrenidae,Andrena,SPECIES,50,2023,6,21,10,Random_census
Halle,Knautia dipsacifolia,Apis mellifera,Apidae,Apis,SPECIES,10,2023,6,21,10,Random_census
Halle,Knautia dipsacifolia,Apis mellifera,Apidae,Apis,SPECIES,5,2023,6,21,10,Random_census
Halle,Knautia dipsacifolia,Apis mellifera,Apidae,Apis,SPECIES,5,2023,6,21,10,Random_census
Halle,Knautia dipsacifolia,Lasioglossum,Halictidae,Lasioglossum,GENUS,1,2023,6,21,10,Random_census
Halle,Knautia dipsacifolia,Anthidium manicatum,Megachilidae,Anthidium,SPECIES,1,2023,6,21,10,Random_census
Halle,Hypericum perforatum,Bombus terrestris,Apidae,Bombus,SPECIES,16,2023,6,27,NA,Focal
Halle,Hypericum perforatum,Bombus terrestris,Apidae,Bombus,SPECIES,5,2023,6,27,NA,Focal
Halle,Hypericum perforatum,Lasioglossum politum,Halictidae,Lasioglossum,SPECIES,1,2023,6,27,NA,Focal
Halle,Hypericum perforatum,Lasioglossum politum,Halictidae,Lasioglossum,SPECIES,1,2023,6,27,NA,Focal
Halle,Hypericum perforatum,Lasioglossum politum,Halictidae,Lasioglossum,SPECIES,1,2023,6,27,NA,Focal
Halle,Hypericum perforatum,Lasioglossum politum,Halictidae,Lasioglossum,SPECIES,1,2023,6,27,NA,Focal
Halle,Hypericum perforatum,Lasioglossum politum,Halictidae,Lasioglossum,SPECIES,2,2023,6,27,NA,Focal
Halle,Hypericum perforatum,Lasioglossum politum,Halictidae,Lasioglossum,SPECIES,1,2023,6,27,NA,Focal
Halle,Hypericum perforatum,Apis mellifera,Apidae,Apis,SPECIES,2,2023,6,27,NA,Focal
Halle,Hypericum perforatum,Bombus pascuorum,Apidae,Bombus,SPECIES,102,2023,6,27,NA,Focal
Halle,Achillea millefolium,Apis mellifera,Apidae,Apis,SPECIES,30,2023,6,27,NA,Focal
Halle,Achillea millefolium,Halictus subauratus,Halictidae,Halictus,SPECIES,30,2023,6,27,NA,Focal
Halle,Achillea millefolium,Halictus subauratus,Halictidae,Halictus,SPECIES,10,2023,6,27,NA,Focal
Halle,Achillea millefolium,Halictus subauratus,Halictidae,Halictus,SPECIES,20,2023,6,27,NA,Focal
Halle,Achillea millefolium,Halictus subauratus,Halictidae,Halictus,SPECIES,50,2023,6,27,NA,Focal
Halle,Achillea millefolium,Halictus subauratus,Halictidae,Halictus,SPECIES,10,2023,6,27,NA,Focal
Halle,Achillea millefolium,Halictus subauratus,Halictidae,Halictus,SPECIES,30,2023,6,27,NA,Focal
Halle,Achillea millefolium,Lasioglossum politum,Halictidae,Lasioglossum,SPECIES,20,2023,6,27,NA,Focal
Halle,Achillea millefolium,Lasioglossum politum,Halictidae,Lasioglossum,SPECIES,50,2023,6,27,NA,Focal
Halle,Achillea millefolium,Halictus scabiosae,Halictidae,Halictus,SPECIES,10,2023,6,27,NA,Focal
Halle,Achillea millefolium,Colletes daviesanus,Colletidae,Colletes,SPECIES,50,2023,6,27,NA,Focal
Halle,Achillea millefolium,Colletes daviesanus,Colletidae,Colletes,SPECIES,1,2023,6,27,NA,Focal
Halle,Achillea millefolium,Halictus subauratus,Halictidae,Halictus,SPECIES,150,2023,6,27,NA,Focal
Halle,Aconitum lycoctonum,Apis mellifera,Apidae,Apis,SPECIES,1,2023,6,27,NA,Focal
Halle,Lotus corniculatus,Bombus pascuorum,Apidae,Bombus,SPECIES,50,2023,6,27,NA,Focal
Halle,Lotus corniculatus,Anthidium oblongatum,Megachilidae,Anthidium,SPECIES,20,2023,6,27,NA,Focal
Halle,Lotus corniculatus,Anthidium oblongatum,Megachilidae,Anthidium,SPECIES,20,2023,6,27,NA,Focal
Halle,Lotus corniculatus,Halictus subauratus,Halictidae,Halictus,SPECIES,20,2023,6,27,NA,Focal
Halle,Lotus corniculatus,Halictus subauratus,Halictidae,Halictus,SPECIES,10,2023,6,27,NA,Focal
Halle,Lavandula angustifolia,Bombus vestalis,Apidae,Bombus,SPECIES,30,2023,6,27,NA,Focal
Halle,Lavandula angustifolia,Bombus vestalis,Apidae,Bombus,SPECIES,30,2023,6,27,NA,Focal
Halle,Lavandula angustifolia,Bombus vestalis,Apidae,Bombus,SPECIES,60,2023,6,27,NA,Focal
Halle,Lavandula angustifolia,Bombus vestalis,Apidae,Bombus,SPECIES,60,2023,6,27,NA,Focal
Halle,Lavandula angustifolia,Bombus vestalis,Apidae,Bombus,SPECIES,100,2023,6,27,NA,Focal
Halle,Lavandula angustifolia,Bombus vestalis,Apidae,Bombus,SPECIES,100,2023,6,27,NA,Focal
Halle,Lavandula angustifolia,Bombus vestalis,Apidae,Bombus,SPECIES,30,2023,6,27,NA,Focal
Halle,Lavandula angustifolia,Bombus vestalis,Apidae,Bombus,SPECIES,50,2023,6,27,NA,Focal
Halle,Lavandula angustifolia,Bombus vestalis,Apidae,Bombus,SPECIES,50,2023,6,27,NA,Focal
Halle,Lavandula angustifolia,Bombus vestalis,Apidae,Bombus,SPECIES,100,2023,6,27,NA,Focal
Halle,Lavandula angustifolia,Bombus vestalis,Apidae,Bombus,SPECIES,100,2023,6,27,NA,Focal
Halle,Lavandula angustifolia,Bombus vestalis,Apidae,Bombus,SPECIES,100,2023,6,27,NA,Focal
Halle,Lavandula angustifolia,Bombus vestalis,Apidae,Bombus,SPECIES,50,2023,6,27,NA,Focal
Halle,Lavandula angustifolia,Bombus vestalis,Apidae,Bombus,SPECIES,30,2023,6,27,NA,Focal
Halle,Lavandula angustifolia,Bombus vestalis,Apidae,Bombus,SPECIES,30,2023,6,27,NA,Focal
Halle,Lavandula angustifolia,Bombus vestalis,Apidae,Bombus,SPECIES,50,2023,6,27,NA,Focal
Halle,Lavandula angustifolia,Bombus vestalis,Apidae,Bombus,SPECIES,100,2023,6,27,NA,Focal
Halle,Lavandula angustifolia,Bombus vestalis,Apidae,Bombus,SPECIES,100,2023,6,27,NA,Focal
Halle,Lavandula angustifolia,Bombus vestalis,Apidae,Bombus,SPECIES,60,2023,6,27,NA,Focal
Halle,Lavandula angustifolia,Bombus vestalis,Apidae,Bombus,SPECIES,60,2023,6,27,NA,Focal
Halle,Lavandula angustifolia,Bombus pascuorum,Apidae,Bombus,SPECIES,60,2023,6,27,NA,Focal
Halle,Lavandula angustifolia,Bombus pascuorum,Apidae,Bombus,SPECIES,100,2023,6,27,NA,Focal
Halle,Lavandula angustifolia,Bombus pascuorum,Apidae,Bombus,SPECIES,100,2023,6,27,NA,Focal
Halle,Lavandula angustifolia,Bombus pascuorum,Apidae,Bombus,SPECIES,100,2023,6,27,NA,Focal
Halle,Lavandula angustifolia,Bombus pascuorum,Apidae,Bombus,SPECIES,100,2023,6,27,NA,Focal
Halle,Lavandula angustifolia,Bombus rupestris,Apidae,Bombus,SPECIES,100,2023,6,27,NA,Focal
Halle,Lavandula angustifolia,Bombus rupestris,Apidae,Bombus,SPECIES,100,2023,6,27,NA,Focal
Halle,Lavandula angustifolia,Bombus rupestris,Apidae,Bombus,SPECIES,100,2023,6,27,NA,Focal
Halle,Lavandula angustifolia,Bombus pascuorum,Apidae,Bombus,SPECIES,100,2023,6,27,NA,Focal
Halle,Lavandula angustifolia,Bombus pascuorum,Apidae,Bombus,SPECIES,100,2023,6,27,NA,Focal
Halle,Lavandula angustifolia,Bombus pascuorum,Apidae,Bombus,SPECIES,100,2023,6,27,NA,Focal
Halle,Lavandula angustifolia,Bombus pascuorum,Apidae,Bombus,SPECIES,100,2023,6,27,NA,Focal
Halle,Lavandula angustifolia,Bombus pascuorum,Apidae,Bombus,SPECIES,100,2023,6,27,NA,Focal
Halle,Lavandula angustifolia,Apis mellifera,Apidae,Apis,SPECIES,50,2023,6,27,NA,Focal
Halle,Lavandula angustifolia,Apis mellifera,Apidae,Apis,SPECIES,50,2023,6,27,NA,Focal
Halle,Lavandula angustifolia,Apis mellifera,Apidae,Apis,SPECIES,100,2023,6,27,NA,Focal
Halle,Lavandula angustifolia,Apis mellifera,Apidae,Apis,SPECIES,100,2023,6,27,NA,Focal
Halle,Lavandula angustifolia,Apis mellifera,Apidae,Apis,SPECIES,60,2023,6,27,NA,Focal
Halle,Lavandula angustifolia,Apis mellifera,Apidae,Apis,SPECIES,60,2023,6,27,NA,Focal
Halle,Lavandula angustifolia,Apis mellifera,Apidae,Apis,SPECIES,50,2023,6,27,NA,Focal
Halle,Lavandula angustifolia,Apis mellifera,Apidae,Apis,SPECIES,100,2023,6,27,NA,Focal
Halle,Lavandula angustifolia,Apis mellifera,Apidae,Apis,SPECIES,50,2023,6,27,NA,Focal
Halle,Lavandula angustifolia,Apis mellifera,Apidae,Apis,SPECIES,50,2023,6,27,NA,Focal
Halle,Hypericum olympicum,Bombus terrestris,Apidae,Bombus,SPECIES,5,2023,6,27,NA,Focal
Halle,Gypsophila paniculata,Apis mellifera,Apidae,Apis,SPECIES,50,2023,6,27,1,Random_census
Halle,Gypsophila paniculata,Apis mellifera,Apidae,Apis,SPECIES,50,2023,6,27,1,Random_census
Halle,Gypsophila paniculata,Apis mellifera,Apidae,Apis,SPECIES,50,2023,6,27,1,Random_census
Halle,Gypsophila paniculata,Apis mellifera,Apidae,Apis,SPECIES,50,2023,6,27,1,Random_census
Halle,Gypsophila paniculata,Apis mellifera,Apidae,Apis,SPECIES,50,2023,6,27,1,Random_census
Halle,Gypsophila paniculata,Apis mellifera,Apidae,Apis,SPECIES,50,2023,6,27,1,Random_census
Halle,Gypsophila paniculata,Apis mellifera,Apidae,Apis,SPECIES,50,2023,6,27,1,Random_census
Halle,Gypsophila paniculata,Apis mellifera,Apidae,Apis,SPECIES,50,2023,6,27,1,Random_census
Halle,Gypsophila paniculata,Apis mellifera,Apidae,Apis,SPECIES,50,2023,6,27,1,Random_census
Halle,Gypsophila paniculata,Apis mellifera,Apidae,Apis,SPECIES,50,2023,6,27,1,Random_census
Halle,Gypsophila paniculata,Lasioglossum politum,Halictidae,Lasioglossum,SPECIES,50,2023,6,27,1,Random_census
Halle,Gypsophila paniculata,Lasioglossum politum,Halictidae,Lasioglossum,SPECIES,50,2023,6,27,1,Random_census
Halle,Gypsophila paniculata,Lasioglossum politum,Halictidae,Lasioglossum,SPECIES,50,2023,6,27,1,Random_census
Halle,Gypsophila paniculata,Lasioglossum politum,Halictidae,Lasioglossum,SPECIES,50,2023,6,27,1,Random_census
Halle,Gypsophila paniculata,Lasioglossum politum,Halictidae,Lasioglossum,SPECIES,50,2023,6,27,1,Random_census
Halle,Gypsophila paniculata,Lasioglossum politum,Halictidae,Lasioglossum,SPECIES,50,2023,6,27,1,Random_census
Halle,Gypsophila paniculata,Lasioglossum politum,Halictidae,Lasioglossum,SPECIES,50,2023,6,27,1,Random_census
Halle,Gypsophila paniculata,Lasioglossum politum,Halictidae,Lasioglossum,SPECIES,50,2023,6,27,1,Random_census
Halle,Gypsophila paniculata,Lasioglossum politum,Halictidae,Lasioglossum,SPECIES,50,2023,6,27,1,Random_census
Halle,Gypsophila paniculata,Lasioglossum politum,Halictidae,Lasioglossum,SPECIES,50,2023,6,27,1,Random_census
Halle,Gypsophila paniculata,Lasioglossum politum,Halictidae,Lasioglossum,SPECIES,50,2023,6,27,1,Random_census
Halle,Gypsophila paniculata,Lasioglossum politum,Halictidae,Lasioglossum,SPECIES,50,2023,6,27,1,Random_census
Halle,Gypsophila paniculata,Lasioglossum politum,Halictidae,Lasioglossum,SPECIES,50,2023,6,27,1,Random_census
Halle,Gypsophila paniculata,Lasioglossum politum,Halictidae,Lasioglossum,SPECIES,50,2023,6,27,1,Random_census
Halle,Gypsophila paniculata,Lasioglossum politum,Halictidae,Lasioglossum,SPECIES,50,2023,6,27,1,Random_census
Halle,Gypsophila paniculata,Lasioglossum politum,Halictidae,Lasioglossum,SPECIES,50,2023,6,27,1,Random_census
Halle,Gypsophila paniculata,Lasioglossum politum,Halictidae,Lasioglossum,SPECIES,50,2023,6,27,1,Random_census
Halle,Gypsophila paniculata,Lasioglossum politum,Halictidae,Lasioglossum,SPECIES,50,2023,6,27,1,Random_census
Halle,Gypsophila paniculata,Lasioglossum politum,Halictidae,Lasioglossum,SPECIES,50,2023,6,27,1,Random_census
Halle,Gypsophila paniculata,Lasioglossum politum,Halictidae,Lasioglossum,SPECIES,50,2023,6,27,1,Random_census
Halle,Gypsophila paniculata,Halictus subauratus,Halictidae,Halictus,SPECIES,50,2023,6,27,1,Random_census
Halle,Gypsophila paniculata,Halictus subauratus,Halictidae,Halictus,SPECIES,50,2023,6,27,1,Random_census
Halle,Gypsophila paniculata,Halictus subauratus,Halictidae,Halictus,SPECIES,50,2023,6,27,1,Random_census
Halle,Gypsophila paniculata,Halictus subauratus,Halictidae,Halictus,SPECIES,50,2023,6,27,1,Random_census
Halle,Gypsophila paniculata,Halictus subauratus,Halictidae,Halictus,SPECIES,50,2023,6,27,1,Random_census
Halle,Gypsophila paniculata,Halictus subauratus,Halictidae,Halictus,SPECIES,50,2023,6,27,1,Random_census
Halle,Gypsophila paniculata,Halictus subauratus,Halictidae,Halictus,SPECIES,50,2023,6,27,1,Random_census
Halle,Gypsophila paniculata,Halictus subauratus,Halictidae,Halictus,SPECIES,50,2023,6,27,1,Random_census
Halle,Gypsophila paniculata,Halictus subauratus,Halictidae,Halictus,SPECIES,50,2023,6,27,1,Random_census
Halle,Gypsophila paniculata,Sphecodes monilicornis,Halictidae,Sphecodes,SPECIES,10,2023,6,27,1,Random_census
Halle,Gypsophila paniculata,Colletes daviesanus,Colletidae,Colletes,SPECIES,5,2023,6,27,1,Random_census
Halle,Gypsophila paniculata,Colletes daviesanus,Colletidae,Colletes,SPECIES,10,2023,6,27,1,Random_census
Halle,Gypsophila paniculata,Colletes daviesanus,Colletidae,Colletes,SPECIES,15,2023,6,27,1,Random_census
Halle,Gypsophila paniculata,Colletes daviesanus,Colletidae,Colletes,SPECIES,25,2023,6,27,1,Random_census
Halle,Gypsophila paniculata,Halictus subauratus,Halictidae,Halictus,SPECIES,10,2023,6,27,1,Random_census
Halle,Gypsophila paniculata,Halictus subauratus,Halictidae,Halictus,SPECIES,10,2023,6,27,1,Random_census
Halle,Cylindropuntia imbricata,Apis mellifera,Apidae,Apis,SPECIES,5,2023,6,27,2,Random_census
Halle,Cylindropuntia imbricata,Apis mellifera,Apidae,Apis,SPECIES,5,2023,6,27,2,Random_census
Halle,Cylindropuntia imbricata,Apis mellifera,Apidae,Apis,SPECIES,5,2023,6,27,2,Random_census
Halle,Cylindropuntia imbricata,Apis mellifera,Apidae,Apis,SPECIES,5,2023,6,27,2,Random_census
Halle,Cylindropuntia imbricata,Apis mellifera,Apidae,Apis,SPECIES,5,2023,6,27,2,Random_census
Halle,Cylindropuntia imbricata,Halictus scabiosae,Halictidae,Halictus,SPECIES,2,2023,6,27,2,Random_census
Halle,Cylindropuntia imbricata,Halictus subauratus,Halictidae,Halictus,SPECIES,2,2023,6,27,2,Random_census
Halle,Cylindropuntia imbricata,Halictus subauratus,Halictidae,Halictus,SPECIES,2,2023,6,27,2,Random_census
Halle,Cylindropuntia imbricata,Bombus subterraneus,Apidae,Bombus,SPECIES,1,2023,6,27,2,Random_census
Halle,Delosperma cooperi,Bombus lapidarius,Apidae,Bombus,SPECIES,20,2023,6,27,3,Random_census
Halle,Delosperma cooperi,Megachile willughbiella,Megachilidae,Megachile,SPECIES,5,2023,6,27,3,Random_census
Halle,Delosperma cooperi,Megachile willughbiella,Megachilidae,Megachile,SPECIES,5,2023,6,27,3,Random_census
Halle,Delosperma cooperi,Lasioglossum politum,Halictidae,Lasioglossum,SPECIES,2,2023,6,27,3,Random_census
Halle,Delosperma cooperi,Bombus lapidarius,Apidae,Bombus,SPECIES,5,2023,6,27,3,Random_census
Halle,Knautia dipsacifolia,Bombus terrestris,Apidae,Bombus,SPECIES,10,2023,6,27,4,Random_census
Halle,Knautia dipsacifolia,Bombus terrestris,Apidae,Bombus,SPECIES,10,2023,6,27,4,Random_census
Halle,Knautia dipsacifolia,Halictus scabiosae,Halictidae,Halictus,SPECIES,10,2023,6,27,4,Random_census
Halle,Knautia dipsacifolia,Halictus scabiosae,Halictidae,Halictus,SPECIES,10,2023,6,27,4,Random_census
Halle,Knautia dipsacifolia,Halictus scabiosae,Halictidae,Halictus,SPECIES,10,2023,6,27,4,Random_census
Halle,Knautia dipsacifolia,Halictus scabiosae,Halictidae,Halictus,SPECIES,10,2023,6,27,4,Random_census
Halle,Knautia dipsacifolia,Halictus scabiosae,Halictidae,Halictus,SPECIES,10,2023,6,27,4,Random_census
Halle,Knautia dipsacifolia,Apis mellifera,Apidae,Apis,SPECIES,20,2023,6,27,4,Random_census
Halle,Knautia dipsacifolia,Apis mellifera,Apidae,Apis,SPECIES,20,2023,6,27,4,Random_census
Halle,Knautia dipsacifolia,Apis mellifera,Apidae,Apis,SPECIES,20,2023,6,27,4,Random_census
Halle,Knautia dipsacifolia,Apis mellifera,Apidae,Apis,SPECIES,20,2023,6,27,4,Random_census
Halle,Knautia dipsacifolia,Apis mellifera,Apidae,Apis,SPECIES,20,2023,6,27,4,Random_census
Halle,Knautia dipsacifolia,Apis mellifera,Apidae,Apis,SPECIES,20,2023,6,27,4,Random_census
Halle,Knautia dipsacifolia,Apis mellifera,Apidae,Apis,SPECIES,20,2023,6,27,4,Random_census
Halle,Knautia dipsacifolia,Apis mellifera,Apidae,Apis,SPECIES,20,2023,6,27,4,Random_census
Halle,Knautia dipsacifolia,Apis mellifera,Apidae,Apis,SPECIES,20,2023,6,27,4,Random_census
Halle,Knautia dipsacifolia,Bombus pascuorum,Apidae,Bombus,SPECIES,20,2023,6,27,4,Random_census
Halle,Knautia dipsacifolia,Andrena hattorfiana,Andrenidae,Andrena,SPECIES,10,2023,6,27,4,Random_census
Halle,Knautia dipsacifolia,Andrena hattorfiana,Andrenidae,Andrena,SPECIES,10,2023,6,27,4,Random_census
Halle,Knautia dipsacifolia,Andrena hattorfiana,Andrenidae,Andrena,SPECIES,10,2023,6,27,4,Random_census
Halle,Knautia dipsacifolia,Andrena hattorfiana,Andrenidae,Andrena,SPECIES,10,2023,6,27,4,Random_census
Halle,Knautia dipsacifolia,Andrena hattorfiana,Andrenidae,Andrena,SPECIES,10,2023,6,27,4,Random_census
Halle,Knautia dipsacifolia,Andrena hattorfiana,Andrenidae,Andrena,SPECIES,10,2023,6,27,4,Random_census
Halle,Knautia dipsacifolia,Andrena hattorfiana,Andrenidae,Andrena,SPECIES,10,2023,6,27,4,Random_census
Halle,Knautia dipsacifolia,Andrena hattorfiana,Andrenidae,Andrena,SPECIES,10,2023,6,27,4,Random_census
Halle,Knautia dipsacifolia,Halictus scabiosae,Halictidae,Halictus,SPECIES,20,2023,6,27,4,Random_census
Halle,Knautia dipsacifolia,Halictus scabiosae,Halictidae,Halictus,SPECIES,20,2023,6,27,4,Random_census
Halle,Knautia dipsacifolia,Halictus scabiosae,Halictidae,Halictus,SPECIES,20,2023,6,27,4,Random_census
Halle,Knautia dipsacifolia,Halictus scabiosae,Halictidae,Halictus,SPECIES,20,2023,6,27,4,Random_census
Halle,Knautia dipsacifolia,Halictus scabiosae,Halictidae,Halictus,SPECIES,20,2023,6,27,4,Random_census
Halle,Asclepias syriaca,Megachile,Megachilidae,Megachile,GENUS,20,2023,6,27,6,Random_census
Halle,Asclepias syriaca,Apis mellifera,Apidae,Apis,SPECIES,5,2023,6,27,6,Random_census
Halle,Asclepias syriaca,Apis mellifera,Apidae,Apis,SPECIES,5,2023,6,27,6,Random_census
Halle,Asclepias syriaca,Apis mellifera,Apidae,Apis,SPECIES,5,2023,6,27,6,Random_census
Halle,Asclepias syriaca,Apis mellifera,Apidae,Apis,SPECIES,5,2023,6,27,6,Random_census
Halle,Asclepias syriaca,Apis mellifera,Apidae,Apis,SPECIES,5,2023,6,27,6,Random_census
Halle,Asclepias syriaca,Apis mellifera,Apidae,Apis,SPECIES,5,2023,6,27,6,Random_census
Halle,Asclepias syriaca,Apis mellifera,Apidae,Apis,SPECIES,3,2023,6,27,6,Random_census
Halle,Asclepias syriaca,Apis mellifera,Apidae,Apis,SPECIES,3,2023,6,27,6,Random_census
Halle,Salvia sclarea,Xylocopa violacea,Apidae,Xylocopa,SPECIES,10,2023,6,27,7,Random_census
Halle,Salvia sclarea,Xylocopa violacea,Apidae,Xylocopa,SPECIES,5,2023,6,27,7,Random_census
Halle,Salvia sclarea,Xylocopa violacea,Apidae,Xylocopa,SPECIES,10,2023,6,27,7,Random_census
Halle,Salvia sclarea,Apis mellifera,Apidae,Apis,SPECIES,10,2023,6,27,7,Random_census
Halle,Salvia sclarea,Bombus terrestris,Apidae,Bombus,SPECIES,1,2023,6,27,7,Random_census
Halle,Salvia sclarea,Lasioglossum politum,Halictidae,Lasioglossum,SPECIES,1,2023,6,27,7,Random_census
Halle,Teucrium scorodonia,Bombus terrestris,Apidae,Bombus,SPECIES,10,2023,6,27,8,Random_census
Halle,Teucrium scorodonia,Bombus terrestris,Apidae,Bombus,SPECIES,10,2023,6,27,8,Random_census
Halle,Teucrium scorodonia,Anthidium manicatum,Megachilidae,Anthidium,SPECIES,10,2023,6,27,8,Random_census
Halle,Teucrium scorodonia,Anthidium manicatum,Megachilidae,Anthidium,SPECIES,10,2023,6,27,8,Random_census
Halle,Teucrium scorodonia,Apis mellifera,Apidae,Apis,SPECIES,10,2023,6,27,8,Random_census
Halle,Teucrium scorodonia,Apis mellifera,Apidae,Apis,SPECIES,10,2023,6,27,8,Random_census
Halle,Teucrium scorodonia,Apis mellifera,Apidae,Apis,SPECIES,10,2023,6,27,8,Random_census
Halle,Teucrium scorodonia,Lasioglossum politum,Halictidae,Lasioglossum,SPECIES,3,2023,6,27,8,Random_census
Halle,Teucrium scorodonia,Lasioglossum politum,Halictidae,Lasioglossum,SPECIES,2,2023,6,27,8,Random_census
Halle,Malva thuringiaca,Apis mellifera,Apidae,Apis,SPECIES,2,2023,6,27,9,Random_census
Halle,Malva thuringiaca,Bombus terrestris,Apidae,Bombus,SPECIES,1,2023,6,27,9,Random_census
Halle,Malva thuringiaca,Apis mellifera,Apidae,Apis,SPECIES,2,2023,6,27,9,Random_census
Halle,Allium cernuum,Bombus lapidarius,Apidae,Bombus,SPECIES,5,2023,6,27,10,Random_census
Halle,Allium cernuum,Apis mellifera,Apidae,Apis,SPECIES,2,2023,6,27,10,Random_census
Halle,Platycodon grandiflorus,Bombus terrestris,Apidae,Bombus,SPECIES,2,2023,7,4,NA,Focal
Halle,Platycodon grandiflorus,Bombus terrestris,Apidae,Bombus,SPECIES,1,2023,7,4,NA,Focal
Halle,Platycodon grandiflorus,Bombus terrestris,Apidae,Bombus,SPECIES,2,2023,7,4,NA,Focal
Halle,Platycodon grandiflorus,Megachile willughbiella,Megachilidae,Megachile,SPECIES,1,2023,7,4,NA,Focal
Halle,Platycodon grandiflorus,Megachile willughbiella,Megachilidae,Megachile,SPECIES,1,2023,7,4,NA,Focal
Halle,Platycodon grandiflorus,Megachile willughbiella,Megachilidae,Megachile,SPECIES,3,2023,7,4,NA,Focal
Halle,Platycodon grandiflorus,Megachile willughbiella,Megachilidae,Megachile,SPECIES,1,2023,7,4,NA,Focal
Halle,Platycodon grandiflorus,Apis mellifera,Apidae,Apis,SPECIES,3,2023,7,4,NA,Focal
Halle,Platycodon grandiflorus,Apis mellifera,Apidae,Apis,SPECIES,3,2023,7,4,NA,Focal
Halle,Platycodon grandiflorus,Apis mellifera,Apidae,Apis,SPECIES,3,2023,7,4,NA,Focal
Halle,Platycodon grandiflorus,Chelostoma rapunculi,Megachilidae,Chelostoma,SPECIES,1,2023,7,4,NA,Focal
Halle,Platycodon grandiflorus,Chelostoma rapunculi,Megachilidae,Chelostoma,SPECIES,1,2023,7,4,NA,Focal
Halle,Achillea millefolium,Colletes daviesanus,Colletidae,Colletes,SPECIES,10,2023,7,4,NA,Focal
Halle,Achillea millefolium,Colletes daviesanus,Colletidae,Colletes,SPECIES,10,2023,7,4,NA,Focal
Halle,Achillea millefolium,Hylaeus nigritus,Colletidae,Hylaeus,SPECIES,5,2023,7,4,NA,Focal
Halle,Achillea millefolium,Hylaeus nigritus,Colletidae,Hylaeus,SPECIES,10,2023,7,4,NA,Focal
Halle,Achillea millefolium,Hylaeus nigritus,Colletidae,Hylaeus,SPECIES,10,2023,7,4,NA,Focal
Halle,Achillea millefolium,Hylaeus nigritus,Colletidae,Hylaeus,SPECIES,20,2023,7,4,NA,Focal
Halle,Achillea millefolium,Halictus subauratus,Halictidae,Halictus,SPECIES,10,2023,7,4,NA,Focal
Halle,Achillea millefolium,Halictus subauratus,Halictidae,Halictus,SPECIES,5,2023,7,4,NA,Focal
Halle,Achillea millefolium,Halictus subauratus,Halictidae,Halictus,SPECIES,10,2023,7,4,NA,Focal
Halle,Achillea millefolium,Colletes daviesanus,Colletidae,Colletes,SPECIES,10,2023,7,4,NA,Focal
Halle,Achillea millefolium,Colletes daviesanus,Colletidae,Colletes,SPECIES,5,2023,7,4,NA,Focal
Halle,Achillea millefolium,Lasioglossum pauxillum,Halictidae,Lasioglossum,SPECIES,20,2023,7,4,NA,Focal
Halle,Achillea millefolium,Lasioglossum pauxillum,Halictidae,Lasioglossum,SPECIES,20,2023,7,4,NA,Focal
Halle,Achillea millefolium,Megachile ericetorum,Megachilidae,Megachile,SPECIES,20,2023,7,4,NA,Focal
Halle,Hypericum perforatum,Lasioglossum politum,Halictidae,Lasioglossum,SPECIES,1,2023,7,4,NA,Focal
Halle,Hypericum perforatum,Lasioglossum politum,Halictidae,Lasioglossum,SPECIES,1,2023,7,4,NA,Focal
Halle,Hypericum perforatum,Lasioglossum politum,Halictidae,Lasioglossum,SPECIES,1,2023,7,4,NA,Focal
Halle,Hypericum perforatum,Lasioglossum politum,Halictidae,Lasioglossum,SPECIES,1,2023,7,4,NA,Focal
Halle,Hypericum perforatum,Anthophora quadrimaculata,Apidae,Anthophora,SPECIES,5,2023,7,4,NA,Focal
Halle,Hypericum perforatum,Bombus pascuorum,Apidae,Bombus,SPECIES,4,2023,7,4,NA,Focal
Halle,Hemerocallis fulva,Lasioglossum nitidulum,Halictidae,Lasioglossum,SPECIES,1,2023,7,4,NA,Focal
Halle,Hemerocallis fulva,Lasioglossum nitidulum,Halictidae,Lasioglossum,SPECIES,1,2023,7,4,NA,Focal
Halle,Hemerocallis fulva,Lasioglossum nitidulum,Halictidae,Lasioglossum,SPECIES,1,2023,7,4,NA,Focal
Halle,Hemerocallis fulva,Lasioglossum nitidulum,Halictidae,Lasioglossum,SPECIES,1,2023,7,4,NA,Focal
Halle,Hemerocallis fulva,Lasioglossum nitidulum,Halictidae,Lasioglossum,SPECIES,1,2023,7,4,NA,Focal
Halle,Hemerocallis fulva,Lasioglossum nitidulum,Halictidae,Lasioglossum,SPECIES,2,2023,7,4,NA,Focal
Halle,Clematis integrifolia,Apis mellifera,Apidae,Apis,SPECIES,1,2023,7,4,NA,Focal
Halle,Clematis integrifolia,Apis mellifera,Apidae,Apis,SPECIES,1,2023,7,4,NA,Focal
Halle,Clematis integrifolia,Apis mellifera,Apidae,Apis,SPECIES,2,2023,7,4,NA,Focal
Halle,Clematis integrifolia,Apis mellifera,Apidae,Apis,SPECIES,1,2023,7,4,NA,Focal
Halle,Clematis integrifolia,Bombus terrestris,Apidae,Bombus,SPECIES,2,2023,7,4,NA,Focal
Halle,Clematis integrifolia,Bombus terrestris,Apidae,Bombus,SPECIES,5,2023,7,4,NA,Focal
Halle,Clematis integrifolia,Bombus pascuorum,Apidae,Bombus,SPECIES,2,2023,7,4,NA,Focal
Halle,Clematis integrifolia,Lasioglossum nitidulum,Halictidae,Lasioglossum,SPECIES,2,2023,7,4,NA,Focal
Halle,Clematis recta,Lasioglossum politum,Halictidae,Lasioglossum,SPECIES,1,2023,7,4,NA,Focal
Halle,Clematis recta,Lasioglossum politum,Halictidae,Lasioglossum,SPECIES,1,2023,7,4,NA,Focal
Halle,Clematis recta,Apis mellifera,Apidae,Apis,SPECIES,1,2023,7,4,NA,Focal
Halle,Clematis recta,Bombus terrestris,Apidae,Bombus,SPECIES,2,2023,7,4,NA,Focal
Halle,Clematis recta,Bombus terrestris,Apidae,Bombus,SPECIES,1,2023,7,4,NA,Focal
Halle,Clematis recta,Bombus terrestris,Apidae,Bombus,SPECIES,1,2023,7,4,NA,Focal
Halle,Dianthus carthusianorum,Halictus subauratus,Halictidae,Halictus,SPECIES,2,2023,7,4,NA,Focal
Halle,Dianthus carthusianorum,Chelostoma rapunculi,Megachilidae,Chelostoma,SPECIES,1,2023,7,4,NA,Focal
Halle,Dianthus carthusianorum,Bombus terrestris,Apidae,Bombus,SPECIES,6,2023,7,4,NA,Focal
Halle,Lavandula angustifolia,Bombus vestalis,Apidae,Bombus,SPECIES,800,2023,7,4,NA,Focal
Halle,Lavandula angustifolia,Bombus vestalis,Apidae,Bombus,SPECIES,800,2023,7,4,NA,Focal
Halle,Lavandula angustifolia,Bombus vestalis,Apidae,Bombus,SPECIES,800,2023,7,4,NA,Focal
Halle,Lavandula angustifolia,Bombus vestalis,Apidae,Bombus,SPECIES,800,2023,7,4,NA,Focal
Halle,Lavandula angustifolia,Bombus vestalis,Apidae,Bombus,SPECIES,800,2023,7,4,NA,Focal
Halle,Lavandula angustifolia,Bombus vestalis,Apidae,Bombus,SPECIES,800,2023,7,4,NA,Focal
Halle,Lavandula angustifolia,Bombus vestalis,Apidae,Bombus,SPECIES,800,2023,7,4,NA,Focal
Halle,Lavandula angustifolia,Bombus vestalis,Apidae,Bombus,SPECIES,800,2023,7,4,NA,Focal
Halle,Lavandula angustifolia,Bombus vestalis,Apidae,Bombus,SPECIES,800,2023,7,4,NA,Focal
Halle,Lavandula angustifolia,Bombus vestalis,Apidae,Bombus,SPECIES,800,2023,7,4,NA,Focal
Halle,Lavandula angustifolia,Bombus vestalis,Apidae,Bombus,SPECIES,800,2023,7,4,NA,Focal
Halle,Lavandula angustifolia,Bombus vestalis,Apidae,Bombus,SPECIES,800,2023,7,4,NA,Focal
Halle,Lavandula angustifolia,Bombus vestalis,Apidae,Bombus,SPECIES,800,2023,7,4,NA,Focal
Halle,Lavandula angustifolia,Bombus vestalis,Apidae,Bombus,SPECIES,800,2023,7,4,NA,Focal
Halle,Lavandula angustifolia,Bombus vestalis,Apidae,Bombus,SPECIES,800,2023,7,4,NA,Focal
Halle,Lavandula angustifolia,Bombus vestalis,Apidae,Bombus,SPECIES,800,2023,7,4,NA,Focal
Halle,Lavandula angustifolia,Bombus vestalis,Apidae,Bombus,SPECIES,800,2023,7,4,NA,Focal
Halle,Lavandula angustifolia,Bombus vestalis,Apidae,Bombus,SPECIES,800,2023,7,4,NA,Focal
Halle,Lavandula angustifolia,Bombus vestalis,Apidae,Bombus,SPECIES,800,2023,7,4,NA,Focal
Halle,Lavandula angustifolia,Bombus vestalis,Apidae,Bombus,SPECIES,800,2023,7,4,NA,Focal
Halle,Lavandula angustifolia,Bombus vestalis,Apidae,Bombus,SPECIES,800,2023,7,4,NA,Focal
Halle,Lavandula angustifolia,Bombus vestalis,Apidae,Bombus,SPECIES,800,2023,7,4,NA,Focal
Halle,Lavandula angustifolia,Bombus vestalis,Apidae,Bombus,SPECIES,800,2023,7,4,NA,Focal
Halle,Lavandula angustifolia,Bombus vestalis,Apidae,Bombus,SPECIES,800,2023,7,4,NA,Focal
Halle,Lavandula angustifolia,Bombus vestalis,Apidae,Bombus,SPECIES,800,2023,7,4,NA,Focal
Halle,Lavandula angustifolia,Bombus vestalis,Apidae,Bombus,SPECIES,800,2023,7,4,NA,Focal
Halle,Lavandula angustifolia,Bombus vestalis,Apidae,Bombus,SPECIES,800,2023,7,4,NA,Focal
Halle,Lavandula angustifolia,Bombus vestalis,Apidae,Bombus,SPECIES,800,2023,7,4,NA,Focal
Halle,Lavandula angustifolia,Bombus vestalis,Apidae,Bombus,SPECIES,800,2023,7,4,NA,Focal
Halle,Lavandula angustifolia,Bombus vestalis,Apidae,Bombus,SPECIES,800,2023,7,4,NA,Focal
Halle,Lavandula angustifolia,Bombus vestalis,Apidae,Bombus,SPECIES,800,2023,7,4,NA,Focal
Halle,Lavandula angustifolia,Bombus vestalis,Apidae,Bombus,SPECIES,800,2023,7,4,NA,Focal
Halle,Lavandula angustifolia,Bombus vestalis,Apidae,Bombus,SPECIES,800,2023,7,4,NA,Focal
Halle,Lavandula angustifolia,Bombus vestalis,Apidae,Bombus,SPECIES,800,2023,7,4,NA,Focal
Halle,Lavandula angustifolia,Bombus vestalis,Apidae,Bombus,SPECIES,800,2023,7,4,NA,Focal
Halle,Lavandula angustifolia,Bombus vestalis,Apidae,Bombus,SPECIES,800,2023,7,4,NA,Focal
Halle,Lavandula angustifolia,Bombus vestalis,Apidae,Bombus,SPECIES,800,2023,7,4,NA,Focal
Halle,Lavandula angustifolia,Bombus vestalis,Apidae,Bombus,SPECIES,800,2023,7,4,NA,Focal
Halle,Lavandula angustifolia,Bombus vestalis,Apidae,Bombus,SPECIES,800,2023,7,4,NA,Focal
Halle,Lavandula angustifolia,Bombus vestalis,Apidae,Bombus,SPECIES,800,2023,7,4,NA,Focal
Halle,Lavandula angustifolia,Bombus vestalis,Apidae,Bombus,SPECIES,800,2023,7,4,NA,Focal
Halle,Lavandula angustifolia,Bombus vestalis,Apidae,Bombus,SPECIES,800,2023,7,4,NA,Focal
Halle,Lavandula angustifolia,Bombus vestalis,Apidae,Bombus,SPECIES,800,2023,7,4,NA,Focal
Halle,Lavandula angustifolia,Bombus vestalis,Apidae,Bombus,SPECIES,800,2023,7,4,NA,Focal
Halle,Lavandula angustifolia,Bombus vestalis,Apidae,Bombus,SPECIES,800,2023,7,4,NA,Focal
Halle,Lavandula angustifolia,Bombus rupestris,Apidae,Bombus,SPECIES,800,2023,7,4,NA,Focal
Halle,Lavandula angustifolia,Bombus rupestris,Apidae,Bombus,SPECIES,800,2023,7,4,NA,Focal
Halle,Lavandula angustifolia,Bombus rupestris,Apidae,Bombus,SPECIES,800,2023,7,4,NA,Focal
Halle,Lavandula angustifolia,Bombus rupestris,Apidae,Bombus,SPECIES,800,2023,7,4,NA,Focal
Halle,Lavandula angustifolia,Bombus rupestris,Apidae,Bombus,SPECIES,800,2023,7,4,NA,Focal
Halle,Lavandula angustifolia,Bombus rupestris,Apidae,Bombus,SPECIES,800,2023,7,4,NA,Focal
Halle,Lavandula angustifolia,Bombus rupestris,Apidae,Bombus,SPECIES,800,2023,7,4,NA,Focal
Halle,Lavandula angustifolia,Bombus rupestris,Apidae,Bombus,SPECIES,800,2023,7,4,NA,Focal
Halle,Lavandula angustifolia,Bombus rupestris,Apidae,Bombus,SPECIES,800,2023,7,4,NA,Focal
Halle,Lavandula angustifolia,Bombus rupestris,Apidae,Bombus,SPECIES,800,2023,7,4,NA,Focal
Halle,Lavandula angustifolia,Bombus pascuorum,Apidae,Bombus,SPECIES,500,2023,7,4,NA,Focal
Halle,Lavandula angustifolia,Bombus pascuorum,Apidae,Bombus,SPECIES,500,2023,7,4,NA,Focal
Halle,Lavandula angustifolia,Bombus pascuorum,Apidae,Bombus,SPECIES,500,2023,7,4,NA,Focal
Halle,Lavandula angustifolia,Bombus pascuorum,Apidae,Bombus,SPECIES,500,2023,7,4,NA,Focal
Halle,Lavandula angustifolia,Bombus pascuorum,Apidae,Bombus,SPECIES,500,2023,7,4,NA,Focal
Halle,Lavandula angustifolia,Anthophora quadrimaculata,Apidae,Anthophora,SPECIES,10,2023,7,4,NA,Focal
Halle,Fuchsia magellanica,Bombus pascuorum,Apidae,Bombus,SPECIES,2,2023,7,4,NA,Focal
Halle,Fuchsia magellanica,Bombus pascuorum,Apidae,Bombus,SPECIES,30,2023,7,4,NA,Focal
Halle,Fuchsia magellanica,Bombus pascuorum,Apidae,Bombus,SPECIES,2,2023,7,4,NA,Focal
Halle,Lotus corniculatus,Anthidium oblongatum,Megachilidae,Anthidium,SPECIES,50,2023,7,4,NA,Focal
Halle,Lotus corniculatus,Anthidium manicatum,Megachilidae,Anthidium,SPECIES,50,2023,7,4,NA,Focal
Halle,Lotus corniculatus,Megachile,Megachilidae,Megachile,GENUS,3,2023,7,4,NA,Focal
Halle,Lotus corniculatus,Megachile,Megachilidae,Megachile,GENUS,5,2023,7,4,NA,Focal
Halle,Lotus corniculatus,Bombus pascuorum,Apidae,Bombus,SPECIES,5,2023,7,4,NA,Focal
Halle,Limonium sinuatum,Bombus pascuorum,Apidae,Bombus,SPECIES,15,2023,7,4,1,Random_census
Halle,Limonium sinuatum,Bombus pascuorum,Apidae,Bombus,SPECIES,5,2023,7,4,1,Random_census
Halle,Limonium sinuatum,Bombus pascuorum,Apidae,Bombus,SPECIES,5,2023,7,4,1,Random_census
Halle,Limonium sinuatum,Bombus terrestris,Apidae,Bombus,SPECIES,5,2023,7,4,1,Random_census
Halle,Limonium sinuatum,Lasioglossum morio,Halictidae,Lasioglossum,SPECIES,3,2023,7,4,1,Random_census
Halle,Limonium sinuatum,Lasioglossum morio,Halictidae,Lasioglossum,SPECIES,3,2023,7,4,1,Random_census
Halle,Limonium sinuatum,Lasioglossum morio,Halictidae,Lasioglossum,SPECIES,3,2023,7,4,1,Random_census
Halle,Galega officinalis,Bombus pascuorum,Apidae,Bombus,SPECIES,5,2023,7,4,2,Random_census
Halle,Galega officinalis,Bombus pascuorum,Apidae,Bombus,SPECIES,5,2023,7,4,2,Random_census
Halle,Galega officinalis,Bombus pascuorum,Apidae,Bombus,SPECIES,5,2023,7,4,2,Random_census
Halle,Galega officinalis,Bombus pascuorum,Apidae,Bombus,SPECIES,5,2023,7,4,2,Random_census
Halle,Galega officinalis,Anthidium manicatum,Megachilidae,Anthidium,SPECIES,3,2023,7,4,2,Random_census
Halle,Galega officinalis,Anthidium manicatum,Megachilidae,Anthidium,SPECIES,2,2023,7,4,2,Random_census
Halle,Galega officinalis,Anthidium manicatum,Megachilidae,Anthidium,SPECIES,1,2023,7,4,2,Random_census
Halle,Galega officinalis,Anthidium manicatum,Megachilidae,Anthidium,SPECIES,1,2023,7,4,2,Random_census
Halle,Galega officinalis,Megachilidae,Megachilidae,NA,FAMILY,3,2023,7,4,2,Random_census
Halle,Galega officinalis,Megachilidae,Megachilidae,NA,FAMILY,3,2023,7,4,2,Random_census
Halle,Galega officinalis,Megachilidae,Megachilidae,NA,FAMILY,3,2023,7,4,2,Random_census
Halle,Galega officinalis,Bombus pascuorum,Apidae,Bombus,SPECIES,10,2023,7,4,2,Random_census
Halle,Galega officinalis,Bombus pascuorum,Apidae,Bombus,SPECIES,10,2023,7,4,2,Random_census
Halle,Eryngium planum,Apis mellifera,Apidae,Apis,SPECIES,1,2023,7,4,3,Random_census
Halle,Eryngium planum,Hylaeus gredleri,Colletidae,Hylaeus,SPECIES,3,2023,7,4,3,Random_census
Halle,Eryngium planum,Sphecodes pellucidus,Halictidae,Sphecodes,SPECIES,1,2023,7,4,3,Random_census
Halle,Eschscholzia californica,Apis mellifera,Apidae,Apis,SPECIES,1,2023,7,4,4,Random_census
Halle,Eschscholzia californica,Lasioglossum pauxillum,Halictidae,Lasioglossum,SPECIES,1,2023,7,4,4,Random_census
Halle,Eschscholzia californica,Lasioglossum pauxillum,Halictidae,Lasioglossum,SPECIES,1,2023,7,4,4,Random_census
Halle,Phedimus kamtschaticus,Bombus lapidarius,Apidae,Bombus,SPECIES,50,2023,7,4,5,Random_census
Halle,Phedimus kamtschaticus,Bombus lapidarius,Apidae,Bombus,SPECIES,2,2023,7,4,5,Random_census
Halle,Phedimus kamtschaticus,Apis mellifera,Apidae,Apis,SPECIES,5,2023,7,4,5,Random_census
Halle,Phedimus kamtschaticus,Coelioxys afra,Megachilidae,Coelioxys,SPECIES,20,2023,7,4,5,Random_census
Halle,Phedimus kamtschaticus,Coelioxys afra,Megachilidae,Coelioxys,SPECIES,20,2023,7,4,5,Random_census
Halle,Phedimus kamtschaticus,Coelioxys afra,Megachilidae,Coelioxys,SPECIES,20,2023,7,4,5,Random_census
Halle,Phedimus kamtschaticus,Coelioxys afra,Megachilidae,Coelioxys,SPECIES,20,2023,7,4,5,Random_census
Halle,Phedimus kamtschaticus,Coelioxys afra,Megachilidae,Coelioxys,SPECIES,20,2023,7,4,5,Random_census
Halle,Phedimus kamtschaticus,Coelioxys afra,Megachilidae,Coelioxys,SPECIES,20,2023,7,4,5,Random_census
Halle,Phedimus kamtschaticus,Coelioxys afra,Megachilidae,Coelioxys,SPECIES,20,2023,7,4,5,Random_census
Halle,Phedimus kamtschaticus,Coelioxys afra,Megachilidae,Coelioxys,SPECIES,20,2023,7,4,5,Random_census
Halle,Phedimus kamtschaticus,Coelioxys afra,Megachilidae,Coelioxys,SPECIES,20,2023,7,4,5,Random_census
Halle,Phedimus kamtschaticus,Coelioxys afra,Megachilidae,Coelioxys,SPECIES,20,2023,7,4,5,Random_census
Halle,Phedimus kamtschaticus,Hylaeus,Colletidae,Hylaeus,GENUS,3,2023,7,4,5,Random_census
Halle,Phedimus kamtschaticus,Hylaeus,Colletidae,Hylaeus,GENUS,3,2023,7,4,5,Random_census
Halle,Phedimus kamtschaticus,Hylaeus,Colletidae,Hylaeus,GENUS,3,2023,7,4,5,Random_census
Halle,Phedimus kamtschaticus,Hylaeus,Colletidae,Hylaeus,GENUS,3,2023,7,4,5,Random_census
Halle,Phedimus kamtschaticus,Hylaeus,Colletidae,Hylaeus,GENUS,3,2023,7,4,5,Random_census
Halle,Phedimus kamtschaticus,Hylaeus,Colletidae,Hylaeus,GENUS,3,2023,7,4,5,Random_census
Halle,Phedimus kamtschaticus,Hylaeus,Colletidae,Hylaeus,GENUS,3,2023,7,4,5,Random_census
Halle,Phedimus kamtschaticus,Hylaeus,Colletidae,Hylaeus,GENUS,3,2023,7,4,5,Random_census
Halle,Phedimus kamtschaticus,Hylaeus,Colletidae,Hylaeus,GENUS,3,2023,7,4,5,Random_census
Halle,Phedimus kamtschaticus,Hylaeus,Colletidae,Hylaeus,GENUS,3,2023,7,4,5,Random_census
Halle,Melilotus albus,Apis mellifera,Apidae,Apis,SPECIES,5,2023,7,4,6,Random_census
Halle,Melilotus albus,Apis mellifera,Apidae,Apis,SPECIES,10,2023,7,4,6,Random_census
Halle,Melilotus albus,Apis mellifera,Apidae,Apis,SPECIES,5,2023,7,4,6,Random_census
Halle,Melilotus albus,Apis mellifera,Apidae,Apis,SPECIES,10,2023,7,4,6,Random_census
Halle,Melilotus albus,Apis mellifera,Apidae,Apis,SPECIES,30,2023,7,4,6,Random_census
Halle,Melilotus albus,Hylaeus,Colletidae,Hylaeus,GENUS,10,2023,7,4,6,Random_census
Halle,Melilotus albus,Hylaeus,Colletidae,Hylaeus,GENUS,10,2023,7,4,6,Random_census
Halle,Melilotus albus,Hylaeus,Colletidae,Hylaeus,GENUS,10,2023,7,4,6,Random_census
Halle,Melilotus albus,Hylaeus,Colletidae,Hylaeus,GENUS,10,2023,7,4,6,Random_census
Halle,Melilotus albus,Hylaeus,Colletidae,Hylaeus,GENUS,10,2023,7,4,6,Random_census
Halle,Melilotus albus,Hylaeus,Colletidae,Hylaeus,GENUS,10,2023,7,4,6,Random_census
Halle,Melilotus albus,Hylaeus,Colletidae,Hylaeus,GENUS,10,2023,7,4,6,Random_census
Halle,Melilotus albus,Hylaeus,Colletidae,Hylaeus,GENUS,10,2023,7,4,6,Random_census
Halle,Melilotus albus,Hylaeus,Colletidae,Hylaeus,GENUS,10,2023,7,4,6,Random_census
Halle,Melilotus albus,Hylaeus,Colletidae,Hylaeus,GENUS,10,2023,7,4,6,Random_census
Halle,Melilotus albus,Coelioxys afra,Megachilidae,Coelioxys,SPECIES,10,2023,7,4,6,Random_census
Halle,Melilotus albus,Coelioxys afra,Megachilidae,Coelioxys,SPECIES,10,2023,7,4,6,Random_census
Halle,Melilotus albus,Coelioxys afra,Megachilidae,Coelioxys,SPECIES,10,2023,7,4,6,Random_census
Halle,Melilotus albus,Coelioxys afra,Megachilidae,Coelioxys,SPECIES,10,2023,7,4,6,Random_census
Halle,Melilotus albus,Coelioxys afra,Megachilidae,Coelioxys,SPECIES,10,2023,7,4,6,Random_census
Halle,Melilotus albus,Coelioxys afra,Megachilidae,Coelioxys,SPECIES,10,2023,7,4,6,Random_census
Halle,Melilotus albus,Coelioxys afra,Megachilidae,Coelioxys,SPECIES,10,2023,7,4,6,Random_census
Halle,Melilotus albus,Coelioxys afra,Megachilidae,Coelioxys,SPECIES,10,2023,7,4,6,Random_census
Halle,Melilotus albus,Coelioxys afra,Megachilidae,Coelioxys,SPECIES,10,2023,7,4,6,Random_census
Halle,Melilotus albus,Coelioxys afra,Megachilidae,Coelioxys,SPECIES,10,2023,7,4,6,Random_census
Halle,Melilotus albus,Andrena flavipes,Andrenidae,Andrena,SPECIES,10,2023,7,4,6,Random_census
Halle,Melilotus albus,Andrena flavipes,Andrenidae,Andrena,SPECIES,10,2023,7,4,6,Random_census
Halle,Melilotus albus,Andrena flavipes,Andrenidae,Andrena,SPECIES,10,2023,7,4,6,Random_census
Halle,Melilotus albus,Andrena flavipes,Andrenidae,Andrena,SPECIES,10,2023,7,4,6,Random_census
Halle,Melilotus albus,Andrena flavipes,Andrenidae,Andrena,SPECIES,10,2023,7,4,6,Random_census
Halle,Melilotus albus,Andrena flavipes,Andrenidae,Andrena,SPECIES,20,2023,7,4,6,Random_census
Halle,Melilotus albus,Andrena flavipes,Andrenidae,Andrena,SPECIES,20,2023,7,4,6,Random_census
Halle,Melilotus albus,Andrena flavipes,Andrenidae,Andrena,SPECIES,20,2023,7,4,6,Random_census
Halle,Melilotus albus,Andrena flavipes,Andrenidae,Andrena,SPECIES,20,2023,7,4,6,Random_census
Halle,Melilotus albus,Andrena flavipes,Andrenidae,Andrena,SPECIES,20,2023,7,4,6,Random_census
Halle,Hypericum perforatum,Lasioglossum politum,Halictidae,Lasioglossum,SPECIES,2,2023,7,13,NA,Focal
Halle,Hypericum perforatum,Lasioglossum politum,Halictidae,Lasioglossum,SPECIES,1,2023,7,13,NA,Focal
Halle,Hypericum perforatum,Lasioglossum laticeps,Halictidae,Lasioglossum,SPECIES,1,2023,7,13,NA,Focal
Halle,Achillea millefolium,Hylaeus nigritus,Colletidae,Hylaeus,SPECIES,210,2023,7,13,NA,Focal
Halle,Achillea millefolium,Hylaeus nigritus,Colletidae,Hylaeus,SPECIES,210,2023,7,13,NA,Focal
Halle,Achillea millefolium,Hylaeus nigritus,Colletidae,Hylaeus,SPECIES,210,2023,7,13,NA,Focal
Halle,Achillea millefolium,Hylaeus nigritus,Colletidae,Hylaeus,SPECIES,210,2023,7,13,NA,Focal
Halle,Achillea millefolium,Hylaeus nigritus,Colletidae,Hylaeus,SPECIES,210,2023,7,13,NA,Focal
Halle,Achillea millefolium,Hylaeus nigritus,Colletidae,Hylaeus,SPECIES,210,2023,7,13,NA,Focal
Halle,Achillea millefolium,Nomada flavoguttata,Apidae,Nomada,SPECIES,1,2023,7,13,NA,Focal
Halle,Achillea millefolium,Sphecodes puncticeps,Halictidae,Sphecodes,SPECIES,300,2023,7,13,NA,Focal
Halle,Achillea millefolium,Sphecodes puncticeps,Halictidae,Sphecodes,SPECIES,300,2023,7,13,NA,Focal
Halle,Achillea millefolium,Halictus subauratus,Halictidae,Halictus,SPECIES,525,2023,7,13,NA,Focal
Halle,Achillea millefolium,Halictus subauratus,Halictidae,Halictus,SPECIES,525,2023,7,13,NA,Focal
Halle,Achillea millefolium,Halictus subauratus,Halictidae,Halictus,SPECIES,525,2023,7,13,NA,Focal
Halle,Achillea millefolium,Halictus subauratus,Halictidae,Halictus,SPECIES,525,2023,7,13,NA,Focal
Halle,Tanacetum vulgare,Colletes daviesanus,Colletidae,Colletes,SPECIES,465,2023,7,13,NA,Focal
Halle,Tanacetum vulgare,Colletes daviesanus,Colletidae,Colletes,SPECIES,465,2023,7,13,NA,Focal
Halle,Tanacetum vulgare,Colletes daviesanus,Colletidae,Colletes,SPECIES,465,2023,7,13,NA,Focal
Halle,Tanacetum vulgare,Colletes daviesanus,Colletidae,Colletes,SPECIES,465,2023,7,13,NA,Focal
Halle,Tanacetum vulgare,Colletes daviesanus,Colletidae,Colletes,SPECIES,465,2023,7,13,NA,Focal
Halle,Tanacetum vulgare,Colletes daviesanus,Colletidae,Colletes,SPECIES,465,2023,7,13,NA,Focal
Halle,Tanacetum vulgare,Colletes daviesanus,Colletidae,Colletes,SPECIES,465,2023,7,13,NA,Focal
Halle,Tanacetum vulgare,Colletes daviesanus,Colletidae,Colletes,SPECIES,465,2023,7,13,NA,Focal
Halle,Tanacetum vulgare,Colletes daviesanus,Colletidae,Colletes,SPECIES,465,2023,7,13,NA,Focal
Halle,Tanacetum vulgare,Colletes daviesanus,Colletidae,Colletes,SPECIES,465,2023,7,13,NA,Focal
Halle,Tanacetum vulgare,Colletes daviesanus,Colletidae,Colletes,SPECIES,465,2023,7,13,NA,Focal
Halle,Tanacetum vulgare,Colletes daviesanus,Colletidae,Colletes,SPECIES,465,2023,7,13,NA,Focal
Halle,Tanacetum vulgare,Colletes daviesanus,Colletidae,Colletes,SPECIES,465,2023,7,13,NA,Focal
Halle,Tanacetum vulgare,Colletes daviesanus,Colletidae,Colletes,SPECIES,465,2023,7,13,NA,Focal
Halle,Tanacetum vulgare,Colletes daviesanus,Colletidae,Colletes,SPECIES,465,2023,7,13,NA,Focal
Halle,Tanacetum vulgare,Colletes daviesanus,Colletidae,Colletes,SPECIES,465,2023,7,13,NA,Focal
Halle,Tanacetum vulgare,Colletes daviesanus,Colletidae,Colletes,SPECIES,465,2023,7,13,NA,Focal
Halle,Tanacetum vulgare,Colletes daviesanus,Colletidae,Colletes,SPECIES,465,2023,7,13,NA,Focal
Halle,Tanacetum vulgare,Colletes daviesanus,Colletidae,Colletes,SPECIES,465,2023,7,13,NA,Focal
Halle,Tanacetum vulgare,Colletes daviesanus,Colletidae,Colletes,SPECIES,465,2023,7,13,NA,Focal
Halle,Tanacetum vulgare,Hylaeus nigritus,Colletidae,Hylaeus,SPECIES,285,2023,7,13,NA,Focal
Halle,Tanacetum vulgare,Hylaeus nigritus,Colletidae,Hylaeus,SPECIES,285,2023,7,13,NA,Focal
Halle,Tanacetum vulgare,Hylaeus nigritus,Colletidae,Hylaeus,SPECIES,285,2023,7,13,NA,Focal
Halle,Tanacetum vulgare,Hylaeus nigritus,Colletidae,Hylaeus,SPECIES,285,2023,7,13,NA,Focal
Halle,Tanacetum vulgare,Hylaeus nigritus,Colletidae,Hylaeus,SPECIES,285,2023,7,13,NA,Focal
Halle,Tanacetum vulgare,Hylaeus nigritus,Colletidae,Hylaeus,SPECIES,285,2023,7,13,NA,Focal
Halle,Tanacetum vulgare,Hylaeus nigritus,Colletidae,Hylaeus,SPECIES,285,2023,7,13,NA,Focal
Halle,Tanacetum vulgare,Hylaeus nigritus,Colletidae,Hylaeus,SPECIES,285,2023,7,13,NA,Focal
Halle,Tanacetum vulgare,Hylaeus nigritus,Colletidae,Hylaeus,SPECIES,285,2023,7,13,NA,Focal
Halle,Tanacetum vulgare,Hylaeus nigritus,Colletidae,Hylaeus,SPECIES,285,2023,7,13,NA,Focal
Halle,Tanacetum vulgare,Hylaeus nigritus,Colletidae,Hylaeus,SPECIES,285,2023,7,13,NA,Focal
Halle,Tanacetum vulgare,Hylaeus nigritus,Colletidae,Hylaeus,SPECIES,285,2023,7,13,NA,Focal
Halle,Tanacetum vulgare,Hylaeus nigritus,Colletidae,Hylaeus,SPECIES,285,2023,7,13,NA,Focal
Halle,Tanacetum vulgare,Hylaeus nigritus,Colletidae,Hylaeus,SPECIES,285,2023,7,13,NA,Focal
Halle,Tanacetum vulgare,Hylaeus nigritus,Colletidae,Hylaeus,SPECIES,285,2023,7,13,NA,Focal
Halle,Tanacetum vulgare,Apis mellifera,Apidae,Apis,SPECIES,3,2023,7,13,NA,Focal
Halle,Origanum vulgare,Bombus vestalis,Apidae,Bombus,SPECIES,450,2023,7,13,NA,Focal
Halle,Origanum vulgare,Bombus vestalis,Apidae,Bombus,SPECIES,450,2023,7,13,NA,Focal
Halle,Origanum vulgare,Bombus lucorum,Apidae,Bombus,SPECIES,870,2023,7,13,NA,Focal
Halle,Origanum vulgare,Andrena flavipes,Andrenidae,Andrena,SPECIES,315,2023,7,13,NA,Focal
Halle,Origanum vulgare,Andrena flavipes,Andrenidae,Andrena,SPECIES,315,2023,7,13,NA,Focal
Halle,Origanum vulgare,Bombus lapidarius,Apidae,Bombus,SPECIES,1,2023,7,13,NA,Focal
Halle,Origanum vulgare,Bombus pascuorum,Apidae,Bombus,SPECIES,720,2023,7,13,NA,Focal
Halle,Origanum vulgare,Nomada fucata,Apidae,Nomada,SPECIES,510,2023,7,13,NA,Focal
Halle,Origanum vulgare,Nomada,Apidae,Nomada,GENUS,510,2023,7,13,NA,Focal
Halle,Origanum vulgare,Sphecodes albilabris,Halictidae,Sphecodes,SPECIES,300,2023,7,13,NA,Focal
Halle,Origanum vulgare,Sphecodes albilabris,Halictidae,Sphecodes,SPECIES,300,2023,7,13,NA,Focal
Halle,Origanum vulgare,Halictus scabiosae,Halictidae,Halictus,SPECIES,180,2023,7,13,NA,Focal
Halle,Origanum vulgare,Halictus scabiosae,Halictidae,Halictus,SPECIES,180,2023,7,13,NA,Focal
Halle,Origanum vulgare,Halictus subauratus,Halictidae,Halictus,SPECIES,1,2023,7,13,NA,Focal
Halle,Origanum vulgare,Apis mellifera,Apidae,Apis,SPECIES,10,2023,7,13,NA,Focal
Halle,Origanum vulgare,Megachile centuncularis,Megachilidae,Megachile,SPECIES,3,2023,7,13,NA,Focal
Halle,Origanum vulgare,Lasioglossum nitidulum,Halictidae,Lasioglossum,SPECIES,1,2023,7,13,NA,Focal
Halle,Origanum vulgare,Lasioglossum nitidulum,Halictidae,Lasioglossum,SPECIES,1,2023,7,13,NA,Focal
Halle,Origanum vulgare,Lasioglossum nitidulum,Halictidae,Lasioglossum,SPECIES,1,2023,7,13,NA,Focal
Halle,Lavandula angustifolia,Thyreus orbatus,Apidae,Thyreus,SPECIES,15,2023,7,13,NA,Focal
Halle,Lavandula angustifolia,Bombus vestalis,Apidae,Bombus,SPECIES,220,2023,7,13,NA,Focal
Halle,Lavandula angustifolia,Bombus vestalis,Apidae,Bombus,SPECIES,220,2023,7,13,NA,Focal
Halle,Lavandula angustifolia,Bombus vestalis,Apidae,Bombus,SPECIES,220,2023,7,13,NA,Focal
Halle,Lavandula angustifolia,Bombus vestalis,Apidae,Bombus,SPECIES,220,2023,7,13,NA,Focal
Halle,Lavandula angustifolia,Bombus vestalis,Apidae,Bombus,SPECIES,220,2023,7,13,NA,Focal
Halle,Lavandula angustifolia,Bombus lapidarius,Apidae,Bombus,SPECIES,540,2023,7,13,NA,Focal
Halle,Lavandula angustifolia,Bombus lapidarius,Apidae,Bombus,SPECIES,540,2023,7,13,NA,Focal
Halle,Lavandula angustifolia,Bombus pascuorum,Apidae,Bombus,SPECIES,720,2023,7,13,NA,Focal
Halle,Lavandula angustifolia,Bombus pascuorum,Apidae,Bombus,SPECIES,720,2023,7,13,NA,Focal
Halle,Lavandula angustifolia,Bombus cryptarum,Apidae,Bombus,SPECIES,555,2023,7,13,NA,Focal
Halle,Lavandula angustifolia,Bombus cryptarum,Apidae,Bombus,SPECIES,555,2023,7,13,NA,Focal
Halle,Fuchsia magellanica,Bombus pascuorum,Apidae,Bombus,SPECIES,7,2023,7,13,NA,Focal
Halle,Fuchsia magellanica,Bombus vestalis,Apidae,Bombus,SPECIES,14,2023,7,13,NA,Focal
Halle,Fuchsia magellanica,Bombus vestalis,Apidae,Bombus,SPECIES,4,2023,7,13,NA,Focal
Halle,Saponaria officinalis,Xylocopa violacea,Apidae,Xylocopa,SPECIES,2,2023,7,13,NA,Focal
Halle,Saponaria officinalis,Xylocopa violacea,Apidae,Xylocopa,SPECIES,33,2023,7,13,NA,Focal
Halle,Saponaria officinalis,Xylocopa violacea,Apidae,Xylocopa,SPECIES,2,2023,7,13,NA,Focal
Halle,Dianthus carthusianorum,Halictus,Halictidae,Halictus,GENUS,4,2023,7,13,NA,Focal
Halle,Dianthus carthusianorum,Halictus,Halictidae,Halictus,GENUS,6,2023,7,13,NA,Focal
Halle,Dianthus carthusianorum,Bombus lapidarius,Apidae,Bombus,SPECIES,2,2023,7,13,NA,Focal
Halle,Dianthus carthusianorum,Andrena flavipes,Andrenidae,Andrena,SPECIES,1,2023,7,13,NA,Focal
Halle,Clematis recta,Lasioglossum laticeps,Halictidae,Lasioglossum,SPECIES,4,2023,7,13,NA,Focal
Halle,Clematis recta,Lasioglossum laticeps,Halictidae,Lasioglossum,SPECIES,4,2023,7,13,NA,Focal
Halle,Clematis recta,Lasioglossum laticeps,Halictidae,Lasioglossum,SPECIES,4,2023,7,13,NA,Focal
Halle,Clematis integrifolia,Bombus lapidarius,Apidae,Bombus,SPECIES,1,2023,7,13,NA,Focal
Halle,Clematis integrifolia,Megachile willughbiella,Megachilidae,Megachile,SPECIES,2,2023,7,13,NA,Focal
Halle,Clematis integrifolia,Bombus pascuorum,Apidae,Bombus,SPECIES,2,2023,7,13,NA,Focal
Halle,Clematis integrifolia,Bombus pascuorum,Apidae,Bombus,SPECIES,1,2023,7,13,NA,Focal
Halle,Clematis integrifolia,Bombus pratorum,Apidae,Bombus,SPECIES,5,2023,7,13,NA,Focal
Halle,Clematis integrifolia,Bombus terrestris,Apidae,Bombus,SPECIES,2,2023,7,13,NA,Focal
Halle,Lotus corniculatus,Anthidium oblongatum,Megachilidae,Anthidium,SPECIES,1,2023,7,13,NA,Focal
Halle,Lotus corniculatus,Anthidium oblongatum,Megachilidae,Anthidium,SPECIES,1,2023,7,13,NA,Focal
Halle,Lotus corniculatus,Megachilidae,Megachilidae,NA,FAMILY,3,2023,7,13,NA,Focal
Halle,Lotus corniculatus,Megachile pilidens,Megachilidae,Megachile,SPECIES,17,2023,7,13,NA,Focal
Halle,Centranthus ruber,Megachilidae,Megachilidae,NA,FAMILY,3,2023,7,13,NA,Focal
Halle,Platycodon grandiflorus,Bombus terrestris,Apidae,Bombus,SPECIES,90,2023,7,13,NA,Focal
Halle,Platycodon grandiflorus,Bombus lapidarius,Apidae,Bombus,SPECIES,90,2023,7,13,NA,Focal
Halle,Platycodon grandiflorus,Lasioglossum morio,Halictidae,Lasioglossum,SPECIES,2,2023,7,13,NA,Focal
Halle,Platycodon grandiflorus,Lasioglossum morio,Halictidae,Lasioglossum,SPECIES,2,2023,7,13,NA,Focal
Halle,Platycodon grandiflorus,Lasioglossum morio,Halictidae,Lasioglossum,SPECIES,2,2023,7,13,NA,Focal
Halle,Platycodon grandiflorus,Chelostoma rapunculi,Megachilidae,Chelostoma,SPECIES,3,2023,7,13,NA,Focal
Halle,Platycodon grandiflorus,Chelostoma rapunculi,Megachilidae,Chelostoma,SPECIES,3,2023,7,13,NA,Focal
Halle,Platycodon grandiflorus,Megachile maritima,Megachilidae,Megachile,SPECIES,3,2023,7,13,NA,Focal
Halle,Inula helenium,Bombus rupestris,Apidae,Bombus,SPECIES,3,2023,7,13,1,Random_census
Halle,Inula helenium,Bombus rupestris,Apidae,Bombus,SPECIES,1,2023,7,13,1,Random_census
Halle,Liatris pycnostachya,Bombus vestalis,Apidae,Bombus,SPECIES,39,2023,7,13,2,Random_census
Halle,Liatris pycnostachya,Bombus rupestris,Apidae,Bombus,SPECIES,63,2023,7,13,2,Random_census
Halle,Liatris pycnostachya,Bombus terrestris,Apidae,Bombus,SPECIES,15,2023,7,13,2,Random_census
Halle,Liatris pycnostachya,Bombus lapidarius,Apidae,Bombus,SPECIES,6,2023,7,13,2,Random_census
Halle,Marrubium peregrinum,Bombus lapidarius,Apidae,Bombus,SPECIES,1,2023,7,13,3,Random_census
Halle,Marrubium peregrinum,Bombus rupestris,Apidae,Bombus,SPECIES,1,2023,7,13,3,Random_census
Halle,Marrubium peregrinum,Bombus semenoviellus,Apidae,Bombus,SPECIES,66,2023,7,13,3,Random_census
Halle,Marrubium peregrinum,Bombus semenoviellus,Apidae,Bombus,SPECIES,66,2023,7,13,3,Random_census
Halle,Marrubium peregrinum,Bombus vestalis,Apidae,Bombus,SPECIES,60,2023,7,13,3,Random_census
Halle,Marrubium peregrinum,Bombus vestalis,Apidae,Bombus,SPECIES,60,2023,7,13,3,Random_census
Halle,Marrubium peregrinum,Bombus vestalis,Apidae,Bombus,SPECIES,60,2023,7,13,3,Random_census
Halle,Marrubium peregrinum,Bombus vestalis,Apidae,Bombus,SPECIES,60,2023,7,13,3,Random_census
Halle,Marrubium peregrinum,Andrena flavipes,Andrenidae,Andrena,SPECIES,39,2023,7,13,3,Random_census
Halle,Marrubium peregrinum,Bombus terrestris,Apidae,Bombus,SPECIES,54,2023,7,13,3,Random_census
Halle,Marrubium peregrinum,Bombus terrestris,Apidae,Bombus,SPECIES,54,2023,7,13,3,Random_census
Halle,Marrubium peregrinum,Bombus terrestris,Apidae,Bombus,SPECIES,54,2023,7,13,3,Random_census
Halle,Marrubium peregrinum,Bombus pratorum,Apidae,Bombus,SPECIES,42,2023,7,13,3,Random_census
Halle,Marrubium peregrinum,Bombus pratorum,Apidae,Bombus,SPECIES,42,2023,7,13,3,Random_census
Halle,Marrubium peregrinum,Andrena flavipes,Andrenidae,Andrena,SPECIES,1,2023,7,13,3,Random_census
Halle,Marrubium peregrinum,Bombus pascuorum,Apidae,Bombus,SPECIES,1,2023,7,13,3,Random_census
Halle,Marrubium peregrinum,Bombus hypnorum,Apidae,Bombus,SPECIES,1,2023,7,13,3,Random_census
Halle,Marrubium peregrinum,Bombus hypnorum,Apidae,Bombus,SPECIES,50,2023,7,13,3,Random_census
Halle,Marrubium peregrinum,Megachile rotundata,Megachilidae,Megachile,SPECIES,1,2023,7,13,3,Random_census
Halle,Lythrum salicaria,Bombus lapidarius,Apidae,Bombus,SPECIES,39,2023,7,13,4,Random_census
Halle,Lythrum salicaria,Bombus pascuorum,Apidae,Bombus,SPECIES,14,2023,7,13,4,Random_census
Halle,Malva thuringiaca,Bombus lapidarius,Apidae,Bombus,SPECIES,2,2023,7,13,5,Random_census
Halle,Malva thuringiaca,Bombus terrestris,Apidae,Bombus,SPECIES,6,2023,7,13,5,Random_census
Halle,Malva thuringiaca,Hylaeus nigritus,Colletidae,Hylaeus,SPECIES,1,2023,7,13,5,Random_census
Halle,Malva thuringiaca,Hylaeus nigritus,Colletidae,Hylaeus,SPECIES,2,2023,7,13,5,Random_census
Halle,Malva thuringiaca,Hylaeus nigritus,Colletidae,Hylaeus,SPECIES,3,2023,7,13,5,Random_census
Halle,Daucus carota,Nomada flavoguttata,Apidae,Nomada,SPECIES,1,2023,7,13,6,Random_census
Halle,Fuchsia magellanica,Bombus lapidarius,Apidae,Bombus,SPECIES,5,2023,7,19,NA,Focal
Halle,Fuchsia magellanica,Bombus lapidarius,Apidae,Bombus,SPECIES,1,2023,7,19,NA,Focal
Halle,Fuchsia magellanica,Bombus pascuorum,Apidae,Bombus,SPECIES,3,2023,7,19,NA,Focal
Halle,Fuchsia magellanica,Lasioglossum politum,Halictidae,Lasioglossum,SPECIES,2,2023,7,19,NA,Focal
Halle,Clematis integrifolia,Bombus pascuorum,Apidae,Bombus,SPECIES,200,2023,7,19,NA,Focal
Halle,Clematis integrifolia,Bombus terrestris,Apidae,Bombus,SPECIES,5,2023,7,19,NA,Focal
Halle,Clematis integrifolia,Xylocopa violacea,Apidae,Xylocopa,SPECIES,2,2023,7,19,NA,Focal
Halle,Clematis recta,Heriades truncorum,Megachilidae,Heriades,SPECIES,1,2023,7,19,NA,Focal
Halle,Dianthus carthusianorum,Halictus subauratus,Halictidae,Halictus,SPECIES,3,2023,7,19,NA,Focal
Halle,Dianthus carthusianorum,Halictus subauratus,Halictidae,Halictus,SPECIES,5,2023,7,19,NA,Focal
Halle,Dianthus carthusianorum,Halictus subauratus,Halictidae,Halictus,SPECIES,5,2023,7,19,NA,Focal
Halle,Tanacetum vulgare,Colletes daviesanus,Colletidae,Colletes,SPECIES,270,2023,7,19,NA,Focal
Halle,Tanacetum vulgare,Colletes daviesanus,Colletidae,Colletes,SPECIES,270,2023,7,19,NA,Focal
Halle,Tanacetum vulgare,Colletes daviesanus,Colletidae,Colletes,SPECIES,270,2023,7,19,NA,Focal
Halle,Tanacetum vulgare,Colletes daviesanus,Colletidae,Colletes,SPECIES,270,2023,7,19,NA,Focal
Halle,Tanacetum vulgare,Colletes daviesanus,Colletidae,Colletes,SPECIES,270,2023,7,19,NA,Focal
Halle,Tanacetum vulgare,Colletes daviesanus,Colletidae,Colletes,SPECIES,270,2023,7,19,NA,Focal
Halle,Tanacetum vulgare,Colletes daviesanus,Colletidae,Colletes,SPECIES,270,2023,7,19,NA,Focal
Halle,Tanacetum vulgare,Colletes daviesanus,Colletidae,Colletes,SPECIES,270,2023,7,19,NA,Focal
Halle,Tanacetum vulgare,Colletes daviesanus,Colletidae,Colletes,SPECIES,270,2023,7,19,NA,Focal
Halle,Tanacetum vulgare,Colletes daviesanus,Colletidae,Colletes,SPECIES,270,2023,7,19,NA,Focal
Halle,Tanacetum vulgare,Colletes daviesanus,Colletidae,Colletes,SPECIES,270,2023,7,19,NA,Focal
Halle,Tanacetum vulgare,Colletes daviesanus,Colletidae,Colletes,SPECIES,270,2023,7,19,NA,Focal
Halle,Tanacetum vulgare,Colletes daviesanus,Colletidae,Colletes,SPECIES,270,2023,7,19,NA,Focal
Halle,Tanacetum vulgare,Colletes daviesanus,Colletidae,Colletes,SPECIES,270,2023,7,19,NA,Focal
Halle,Tanacetum vulgare,Colletes daviesanus,Colletidae,Colletes,SPECIES,270,2023,7,19,NA,Focal
Halle,Tanacetum vulgare,Colletes daviesanus,Colletidae,Colletes,SPECIES,270,2023,7,19,NA,Focal
Halle,Tanacetum vulgare,Colletes daviesanus,Colletidae,Colletes,SPECIES,270,2023,7,19,NA,Focal
Halle,Tanacetum vulgare,Colletes daviesanus,Colletidae,Colletes,SPECIES,270,2023,7,19,NA,Focal
Halle,Tanacetum vulgare,Colletes daviesanus,Colletidae,Colletes,SPECIES,270,2023,7,19,NA,Focal
Halle,Tanacetum vulgare,Colletes daviesanus,Colletidae,Colletes,SPECIES,270,2023,7,19,NA,Focal
Halle,Tanacetum vulgare,Colletes daviesanus,Colletidae,Colletes,SPECIES,270,2023,7,19,NA,Focal
Halle,Tanacetum vulgare,Colletes daviesanus,Colletidae,Colletes,SPECIES,270,2023,7,19,NA,Focal
Halle,Tanacetum vulgare,Colletes daviesanus,Colletidae,Colletes,SPECIES,270,2023,7,19,NA,Focal
Halle,Tanacetum vulgare,Colletes daviesanus,Colletidae,Colletes,SPECIES,270,2023,7,19,NA,Focal
Halle,Tanacetum vulgare,Colletes daviesanus,Colletidae,Colletes,SPECIES,270,2023,7,19,NA,Focal
Halle,Tanacetum vulgare,Colletes daviesanus,Colletidae,Colletes,SPECIES,270,2023,7,19,NA,Focal
Halle,Tanacetum vulgare,Colletes daviesanus,Colletidae,Colletes,SPECIES,270,2023,7,19,NA,Focal
Halle,Tanacetum vulgare,Colletes daviesanus,Colletidae,Colletes,SPECIES,270,2023,7,19,NA,Focal
Halle,Tanacetum vulgare,Colletes daviesanus,Colletidae,Colletes,SPECIES,270,2023,7,19,NA,Focal
Halle,Tanacetum vulgare,Colletes daviesanus,Colletidae,Colletes,SPECIES,270,2023,7,19,NA,Focal
Halle,Tanacetum vulgare,Hylaeus nigritus,Colletidae,Hylaeus,SPECIES,120,2023,7,19,NA,Focal
Halle,Tanacetum vulgare,Hylaeus nigritus,Colletidae,Hylaeus,SPECIES,120,2023,7,19,NA,Focal
Halle,Tanacetum vulgare,Hylaeus nigritus,Colletidae,Hylaeus,SPECIES,120,2023,7,19,NA,Focal
Halle,Tanacetum vulgare,Hylaeus nigritus,Colletidae,Hylaeus,SPECIES,120,2023,7,19,NA,Focal
Halle,Tanacetum vulgare,Hylaeus nigritus,Colletidae,Hylaeus,SPECIES,120,2023,7,19,NA,Focal
Halle,Tanacetum vulgare,Hylaeus nigritus,Colletidae,Hylaeus,SPECIES,120,2023,7,19,NA,Focal
Halle,Tanacetum vulgare,Hylaeus nigritus,Colletidae,Hylaeus,SPECIES,120,2023,7,19,NA,Focal
Halle,Achillea millefolium,Colletes daviesanus,Colletidae,Colletes,SPECIES,300,2023,7,19,NA,Focal
Halle,Achillea millefolium,Colletes daviesanus,Colletidae,Colletes,SPECIES,350,2023,7,19,NA,Focal
Halle,Achillea millefolium,Colletes daviesanus,Colletidae,Colletes,SPECIES,350,2023,7,19,NA,Focal
Halle,Achillea millefolium,Colletes daviesanus,Colletidae,Colletes,SPECIES,300,2023,7,19,NA,Focal
Halle,Achillea millefolium,Colletes daviesanus,Colletidae,Colletes,SPECIES,300,2023,7,19,NA,Focal
Halle,Achillea millefolium,Hylaeus nigritus,Colletidae,Hylaeus,SPECIES,5,2023,7,19,NA,Focal
Halle,Achillea millefolium,Hylaeus nigritus,Colletidae,Hylaeus,SPECIES,5,2023,7,19,NA,Focal
Halle,Achillea millefolium,Hylaeus nigritus,Colletidae,Hylaeus,SPECIES,5,2023,7,19,NA,Focal
Halle,Achillea millefolium,Lasioglossum politum,Halictidae,Lasioglossum,SPECIES,150,2023,7,19,NA,Focal
Halle,Achillea millefolium,Lasioglossum politum,Halictidae,Lasioglossum,SPECIES,150,2023,7,19,NA,Focal
Halle,Achillea millefolium,Lasioglossum politum,Halictidae,Lasioglossum,SPECIES,150,2023,7,19,NA,Focal
Halle,Achillea millefolium,Lasioglossum politum,Halictidae,Lasioglossum,SPECIES,150,2023,7,19,NA,Focal
Halle,Achillea millefolium,Lasioglossum politum,Halictidae,Lasioglossum,SPECIES,150,2023,7,19,NA,Focal
Halle,Centranthus ruber,Lasioglossum laticeps,Halictidae,Lasioglossum,SPECIES,3,2023,7,19,NA,Focal
Halle,Centranthus ruber,Bombus,Apidae,Bombus,GENUS,1,2023,7,19,NA,Focal
Halle,Centranthus ruber,Halictus subauratus,Halictidae,Halictus,SPECIES,28,2023,7,19,NA,Focal
Halle,Centranthus ruber,Halictus,Halictidae,Halictus,GENUS,12,2023,7,19,NA,Focal
Halle,Platycodon grandiflorus,Lasioglossum nitidulum,Halictidae,Lasioglossum,SPECIES,20,2023,7,19,NA,Focal
Halle,Platycodon grandiflorus,Lasioglossum nitidulum,Halictidae,Lasioglossum,SPECIES,20,2023,7,19,NA,Focal
Halle,Platycodon grandiflorus,Lasioglossum nitidulum,Halictidae,Lasioglossum,SPECIES,20,2023,7,19,NA,Focal
Halle,Platycodon grandiflorus,Lasioglossum nitidulum,Halictidae,Lasioglossum,SPECIES,20,2023,7,19,NA,Focal
Halle,Platycodon grandiflorus,Lasioglossum nitidulum,Halictidae,Lasioglossum,SPECIES,20,2023,7,19,NA,Focal
Halle,Platycodon grandiflorus,Lasioglossum nitidulum,Halictidae,Lasioglossum,SPECIES,20,2023,7,19,NA,Focal
Halle,Platycodon grandiflorus,Bombus vestalis,Apidae,Bombus,SPECIES,7,2023,7,19,NA,Focal
Halle,Platycodon grandiflorus,Apis mellifera,Apidae,Apis,SPECIES,15,2023,7,19,NA,Focal
Halle,Platycodon grandiflorus,Apis mellifera,Apidae,Apis,SPECIES,15,2023,7,19,NA,Focal
Halle,Platycodon grandiflorus,Apis mellifera,Apidae,Apis,SPECIES,15,2023,7,19,NA,Focal
Halle,Platycodon grandiflorus,Megachile willughbiella,Megachilidae,Megachile,SPECIES,20,2023,7,19,NA,Focal
Halle,Platycodon grandiflorus,Megachile willughbiella,Megachilidae,Megachile,SPECIES,20,2023,7,19,NA,Focal
Halle,Platycodon grandiflorus,Megachile willughbiella,Megachilidae,Megachile,SPECIES,20,2023,7,19,NA,Focal
Halle,Platycodon grandiflorus,Megachile willughbiella,Megachilidae,Megachile,SPECIES,20,2023,7,19,NA,Focal
Halle,Platycodon grandiflorus,Megachile willughbiella,Megachilidae,Megachile,SPECIES,20,2023,7,19,NA,Focal
Halle,Platycodon grandiflorus,Chelostoma rapunculi,Megachilidae,Chelostoma,SPECIES,10,2023,7,19,NA,Focal
Halle,Platycodon grandiflorus,Chelostoma rapunculi,Megachilidae,Chelostoma,SPECIES,10,2023,7,19,NA,Focal
Halle,Platycodon grandiflorus,Chelostoma rapunculi,Megachilidae,Chelostoma,SPECIES,10,2023,7,19,NA,Focal
Halle,Platycodon grandiflorus,Chelostoma rapunculi,Megachilidae,Chelostoma,SPECIES,10,2023,7,19,NA,Focal
Halle,Platycodon grandiflorus,Andrena bicolor,Andrenidae,Andrena,SPECIES,1,2023,7,19,NA,Focal
Halle,Platycodon grandiflorus,Megachile willughbiella,Megachilidae,Megachile,SPECIES,5,2023,7,19,NA,Focal
Halle,Platycodon grandiflorus,Bombus terrestris,Apidae,Bombus,SPECIES,6,2023,7,19,NA,Focal
Halle,Lavandula angustifolia,Bombus pascuorum,Apidae,Bombus,SPECIES,8,2023,7,19,NA,Focal
Halle,Lavandula angustifolia,Bombus lapidarius,Apidae,Bombus,SPECIES,65,2023,7,19,NA,Focal
Halle,Lavandula angustifolia,Bombus vestalis,Apidae,Bombus,SPECIES,5,2023,7,19,NA,Focal
Halle,Lavandula angustifolia,Bombus pascuorum,Apidae,Bombus,SPECIES,4,2023,7,19,NA,Focal
Halle,Lavandula angustifolia,Bombus lapidarius,Apidae,Bombus,SPECIES,5,2023,7,19,NA,Focal
Halle,Origanum vulgare,Sphecodes albilabris,Halictidae,Sphecodes,SPECIES,208,2023,7,19,NA,Focal
Halle,Origanum vulgare,Sphecodes albilabris,Halictidae,Sphecodes,SPECIES,208,2023,7,19,NA,Focal
Halle,Origanum vulgare,Bombus pascuorum,Apidae,Bombus,SPECIES,240,2023,7,19,NA,Focal
Halle,Origanum vulgare,Nomada fulvicornis,Apidae,Nomada,SPECIES,10,2023,7,19,NA,Focal
Halle,Origanum vulgare,Lasioglossum calceatum,Halictidae,Lasioglossum,SPECIES,100,2023,7,19,NA,Focal
Halle,Origanum vulgare,Lasioglossum calceatum,Halictidae,Lasioglossum,SPECIES,100,2023,7,19,NA,Focal
Halle,Origanum vulgare,Lasioglossum calceatum,Halictidae,Lasioglossum,SPECIES,100,2023,7,19,NA,Focal
Halle,Origanum vulgare,Lasioglossum calceatum,Halictidae,Lasioglossum,SPECIES,100,2023,7,19,NA,Focal
Halle,Origanum vulgare,Halictus scabiosae,Halictidae,Halictus,SPECIES,420,2023,7,19,NA,Focal
Halle,Origanum vulgare,Halictus scabiosae,Halictidae,Halictus,SPECIES,420,2023,7,19,NA,Focal
Halle,Origanum vulgare,Halictus scabiosae,Halictidae,Halictus,SPECIES,420,2023,7,19,NA,Focal
Halle,Origanum vulgare,Lasioglossum calceatum,Halictidae,Lasioglossum,SPECIES,180,2023,7,19,NA,Focal
Halle,Origanum vulgare,Lasioglossum calceatum,Halictidae,Lasioglossum,SPECIES,180,2023,7,19,NA,Focal
Halle,Origanum vulgare,Lasioglossum calceatum,Halictidae,Lasioglossum,SPECIES,180,2023,7,19,NA,Focal
Halle,Origanum vulgare,Lasioglossum calceatum,Halictidae,Lasioglossum,SPECIES,180,2023,7,19,NA,Focal
Halle,Origanum vulgare,Lasioglossum laticeps,Halictidae,Lasioglossum,SPECIES,30,2023,7,19,NA,Focal
Halle,Origanum vulgare,Lasioglossum laticeps,Halictidae,Lasioglossum,SPECIES,30,2023,7,19,NA,Focal
Halle,Origanum vulgare,Bombus lucorum,Apidae,Bombus,SPECIES,2,2023,7,19,NA,Focal
Halle,Centaurea cyanus,Andrena pilipes,Andrenidae,Andrena,SPECIES,3,2023,7,19,1,Random_census
Halle,Centaurea cyanus,Bombus lapidarius,Apidae,Bombus,SPECIES,10,2023,7,19,1,Random_census
Halle,Centaurea cyanus,Bombus lapidarius,Apidae,Bombus,SPECIES,10,2023,7,19,1,Random_census
Halle,Centaurea cyanus,Bombus lapidarius,Apidae,Bombus,SPECIES,5,2023,7,19,1,Random_census
Halle,Centaurea cyanus,Bombus lapidarius,Apidae,Bombus,SPECIES,15,2023,7,19,1,Random_census
Halle,Centaurea cyanus,Bombus lapidarius,Apidae,Bombus,SPECIES,10,2023,7,19,1,Random_census
Halle,Centaurea cyanus,Apis mellifera,Apidae,Apis,SPECIES,10,2023,7,19,1,Random_census
Halle,Centaurea cyanus,Apis mellifera,Apidae,Apis,SPECIES,5,2023,7,19,1,Random_census
Halle,Centaurea cyanus,Bombus terrestris,Apidae,Bombus,SPECIES,10,2023,7,19,1,Random_census
Halle,Centaurea cyanus,Megachile maritima,Megachilidae,Megachile,SPECIES,3,2023,7,19,1,Random_census
Halle,Centaurea cyanus,Megachile maritima,Megachilidae,Megachile,SPECIES,5,2023,7,19,1,Random_census
Halle,Centaurea cyanus,Andrena flavipes,Andrenidae,Andrena,SPECIES,3,2023,7,19,1,Random_census
Halle,Centaurea cyanus,Andrena flavipes,Andrenidae,Andrena,SPECIES,3,2023,7,19,1,Random_census
Halle,Centaurea cyanus,Xylocopa violacea,Apidae,Xylocopa,SPECIES,3,2023,7,19,1,Random_census
Halle,Monarda citriodora,Bombus vestalis,Apidae,Bombus,SPECIES,3,2023,7,19,2,Random_census
Halle,Monarda citriodora,Bombus vestalis,Apidae,Bombus,SPECIES,10,2023,7,19,2,Random_census
Halle,Monarda citriodora,Bombus vestalis,Apidae,Bombus,SPECIES,10,2023,7,19,2,Random_census
Halle,Monarda citriodora,Bombus vestalis,Apidae,Bombus,SPECIES,3,2023,7,19,2,Random_census
Halle,Monarda citriodora,Bombus pascuorum,Apidae,Bombus,SPECIES,30,2023,7,19,2,Random_census
Halle,Monarda citriodora,Bombus pascuorum,Apidae,Bombus,SPECIES,30,2023,7,19,2,Random_census
Halle,Rudbeckia laciniata,Sphecodes albilabris,Halictidae,Sphecodes,SPECIES,30,2023,7,19,3,Random_census
Halle,Rudbeckia laciniata,Sphecodes albilabris,Halictidae,Sphecodes,SPECIES,30,2023,7,19,3,Random_census
Halle,Rudbeckia laciniata,Sphecodes albilabris,Halictidae,Sphecodes,SPECIES,10,2023,7,19,3,Random_census
Halle,Rudbeckia laciniata,Heriades truncorum,Megachilidae,Heriades,SPECIES,10,2023,7,19,3,Random_census
Halle,Rudbeckia laciniata,Heriades truncorum,Megachilidae,Heriades,SPECIES,10,2023,7,19,3,Random_census
Halle,Rudbeckia laciniata,Heriades truncorum,Megachilidae,Heriades,SPECIES,10,2023,7,19,3,Random_census
Halle,Rudbeckia laciniata,Heriades truncorum,Megachilidae,Heriades,SPECIES,5,2023,7,19,3,Random_census
Halle,Rudbeckia laciniata,Heriades truncorum,Megachilidae,Heriades,SPECIES,5,2023,7,19,3,Random_census
Halle,Rudbeckia laciniata,Heriades truncorum,Megachilidae,Heriades,SPECIES,5,2023,7,19,3,Random_census
Halle,Rudbeckia laciniata,Heriades truncorum,Megachilidae,Heriades,SPECIES,5,2023,7,19,3,Random_census
Halle,Rudbeckia laciniata,Heriades truncorum,Megachilidae,Heriades,SPECIES,5,2023,7,19,3,Random_census
Halle,Rudbeckia laciniata,Heriades truncorum,Megachilidae,Heriades,SPECIES,5,2023,7,19,3,Random_census
Halle,Rudbeckia laciniata,Andrena flavipes,Andrenidae,Andrena,SPECIES,10,2023,7,19,3,Random_census
Halle,Rudbeckia laciniata,Andrena flavipes,Andrenidae,Andrena,SPECIES,10,2023,7,19,3,Random_census
Halle,Rudbeckia laciniata,Andrena flavipes,Andrenidae,Andrena,SPECIES,10,2023,7,19,3,Random_census
Halle,Rudbeckia laciniata,Andrena flavipes,Andrenidae,Andrena,SPECIES,10,2023,7,19,3,Random_census
Halle,Rudbeckia laciniata,Apis mellifera,Apidae,Apis,SPECIES,5,2023,7,19,3,Random_census
Halle,Rudbeckia laciniata,Apis mellifera,Apidae,Apis,SPECIES,10,2023,7,19,3,Random_census
Halle,Rudbeckia laciniata,Bombus rupestris,Apidae,Bombus,SPECIES,30,2023,7,19,3,Random_census
Halle,Rudbeckia laciniata,Halictus subauratus,Halictidae,Halictus,SPECIES,10,2023,7,19,3,Random_census
Halle,Seseli gummiferum,Andrena,Andrenidae,Andrena,GENUS,20,2023,7,19,4,Random_census
Halle,Seseli gummiferum,Andrena,Andrenidae,Andrena,GENUS,20,2023,7,19,4,Random_census
Halle,Seseli gummiferum,Hylaeus,Colletidae,Hylaeus,GENUS,10,2023,7,19,4,Random_census
Halle,Seseli gummiferum,Hylaeus,Colletidae,Hylaeus,GENUS,10,2023,7,19,4,Random_census
Halle,Seseli gummiferum,Lasioglossum laticeps,Halictidae,Lasioglossum,SPECIES,10,2023,7,19,4,Random_census
Halle,Seseli gummiferum,Lasioglossum laticeps,Halictidae,Lasioglossum,SPECIES,10,2023,7,19,4,Random_census
Halle,Lythrum salicaria,Andrena flavipes,Andrenidae,Andrena,SPECIES,100,2023,7,19,5,Random_census
Halle,Lythrum salicaria,Andrena flavipes,Andrenidae,Andrena,SPECIES,100,2023,7,19,5,Random_census
Halle,Lythrum salicaria,Andrena flavipes,Andrenidae,Andrena,SPECIES,100,2023,7,19,5,Random_census
Halle,Lythrum salicaria,Andrena flavipes,Andrenidae,Andrena,SPECIES,100,2023,7,19,5,Random_census
Halle,Lythrum salicaria,Andrena flavipes,Andrenidae,Andrena,SPECIES,100,2023,7,19,5,Random_census
Halle,Lythrum salicaria,Andrena flavipes,Andrenidae,Andrena,SPECIES,100,2023,7,19,5,Random_census
Halle,Lythrum salicaria,Andrena flavipes,Andrenidae,Andrena,SPECIES,100,2023,7,19,5,Random_census
Halle,Lythrum salicaria,Andrena flavipes,Andrenidae,Andrena,SPECIES,100,2023,7,19,5,Random_census
Halle,Lythrum salicaria,Andrena flavipes,Andrenidae,Andrena,SPECIES,100,2023,7,19,5,Random_census
Halle,Lythrum salicaria,Andrena flavipes,Andrenidae,Andrena,SPECIES,100,2023,7,19,5,Random_census
Halle,Lythrum salicaria,Heriades truncorum,Megachilidae,Heriades,SPECIES,100,2023,7,19,5,Random_census
Halle,Lythrum salicaria,Heriades truncorum,Megachilidae,Heriades,SPECIES,100,2023,7,19,5,Random_census
Halle,Lythrum salicaria,Heriades truncorum,Megachilidae,Heriades,SPECIES,100,2023,7,19,5,Random_census
Halle,Lythrum salicaria,Heriades truncorum,Megachilidae,Heriades,SPECIES,100,2023,7,19,5,Random_census
Halle,Lythrum salicaria,Heriades truncorum,Megachilidae,Heriades,SPECIES,100,2023,7,19,5,Random_census
Halle,Lythrum salicaria,Heriades truncorum,Megachilidae,Heriades,SPECIES,100,2023,7,19,5,Random_census
Halle,Lythrum salicaria,Heriades truncorum,Megachilidae,Heriades,SPECIES,100,2023,7,19,5,Random_census
Halle,Lythrum salicaria,Heriades truncorum,Megachilidae,Heriades,SPECIES,100,2023,7,19,5,Random_census
Halle,Lythrum salicaria,Heriades truncorum,Megachilidae,Heriades,SPECIES,100,2023,7,19,5,Random_census
Halle,Lythrum salicaria,Heriades truncorum,Megachilidae,Heriades,SPECIES,100,2023,7,19,5,Random_census
Halle,Marrubium peregrinum,Bombus lucorum,Apidae,Bombus,SPECIES,48,2023,7,19,6,Random_census
Halle,Marrubium peregrinum,Bombus lucorum,Apidae,Bombus,SPECIES,48,2023,7,19,6,Random_census
Halle,Marrubium peregrinum,Bombus terrestris,Apidae,Bombus,SPECIES,72,2023,7,19,6,Random_census
Halle,Marrubium peregrinum,Bombus terrestris,Apidae,Bombus,SPECIES,72,2023,7,19,6,Random_census
Halle,Marrubium peregrinum,Bombus terrestris,Apidae,Bombus,SPECIES,72,2023,7,19,6,Random_census
Halle,Marrubium peregrinum,Bombus terrestris,Apidae,Bombus,SPECIES,72,2023,7,19,6,Random_census
Halle,Marrubium peregrinum,Bombus terrestris,Apidae,Bombus,SPECIES,72,2023,7,19,6,Random_census
Halle,Marrubium peregrinum,Bombus terrestris,Apidae,Bombus,SPECIES,72,2023,7,19,6,Random_census
Halle,Marrubium peregrinum,Megachile willughbiella,Megachilidae,Megachile,SPECIES,1,2023,7,19,6,Random_census
Halle,Marrubium peregrinum,Coelioxys aurolimbatus,Megachilidae,Coelioxys,SPECIES,1,2023,7,19,6,Random_census
Halle,Marrubium peregrinum,Apis mellifera,Apidae,Apis,SPECIES,5,2023,7,19,6,Random_census
Halle,Marrubium peregrinum,Halictus scabiosae,Halictidae,Halictus,SPECIES,1,2023,7,19,6,Random_census
Halle,Marrubium peregrinum,Bombus vestalis,Apidae,Bombus,SPECIES,1,2023,7,19,6,Random_census
Halle,Marrubium peregrinum,Bombus vestalis,Apidae,Bombus,SPECIES,1,2023,7,19,6,Random_census
Halle,Marrubium peregrinum,Halictus subauratus,Halictidae,Halictus,SPECIES,1,2023,7,19,6,Random_census
Halle,Marrubium peregrinum,Bombus lapidarius,Apidae,Bombus,SPECIES,10,2023,7,19,6,Random_census
Halle,Marrubium peregrinum,Bombus lapidarius,Apidae,Bombus,SPECIES,10,2023,7,19,6,Random_census
Halle,Marrubium peregrinum,Bombus pascuorum,Apidae,Bombus,SPECIES,3,2023,7,19,6,Random_census
Halle,Clematis integrifolia,Bombus lapidarius,Apidae,Bombus,SPECIES,4,2023,8,4,NA,Focal
Halle,Clematis integrifolia,Apis mellifera,Apidae,Apis,SPECIES,2,2023,8,4,NA,Focal
Halle,Clematis recta,Xylocopa violacea,Apidae,Xylocopa,SPECIES,1,2023,8,4,NA,Focal
Halle,Clematis recta,Bombus lapidarius,Apidae,Bombus,SPECIES,1,2023,8,4,NA,Focal
Halle,Clematis recta,Bombus pascuorum,Apidae,Bombus,SPECIES,7,2023,8,4,NA,Focal
Halle,Clematis recta,Apis mellifera,Apidae,Apis,SPECIES,10,2023,8,4,NA,Focal
Halle,Fuchsia magellanica,Bombus pascuorum,Apidae,Bombus,SPECIES,3,2023,8,4,NA,Focal
Halle,Fuchsia magellanica,Bombus pascuorum,Apidae,Bombus,SPECIES,2,2023,8,4,NA,Focal
Halle,Fuchsia magellanica,Bombus pascuorum,Apidae,Bombus,SPECIES,6,2023,8,4,NA,Focal
Halle,Fuchsia magellanica,Apis mellifera,Apidae,Apis,SPECIES,7,2023,8,4,NA,Focal
Halle,Fuchsia magellanica,Bombus pascuorum,Apidae,Bombus,SPECIES,2,2023,8,4,NA,Focal
Halle,Fuchsia magellanica,Apis mellifera,Apidae,Apis,SPECIES,3,2023,8,4,NA,Focal
Halle,Fuchsia magellanica,Apis mellifera,Apidae,Apis,SPECIES,2,2023,8,4,NA,Focal
Halle,Origanum vulgare,Anthidium manicatum,Megachilidae,Anthidium,SPECIES,2,2023,8,4,NA,Focal
Halle,Origanum vulgare,Lasioglossum morio,Halictidae,Lasioglossum,SPECIES,3,2023,8,4,NA,Focal
Halle,Centranthus ruber,Halictus,Halictidae,Halictus,GENUS,2,2023,8,4,NA,Focal
Halle,Centranthus ruber,Hylaeus,Colletidae,Hylaeus,GENUS,1,2023,8,4,NA,Focal
Halle,Centranthus ruber,Apis mellifera,Apidae,Apis,SPECIES,2,2023,8,4,NA,Focal
Halle,Centranthus ruber,Hylaeus,Colletidae,Hylaeus,GENUS,1,2023,8,4,NA,Focal
Halle,Centranthus ruber,Lasioglossum morio,Halictidae,Lasioglossum,SPECIES,2,2023,8,4,NA,Focal
Halle,Tanacetum vulgare,Colletes daviesanus,Colletidae,Colletes,SPECIES,3,2023,8,4,NA,Focal
Halle,Tanacetum vulgare,Colletes daviesanus,Colletidae,Colletes,SPECIES,10,2023,8,4,NA,Focal
Halle,Tanacetum vulgare,Colletes daviesanus,Colletidae,Colletes,SPECIES,20,2023,8,4,NA,Focal
Halle,Tanacetum vulgare,Colletes daviesanus,Colletidae,Colletes,SPECIES,8,2023,8,4,NA,Focal
Halle,Platycodon grandiflorus,Lasioglossum morio,Halictidae,Lasioglossum,SPECIES,1,2023,8,4,NA,Focal
Halle,Platycodon grandiflorus,Lasioglossum leucozonium,Halictidae,Lasioglossum,SPECIES,1,2023,8,4,NA,Focal
Halle,Platycodon grandiflorus,Megachilidae,Megachilidae,NA,FAMILY,1,2023,8,4,NA,Focal
Halle,Platycodon grandiflorus,Megachilidae,Megachilidae,NA,FAMILY,2,2023,8,4,NA,Focal
Halle,Platycodon grandiflorus,Lasioglossum morio,Halictidae,Lasioglossum,SPECIES,1,2023,8,4,NA,Focal
Halle,Platycodon grandiflorus,Chelostoma rapunculi,Megachilidae,Chelostoma,SPECIES,1,2023,8,4,NA,Focal
Halle,Platycodon grandiflorus,Megachile willughbiella,Megachilidae,Megachile,SPECIES,1,2023,8,4,NA,Focal
Halle,Platycodon grandiflorus,Chelostoma rapunculi,Megachilidae,Chelostoma,SPECIES,3,2023,8,4,NA,Focal
Halle,Platycodon grandiflorus,Halictus scabiosae,Halictidae,Halictus,SPECIES,1,2023,8,4,NA,Focal
Halle,Platycodon grandiflorus,Megachile willughbiella,Megachilidae,Megachile,SPECIES,1,2023,8,4,NA,Focal
Halle,Platycodon grandiflorus,Chelostoma rapunculi,Megachilidae,Chelostoma,SPECIES,1,2023,8,4,NA,Focal
Halle,Helianthemum nummularium,Sphecodes ferruginatus,Halictidae,Sphecodes,SPECIES,5,2023,8,4,NA,Focal
Halle,Helianthemum nummularium,Megachile willughbiella,Megachilidae,Megachile,SPECIES,3,2023,8,4,NA,Focal
Halle,Impatiens glandulifera,Bombus pascuorum,Apidae,Bombus,SPECIES,10,2023,8,4,1,Random_census
Halle,Impatiens glandulifera,Bombus pascuorum,Apidae,Bombus,SPECIES,10,2023,8,4,1,Random_census
Halle,Impatiens glandulifera,Bombus pascuorum,Apidae,Bombus,SPECIES,10,2023,8,4,1,Random_census
Halle,Impatiens glandulifera,Bombus pascuorum,Apidae,Bombus,SPECIES,10,2023,8,4,1,Random_census
Halle,Impatiens glandulifera,Bombus pascuorum,Apidae,Bombus,SPECIES,10,2023,8,4,1,Random_census
Halle,Impatiens glandulifera,Bombus pascuorum,Apidae,Bombus,SPECIES,10,2023,8,4,1,Random_census
Halle,Impatiens glandulifera,Bombus pascuorum,Apidae,Bombus,SPECIES,10,2023,8,4,1,Random_census
Halle,Impatiens glandulifera,Bombus pascuorum,Apidae,Bombus,SPECIES,10,2023,8,4,1,Random_census
Halle,Impatiens glandulifera,Bombus pascuorum,Apidae,Bombus,SPECIES,10,2023,8,4,1,Random_census
Halle,Impatiens glandulifera,Bombus pascuorum,Apidae,Bombus,SPECIES,10,2023,8,4,1,Random_census
Halle,Impatiens glandulifera,Bombus pascuorum,Apidae,Bombus,SPECIES,10,2023,8,4,1,Random_census
Halle,Impatiens glandulifera,Bombus pascuorum,Apidae,Bombus,SPECIES,10,2023,8,4,1,Random_census
Halle,Impatiens glandulifera,Bombus pascuorum,Apidae,Bombus,SPECIES,10,2023,8,4,1,Random_census
Halle,Impatiens glandulifera,Bombus pascuorum,Apidae,Bombus,SPECIES,10,2023,8,4,1,Random_census
Halle,Impatiens glandulifera,Bombus pascuorum,Apidae,Bombus,SPECIES,10,2023,8,4,1,Random_census
Halle,Impatiens glandulifera,Anthophora furcata,Apidae,Anthophora,SPECIES,3,2023,8,4,1,Random_census
Halle,Impatiens glandulifera,Lasioglossum calceatum,Halictidae,Lasioglossum,SPECIES,3,2023,8,4,1,Random_census
Halle,Impatiens glandulifera,Xylocopa violacea,Apidae,Xylocopa,SPECIES,3,2023,8,4,1,Random_census
Halle,Malva thuringiaca,Apis mellifera,Apidae,Apis,SPECIES,2,2023,8,4,2,Random_census
Halle,Malva thuringiaca,Apis mellifera,Apidae,Apis,SPECIES,1,2023,8,4,2,Random_census
Halle,Malva thuringiaca,Bombus terrestris,Apidae,Bombus,SPECIES,1,2023,8,4,2,Random_census
Halle,Eryngium caeruleum,Halictus subauratus,Halictidae,Halictus,SPECIES,54,2023,8,4,3,Random_census
Halle,Eryngium caeruleum,Halictus subauratus,Halictidae,Halictus,SPECIES,54,2023,8,4,3,Random_census
Halle,Eryngium caeruleum,Hylaeus punctatus,Colletidae,Hylaeus,SPECIES,90,2023,8,4,3,Random_census
Halle,Eryngium caeruleum,Hylaeus punctatus,Colletidae,Hylaeus,SPECIES,90,2023,8,4,3,Random_census
Halle,Eryngium caeruleum,Hylaeus punctatus,Colletidae,Hylaeus,SPECIES,90,2023,8,4,3,Random_census
Halle,Eryngium caeruleum,Hylaeus punctatus,Colletidae,Hylaeus,SPECIES,90,2023,8,4,3,Random_census
Halle,Eryngium caeruleum,Hylaeus punctatus,Colletidae,Hylaeus,SPECIES,90,2023,8,4,3,Random_census
Halle,Eryngium caeruleum,Hylaeus punctatus,Colletidae,Hylaeus,SPECIES,90,2023,8,4,3,Random_census
Halle,Eryngium caeruleum,Hylaeus punctatus,Colletidae,Hylaeus,SPECIES,90,2023,8,4,3,Random_census
Halle,Eryngium caeruleum,Sphecodes ferruginatus,Halictidae,Sphecodes,SPECIES,3,2023,8,4,3,Random_census
Halle,Eryngium caeruleum,Megachile,Megachilidae,Megachile,GENUS,5,2023,8,4,3,Random_census
Halle,Eryngium caeruleum,Megachile,Megachilidae,Megachile,GENUS,5,2023,8,4,3,Random_census
Halle,Lythrum salicaria,Apis mellifera,Apidae,Apis,SPECIES,20,2023,8,4,4,Random_census
Halle,Lythrum salicaria,Apis mellifera,Apidae,Apis,SPECIES,20,2023,8,4,4,Random_census
Halle,Lythrum salicaria,Anthidium manicatum,Megachilidae,Anthidium,SPECIES,2,2023,8,4,4,Random_census
Halle,Lythrum salicaria,Bombus pascuorum,Apidae,Bombus,SPECIES,15,2023,8,4,4,Random_census
Halle,Satureja montana,Bombus hypnorum,Apidae,Bombus,SPECIES,180,2023,8,4,5,Random_census
Halle,Satureja montana,Apis mellifera,Apidae,Apis,SPECIES,180,2023,8,4,5,Random_census
Halle,Satureja montana,Apis mellifera,Apidae,Apis,SPECIES,180,2023,8,4,5,Random_census
Halle,Satureja montana,Bombus rupestris,Apidae,Bombus,SPECIES,20,2023,8,4,5,Random_census
Halle,Satureja montana,Sphecodes albilabris,Halictidae,Sphecodes,SPECIES,48,2023,8,4,5,Random_census
Halle,Satureja montana,Sphecodes albilabris,Halictidae,Sphecodes,SPECIES,48,2023,8,4,5,Random_census
Halle,Satureja montana,Bombus terrestris,Apidae,Bombus,SPECIES,180,2023,8,4,5,Random_census
Halle,Satureja montana,Megachile willughbiella,Megachilidae,Megachile,SPECIES,180,2023,8,4,5,Random_census
Halle,Satureja montana,Megachile willughbiella,Megachilidae,Megachile,SPECIES,180,2023,8,4,5,Random_census
Halle,Satureja montana,Hylaeus,Colletidae,Hylaeus,GENUS,24,2023,8,4,5,Random_census
Halle,Satureja montana,Hylaeus,Colletidae,Hylaeus,GENUS,24,2023,8,4,5,Random_census
Halle,Satureja montana,Hylaeus,Colletidae,Hylaeus,GENUS,24,2023,8,4,5,Random_census
Halle,Satureja montana,Hylaeus,Colletidae,Hylaeus,GENUS,24,2023,8,4,5,Random_census
Halle,Satureja montana,Hylaeus,Colletidae,Hylaeus,GENUS,24,2023,8,4,5,Random_census
Halle,Satureja montana,Hylaeus,Colletidae,Hylaeus,GENUS,24,2023,8,4,5,Random_census
Halle,Satureja montana,Hylaeus,Colletidae,Hylaeus,GENUS,24,2023,8,4,5,Random_census
Halle,Satureja montana,Hylaeus,Colletidae,Hylaeus,GENUS,24,2023,8,4,5,Random_census
Halle,Satureja montana,Hylaeus,Colletidae,Hylaeus,GENUS,24,2023,8,4,5,Random_census
Halle,Satureja montana,Hylaeus,Colletidae,Hylaeus,GENUS,24,2023,8,4,5,Random_census
Halle,Satureja montana,Bombus lucorum,Apidae,Bombus,SPECIES,180,2023,8,4,5,Random_census
Halle,Satureja montana,Bombus lucorum,Apidae,Bombus,SPECIES,180,2023,8,4,5,Random_census
Halle,Satureja montana,Lasioglossum morio,Halictidae,Lasioglossum,SPECIES,24,2023,8,4,5,Random_census
Halle,Satureja montana,Lasioglossum morio,Halictidae,Lasioglossum,SPECIES,24,2023,8,4,5,Random_census
Halle,Satureja montana,Lasioglossum morio,Halictidae,Lasioglossum,SPECIES,24,2023,8,4,5,Random_census
Halle,Satureja montana,Halictus subauratus,Halictidae,Halictus,SPECIES,5,2023,8,4,5,Random_census
Halle,Satureja montana,Bombus lapidarius,Apidae,Bombus,SPECIES,180,2023,8,4,5,Random_census
Halle,Limonium gmelini,Apis mellifera,Apidae,Apis,SPECIES,3,2023,8,4,6,Random_census
Halle,Limonium gmelini,Lasioglossum morio,Halictidae,Lasioglossum,SPECIES,3,2023,8,4,6,Random_census
Halle,Tagetes,Bombus rupestris,Apidae,Bombus,SPECIES,1,2023,8,4,7,Random_census
Halle,Tagetes,Bombus lapidarius,Apidae,Bombus,SPECIES,1,2023,8,4,7,Random_census
Halle,Tagetes,Apis mellifera,Apidae,Apis,SPECIES,30,2023,8,4,7,Random_census
Halle,Tagetes,Apis mellifera,Apidae,Apis,SPECIES,30,2023,8,4,7,Random_census
Halle,Tagetes,Apis mellifera,Apidae,Apis,SPECIES,30,2023,8,4,7,Random_census
Halle,Tagetes,Apis mellifera,Apidae,Apis,SPECIES,30,2023,8,4,7,Random_census
Halle,Tagetes,Apis mellifera,Apidae,Apis,SPECIES,30,2023,8,4,7,Random_census
Halle,Tagetes,Apis mellifera,Apidae,Apis,SPECIES,30,2023,8,4,7,Random_census
Halle,Tagetes,Apis mellifera,Apidae,Apis,SPECIES,30,2023,8,4,7,Random_census
Halle,Tagetes,Apis mellifera,Apidae,Apis,SPECIES,30,2023,8,4,7,Random_census
Halle,Tagetes,Bombus lapidarius,Apidae,Bombus,SPECIES,10,2023,8,4,7,Random_census
Halle,Tagetes,Bombus lapidarius,Apidae,Bombus,SPECIES,10,2023,8,4,7,Random_census
Halle,Tagetes,Bombus terrestris,Apidae,Bombus,SPECIES,10,2023,8,4,7,Random_census
Halle,Tagetes,Halictus scabiosae,Halictidae,Halictus,SPECIES,10,2023,8,4,7,Random_census
Halle,Tagetes,Bombus terrestris,Apidae,Bombus,SPECIES,5,2023,8,4,7,Random_census
Halle,Tagetes,Colletes daviesanus,Colletidae,Colletes,SPECIES,5,2023,8,4,7,Random_census
Halle,Tagetes,Bombus hypnorum,Apidae,Bombus,SPECIES,5,2023,8,4,7,Random_census
Halle,Scutellaria baicalensis,Bombus terrestris,Apidae,Bombus,SPECIES,3,2023,8,4,8,Random_census
Halle,Scutellaria baicalensis,Bombus terrestris,Apidae,Bombus,SPECIES,5,2023,8,4,8,Random_census
Halle,Scutellaria baicalensis,Apis mellifera,Apidae,Apis,SPECIES,3,2023,8,4,8,Random_census
Halle,Scutellaria baicalensis,Anthidium manicatum,Megachilidae,Anthidium,SPECIES,1,2023,8,4,8,Random_census
Halle,Clematis integrifolia,Bombus terrestris,Apidae,Bombus,SPECIES,20,2023,8,11,NA,Focal
Halle,Clematis integrifolia,Bombus terrestris,Apidae,Bombus,SPECIES,7,2023,8,11,NA,Focal
Halle,Clematis integrifolia,Bombus terrestris,Apidae,Bombus,SPECIES,2,2023,8,11,NA,Focal
Halle,Clematis integrifolia,Xylocopa violacea,Apidae,Xylocopa,SPECIES,7,2023,8,11,NA,Focal
Halle,Tanacetum vulgare,Halictus tumulorum,Halictidae,Halictus,SPECIES,2,2023,8,11,NA,Focal
Halle,Tanacetum vulgare,Hylaeus,Colletidae,Hylaeus,GENUS,1,2023,8,11,NA,Focal
Halle,Tanacetum vulgare,Hylaeus,Colletidae,Hylaeus,GENUS,1,2023,8,11,NA,Focal
Halle,Tanacetum vulgare,Hylaeus,Colletidae,Hylaeus,GENUS,1,2023,8,11,NA,Focal
Halle,Fuchsia magellanica,Apis mellifera,Apidae,Apis,SPECIES,3,2023,8,11,NA,Focal
Halle,Fuchsia magellanica,Apis mellifera,Apidae,Apis,SPECIES,1,2023,8,11,NA,Focal
Halle,Fuchsia magellanica,Bombus pascuorum,Apidae,Bombus,SPECIES,5,2023,8,11,NA,Focal
Halle,Fuchsia magellanica,Apis mellifera,Apidae,Apis,SPECIES,1,2023,8,11,NA,Focal
Halle,Fuchsia magellanica,Hylaeus,Colletidae,Hylaeus,GENUS,2,2023,8,11,NA,Focal
Halle,Fuchsia magellanica,Apis mellifera,Apidae,Apis,SPECIES,6,2023,8,11,NA,Focal
Halle,Fuchsia magellanica,Bombus pascuorum,Apidae,Bombus,SPECIES,5,2023,8,11,NA,Focal
Halle,Fuchsia magellanica,Apis mellifera,Apidae,Apis,SPECIES,1,2023,8,11,NA,Focal
Halle,Fuchsia magellanica,Bombus pascuorum,Apidae,Bombus,SPECIES,5,2023,8,11,NA,Focal
Halle,Fuchsia magellanica,Apis mellifera,Apidae,Apis,SPECIES,2,2023,8,11,NA,Focal
Halle,Fuchsia magellanica,Bombus pascuorum,Apidae,Bombus,SPECIES,1,2023,8,11,NA,Focal
Halle,Vincetoxicum hirundinaria,Hylaeus communis,Colletidae,Hylaeus,SPECIES,2,2023,8,11,NA,Focal
Halle,Vincetoxicum hirundinaria,Hylaeus communis,Colletidae,Hylaeus,SPECIES,1,2023,8,11,NA,Focal
Halle,Platycodon grandiflorus,Lasioglossum morio,Halictidae,Lasioglossum,SPECIES,1,2023,8,11,NA,Focal
Halle,Platycodon grandiflorus,Megachile willughbiella,Megachilidae,Megachile,SPECIES,4,2023,8,11,NA,Focal
Halle,Platycodon grandiflorus,Lasioglossum morio,Halictidae,Lasioglossum,SPECIES,1,2023,8,11,NA,Focal
Halle,Platycodon grandiflorus,Apis mellifera,Apidae,Apis,SPECIES,1,2023,8,11,NA,Focal
Halle,Platycodon grandiflorus,Bombus lapidarius,Apidae,Bombus,SPECIES,1,2023,8,11,NA,Focal
Halle,Platycodon grandiflorus,Lasioglossum morio,Halictidae,Lasioglossum,SPECIES,2,2023,8,11,NA,Focal
Halle,Platycodon grandiflorus,Apis mellifera,Apidae,Apis,SPECIES,6,2023,8,11,NA,Focal
Halle,Platycodon grandiflorus,Apis mellifera,Apidae,Apis,SPECIES,2,2023,8,11,NA,Focal
Halle,Platycodon grandiflorus,Megachile willughbiella,Megachilidae,Megachile,SPECIES,1,2023,8,11,NA,Focal
Halle,Platycodon grandiflorus,Coelioxys elongatus,Megachilidae,Coelioxys,SPECIES,2,2023,8,11,NA,Focal
Halle,Platycodon grandiflorus,Lasioglossum nitidulum,Halictidae,Lasioglossum,SPECIES,1,2023,8,11,NA,Focal
Halle,Lythrum salicaria,Xylocopa violacea,Apidae,Xylocopa,SPECIES,2,2023,8,11,2,Random_census
Halle,Lythrum salicaria,Apis mellifera,Apidae,Apis,SPECIES,42,2023,8,11,2,Random_census
Halle,Lythrum salicaria,Apis mellifera,Apidae,Apis,SPECIES,42,2023,8,11,2,Random_census
Halle,Lythrum salicaria,Apis mellifera,Apidae,Apis,SPECIES,42,2023,8,11,2,Random_census
Halle,Lythrum salicaria,Apis mellifera,Apidae,Apis,SPECIES,42,2023,8,11,2,Random_census
Halle,Lythrum salicaria,Apis mellifera,Apidae,Apis,SPECIES,42,2023,8,11,2,Random_census
Halle,Lythrum salicaria,Apis mellifera,Apidae,Apis,SPECIES,42,2023,8,11,2,Random_census
Halle,Lythrum salicaria,Apis mellifera,Apidae,Apis,SPECIES,42,2023,8,11,2,Random_census
Halle,Lythrum salicaria,Megachile willughbiella,Megachilidae,Megachile,SPECIES,4,2023,8,11,2,Random_census
Halle,Lythrum salicaria,Megachile willughbiella,Megachilidae,Megachile,SPECIES,4,2023,8,11,2,Random_census
Halle,Lythrum salicaria,Hylaeus,Colletidae,Hylaeus,GENUS,4,2023,8,11,2,Random_census
Halle,Lythrum salicaria,Hylaeus,Colletidae,Hylaeus,GENUS,4,2023,8,11,2,Random_census
Halle,Ferula assa-foetida,Hylaeus communis,Colletidae,Hylaeus,SPECIES,180,2023,8,11,3,Random_census
Halle,Ferula assa-foetida,Hylaeus communis,Colletidae,Hylaeus,SPECIES,180,2023,8,11,3,Random_census
Halle,Ferula assa-foetida,Hylaeus communis,Colletidae,Hylaeus,SPECIES,180,2023,8,11,3,Random_census
Halle,Ferula assa-foetida,Lasioglossum morio,Halictidae,Lasioglossum,SPECIES,120,2023,8,11,3,Random_census
Halle,Ferula assa-foetida,Lasioglossum morio,Halictidae,Lasioglossum,SPECIES,120,2023,8,11,3,Random_census
Halle,Ferula assa-foetida,Lasioglossum nitidulum,Halictidae,Lasioglossum,SPECIES,120,2023,8,11,3,Random_census
Halle,Ferula assa-foetida,Lasioglossum nitidulum,Halictidae,Lasioglossum,SPECIES,120,2023,8,11,3,Random_census
Halle,Ferula assa-foetida,Lasioglossum,Halictidae,Lasioglossum,GENUS,100,2023,8,11,3,Random_census
Halle,Ferula assa-foetida,Sphecodes albilabris,Halictidae,Sphecodes,SPECIES,1,2023,8,11,3,Random_census
Halle,Achillea filipendulina,Andrena minutuloides,Andrenidae,Andrena,SPECIES,175,2023,8,11,4,Random_census
Halle,Achillea filipendulina,Andrena minutuloides,Andrenidae,Andrena,SPECIES,175,2023,8,11,4,Random_census
Halle,Achillea filipendulina,Andrena minutuloides,Andrenidae,Andrena,SPECIES,175,2023,8,11,4,Random_census
Halle,Achillea filipendulina,Andrena minutuloides,Andrenidae,Andrena,SPECIES,175,2023,8,11,4,Random_census
Halle,Achillea filipendulina,Colletes daviesanus,Colletidae,Colletes,SPECIES,60,2023,8,11,4,Random_census
Halle,Achillea filipendulina,Halictus subauratus,Halictidae,Halictus,SPECIES,60,2023,8,11,4,Random_census
Halle,Clinopodium nepeta,Anthidium manicatum,Megachilidae,Anthidium,SPECIES,180,2023,8,11,5,Random_census
Halle,Clinopodium nepeta,Anthidium manicatum,Megachilidae,Anthidium,SPECIES,180,2023,8,11,5,Random_census
Halle,Clinopodium nepeta,Anthidium manicatum,Megachilidae,Anthidium,SPECIES,180,2023,8,11,5,Random_census
Halle,Clinopodium nepeta,Bombus pascuorum,Apidae,Bombus,SPECIES,82,2023,8,11,5,Random_census
Halle,Clinopodium nepeta,Apis mellifera,Apidae,Apis,SPECIES,82,2023,8,11,5,Random_census
Halle,Clinopodium nepeta,Apis mellifera,Apidae,Apis,SPECIES,82,2023,8,11,5,Random_census
Halle,Clinopodium nepeta,Apis mellifera,Apidae,Apis,SPECIES,82,2023,8,11,5,Random_census
Halle,Clinopodium nepeta,Lasioglossum politum,Halictidae,Lasioglossum,SPECIES,102,2023,8,11,5,Random_census
Halle,Clinopodium nepeta,Lasioglossum politum,Halictidae,Lasioglossum,SPECIES,102,2023,8,11,5,Random_census
Halle,Clinopodium nepeta,Lasioglossum politum,Halictidae,Lasioglossum,SPECIES,102,2023,8,11,5,Random_census
Halle,Cephalaria uralensis,Halictus scabiosae,Halictidae,Halictus,SPECIES,144,2023,8,11,6,Random_census
Halle,Cephalaria uralensis,Halictus scabiosae,Halictidae,Halictus,SPECIES,144,2023,8,11,6,Random_census
Halle,Marrubium peregrinum,Bombus rupestris,Apidae,Bombus,SPECIES,96,2023,8,11,7,Random_census
Halle,Marrubium peregrinum,Bombus rupestris,Apidae,Bombus,SPECIES,96,2023,8,11,7,Random_census
Halle,Marrubium peregrinum,Bombus pascuorum,Apidae,Bombus,SPECIES,45,2023,8,11,7,Random_census
Halle,Marrubium peregrinum,Apis mellifera,Apidae,Apis,SPECIES,144,2023,8,11,7,Random_census
Halle,Marrubium peregrinum,Apis mellifera,Apidae,Apis,SPECIES,144,2023,8,11,7,Random_census
Halle,Marrubium peregrinum,Apis mellifera,Apidae,Apis,SPECIES,144,2023,8,11,7,Random_census
Halle,Marrubium peregrinum,Bombus terrestris,Apidae,Bombus,SPECIES,100,2023,8,11,7,Random_census
Halle,Marrubium peregrinum,Bombus terrestris,Apidae,Bombus,SPECIES,100,2023,8,11,7,Random_census
Halle,Marrubium peregrinum,Anthidium manicatum,Megachilidae,Anthidium,SPECIES,30,2023,8,11,7,Random_census
Halle,Marrubium peregrinum,Bombus terrestris,Apidae,Bombus,SPECIES,100,2023,8,11,7,Random_census
Halle,Marrubium peregrinum,Coelioxys aurolimbatus,Megachilidae,Coelioxys,SPECIES,20,2023,8,11,7,Random_census
Halle,Marrubium peregrinum,Bombus lucorum,Apidae,Bombus,SPECIES,180,2023,8,11,7,Random_census
Halle,Marrubium peregrinum,Bombus lucorum,Apidae,Bombus,SPECIES,180,2023,8,11,7,Random_census
Halle,Marrubium peregrinum,Halictus scabiosae,Halictidae,Halictus,SPECIES,144,2023,8,11,7,Random_census
Halle,Marrubium peregrinum,Halictus scabiosae,Halictidae,Halictus,SPECIES,144,2023,8,11,7,Random_census
Halle,Marrubium peregrinum,Bombus vestalis,Apidae,Bombus,SPECIES,72,2023,8,11,7,Random_census
Halle,Marrubium peregrinum,Bombus vestalis,Apidae,Bombus,SPECIES,72,2023,8,11,7,Random_census
Halle,Marrubium peregrinum,Bombus pascuorum,Apidae,Bombus,SPECIES,96,2023,8,11,7,Random_census
Halle,Marrubium peregrinum,Bombus pascuorum,Apidae,Bombus,SPECIES,96,2023,8,11,7,Random_census
Halle,Marrubium peregrinum,Halictus subauratus,Halictidae,Halictus,SPECIES,108,2023,8,11,7,Random_census
Halle,Marrubium peregrinum,Halictus subauratus,Halictidae,Halictus,SPECIES,108,2023,8,11,7,Random_census
Halle,Marrubium peregrinum,Megachile pilidens,Megachilidae,Megachile,SPECIES,30,2023,8,11,7,Random_census
Halle,Marrubium peregrinum,Megachile pilidens,Megachilidae,Megachile,SPECIES,30,2023,8,11,7,Random_census
Halle,Marrubium peregrinum,Megachile pilidens,Megachilidae,Megachile,SPECIES,30,2023,8,11,7,Random_census
Halle,Helianthemum nummularium,Apis mellifera,Apidae,Apis,SPECIES,300,2023,8,18,NA,Focal
Halle,Helianthemum nummularium,Bombus terrestris,Apidae,Bombus,SPECIES,2,2023,8,18,NA,Focal
Halle,Helianthemum nummularium,Apis mellifera,Apidae,Apis,SPECIES,5,2023,8,18,NA,Focal
Halle,Vincetoxicum hirundinaria,Lasioglossum fulvicorne,Halictidae,Lasioglossum,SPECIES,3,2023,8,18,NA,Focal
Halle,Vincetoxicum hirundinaria,Lasioglossum fulvicorne,Halictidae,Lasioglossum,SPECIES,3,2023,8,18,NA,Focal
Halle,Centranthus ruber,Apis mellifera,Apidae,Apis,SPECIES,5,2023,8,18,NA,Focal
Halle,Centranthus ruber,Xylocopa violacea,Apidae,Xylocopa,SPECIES,2,2023,8,18,NA,Focal
Halle,Centranthus ruber,Xylocopa violacea,Apidae,Xylocopa,SPECIES,2,2023,8,18,NA,Focal
Halle,Solanum dulcamara,Bombus pascuorum,Apidae,Bombus,SPECIES,6,2023,8,18,NA,Focal
Halle,Zinnia elegans,Xylocopa violacea,Apidae,Xylocopa,SPECIES,18,2023,8,18,1,Random_census
Halle,Zinnia elegans,Xylocopa violacea,Apidae,Xylocopa,SPECIES,18,2023,8,18,1,Random_census
Halle,Zinnia elegans,Xylocopa violacea,Apidae,Xylocopa,SPECIES,18,2023,8,18,1,Random_census
Halle,Zinnia elegans,Bombus vestalis,Apidae,Bombus,SPECIES,1,2023,8,18,1,Random_census
Halle,Zinnia elegans,Bombus lapidarius,Apidae,Bombus,SPECIES,40,2023,8,18,1,Random_census
Halle,Zinnia elegans,Bombus terrestris,Apidae,Bombus,SPECIES,30,2023,8,18,1,Random_census
Halle,Zinnia elegans,Halictus scabiosae,Halictidae,Halictus,SPECIES,1,2023,8,18,1,Random_census
Halle,Zinnia elegans,Apis mellifera,Apidae,Apis,SPECIES,1,2023,8,18,1,Random_census
Halle,Cosmos sulphureus,Halictus scabiosae,Halictidae,Halictus,SPECIES,60,2023,8,18,2,Random_census
Halle,Cosmos sulphureus,Halictus scabiosae,Halictidae,Halictus,SPECIES,60,2023,8,18,2,Random_census
Halle,Cosmos sulphureus,Halictus scabiosae,Halictidae,Halictus,SPECIES,60,2023,8,18,2,Random_census
Halle,Cosmos sulphureus,Bombus lapidarius,Apidae,Bombus,SPECIES,180,2023,8,18,2,Random_census
Halle,Cosmos sulphureus,Halictus scabiosae,Halictidae,Halictus,SPECIES,60,2023,8,18,2,Random_census
Halle,Cosmos sulphureus,Halictus scabiosae,Halictidae,Halictus,SPECIES,60,2023,8,18,2,Random_census
Halle,Cosmos sulphureus,Apis mellifera,Apidae,Apis,SPECIES,180,2023,8,18,2,Random_census
Halle,Cosmos sulphureus,Apis mellifera,Apidae,Apis,SPECIES,180,2023,8,18,2,Random_census
Halle,Cosmos sulphureus,Megachile lagopoda,Megachilidae,Megachile,SPECIES,90,2023,8,18,2,Random_census
Halle,Cosmos sulphureus,Bombus lapidarius,Apidae,Bombus,SPECIES,90,2023,8,18,2,Random_census
Halle,Cosmos sulphureus,Bombus lapidarius,Apidae,Bombus,SPECIES,180,2023,8,18,2,Random_census
Halle,Satureja montana,Sphecodes albilabris,Halictidae,Sphecodes,SPECIES,90,2023,8,18,3,Random_census
Halle,Satureja montana,Hylaeus,Colletidae,Hylaeus,GENUS,45,2023,8,18,3,Random_census
Halle,Satureja montana,Hylaeus,Colletidae,Hylaeus,GENUS,45,2023,8,18,3,Random_census
Halle,Satureja montana,Hylaeus,Colletidae,Hylaeus,GENUS,45,2023,8,18,3,Random_census
Halle,Satureja montana,Hylaeus,Colletidae,Hylaeus,GENUS,45,2023,8,18,3,Random_census
Halle,Satureja montana,Hylaeus,Colletidae,Hylaeus,GENUS,45,2023,8,18,3,Random_census
Halle,Satureja montana,Hylaeus,Colletidae,Hylaeus,GENUS,45,2023,8,18,3,Random_census
Halle,Satureja montana,Bombus terrestris,Apidae,Bombus,SPECIES,144,2023,8,18,3,Random_census
Halle,Satureja montana,Bombus terrestris,Apidae,Bombus,SPECIES,144,2023,8,18,3,Random_census
Halle,Allium tuberosum,Hylaeus communis,Colletidae,Hylaeus,SPECIES,180,2023,8,18,4,Random_census
Halle,Allium tuberosum,Hylaeus communis,Colletidae,Hylaeus,SPECIES,180,2023,8,18,4,Random_census
Halle,Allium tuberosum,Hylaeus communis,Colletidae,Hylaeus,SPECIES,180,2023,8,18,4,Random_census
Halle,Allium tuberosum,Hylaeus communis,Colletidae,Hylaeus,SPECIES,180,2023,8,18,4,Random_census
Halle,Allium tuberosum,Hylaeus communis,Colletidae,Hylaeus,SPECIES,180,2023,8,18,4,Random_census
Halle,Allium tuberosum,Hylaeus communis,Colletidae,Hylaeus,SPECIES,180,2023,8,18,4,Random_census
Halle,Allium tuberosum,Hylaeus communis,Colletidae,Hylaeus,SPECIES,180,2023,8,18,4,Random_census
Halle,Allium tuberosum,Hylaeus communis,Colletidae,Hylaeus,SPECIES,180,2023,8,18,4,Random_census
Halle,Allium tuberosum,Halictus,Halictidae,Halictus,GENUS,5,2023,8,18,4,Random_census
Halle,Allium tuberosum,Lasioglossum laticeps,Halictidae,Lasioglossum,SPECIES,90,2023,8,18,4,Random_census
Halle,Allium tuberosum,Hylaeus,Colletidae,Hylaeus,GENUS,90,2023,8,18,4,Random_census
Halle,Cephalaria uralensis,Bombus terrestris,Apidae,Bombus,SPECIES,90,2023,8,18,5,Random_census
Halle,Cephalaria uralensis,Halictus scabiosae,Halictidae,Halictus,SPECIES,36,2023,8,18,5,Random_census
Halle,Cephalaria uralensis,Halictus scabiosae,Halictidae,Halictus,SPECIES,36,2023,8,18,5,Random_census
Halle,Succisella inflexa,Sphecodes albilabris,Halictidae,Sphecodes,SPECIES,18,2023,8,18,6,Random_census
Halle,Succisella inflexa,Sphecodes albilabris,Halictidae,Sphecodes,SPECIES,36,2023,8,18,6,Random_census
Halle,Succisella inflexa,Sphecodes albilabris,Halictidae,Sphecodes,SPECIES,36,2023,8,18,6,Random_census
Halle,Succisella inflexa,Sphecodes albilabris,Halictidae,Sphecodes,SPECIES,36,2023,8,18,6,Random_census
Halle,Succisella inflexa,Sphecodes albilabris,Halictidae,Sphecodes,SPECIES,36,2023,8,18,6,Random_census
Halle,Succisella inflexa,Bombus pascuorum,Apidae,Bombus,SPECIES,3,2023,8,18,6,Random_census
Halle,Succisella inflexa,Halictus scabiosae,Halictidae,Halictus,SPECIES,36,2023,8,18,6,Random_census
Halle,Melilotus albus,Colletes hederae,Colletidae,Colletes,SPECIES,180,2023,8,18,7,Random_census
Halle,Melilotus albus,Colletes hederae,Colletidae,Colletes,SPECIES,180,2023,8,18,7,Random_census
Halle,Melilotus albus,Colletes hederae,Colletidae,Colletes,SPECIES,180,2023,8,18,7,Random_census
Halle,Melilotus albus,Colletes hederae,Colletidae,Colletes,SPECIES,180,2023,8,18,7,Random_census
Halle,Melilotus albus,Colletes hederae,Colletidae,Colletes,SPECIES,180,2023,8,18,7,Random_census
Halle,Melilotus albus,Colletes hederae,Colletidae,Colletes,SPECIES,180,2023,8,18,7,Random_census
Halle,Melilotus albus,Hylaeus communis,Colletidae,Hylaeus,SPECIES,20,2023,8,18,7,Random_census
Halle,Melilotus albus,Hylaeus communis,Colletidae,Hylaeus,SPECIES,20,2023,8,18,7,Random_census
Halle,Lythrum salicaria,Apis mellifera,Apidae,Apis,SPECIES,180,2023,8,18,8,Random_census
Halle,Lythrum salicaria,Apis mellifera,Apidae,Apis,SPECIES,180,2023,8,18,8,Random_census
Halle,Lythrum salicaria,Apis mellifera,Apidae,Apis,SPECIES,180,2023,8,18,8,Random_census
Halle,Lythrum salicaria,Apis mellifera,Apidae,Apis,SPECIES,180,2023,8,18,8,Random_census
Halle,Lythrum salicaria,Apis mellifera,Apidae,Apis,SPECIES,180,2023,8,18,8,Random_census
Halle,Lythrum salicaria,Apis mellifera,Apidae,Apis,SPECIES,180,2023,8,18,8,Random_census
Halle,Lythrum salicaria,Apis mellifera,Apidae,Apis,SPECIES,180,2023,8,18,8,Random_census
Halle,Lythrum salicaria,Bombus lapidarius,Apidae,Bombus,SPECIES,180,2023,8,18,8,Random_census
Halle,Lythrum salicaria,Hylaeus communis,Colletidae,Hylaeus,SPECIES,10,2023,8,18,8,Random_census
Halle,Lythrum salicaria,Hylaeus communis,Colletidae,Hylaeus,SPECIES,3,2023,8,18,8,Random_census
Halle,Foeniculum vulgare,Hylaeus communis,Colletidae,Hylaeus,SPECIES,18,2023,8,18,9,Random_census
Halle,Foeniculum vulgare,Sphecodes albilabris,Halictidae,Sphecodes,SPECIES,10,2023,8,18,9,Random_census
Halle,Foeniculum vulgare,Hylaeus,Colletidae,Hylaeus,GENUS,180,2023,8,18,9,Random_census
Halle,Allium turkestanicum,Bombus terrestris,Apidae,Bombus,SPECIES,60,2023,8,18,10,Random_census
Halle,Allium turkestanicum,Bombus lucorum,Apidae,Bombus,SPECIES,10,2023,8,18,10,Random_census
Halle,Allium turkestanicum,Sphecodes albilabris,Halictidae,Sphecodes,SPECIES,180,2023,8,18,10,Random_census
Halle,Allium turkestanicum,Bombus vestalis,Apidae,Bombus,SPECIES,180,2023,8,18,10,Random_census
Halle,Allium turkestanicum,Bombus terrestris,Apidae,Bombus,SPECIES,180,2023,8,18,10,Random_census
Halle,Allium turkestanicum,Halictus scabiosae,Halictidae,Halictus,SPECIES,180,2023,8,18,10,Random_census
Halle,Allium turkestanicum,Halictus scabiosae,Halictidae,Halictus,SPECIES,180,2023,8,18,10,Random_census
Halle,Allium turkestanicum,Bombus vestalis,Apidae,Bombus,SPECIES,180,2023,8,18,10,Random_census
Halle,Allium turkestanicum,Hylaeus,Colletidae,Hylaeus,GENUS,90,2023,8,18,10,Random_census
Halle,Allium turkestanicum,Hylaeus,Colletidae,Hylaeus,GENUS,180,2023,8,18,10,Random_census
Halle,Fuchsia magellanica,Lasioglossum calceatum,Halictidae,Lasioglossum,SPECIES,2,2023,8,23,NA,Focal
Halle,Fuchsia magellanica,Apis mellifera,Apidae,Apis,SPECIES,4,2023,8,23,NA,Focal
Halle,Fuchsia magellanica,Apis mellifera,Apidae,Apis,SPECIES,14,2023,8,23,NA,Focal
Halle,Clematis integrifolia,Lasioglossum,Halictidae,Lasioglossum,GENUS,3,2023,8,23,NA,Focal
Halle,Lythrum salicaria,Apis mellifera,Apidae,Apis,SPECIES,72,2023,8,23,1,Random_census
Halle,Lythrum salicaria,Apis mellifera,Apidae,Apis,SPECIES,72,2023,8,23,1,Random_census
Halle,Lythrum salicaria,Apis mellifera,Apidae,Apis,SPECIES,72,2023,8,23,1,Random_census
Halle,Lythrum salicaria,Apis mellifera,Apidae,Apis,SPECIES,72,2023,8,23,1,Random_census
Halle,Lythrum salicaria,Apis mellifera,Apidae,Apis,SPECIES,72,2023,8,23,1,Random_census
Halle,Lythrum salicaria,Apis mellifera,Apidae,Apis,SPECIES,72,2023,8,23,1,Random_census
Halle,Lythrum salicaria,Apis mellifera,Apidae,Apis,SPECIES,72,2023,8,23,1,Random_census
Halle,Lythrum salicaria,Apis mellifera,Apidae,Apis,SPECIES,72,2023,8,23,1,Random_census
Halle,Lythrum salicaria,Apis mellifera,Apidae,Apis,SPECIES,72,2023,8,23,1,Random_census
Halle,Lythrum salicaria,Apis mellifera,Apidae,Apis,SPECIES,72,2023,8,23,1,Random_census
Halle,Lythrum salicaria,Apis mellifera,Apidae,Apis,SPECIES,72,2023,8,23,1,Random_census
Halle,Lythrum salicaria,Apis mellifera,Apidae,Apis,SPECIES,72,2023,8,23,1,Random_census
Halle,Lythrum salicaria,Heriades,Megachilidae,Heriades,GENUS,3,2023,8,23,1,Random_census
Halle,Hippomarathrum vulgare,Andrena minutuloides,Andrenidae,Andrena,SPECIES,5,2023,8,23,2,Random_census
Halle,Hippomarathrum vulgare,Andrena minutuloides,Andrenidae,Andrena,SPECIES,5,2023,8,23,2,Random_census
Halle,Hippomarathrum vulgare,Andrena minutuloides,Andrenidae,Andrena,SPECIES,5,2023,8,23,2,Random_census
Halle,Hippomarathrum vulgare,Andrena minutuloides,Andrenidae,Andrena,SPECIES,5,2023,8,23,2,Random_census
Halle,Hippomarathrum vulgare,Andrena minutuloides,Andrenidae,Andrena,SPECIES,5,2023,8,23,2,Random_census
Halle,Hippomarathrum vulgare,Andrena minutuloides,Andrenidae,Andrena,SPECIES,5,2023,8,23,2,Random_census
Halle,Hippomarathrum vulgare,Andrena minutuloides,Andrenidae,Andrena,SPECIES,5,2023,8,23,2,Random_census
Halle,Hippomarathrum vulgare,Andrena minutuloides,Andrenidae,Andrena,SPECIES,5,2023,8,23,2,Random_census
Halle,Hippomarathrum vulgare,Andrena minutuloides,Andrenidae,Andrena,SPECIES,5,2023,8,23,2,Random_census
Halle,Hippomarathrum vulgare,Andrena minutuloides,Andrenidae,Andrena,SPECIES,5,2023,8,23,2,Random_census
Halle,Hippomarathrum vulgare,Hylaeus punctatus,Colletidae,Hylaeus,SPECIES,90,2023,8,23,2,Random_census
Halle,Moricandia arvensis,Apis mellifera,Apidae,Apis,SPECIES,45,2023,8,23,3,Random_census
Halle,Allium tuberosum,Colletes daviesanus,Colletidae,Colletes,SPECIES,72,2023,8,23,4,Random_census
Halle,Allium tuberosum,Colletes daviesanus,Colletidae,Colletes,SPECIES,72,2023,8,23,4,Random_census
Halle,Allium tuberosum,Colletes daviesanus,Colletidae,Colletes,SPECIES,72,2023,8,23,4,Random_census
Halle,Allium tuberosum,Colletes daviesanus,Colletidae,Colletes,SPECIES,72,2023,8,23,4,Random_census
Halle,Allium tuberosum,Colletes daviesanus,Colletidae,Colletes,SPECIES,72,2023,8,23,4,Random_census
Halle,Allium tuberosum,Colletes daviesanus,Colletidae,Colletes,SPECIES,72,2023,8,23,4,Random_census
Halle,Allium tuberosum,Colletes daviesanus,Colletidae,Colletes,SPECIES,72,2023,8,23,4,Random_census
Halle,Allium tuberosum,Colletes daviesanus,Colletidae,Colletes,SPECIES,72,2023,8,23,4,Random_census
Halle,Allium tuberosum,Colletes daviesanus,Colletidae,Colletes,SPECIES,72,2023,8,23,4,Random_census
Halle,Allium tuberosum,Colletes daviesanus,Colletidae,Colletes,SPECIES,72,2023,8,23,4,Random_census
Halle,Allium tuberosum,Sphecodes albilabris,Halictidae,Sphecodes,SPECIES,32,2023,8,23,4,Random_census
Halle,Tagetes erecta,Bombus terrestris,Apidae,Bombus,SPECIES,5,2023,8,23,5,Random_census
Halle,Tagetes erecta,Bombus terrestris,Apidae,Bombus,SPECIES,3,2023,8,23,5,Random_census
Halle,Tagetes erecta,Halictus scabiosae,Halictidae,Halictus,SPECIES,5,2023,8,23,5,Random_census
Halle,Tagetes erecta,Apis mellifera,Apidae,Apis,SPECIES,180,2023,8,23,5,Random_census
Halle,Tagetes erecta,Bombus lapidarius,Apidae,Bombus,SPECIES,180,2023,8,23,5,Random_census
Halle,Zinnia elegans,Xylocopa violacea,Apidae,Xylocopa,SPECIES,18,2023,8,23,6,Random_census
Halle,Zinnia elegans,Xylocopa violacea,Apidae,Xylocopa,SPECIES,18,2023,8,23,6,Random_census
Halle,Zinnia elegans,Xylocopa violacea,Apidae,Xylocopa,SPECIES,18,2023,8,23,6,Random_census
Halle,Zinnia elegans,Xylocopa violacea,Apidae,Xylocopa,SPECIES,18,2023,8,23,6,Random_census
Halle,Zinnia elegans,Bombus terrestris,Apidae,Bombus,SPECIES,50,2023,8,23,6,Random_census
Halle,Zinnia elegans,Apis mellifera,Apidae,Apis,SPECIES,100,2023,8,23,6,Random_census
Halle,Cosmos sulphureus,Halictus scabiosae,Halictidae,Halictus,SPECIES,18,2023,8,23,7,Random_census
Halle,Cosmos sulphureus,Halictus scabiosae,Halictidae,Halictus,SPECIES,18,2023,8,23,7,Random_census
Halle,Cosmos sulphureus,Halictus scabiosae,Halictidae,Halictus,SPECIES,18,2023,8,23,7,Random_census
Halle,Cosmos sulphureus,Halictus scabiosae,Halictidae,Halictus,SPECIES,18,2023,8,23,7,Random_census
Halle,Cosmos sulphureus,Halictus scabiosae,Halictidae,Halictus,SPECIES,18,2023,8,23,7,Random_census
Halle,Cosmos sulphureus,Halictus scabiosae,Halictidae,Halictus,SPECIES,18,2023,8,23,7,Random_census
Halle,Cosmos sulphureus,Halictus scabiosae,Halictidae,Halictus,SPECIES,18,2023,8,23,7,Random_census
Halle,Cosmos sulphureus,Halictus scabiosae,Halictidae,Halictus,SPECIES,18,2023,8,23,7,Random_census
Halle,Cosmos sulphureus,Halictus scabiosae,Halictidae,Halictus,SPECIES,18,2023,8,23,7,Random_census
Halle,Cosmos sulphureus,Halictus scabiosae,Halictidae,Halictus,SPECIES,18,2023,8,23,7,Random_census
Halle,Cosmos sulphureus,Apis mellifera,Apidae,Apis,SPECIES,18,2023,8,23,7,Random_census
Halle,Reseda alba,Lasioglossum politum,Halictidae,Lasioglossum,SPECIES,18,2023,8,23,8,Random_census
Halle,Reseda alba,Lasioglossum politum,Halictidae,Lasioglossum,SPECIES,18,2023,8,23,8,Random_census
Halle,Reseda alba,Lasioglossum politum,Halictidae,Lasioglossum,SPECIES,18,2023,8,23,8,Random_census
Halle,Reseda alba,Lasioglossum politum,Halictidae,Lasioglossum,SPECIES,18,2023,8,23,8,Random_census
Halle,Reseda alba,Lasioglossum politum,Halictidae,Lasioglossum,SPECIES,18,2023,8,23,8,Random_census
Halle,Reseda alba,Hylaeus communis,Colletidae,Hylaeus,SPECIES,18,2023,8,23,8,Random_census
Halle,Reseda alba,Hylaeus communis,Colletidae,Hylaeus,SPECIES,18,2023,8,23,8,Random_census
Halle,Reseda odorata,Colletes hederae,Colletidae,Colletes,SPECIES,18,2023,8,23,9,Random_census
Halle,Reseda odorata,Colletes hederae,Colletidae,Colletes,SPECIES,18,2023,8,23,9,Random_census
Halle,Reseda odorata,Hylaeus communis,Colletidae,Hylaeus,SPECIES,18,2023,8,23,9,Random_census
Halle,Reseda odorata,Hylaeus communis,Colletidae,Hylaeus,SPECIES,18,2023,8,23,9,Random_census
Halle,Reseda odorata,Hylaeus communis,Colletidae,Hylaeus,SPECIES,18,2023,8,23,9,Random_census
Halle,Reseda odorata,Hylaeus communis,Colletidae,Hylaeus,SPECIES,18,2023,8,23,9,Random_census
Halle,Reseda odorata,Hylaeus communis,Colletidae,Hylaeus,SPECIES,18,2023,8,23,9,Random_census
Halle,Reseda odorata,Hylaeus communis,Colletidae,Hylaeus,SPECIES,18,2023,8,23,9,Random_census
Halle,Reseda odorata,Hylaeus communis,Colletidae,Hylaeus,SPECIES,18,2023,8,23,9,Random_census
Halle,Reseda odorata,Hylaeus communis,Colletidae,Hylaeus,SPECIES,18,2023,8,23,9,Random_census
Halle,Reseda odorata,Hylaeus communis,Colletidae,Hylaeus,SPECIES,18,2023,8,23,9,Random_census
Halle,Reseda odorata,Hylaeus communis,Colletidae,Hylaeus,SPECIES,18,2023,8,23,9,Random_census
Halle,Reseda odorata,Anthidium oblongatum,Megachilidae,Anthidium,SPECIES,18,2023,8,23,9,Random_census
Halle,Reseda odorata,Anthidium oblongatum,Megachilidae,Anthidium,SPECIES,18,2023,8,23,9,Random_census
Halle,Satureja montana,Apis mellifera,Apidae,Apis,SPECIES,50,2023,8,23,10,Random_census
Halle,Satureja montana,Hylaeus punctatus,Colletidae,Hylaeus,SPECIES,18,2023,8,23,10,Random_census
Halle,Satureja montana,Hylaeus punctatus,Colletidae,Hylaeus,SPECIES,18,2023,8,23,10,Random_census
Halle,Satureja montana,Bombus terrestris,Apidae,Bombus,SPECIES,18,2023,8,23,10,Random_census
Halle,Satureja montana,Sphecodes albilabris,Halictidae,Sphecodes,SPECIES,50,2023,8,23,10,Random_census
Halle,Satureja montana,Sphecodes albilabris,Halictidae,Sphecodes,SPECIES,50,2023,8,23,10,Random_census
Halle,Satureja montana,Sphecodes albilabris,Halictidae,Sphecodes,SPECIES,50,2023,8,23,10,Random_census
Halle,Satureja montana,Bombus terrestris,Apidae,Bombus,SPECIES,144,2023,8,23,10,Random_census
Halle,Satureja montana,Bombus terrestris,Apidae,Bombus,SPECIES,144,2023,8,23,10,Random_census
Halle,Satureja montana,Bombus terrestris,Apidae,Bombus,SPECIES,144,2023,8,23,10,Random_census
Halle,Satureja montana,Bombus terrestris,Apidae,Bombus,SPECIES,144,2023,8,23,10,Random_census
Halle,Satureja montana,Bombus terrestris,Apidae,Bombus,SPECIES,144,2023,8,23,10,Random_census
Halle,Satureja montana,Lasioglossum calceatum,Halictidae,Lasioglossum,SPECIES,60,2023,8,23,10,Random_census
Halle,Satureja montana,Bombus vestalis,Apidae,Bombus,SPECIES,36,2023,8,23,10,Random_census
Halle,Clinopodium nepeta,Anthidium oblongatum,Megachilidae,Anthidium,SPECIES,18,2023,8,23,11,Random_census
