Species;Botanic_Garden;Species_ID;Year;InitGr;LeafUnf;FlOn;FlPeak;FlMaxInt;FlEnd;FlDur;FrOn;FrEnd;SenOn;SenPeak;SenMaxInt;SenEnd
Achillea millefolium;Halle;Ach_mil_Hal;2019;NA;247;220;220;10;240;20;220;282;220;282;75;296
Aconitum lycoctonum;Halle;Aco_lyc_Hal;2019;NA;79;93;177;80;191;98;177;205;191;317;100;317
Acorus calamus;Leipzig;Aco_cal_Lei;2019;72;NA;NA;128;NA;184;NA;NA;NA;219;261;NA;NA
Acorus calamus;Halle;Aco_cal_Hal;2019;65;72;NA;NA;NA;NA;NA;NA;NA;198;317;95;352
Acorus calamus;Jena;Aco_cal_Jen;2019;93;128;247;NA;NA;254;7;NA;NA;240;288;75;296
Actaea spicata;Jena;Act_spi_Jen;2019;72;80;120;156;50;164;44;177;219;212;240;100;267
Adonis amurensis;Leipzig;Ado_amu_Lei;2019;338;30;23;37;NA;72;49;NA;NA;128;142;NA;NA
Adonis vernalis;Halle;Ado_ver_Hal;2019;65;184;72;86;90;135;63;170;170;156;268;100;268
Adonis vernalis;Jena;Ado_ver_Jen;2019;86;86;100;115;95;128;28;NA;NA;212;310;100;332
Aegopodium podagraria;Jena;Aeg_pod_Jen;2019;80;80;156;164;75;177;21;192;233;212;303;100;346
Aegopodium podagraria;Halle;Aeg_pod_Hal;2019;65;65;156;163;100;163;7;205;268;220;345;95;352
Aegopodium podagraria;Leipzig;Aeg_pod_Lei;2019;58;93;NA;NA;NA;NA;NA;NA;NA;240;283;NA;NA
Ajuga pyramidalis;Jena;Aju_pyr_Jen;2019;NA;NA;NA;NA;NA;NA;NA;NA;NA;NA;NA;NA;NA
Alchemilla vulgaris;Leipzig;Alc_vul_Lei;2019;51;79;113;120;NA;170;57;184;NA;247;317;NA;NA
Alchemilla xanthochlora;Halle;Alc_xan_Hal;2019;65;58;128;149;100;310;182;170;198;177;330;95;338
Alchemilla xanthochlora;Jena;Alc_xan_Jen;2019;17;58;128;135;95;338;210;NA;NA;192;324;75;332
Allium schoenoprasum;Halle;All_sch_Hal;2019;NA;79;93;149;100;296;203;170;191;122;345;100;345
Allium ursinum;Halle;All_urs_Hal;2019;65;65;114;122;100;135;21;NA;NA;114;163;100;170
Allium ursinum;Jena;All_urs_Jen;2019;65;NA;120;128;100;164;44;NA;NA;149;156;75;156
Allium ursinum;Leipzig;All_urs_Lei;2019;58;79;120;128;NA;142;22;NA;NA;NA;156;NA;NA
Allium victorialis;Jena;All_vic_Jen;2019;80;NA;NA;NA;NA;NA;NA;NA;NA;261;282;100;296
Allium victorialis;Halle;All_vic_Hal;2019;86;93;149;149;10;149;0;177;233;205;282;100;282
Althaea officinalis;Jena;Alt_off_Jen;2019;37;100;185;198;75;219;34;219;288;282;288;75;288
Althaea officinalis;Halle;Alt_off_Hal;2019;93;107;184;212;50;275;91;226;275;184;268;5;275
Amorpha canescens;Halle;Amo_can_Hal;2019;114;93;177;184;95;198;21;233;275;212;282;100;282
Anemone nemorosa;Jena;Ane_nem_Jen;2019;65;86;93;100;100;128;35;NA;NA;185;185;100;219
Anemone nemorosa;Leipzig;Ane_nem_Lei;2019;72;93;NA;107;NA;128;NA;NA;NA;156;163;NA;NA
Anemone nemorosa;Halle;Ane_nem_Hal;2019;58;58;72;86;100;114;42;NA;NA;142;184;100;198
Pulsatilla vulgaris;Leipzig;Pul_vul_Lei;2019;65;NA;NA;107;NA;135;NA;149;NA;219;268;NA;NA
Pulsatilla vulgaris;Jena;Pul_vul_Jen;2019;30;72;80;93;100;128;48;NA;NA;247;346;100;353
Pulsatilla vulgaris;Halle;Pul_vul_Hal;2019;65;51;212;NA;NA;212;0;NA;NA;289;345;95;352
Anemone hupehensis;Halle;Ane_hup_Hal;2019;NA;79;93;198;95;233;140;NA;NA;262;338;100;338
Anemone hupehensis;Leipzig;Ane_hup_Lei;2019;44;93;184;205;NA;268;84;NA;NA;283;317;NA;NA
Anemone sylvestris;Halle;Ane_syl_Hal;2019;45;72;114;122;100;303;189;156;170;170;352;100;352
Anemone sylvestris;Jena;Ane_syl_Jen;2019;80;86;115;128;100;149;34;164;192;212;219;25;254
Anemone sylvestris;Leipzig;Ane_syl_Lei;2019;51;93;107;120;NA;149;42;163;NA;240;283;NA;NA
Anemone transsilvanica;Halle;Ane_tra_Hal;2019;NA;107;65;79;100;100;35;NA;NA;212;324;75;352
Angelica archangelica;Halle;Ang_arc_Hal;2019;NA;45;NA;NA;NA;NA;NA;NA;NA;184;324;95;338
Angelica archangelica;Jena;Ang_arc_Jen;2019;72;80;NA;NA;NA;NA;NA;NA;NA;212;338;100;353
Antennaria dioica;Jena;Ant_dio_Jen;2019;72;86;120;120;75;267;147;177;353;226;310;25;353
Anthericum ramosum;Leipzig;Ant_ram_Lei;2019;51;NA;51;72;NA;100;49;NA;NA;149;163;NA;NA
Aquilegia chrysantha;Leipzig;Aqu_chr_Lei;2019;86;113;NA;156;NA;NA;NA;212;NA;254;283;NA;NA
Aquilegia vulgaris;Jena;Aqu_vul_Jen;2019;17;58;120;135;75;156;36;177;233;185;310;95;353
Aquilegia vulgaris;Halle;Aqu_vul_Hal;2019;2;65;114;128;95;163;49;156;268;184;282;100;282
Arctostaphylos uva-ursi;Jena;Arc_uva_Jen;2019;72;219;NA;128;75;NA;NA;NA;NA;288;296;100;296
Arctostaphylos uva-ursi;Halle;Arc_uva_Hal;2019;NA;NA;NA;NA;NA;NA;NA;NA;NA;NA;NA;NA;NA
Armoracia rusticana;Jena;Arm_rus_Jen;2019;17;72;156;156;50;156;0;NA;NA;212;317;95;338
Armoracia rusticana;Halle;Arm_rus_Hal;2019;65;79;NA;NA;NA;NA;NA;NA;NA;170;317;100;317
Arnica longifolia;Jena;Arn_lon_Jen;2019;51;80;142;170;75;240;98;192;219;219;338;100;338
Arnica longifolia;Leipzig;Arn_lon_Lei;2019;44;79;113;128;NA;198;85;149;NA;219;290;NA;NA
Artemisia absinthium;Halle;Art_abs_Hal;2019;65;72;226;226;100;233;7;226;247;170;324;95;352
Artemisia absinthium;Jena;Art_abs_Jen;2019;17;30;212;233;95;240;28;NA;NA;233;282;95;353
Arum italicum;Halle;Aru_ita_Hal;2019;NA;79;93;NA;NA;93;0;NA;NA;156;184;100;198
Arum maculatum;Jena;Aru_mac_Jen;2019;17;37;135;135;100;135;0;NA;NA;142;149;100;156
Arum maculatum;Halle;Aru_mac_Hal;2019;NA;45;114;122;50;122;8;205;212;135;163;100;163
Arum maculatum;Leipzig;Aru_mac_Lei;2019;72;93;135;149;NA;205;70;NA;NA;226;254;NA;NA
Asarum canadense;Leipzig;Asa_can_Lei;2019;51;79;NA;NA;NA;NA;NA;NA;NA;135;142;NA;NA
Asarum europaeum;Leipzig;Asa_eur_Lei;2019;58;100;NA;135;NA;149;NA;NA;NA;219;283;NA;NA
Asarum europaeum;Halle;Asa_eur_Hal;2019;51;72;93;93;50;107;14;NA;NA;NA;NA;NA;NA
Asphodelus albus;Jena;Asp_alb_Jen;2019;17;332;128;128;50;156;28;192;198;205;226;50;267
Asphodelus albus;Halle;Asp_alb_Hal;2019;65;72;128;135;50;135;7;177;184;156;184;100;205
Atropa belladonna;Halle;Atr_bel_Hal;2019;86;93;149;149;30;233;84;184;317;191;317;95;317
Aurinia saxatilis;Halle;Aur_sax_Hal;2019;NA;79;86;114;100;142;56;156;163;177;345;75;352
Bergenia purpurascens;Jena;Ber_pur_Jen;2019;80;80;93;100;100;135;42;NA;NA;282;324;75;353
Bergenia purpurascens;Leipzig;Ber_pur_Lei;2019;65;NA;NA;100;NA;120;NA;163;NA;212;NA;NA;NA
Bistorta officinalis;Jena;Bis_off_Jen;2019;37;80;135;149;95;247;112;NA;NA;261;288;100;296
Bistorta officinalis;Halle;Bis_off_Hal;2019;51;58;114;135;100;149;35;156;170;156;338;100;338
Brunnera macrophylla;Jena;Bru_mac_Jen;2019;65;72;93;107;75;156;63;NA;NA;205;353;100;353
Brunnera macrophylla;Halle;Bru_mac_Hal;2019;NA;79;86;107;100;135;49;NA;NA;198;345;75;352
Bunias orientalis;Jena;Bun_ori_Jen;2019;17;17;128;135;75;185;57;NA;NA;212;317;50;353
Bunias orientalis;Halle;Bun_ori_Hal;2019;45;51;122;135;100;156;34;177;212;184;247;75;296
Bunias orientalis;Leipzig;Bun_ori_Lei;2019;51;79;NA;149;NA;170;NA;NA;NA;226;254;NA;NA
Cakile maritima;Halle;Cak_mar_Hal;2019;93;107;142;163;80;282;140;191;247;191;289;100;289
Calla palustris;Jena;Cal_pal_Jen;2019;NA;198;156;156;50;240;84;212;288;212;310;75;332
Calla palustris;Halle;Cal_pal_Hal;2019;93;114;184;191;20;240;56;275;330;205;330;100;338
Caltha palustris;Halle;Cal_pal_Hal;2019;NA;NA;107;107;100;114;7;NA;NA;177;310;100;310
Caltha palustris;Jena;Cal_pal_Jen;2019;NA;NA;NA;NA;NA;NA;NA;NA;NA;NA;NA;NA;NA
Caltha palustris;Leipzig;Cal_pal_Lei;2019;NA;93;NA;107;NA;135;NA;149;NA;219;247;NA;NA
Camassia cusickii;Halle;Cam_cus_Hal;2019;NA;79;114;122;80;135;21;170;170;149;177;100;184
Camassia cusickii;Jena;Cam_cus_Jen;2019;37;NA;128;128;50;142;14;177;177;177;212;100;282
Campanula rotundifolia;Halle;Cam_rot_Hal;2019;93;72;184;198;90;268;84;220;268;198;282;100;317
Campanula rotundifolia;Leipzig;Cam_rot_Lei;2019;72;100;261;275;NA;303;42;283;NA;290;296;NA;NA
Campanula rotundifolia;Jena;Cam_rot_Jen;2019;72;80;NA;NA;NA;NA;NA;NA;NA;205;212;100;233
Carex sylvatica;Halle;Car_syl_Hal;2019;93;79;114;122;80;163;49;184;268;247;352;50;352
Centaurea cineraria;Leipzig;Cen_cin_Lei;2019;65;86;NA;156;NA;177;NA;170;NA;212;268;NA;NA
Centranthus ruber;Halle;Cen_rub_Hal;2019;NA;79;156;156;100;289;133;177;289;212;289;15;317
Centranthus ruber;Jena;Cen_rub_Jen;2019;37;37;170;185;95;332;162;240;240;282;317;75;353
Chelidonium majus;Jena;Che_maj_Jen;2019;17;37;107;128;95;240;133;156;164;177;296;75;346
Chelidonium majus;Halle;Che_maj_Hal;2019;45;51;114;135;80;352;238;156;268;156;247;95;324
Clematis integrifolia;Halle;Cle_int_Hal;2019;79;86;149;156;95;240;91;163;324;198;338;100;338
Clematis recta;Jena;Cle_rec_Jen;2019;86;100;156;164;95;170;14;198;338;282;338;100;338
Clematis recta;Halle;Cle_rec_Hal;2019;86;107;149;163;100;275;126;170;296;184;324;95;324
Clematis stans;Leipzig;Cle_sta_Lei;2019;51;86;247;261;NA;283;36;NA;NA;NA;156;NA;NA
Colchicum autumnale;Leipzig;Col_aut_Lei;2019;93;120;NA;128;NA;149;NA;NA;NA;191;219;NA;NA
Colchicum autumnale;Jena;Col_aut_Jen;2019;30;NA;240;247;75;267;27;NA;NA;142;164;100;288
Colchicum autumnale;Halle;Col_aut_Hal;2019;2;58;240;247;100;262;22;NA;NA;135;163;90;163
Comarum palustre;Halle;Com_pal_Hal;2019;93;100;198;NA;NA;198;0;NA;NA;184;338;100;338
Comarum palustre;Jena;Com_pal_Jen;2019;NA;219;142;149;50;149;7;192;288;198;324;75;332
Conium maculatum;Halle;Con_mac_Hal;2019;170;79;NA;NA;NA;NA;NA;NA;NA;156;163;30;352
Conium maculatum;Jena;Con_mac_Jen;2019;NA;NA;115;135;95;149;34;NA;NA;NA;NA;NA;NA
Convallaria majalis;Jena;Con_maj_Jen;2019;93;115;128;142;95;149;21;240;282;177;261;50;296
Convallaria majalis;Leipzig;Con_maj_Lei;2019;51;72;NA;79;NA;93;NA;NA;NA;120;128;NA;NA
Convallaria majalis;Halle;Con_maj_Hal;2019;86;93;79;122;100;135;56;262;310;233;317;95;317
Corydalis solida;Jena;Cor_sol_Jen;2019;NA;NA;NA;NA;NA;NA;NA;NA;NA;NA;NA;NA;NA
Corydalis solida;Halle;Cor_sol_Hal;2019;72;72;86;100;100;107;21;NA;NA;128;142;100;156
Crocus speciosus;Halle;Cro_spe_Hal;2019;2;65;86;268;75;282;196;NA;NA;122;142;100;163
Crocus speciosus;Jena;Cro_spe_Jen;2019;17;NA;NA;NA;NA;NA;NA;NA;NA;142;303;100;296
Crocus vernus;Leipzig;Cro_ver_Lei;2019;NA;135;NA;142;NA;NA;NA;NA;NA;NA;NA;NA;NA
Cyclamen coum;Jena;Cyc_cou_Jen;2019;NA;267;17;51;100;80;63;NA;NA;135;142;100;142
Cyclamen coum;Leipzig;Cyc_cou_Lei;2019;51;93;NA;51;NA;86;NA;NA;NA;113;120;NA;NA
Cyclamen hederifolium;Leipzig;Cyc_hed_Lei;2019;44;86;NA;240;NA;NA;NA;NA;NA;113;120;NA;NA
Dactylis glomerata;Halle;Dac_glo_Hal;2019;NA;79;149;149;100;177;28;191;303;156;275;80;352
Dactylorhiza majalis;Jena;Dac_maj_Jen;2019;NA;NA;NA;NA;NA;NA;NA;NA;NA;185;212;100;296
Daphne laureola;Halle;Dap_lau_Hal;2019;NA;122;79;79;100;107;28;156;184;177;282;5;352
Dianthus deltoides;Halle;Dia_del_Hal;2019;NA;79;220;303;5;303;83;254;296;220;268;95;352
Dianthus superbus;Leipzig;Dia_sup_Lei;2019;44;93;NA;149;NA;170;NA;170;NA;310;NA;NA;NA
Dianthus superbus;Jena;Dia_sup_Jen;2019;72;93;185;192;50;288;103;NA;NA;282;332;100;338
Dictamnus albus;Leipzig;Dic_alb_Lei;2019;86;113;142;NA;NA;163;21;198;NA;247;268;NA;NA
Dictamnus albus;Halle;Dic_alb_Hal;2019;NA;114;149;149;80;163;14;184;220;205;296;75;310
Dictamnus albus;Jena;Dic_alb_Jen;2019;100;115;149;149;5;149;0;NA;NA;282;338;100;353
Doronicum pardalianches;Halle;Dor_par_Hal;2019;65;79;86;135;95;163;77;163;177;170;254;95;330
Dryas octopetala;Jena;Dry_oct_Jen;2019;17;17;120;120;75;142;22;156;164;212;346;100;353
Dryas octopetala;Leipzig;Dry_oct_Lei;2019;51;93;NA;128;NA;142;NA;NA;NA;283;310;NA;NA
Dryas octopetala;Halle;Dry_oct_Hal;2019;23;65;114;122;100;233;119;163;296;191;317;50;324
Epilobium angustifolium;Halle;Epi_ang_Hal;2019;93;100;163;177;90;240;77;198;268;184;268;100;275
Epilobium angustifolium;Jena;Epi_ang_Jen;2019;72;86;164;170;50;261;97;212;282;282;296;75;296
Eranthis hyemalis;Jena;Era_hye_Jen;2019;30;37;37;51;100;72;35;115;128;120;135;100;288
Eranthis hyemalis;Halle;Era_hye_Hal;2019;NA;65;37;72;90;65;28;114;198;114;135;100;135
Eranthis hyemalis;Leipzig;Era_hye_Lei;2019;NA;30;30;37;NA;72;42;NA;NA;NA;113;NA;NA
Erica tetralix;Jena;Eri_tet_Jen;2019;NA;NA;NA;NA;NA;NA;NA;NA;NA;346;346;50;346
Eryngium campestre;Leipzig;Ery_cam_Lei;2019;100;128;212;226;NA;240;28;240;NA;226;NA;NA;NA
Eryngium campestre;Halle;Ery_cam_Hal;2019;100;79;NA;NA;NA;NA;NA;NA;NA;220;275;100;345
Eryngium maritimum;Halle;Ery_mar_Hal;2019;86;93;170;205;20;310;140;220;310;220;345;100;345
Eupatorium cannabinum;Jena;Eup_can_Jen;2019;37;93;198;212;75;233;35;226;288;240;338;100;338
Eupatorium cannabinum;Leipzig;Eup_can_Lei;2019;NA;128;184;198;NA;NA;NA;205;NA;247;283;NA;NA
Eupatorium cannabinum;Halle;Eup_can_Hal;2019;93;93;177;184;80;212;35;220;268;233;282;75;296
Filipendula vulgaris;Leipzig;Fil_vul_Lei;2019;37;93;142;149;NA;170;28;170;NA;219;296;NA;NA
Fragaria vesca;Halle;Fra_ves_Hal;2019;58;65;86;128;80;275;189;NA;NA;198;296;25;352
Fragaria vesca;Leipzig;Fra_ves_Lei;2019;51;93;NA;120;NA;NA;NA;149;NA;184;283;NA;NA
Fragaria vesca;Jena;Fra_ves_Jen;2019;37;51;128;135;50;261;133;261;261;240;353;75;353
Fuchsia magellanica;Jena;Fuc_mag_Jen;2019;NA;NA;NA;212;NA;NA;NA;NA;NA;NA;NA;NA;NA
Fuchsia magellanica;Halle;Fuc_mag_Hal;2019;93;114;177;212;100;296;119;NA;NA;254;275;5;296
Galanthus ikariae;Halle;Gal_ika_Hal;2019;NA;NA;37;51;50;58;21;NA;NA;114;142;100;163
Galanthus nivalis;Jena;Gal_niv_Jen;2019;17;NA;NA;NA;NA;NA;NA;NA;NA;NA;NA;NA;NA
Galanthus nivalis;Halle;Gal_niv_Hal;2019;345;324;65;65;70;65;0;114;135;114;135;20;135
Galanthus nivalis;Leipzig;Gal_niv_Lei;2019;16;37;44;51;NA;79;35;NA;NA;120;128;NA;NA
Galanthus plicatus;Halle;Gal_pli_Hal;2019;NA;93;NA;NA;NA;NA;NA;NA;NA;114;149;100;163
Galega officinalis;Jena;Gal_off_Jen;2019;17;17;164;177;75;261;97;233;353;282;346;95;353
Galega officinalis;Halle;Gal_off_Hal;2019;45;72;163;177;95;262;99;198;296;191;282;75;303
Galium mollugo;Leipzig;Gal_mol_Lei;2019;NA;93;149;163;NA;184;35;191;NA;323;338;NA;NA
Galium odoratum;Halle;Gal_odo_Hal;2019;NA;79;107;122;90;163;56;184;268;184;330;95;352
Gaultheria shallon;Leipzig;Gau_sha_Lei;2019;16;NA;135;149;NA;170;35;191;NA;261;NA;NA;NA
Gaultheria shallon;Jena;Gau_sha_Jen;2019;142;142;149;164;75;288;139;212;296;282;296;50;353
Genista tinctoria;Leipzig;Gen_tin_Lei;2019;58;93;NA;156;NA;184;NA;198;NA;219;247;NA;NA
Genista tinctoria;Halle;Gen_tin_Hal;2019;45;72;163;177;95;233;70;198;240;184;352;50;352
Genista tinctoria;Jena;Gen_tin_Jen;2019;72;86;NA;NA;NA;NA;NA;288;288;282;282;100;353
Gentiana cruciata;Jena;Gen_cru_Jen;2019;17;93;192;212;10;219;27;240;353;254;338;100;353
Gentiana lutea;Jena;Gen_lut_Jen;2019;17;93;NA;NA;NA;NA;NA;NA;NA;212;353;95;353
Gentiana lutea;Leipzig;Gen_lut_Lei;2019;65;113;NA;NA;NA;NA;NA;NA;NA;205;247;NA;NA
Gentiana tibetica;Leipzig;Gen_tib_Lei;2019;65;100;NA;NA;NA;NA;NA;NA;NA;247;296;NA;NA
Geranium sanguineum;Jena;Ger_san_Jen;2019;65;72;128;142;75;205;77;NA;NA;212;296;75;353
Geranium sanguineum;Leipzig;Ger_san_Lei;2019;51;93;120;142;NA;170;50;177;NA;247;268;NA;NA
Geum rivale;Jena;Geu_riv_Jen;2019;100;17;115;120;95;142;27;142;288;192;303;50;353
Geum rivale;Halle;Geu_riv_Hal;2019;45;65;107;122;80;149;42;156;198;184;345;75;352
Geum rivale;Leipzig;Geu_riv_Lei;2019;44;93;107;120;NA;149;42;156;NA;191;219;NA;NA
Geum urbanum;Halle;Geu_urb_Hal;2019;NA;79;135;149;30;170;35;177;254;184;247;50;352
Globularia cordifolia;Jena;Glo_cor_Jen;2019;37;24;115;128;75;156;41;NA;NA;296;310;25;353
Globularia cordifolia;Halle;Glo_cor_Hal;2019;NA;NA;NA;NA;NA;NA;NA;NA;NA;NA;NA;NA;NA
Globularia cordifolia;Leipzig;Glo_cor_Lei;2019;72;100;NA;128;NA;149;NA;163;NA;296;283;NA;NA
Glycyrrhiza glabra;Jena;Gly_gla_Jen;2019;100;100;170;177;25;185;15;233;317;282;303;75;317
Glycyrrhiza glabra;Halle;Gly_gla_Hal;2019;86;114;163;177;95;184;21;191;303;184;296;25;303
Gratiola officinalis;Jena;Gra_off_Jen;2019;93;100;156;164;75;226;70;233;296;247;303;95;332
Gratiola officinalis;Halle;Gra_off_Hal;2019;45;107;149;149;90;233;84;220;268;184;289;100;289
Gunnera manicata;Halle;Gun_man_Hal;2019;93;107;135;156;100;156;21;275;310;205;310;50;310
Gunnera manicata;Leipzig;Gun_man_Lei;2019;93;NA;128;142;NA;191;63;NA;NA;290;NA;NA;NA
Gunnera manicata;Jena;Gun_man_Jen;2019;296;NA;NA;NA;NA;NA;NA;288;296;296;296;5;296
Helianthemum nummularium;Jena;Hel_num_Jen;2019;45;45;128;149;50;332;204;177;353;296;353;75;353
Helianthemum nummularium;Halle;Hel_num_Hal;2019;79;86;122;156;80;310;188;177;310;184;262;50;352
Helianthemum nummularium;Leipzig;Hel_num_Lei;2019;37;86;120;135;NA;170;50;170;NA;317;NA;NA;NA
Helichrysum arenarium;Jena;Hel_are_Jen;2019;72;72;185;185;75;338;153;NA;NA;288;303;25;353
Helleborus niger;Leipzig;Hel_nig_Lei;2019;37;58;NA;NA;NA;NA;NA;NA;NA;226;247;NA;NA
Helleborus niger;Jena;Hel_nig_Jen;2019;51;30;30;30;50;346;316;NA;NA;288;310;25;353
Helleborus orientalis;Halle;Hel_ori_Hal;2019;NA;107;45;79;100;100;55;156;163;114;310;75;310
Helleborus orientalis;Jena;Hel_ori_Jen;2019;80;80;51;65;95;120;69;149;164;310;353;25;353
Helleborus viridis;Leipzig;Hel_vir_Lei;2019;323;37;51;72;NA;93;42;NA;NA;149;156;NA;NA
Helleborus viridis;Halle;Hel_vir_Hal;2019;NA;122;NA;NA;NA;NA;NA;156;156;254;338;100;345
Hemerocallis dumortieri;Leipzig;Hem_dum_Lei;2019;149;170;226;240;NA;254;28;268;NA;261;268;NA;NA
Hemerocallis fulva;Halle;Hem_ful_Hal;2019;NA;79;170;184;70;198;28;NA;NA;184;345;100;345
Hemerocallis fulva;Jena;Hem_ful_Jen;2019;17;332;156;177;50;198;42;NA;NA;205;317;95;317
Anemone hepatica;Jena;Ane_hep_Jen;2019;51;51;72;93;95;120;48;142;142;NA;NA;NA;NA
Anemone transsilvanica;Leipzig;Ane_tra_Lei;2019;16;100;149;156;NA;177;28;191;NA;226;283;NA;NA
Hibiscus moschatus;Jena;Hib_mos_Jen;2019;NA;156;198;261;75;267;69;338;353;288;353;100;353
Hibiscus moschatus;Halle;Hib_mos_Hal;2019;122;156;220;233;80;254;34;262;296;226;289;75;296
Hibiscus moschatus;Leipzig;Hib_mos_Lei;2019;65;100;247;268;NA;296;49;NA;NA;303;310;NA;NA
Homogyne sylvestris;Jena;Hom_syl_Jen;2019;93;93;128;135;100;156;28;NA;NA;296;353;75;353
Honckenya peploides;Halle;Hon_pep_Hal;2019;86;107;NA;NA;NA;NA;NA;NA;NA;198;296;100;296
Humulus lupulus;Halle;Hum_lup_Hal;2019;86;72;NA;NA;NA;NA;NA;NA;NA;220;289;75;296
Humulus lupulus;Jena;Hum_lup_Jen;2019;17;80;219;226;75;247;28;261;267;288;317;95;317
Humulus lupulus;Leipzig;Hum_lup_Lei;2019;NA;142;NA;NA;NA;NA;NA;NA;NA;NA;NA;NA;NA
Hyacinthoides non-scripta;Halle;Hya_non_Hal;2019;NA;79;122;135;100;135;13;184;198;156;184;100;198
Hydrocotyle vulgaris;Jena;Hyd_vul_Jen;2019;120;120;120;120;25;135;15;NA;NA;NA;NA;NA;NA
Hypericum olympicum;Leipzig;Hyp_oly_Lei;2019;65;93;149;163;NA;177;28;177;NA;219;303;NA;NA
Hypericum olympicum;Halle;Hyp_oly_Hal;2019;72;65;128;163;70;212;84;191;289;184;324;50;352
Hypericum perforatum;Halle;Hyp_per_Hal;2019;NA;45;163;177;95;317;154;198;282;205;220;5;282
Iberis sempervirens;Leipzig;Ibe_sem_Lei;2019;37;NA;86;107;NA;156;70;163;NA;247;NA;NA;NA
Iberis sempervirens;Halle;Ibe_sem_Hal;2019;23;45;72;100;100;149;77;156;296;205;275;50;352
Iberis sempervirens;Jena;Ibe_sem_Jen;2019;17;17;100;120;100;149;49;177;185;288;324;75;353
Iris pseudacorus;Jena;Iri_pse_Jen;2019;80;100;NA;NA;NA;NA;NA;NA;NA;288;296;95;296
Iris pseudacorus;Leipzig;Iri_pse_Lei;2019;65;107;142;149;NA;170;28;247;NA;268;283;NA;NA
Iris pseudacorus;Halle;Iri_pse_Hal;2019;2;79;156;156;100;156;0;275;296;184;310;100;310
Lamium album;Jena;Lam_alb_Jen;2019;37;45;115;226;75;353;238;192;205;192;346;50;353
Lamium album;Halle;Lam_alb_Hal;2019;65;45;107;114;90;275;168;156;205;156;247;95;345
Lamium galeobdolon;Halle;Lam_gal_Hal;2019;NA;79;114;114;80;317;203;NA;NA;177;240;10;330
Lathyrus vernus;Leipzig;Lat_ver_Lei;2019;58;NA;NA;107;NA;128;NA;149;NA;268;290;NA;NA
Lathyrus vernus;Halle;Lat_ver_Hal;2019;65;72;86;100;90;122;36;156;163;184;282;100;282
Lathyrus vernus;Jena;Lat_ver_Jen;2019;17;72;115;115;50;120;5;164;164;219;338;100;346
Lavandula angustifolia;Halle;Lav_ang_Hal;2019;23;45;177;177;95;198;21;220;268;184;282;100;282
Lavandula angustifolia;Jena;Lav_ang_Jen;2019;72;93;170;185;100;205;35;338;353;282;303;50;353
Lavandula angustifolia;Leipzig;Lav_ang_Lei;2019;37;93;NA;163;NA;205;NA;212;NA;254;290;NA;NA
Leonurus cardiaca;Jena;Leo_car_Jen;2019;17;65;164;164;50;205;41;240;296;233;310;50;317
Leonurus cardiaca;Leipzig;Leo_car_Lei;2019;44;79;NA;163;NA;191;NA;191;NA;296;317;NA;NA
Leonurus cardiaca;Halle;Leo_car_Hal;2019;45;72;163;170;90;212;49;212;282;198;282;25;317
Leucojum aestivum;Halle;Leu_aes_Hal;2019;NA;79;122;122;5;128;6;NA;NA;156;156;10;163
Leucojum vernum;Halle;Leu_ver_Hal;2019;NA;114;51;65;100;72;21;NA;NA;122;156;100;163
Leucojum vernum;Jena;Leu_ver_Jen;2019;30;NA;NA;NA;NA;NA;NA;NA;NA;NA;NA;NA;NA
Leucojum vernum;Leipzig;Leu_ver_Lei;2019;NA;58;NA;51;NA;79;NA;NA;NA;120;128;NA;NA
Linum perenne;Jena;Lin_per_Jen;2019;17;17;128;128;95;296;168;185;353;177;303;75;353
Linum usitatissimum;Leipzig;Lin_usi_Lei;2019;120;135;NA;NA;NA;177;NA;177;NA;184;191;NA;NA
Lotus maritimus;Jena;Lot_mar_Jen;2019;17;17;149;156;75;205;56;NA;NA;317;338;50;353
Lunaria rediviva;Halle;Lun_red_Hal;2019;NA;79;128;128;5;135;7;NA;NA;177;268;95;352
Lupinus polyphyllus;Halle;Lup_pol_Hal;2019;NA;79;149;156;90;163;14;184;226;184;233;100;345
Lupinus polyphyllus;Leipzig;Lup_pol_Lei;2019;51;86;NA;149;NA;170;NA;177;NA;212;317;NA;NA
Lysichiton americanus;Jena;Lys_ame_Jen;2019;115;115;NA;NA;NA;NA;NA;NA;NA;219;219;10;219
Lysichiton americanus;Leipzig;Lys_ame_Lei;2019;51;100;NA;NA;NA;NA;NA;NA;NA;240;310;NA;NA
Lysichiton camtschatcensis;Halle;Lys_cam_Hal;2019;86;122;100;114;70;114;14;NA;NA;198;275;100;282
Lysichiton camtschatcensis;Jena;Lys_cam_Jen;2019;NA;212;NA;NA;NA;NA;NA;NA;NA;288;324;95;332
Papaver grande;Halle;Pap_gra_Hal;2019;93;79;100;NA;NA;100;0;NA;NA;268;324;95;324
Mentha longifolia;Halle;Men_lon_Hal;2019;86;107;184;205;95;282;98;317;317;262;324;100;324
Menyanthes trifoliata;Halle;Men_tri_Hal;2019;93;100;114;114;80;135;21;163;163;184;330;100;330
Menyanthes trifoliata;Leipzig;Men_tri_Lei;2019;37;NA;107;120;NA;135;28;163;NA;219;240;NA;NA
Menyanthes trifoliata;Jena;Men_tri_Jen;2019;100;100;NA;NA;NA;NA;NA;NA;NA;296;332;95;332
Mercurialis perennis;Jena;Mer_per_Jen;2019;72;72;170;170;5;170;0;NA;NA;NA;NA;NA;NA
Myriophyllum aquaticum;Leipzig;Myr_aqu_Lei;2019;NA;170;NA;NA;NA;NA;NA;NA;NA;247;338;NA;NA
Narcissus pseudonarcissus;Halle;Nar_pse_Hal;2019;NA;93;79;86;100;86;7;NA;NA;128;170;100;184
Oenothera biennis;Jena;Oen_bie_Jen;2019;80;80;164;164;50;324;160;254;324;282;310;50;332
Oenothera fruticosa;Halle;Oen_fru_Hal;2019;58;72;163;163;70;177;14;226;247;184;282;75;303
Oenothera macrocarpa;Halle;Oen_mac_Hal;2019;93;114;163;177;80;275;112;NA;NA;247;324;95;330
Oxalis acetosella;Halle;Oxa_ace_Hal;2019;NA;93;79;86;100;122;43;156;296;198;345;75;352
Paeonia daurica;Halle;Pae_dau_Hal;2019;107;114;NA;NA;NA;NA;NA;NA;NA;191;275;100;282
Paeonia daurica;Jena;Pae_dau_Jen;2019;65;80;115;128;25;128;13;205;219;219;282;100;317
Paeonia daurica subsp. mlokosewitschii;Jena;Pae_dau_mlo_Jen;2019;65;80;115;128;95;128;13;205;296;219;303;95;317
Paeonia daurica subsp. tomentosa;Halle;Pae_dau_tom_Hal;2019;NA;289;114;114;95;122;8;191;226;198;275;99;289
Paeonia delavayi;Halle;Pae_del_Hal;2019;86;93;93;93;80;149;56;254;289;220;330;100;330
Paeonia officinalis;Leipzig;Pae_off_Lei;2019;16;NA;NA;128;NA;142;NA;163;NA;212;219;NA;NA
Paeonia officinalis;Jena;Pae_off_Jen;2019;72;80;120;128;75;135;15;205;288;219;310;75;332
Paeonia officinalis;Halle;Pae_off_Hal;2019;79;107;122;135;100;198;76;205;226;184;220;80;226
Paeonia peregrina;Halle;Pae_per_Hal;2019;45;86;128;135;100;135;7;205;226;177;262;100;345
Paeonia peregrina;Leipzig;Pae_per_Lei;2019;16;NA;NA;NA;NA;149;NA;163;NA;212;219;NA;NA
Paeonia peregrina;Jena;Pae_per_Jen;2019;80;100;120;135;75;142;22;205;288;219;317;100;317
Penstemon grandiflorus;Leipzig;Pen_gra_Lei;2019;72;100;NA;156;NA;184;NA;177;NA;247;268;NA;NA
Petasites hybridus;Jena;Pet_hyb_Jen;2019;80;80;65;86;95;107;42;NA;NA;212;282;75;332
Phlomis russeliana;Halle;Phl_rus_Hal;2019;NA;79;156;163;100;282;126;191;268;177;330;75;352
Phlomis russeliana;Jena;Phl_rus_Jen;2019;45;80;156;170;75;205;49;219;353;282;282;25;353
Plantago lanceolata;Jena;Pla_lan_Jen;2019;17;115;156;156;50;288;132;219;288;192;198;50;353
Plantago lanceolata;Halle;Pla_lan_Hal;2019;45;65;135;156;70;254;119;170;289;191;268;75;352
Plantago lanceolata;Leipzig;Pla_lan_Lei;2019;37;149;NA;170;NA;191;NA;191;NA;254;268;NA;NA
Platycodon grandiflorus;Halle;Pla_gra_Hal;2019;86;122;177;184;80;233;56;240;289;220;289;100;289
Podophyllum peltatum;Leipzig;Pod_pel_Lei;2019;16;100;NA;135;NA;142;NA;NA;NA;156;163;NA;NA
Podophyllum peltatum;Halle;Pod_pel_Hal;2019;72;93;122;128;100;149;27;NA;NA;177;268;100;268
Polygonatum multiflorum;Halle;Pol_mul_Hal;2019;79;107;135;149;90;149;14;233;324;268;296;100;324
Polygonatum multiflorum;Jena;Pol_mul_Jen;2019;100;100;142;156;25;170;28;212;310;240;317;100;338
Polygonatum verticillatum;Leipzig;Pol_ver_Lei;2019;93;107;120;135;NA;149;29;198;NA;254;303;NA;NA
Primula denticulata;Halle;Pri_den_Hal;2019;65;72;79;86;100;114;35;128;163;184;324;95;330
Primula denticulata;Leipzig;Pri_den_Lei;2019;65;NA;NA;100;NA;120;NA;NA;NA;219;310;NA;NA
Primula denticulata;Jena;Pri_den_Jen;2019;17;219;58;86;95;128;70;135;142;219;346;100;346
Primula veris;Jena;Pri_ver_Jen;2019;17;30;100;107;95;254;154;177;198;185;338;50;353
Primula veris;Halle;Pri_ver_Hal;2019;45;65;72;107;60;135;63;156;156;149;220;80;317
Primula acaulis;Jena;Pri_aca_Jen;2019;NA;NA;NA;NA;NA;NA;NA;NA;NA;NA;NA;NA;NA
Primula acaulis;Halle;Pri_aca_Hal;2019;NA;122;45;86;100;352;307;NA;NA;163;275;80;352
Prunella grandiflora;Jena;Pru_gra_Jen;2019;58;65;164;177;75;332;168;219;353;282;310;95;353
Prunella grandiflora;Halle;Pru_gra_Hal;2019;51;72;156;163;80;324;168;184;289;184;275;50;352
Prunella grandiflora;Leipzig;Pru_gra_Lei;2019;37;86;163;177;NA;191;28;191;NA;247;323;NA;NA
Prunella vulgaris;Jena;Pru_vul_Jen;2019;65;65;170;192;25;233;63;212;233;226;261;95;353
Puschkinia scilloides;Halle;Pus_sci_Hal;2019;NA;NA;79;79;90;100;21;NA;NA;114;149;100;156
Ranunculus acris;Jena;Ran_acr_Jen;2019;30;17;115;156;75;338;223;164;317;192;353;75;353
Ranunculus acris;Halle;Ran_acr_Hal;2019;NA;37;114;122;50;198;84;191;191;177;345;95;352
Ranunculus lanuginosus;Jena;Ran_lan_Jen;2019;17;30;107;115;95;156;49;142;164;185;353;75;353
Rheum palmatum;Jena;Rhe_pal_Jen;2019;100;93;NA;NA;NA;NA;NA;NA;NA;185;240;100;282
Rheum rhabarbarum;Jena;Rhe_rha_Jen;2019;45;86;120;135;100;156;36;NA;NA;192;296;50;317
Roscoea purpurea;Leipzig;Ros_pur_Lei;2019;NA;170;191;205;NA;226;35;NA;NA;240;268;NA;NA
Rubus chamaemorus;Jena;Rub_cha_Jen;2019;100;100;128;128;5;142;14;NA;NA;212;212;5;226
Rumex acetosa;Jena;Rum_ace_Jen;2019;17;17;120;135;95;205;85;149;226;233;332;100;346
Salvia amplexicaulis;Leipzig;Sal_amp_Lei;2019;51;93;NA;184;NA;191;NA;191;NA;268;283;NA;NA
Salvia nemorosa;Jena;Sal_nem_Jen;2019;17;30;170;170;50;267;97;192;338;254;338;95;338
Salvia officinalis;Leipzig;Sal_off_Lei;2019;72;100;142;149;NA;170;28;177;NA;268;317;NA;NA
Salvia officinalis;Jena;Sal_off_Jen;2019;17;17;149;156;50;332;183;192;353;288;324;25;353
Salvia officinalis;Halle;Sal_off_Hal;2019;65;65;135;149;100;212;77;170;191;184;220;80;352
Saponaria officinalis;Halle;Sap_off_Hal;2019;45;79;177;191;95;275;98;220;268;220;275;60;296
Saponaria officinalis;Jena;Sap_off_Jen;2019;65;37;177;192;75;267;90;226;261;254;254;25;254
Saponaria officinalis;Leipzig;Sap_off_Lei;2019;58;100;NA;NA;NA;NA;NA;NA;NA;226;310;NA;NA
Saxifraga paniculata;Jena;Sax_pan_Jen;2019;115;120;128;142;95;156;28;177;192;282;296;50;353
Saxifraga paniculata;Halle;Sax_pan_Hal;2019;45;65;135;156;95;163;28;170;198;184;289;15;352
Saxifraga paniculata;Leipzig;Sax_pan_Lei;2019;51;NA;NA;156;NA;184;NA;191;NA;226;NA;NA;NA
Saxifraga rotundifolia;Halle;Sax_rot_Hal;2019;NA;79;114;135;95;163;49;184;240;184;247;25;324
Scabiosa ochroleuca;Leipzig;Sca_och_Lei;2019;72;100;198;212;NA;310;112;240;NA;283;310;NA;NA
Scopolia carniolica;Jena;Sco_car_Jen;2019;72;72;100;NA;NA;107;7;NA;NA;164;177;100;185
Scopolia carniolica;Halle;Sco_car_Hal;2019;NA;NA;79;86;90;163;84;NA;NA;156;226;100;233
Scopolia carniolica;Leipzig;Sco_car_Lei;2019;72;NA;NA;93;NA;113;NA;NA;NA;170;177;NA;NA
Securigera varia;Halle;Sec_var_Hal;2019;51;58;163;170;95;205;42;212;226;177;275;95;352
Securigera varia;Jena;Sec_var_Jen;2019;30;17;170;212;80;233;63;288;296;282;353;95;353
Phedimus spurius;Halle;Phe_spu_Hal;2019;23;65;177;184;30;205;28;220;262;198;330;95;352
Phedimus stoloniferus;Leipzig;Phe_sto_Lei;2019;NA;93;NA;184;NA;NA;NA;205;NA;268;310;NA;NA
Sempervivum tectorum;Jena;Sem_tec_Jen;2019;115;120;164;177;100;177;13;212;212;296;353;75;353
Senecio nemorensis;Halle;Sen_nem_Hal;2019;93;100;212;233;90;268;56;233;330;226;330;100;330
Senecio nemorensis;Jena;Sen_nem_Jen;2019;93;93;212;212;75;219;7;226;296;254;324;100;332
Silene coronaria;Leipzig;Sil_cor_Lei;2019;37;93;156;170;NA;191;35;198;NA;205;247;NA;NA
Silene coronaria;Halle;Sil_cor_Hal;2019;45;72;170;170;50;191;21;212;268;191;296;75;303
Silene coronaria;Jena;Sil_cor_Jen;2019;45;72;NA;NA;NA;NA;NA;NA;NA;317;317;5;353
Silene dioica;Halle;Sil_dio_Hal;2019;NA;79;107;135;90;289;182;177;296;177;247;95;352
Silene nutans;Leipzig;Sil_nut_Lei;2019;72;93;142;NA;NA;156;14;170;NA;226;338;NA;NA
Heliosperma pusillum;Leipzig;Hel_pus_Lei;2019;44;86;NA;156;NA;170;NA;177;NA;275;NA;NA;NA
Viscaria vulgaris;Halle;Vis_vul_Hal;2019;NA;79;86;114;90;128;42;156;198;163;247;50;345
Silene vulgaris;Halle;Sil_vul_Hal;2019;45;58;156;163;40;303;147;170;268;177;330;100;345
Silene vulgaris;Jena;Sil_vul_Jen;2019;65;72;156;164;50;240;84;226;282;282;353;100;353
Silene vulgaris;Leipzig;Sil_vul_Lei;2019;72;100;NA;156;NA;170;NA;177;NA;219;310;NA;NA
Silphium integrifolium;Halle;Sil_int_Hal;2019;NA;79;191;220;95;282;91;275;289;268;296;100;296
Silphium integrifolium;Jena;Sil_int_Jen;2019;65;72;219;226;100;247;28;NA;NA;NA;NA;NA;NA
Solanum dulcamara;Halle;Sol_dul_Hal;2019;93;100;128;163;90;233;105;184;310;184;324;100;324
Solidago canadensis;Jena;Sol_can_Jen;2019;17;37;198;233;75;254;56;261;296;261;317;95;317
Solidago virgaurea;Jena;Sol_vir_Jen;2019;80;86;142;149;95;219;77;177;192;282;346;95;353
Solidago virgaurea;Halle;Sol_vir_Hal;2019;NA;79;247;268;95;303;56;289;324;296;338;100;338
Tanacetum vulgare;Leipzig;Tan_vul_Lei;2019;44;93;184;198;NA;219;35;212;NA;226;240;NA;NA
Tanacetum vulgare;Jena;Tan_vul_Jen;2019;17;17;198;212;50;240;42;205;205;205;247;95;346
Tanacetum vulgare;Halle;Tan_vul_Hal;2019;65;65;191;198;100;205;14;220;268;170;268;95;289
Thalictrum minus;Leipzig;Tha_min_Lei;2019;79;107;NA;156;NA;184;NA;184;NA;247;268;NA;NA
Thalictrum minus;Jena;Tha_min_Jen;2019;93;100;164;164;25;177;13;192;296;247;303;100;296
Thymus serpyllum;Halle;Thy_ser_Hal;2019;58;58;177;177;100;324;147;NA;NA;275;282;5;352
Thymus serpyllum;Jena;Thy_ser_Jen;2019;NA;NA;NA;NA;NA;NA;NA;NA;NA;NA;NA;NA;NA
Trapa natans;Leipzig;Tra_nat_Lei;2019;120;135;NA;NA;NA;NA;NA;NA;NA;156;184;NA;NA
Trapa natans;Jena;Tra_nat_Jen;2019;NA;192;NA;NA;NA;NA;NA;NA;NA;212;212;5;212
Trapa natans;Halle;Tra_nat_Hal;2019;142;149;184;212;50;247;63;NA;NA;220;282;100;282
Trillium sessile;Jena;Tri_ses_Jen;2019;45;72;100;115;100;142;42;NA;NA;177;185;100;240
Trillium sessile;Leipzig;Tri_ses_Lei;2019;51;72;NA;100;NA;128;NA;184;NA;156;191;NA;NA
Trollius europaeus;Leipzig;Tro_eur_Lei;2019;58;93;NA;135;NA;163;NA;177;NA;184;219;NA;NA
Trollius europaeus;Halle;Tro_eur_Hal;2019;72;72;114;135;50;135;21;NA;NA;191;324;100;324
Trollius europaeus;Jena;Tro_eur_Jen;2019;65;86;142;142;75;156;14;185;185;212;338;100;346
Tulipa saxatilis;Halle;Tul_sax_Hal;2019;NA;65;107;114;70;114;7;NA;NA;122;156;100;163
Tulipa sylvestris;Jena;Tul_syl_Jen;2019;17;NA;93;100;95;107;14;177;212;115;149;100;267
Tulipa sylvestris;Halle;Tul_syl_Hal;2019;2;65;100;100;100;107;7;177;282;122;163;100;220
Tussilago farfara;Halle;Tus_far_Hal;2019;93;122;86;86;100;114;28;122;128;114;317;95;324
Tussilago farfara;Leipzig;Tus_far_Lei;2019;NA;93;NA;72;NA;107;NA;120;NA;226;296;NA;NA
Urtica dioica;Jena;Urt_dio_Jen;2019;51;51;156;164;50;233;77;226;296;254;353;95;353
Urtica dioica;Leipzig;Urt_dio_Lei;2019;16;79;135;149;NA;191;56;191;NA;226;NA;NA;NA
Vaccinium myrtillus;Jena;Vac_myr_Jen;2019;93;93;135;135;50;142;7;219;240;219;219;50;353
Vaccinium myrtillus;Leipzig;Vac_myr_Lei;2019;16;100;NA;NA;NA;NA;NA;NA;NA;296;163;NA;NA
Vaccinium oxycoccos;Leipzig;Vac_oxy_Lei;2019;16;93;NA;156;NA;191;NA;198;NA;283;NA;NA;NA
Vaccinium oxycoccos;Jena;Vac_oxy_Jen;2019;128;128;128;142;75;170;42;45;353;296;310;25;353
Vaccinium uliginosum;Halle;Vac_uli_Hal;2019;72;72;114;114;100;135;21;NA;NA;191;345;100;345
Veratrum album;Halle;Ver_alb_Hal;2019;79;86;163;191;80;220;57;NA;NA;184;254;100;254
Veratrum album;Jena;Ver_alb_Jen;2019;65;NA;170;177;75;233;63;254;261;212;303;100;317
Veratrum nigrum;Jena;Ver_nig_Jen;2019;65;NA;212;219;75;226;14;205;288;212;310;100;317
Veratrum nigrum;Halle;Ver_nig_Hal;2019;45;72;205;220;40;220;15;NA;NA;184;296;100;296
Veratrum nigrum;Leipzig;Ver_nig_Lei;2019;51;100;NA;NA;NA;NA;NA;NA;NA;247;283;NA;NA
Vinca minor;Jena;Vin_min_Jen;2019;45;45;51;93;95;120;69;NA;NA;324;324;5;332
Vinca minor;Halle;Vin_min_Hal;2019;51;79;93;NA;NA;93;0;NA;NA;310;345;25;352
Vinca minor;Leipzig;Vin_min_Lei;2019;37;NA;93;107;NA;142;49;NA;NA;317;NA;NA;NA
Vincetoxicum hirundinaria;Leipzig;Vin_hir_Lei;2019;93;107;128;142;NA;191;63;212;NA;268;283;NA;NA
Vincetoxicum hirundinaria;Jena;Vin_hir_Jen;2019;100;100;142;149;75;226;84;240;240;247;303;95;296
Vincetoxicum hirundinaria;Halle;Vin_hir_Hal;2019;100;114;135;205;95;247;112;233;289;262;296;100;296
Viola odorata;Halle;Vio_odo_Hal;2019;170;107;79;79;100;338;259;128;212;184;345;75;352
Salvia pratensis;Jena;Sal_pra_Jen;2019;NA;NA;149;NA;NA;163;14;NA;NA;178;NA;NA;219
Geum urbanum;Jena;Geu_urb_Jen;2019;NA;NA;149;NA;NA;178;29;191;226;205;NA;NA;226
Achillea millefolium;Halle;Ach_mil_Hal;2020;15;7;162;182;100;239;77;239;302;189;302;50;350
Achillea millefolium;Jena;Ach_mil_Jen;2020;38;38;189;267;80;309;120;246;323;260;317;100;323
Aconitum lycoctonum;Halle;Aco_lyc_Hal;2020;64;72;141;168;75;210;69;189;302;196;337;100;337
Aconitum lycoctonum;Jena;Aco_lyc_Jen;2020;NA;NA;NA;NA;NA;NA;NA;317;317;317;317;100;323
Acorus calamus;Halle;Aco_cal_Hal;2020;15;127;155;155;50;155;0;225;287;7;337;100;337
Acorus calamus;Jena;Aco_cal_Jen;2020;106;134;169;169;50;182;13;232;296;182;281;100;337
Acorus calamus;Leipzig;Aco_cal_Lei;2020;71;NA;NA;148;NA;169;NA;NA;NA;NA;NA;NA;NA
Actaea spicata;Jena;Act_spi_Jen;2020;57;64;NA;NA;NA;NA;NA;218;239;218;239;100;337
Adonis amurensis;Leipzig;Ado_amu_Lei;2020;NA;58;NA;NA;NA;65;NA;120;NA;120;134;NA;NA
Adonis vernalis;Jena;Ado_ver_Jen;2020;15;15;106;114;75;127;21;NA;NA;189;239;100;344
Adonis vernalis;Halle;Ado_ver_Hal;2020;64;78;78;98;95;119;41;162;176;182;282;100;282
Aegopodium podagraria;Halle;Aeg_pod_Hal;2020;49;56;155;162;95;176;21;210;225;232;239;10;315
Aegopodium podagraria;Jena;Aeg_pod_Jen;2020;57;57;169;169;50;182;13;218;351;218;351;100;351
Aegopodium podagraria;Leipzig;Aeg_pod_Lei;2020;65;99;NA;NA;NA;NA;NA;NA;NA;225;239;NA;NA
Agrimonia eupatoria;Jena;Agr_eup_Jen;2020;38;57;148;189;80;196;48;NA;NA;274;323;90;344
Alchemilla vulgaris;Leipzig;Alc_vul_Lei;2020;65;99;NA;134;NA;183;NA;190;NA;225;NA;NA;NA
Alchemilla xanthochlora;Jena;Alc_xan_Jen;2020;15;71;141;148;90;162;21;204;204;225;344;90;344
Alchemilla xanthochlora;Halle;Alc_xan_Hal;2020;15;30;106;155;75;302;196;189;302;182;350;99;350
Allium schoenoprasum;Halle;All_sch_Hal;2020;15;43;127;141;95;294;167;182;330;119;330;75;343
Allium ursinum;Halle;All_urs_Hal;2020;35;49;106;119;100;148;42;162;162;106;162;100;162
Allium ursinum;Jena;All_urs_Jen;2020;30;57;114;127;100;134;20;169;169;120;189;100;189
Allium ursinum;Leipzig;All_urs_Lei;2020;NA;78;NA;113;NA;141;NA;NA;NA;155;NA;NA;NA
Allium victorialis;Halle;All_vic_Hal;2020;78;106;133;155;75;162;29;189;239;196;287;100;287
Allium victorialis;Jena;All_vic_Jen;2020;57;92;148;155;75;155;7;189;296;204;296;100;351
Althaea officinalis;Halle;Alt_off_Hal;2020;78;98;196;218;75;287;91;253;302;204;302;20;302
Althaea officinalis;Jena;Alt_off_Jen;2020;64;120;196;218;80;225;29;232;323;225;302;100;344
Amorpha canescens;Halle;Amo_can_Hal;2020;119;127;189;196;75;210;21;210;287;204;287;80;287
Anemone nemorosa;Jena;Ane_nem_Jen;2020;85;85;92;99;100;120;28;NA;NA;155;239;100;344
Anemone nemorosa;Leipzig;Ane_nem_Lei;2020;NA;71;NA;113;NA;141;NA;NA;NA;155;NA;NA;NA
Anemone nemorosa;Halle;Ane_nem_Hal;2020;49;56;72;98;100;119;47;168;204;148;218;100;218
Pulsatilla vulgaris;Leipzig;Pul_vul_Lei;2020;71;NA;98;113;NA;127;29;134;NA;225;253;NA;NA
Pulsatilla vulgaris;Halle;Pul_vul_Hal;2020;30;78;78;85;75;98;20;119;148;7;7;95;350
Pulsatilla vulgaris;Jena;Pul_vul_Jen;2020;15;92;79;92;70;182;103;141;225;148;323;90;323
Anemone hupehensis;Leipzig;Ane_hup_Lei;2020;NA;113;183;204;NA;NA;NA;NA;NA;NA;NA;NA;NA
Anemone hupehensis;Halle;Ane_hup_Hal;2020;72;85;189;218;95;232;43;282;315;246;294;15;315
Anemone sylvestris;Halle;Ane_syl_Hal;2020;35;78;119;119;100;302;183;162;343;189;350;99;350
Anemone sylvestris;Leipzig;Ane_syl_Lei;2020;NA;106;NA;127;NA;141;NA;NA;NA;225;NA;NA;NA
Anemone sylvestris;Jena;Ane_syl_Jen;2020;64;64;120;127;95;134;14;189;189;155;323;100;344
Anemone transsilvanica;Halle;Ane_tra_Hal;2020;64;98;72;85;75;106;34;NA;NA;232;330;30;330
Angelica archangelica;Jena;Ang_arc_Jen;2020;44;71;182;182;25;211;29;218;323;10;10;100;358
Angelica archangelica;Halle;Ang_arc_Hal;2020;15;49;133;133;25;133;0;168;225;119;246;100;246
Antennaria dioica;Jena;Ant_dio_Jen;2020;15;15;106;120;50;134;28;162;162;2;2;25;2
Anthericum ramosum;Leipzig;Ant_ram_Lei;2020;85;113;NA;169;NA;NA;NA;NA;NA;274;NA;NA;NA
Aquilegia chrysantha;Leipzig;Aqu_chr_Lei;2020;NA;113;120;127;NA;NA;NA;176;NA;232;260;NA;NA
Aquilegia vulgaris;Jena;Aqu_vul_Jen;2020;10;57;120;141;75;162;42;189;358;2;2;100;358
Aquilegia vulgaris;Halle;Aqu_vul_Hal;2020;43;56;119;133;95;162;43;168;210;182;343;100;343
Arctostaphylos uva-ursi;Jena;Arc_uva_Jen;2020;NA;148;120;120;5;120;0;NA;NA;2;127;80;344
Armoracia rusticana;Jena;Arm_rus_Jen;2020;15;71;162;162;25;162;0;NA;NA;176;302;90;309
Armoracia rusticana;Halle;Arm_rus_Hal;2020;64;85;NA;NA;NA;NA;NA;NA;NA;168;323;100;323
Arnica chamissonis;Jena;Arn_cha_Jen;2020;NA;NA;NA;NA;NA;NA;NA;NA;NA;NA;NA;NA;NA
Arnica longifolia;Leipzig;Arn_lon_Lei;2020;71;106;141;155;NA;225;84;169;NA;245;274;NA;NA
Arnica longifolia;Jena;Arn_lon_Jen;2020;57;71;79;189;90;225;146;189;274;239;323;100;358
Artemisia absinthium;Jena;Art_abs_Jen;2020;148;148;211;232;70;246;35;351;351;2;2;100;358
Artemisia absinthium;Halle;Art_abs_Hal;2020;15;7;210;225;75;225;15;253;337;182;350;99;350
Arum italicum;Halle;Aru_ita_Hal;2020;7;7;148;148;5;148;0;NA;NA;168;218;100;218
Arum italicum;Jena;Aru_ita_Jen;2020;57;57;NA;NA;NA;NA;NA;NA;NA;114;120;90;120
Arum maculatum;Leipzig;Aru_mac_Lei;2020;NA;58;NA;NA;NA;NA;NA;NA;NA;141;148;NA;NA
Arum maculatum;Jena;Aru_mac_Jen;2020;44;57;141;141;10;141;0;NA;NA;114;120;50;120
Arum maculatum;Halle;Aru_mac_Hal;2020;7;35;119;119;50;133;14;196;210;141;162;100;162
Asarum canadense;Leipzig;Asa_can_Lei;2020;85;113;NA;141;NA;162;NA;169;NA;58;260;NA;NA
Asarum europaeum;Jena;Asa_eur_Jen;2020;NA;358;NA;NA;NA;NA;NA;NA;NA;323;351;30;351
Asarum europaeum;Leipzig;Asa_eur_Lei;2020;92;120;NA;134;NA;148;NA;NA;NA;225;NA;NA;NA
Asarum europaeum;Halle;Asa_eur_Hal;2020;49;98;98;106;95;141;43;155;182;148;148;5;330
Asphodelus albus;Jena;Asp_alb_Jen;2020;30;79;120;134;50;155;35;189;317;2;246;100;337
Asphodelus albus;Halle;Asp_alb_Hal;2020;56;72;127;133;50;141;14;189;210;155;218;100;218
Atropa belladonna;Halle;Atr_bel_Hal;2020;72;92;148;162;75;189;41;196;273;196;287;75;287
Aurinia saxatilis;Halle;Aur_sax_Hal;2020;30;7;92;106;95;162;70;155;182;7;7;95;350
Bergenia purpurascens;Jena;Ber_pur_Jen;2020;57;30;79;79;5;85;6;106;106;2;330;100;358
Bergenia purpurascens;Leipzig;Ber_pur_Lei;2020;NA;NA;78;92;NA;106;28;NA;NA;225;58;NA;NA
Stachys officinalis;Jena;Sta_off_Jen;2020;NA;NA;NA;NA;NA;NA;NA;323;358;317;317;100;358
Bistorta officinalis;Halle;Bis_off_Hal;2020;56;64;119;133;95;210;91;NA;NA;182;350;100;350
Bistorta officinalis;Jena;Bis_off_Jen;2020;10;30;127;141;95;260;133;155;274;134;302;100;323
Brunnera macrophylla;Halle;Bru_mac_Hal;2020;64;72;72;106;95;350;278;NA;NA;7;7;95;350
Brunnera macrophylla;Jena;Bru_mac_Jen;2020;30;57;120;127;50;148;28;NA;NA;2;2;100;358
Bunias orientalis;Halle;Bun_ori_Hal;2020;30;35;119;133;95;182;63;204;218;176;343;90;350
Bunias orientalis;Leipzig;Bun_ori_Lei;2020;NA;99;NA;155;NA;169;NA;169;NA;225;NA;NA;NA
Bunias orientalis;Jena;Bun_ori_Jen;2020;15;38;127;134;95;176;49;204;323;2;2;75;358
Cakile maritima;Halle;Cak_mar_Hal;2020;35;30;141;168;95;330;189;204;330;196;343;100;343
Calla palustris;Halle;Cal_pal_Hal;2020;30;98;148;162;50;210;62;196;302;141;310;100;310
Calla palustris;Jena;Cal_pal_Jen;2020;99;114;169;169;25;225;56;253;288;148;337;100;337
Caltha palustris;Leipzig;Cal_pal_Lei;2020;58;113;99;NA;NA;134;35;155;NA;232;245;NA;NA
Caltha palustris;Halle;Cal_pal_Hal;2020;30;78;98;113;95;141;43;155;210;162;323;100;337
Camassia cusickii;Jena;Cam_cus_Jen;2020;23;52;NA;NA;NA;NA;NA;NA;NA;162;211;100;232
Camassia cusickii;Halle;Cam_cus_Hal;2020;43;56;113;119;25;127;14;182;204;133;204;100;204
Campanula rotundifolia;Halle;Cam_rot_Hal;2020;35;64;189;225;75;239;50;218;253;189;246;90;253
Campanula rotundifolia;Jena;Cam_rot_Jen;2020;NA;99;141;162;90;253;112;204;302;169;260;100;358
Campanula rotundifolia;Leipzig;Cam_rot_Lei;2020;NA;127;NA;176;NA;197;NA;NA;NA;211;218;NA;NA
Carex sylvatica;Halle;Car_syl_Hal;2020;64;7;113;127;95;155;42;218;294;7;343;80;350
Centaurea jacea;Jena;Cen_jac_Jen;2020;71;44;182;189;50;323;141;211;358;211;211;25;358
Centaurea scabiosa;Jena;Cen_sca_Jen;2020;57;71;155;169;50;296;141;196;296;211;358;30;358
Centranthus ruber;Jena;Cen_rub_Jen;2020;57;10;134;162;50;196;62;NA;NA;2;2;50;358
Centranthus ruber;Halle;Cen_rub_Hal;2020;15;7;148;162;100;287;139;189;287;210;260;15;287
Chelidonium majus;Halle;Che_maj_Hal;2020;15;7;7;119;95;189;182;155;176;155;182;95;350
Chelidonium majus;Jena;Che_maj_Jen;2020;10;44;106;114;50;281;175;155;317;2;218;60;358
Clematis integrifolia;Halle;Cle_int_Hal;2020;56;92;141;155;95;260;119;182;287;225;287;10;287
Clematis recta;Halle;Cle_rec_Hal;2020;98;113;155;182;95;253;98;218;287;218;287;10;287
Clematis recta;Jena;Cle_rec_Jen;2020;30;99;155;169;90;182;27;232;323;288;323;90;323
Clematis stans;Leipzig;Cle_sta_Lei;2020;58;113;266;274;NA;NA;NA;NA;NA;NA;NA;NA;NA
Colchicum autumnale;Jena;Col_aut_Jen;2020;2;44;239;253;100;267;28;NA;NA;120;189;100;189
Colchicum autumnale;Halle;Col_aut_Hal;2020;7;49;239;253;100;260;21;NA;NA;141;168;100;168
Colchicum autumnale;Leipzig;Col_aut_Lei;2020;NA;85;NA;NA;NA;NA;NA;NA;NA;141;169;NA;NA
Comarum palustre;Halle;Com_pal_Hal;2020;30;98;133;162;25;162;29;189;273;168;337;100;337
Comarum palustre;Jena;Com_pal_Jen;2020;99;106;141;148;25;176;35;189;317;182;317;100;337
Conium maculatum;Halle;Con_mac_Hal;2020;15;7;155;162;75;168;13;182;218;7;218;100;218
Conium maculatum;Jena;Con_mac_Jen;2020;15;15;189;189;50;260;71;218;288;169;358;80;337
Convallaria majalis;Halle;Con_maj_Hal;2020;78;98;113;119;95;133;20;273;350;246;323;100;337
Convallaria majalis;Jena;Con_maj_Jen;2020;64;114;127;141;50;155;28;246;288;176;330;100;330
Convallaria majalis;Leipzig;Con_maj_Lei;2020;92;120;NA;134;NA;155;NA;176;NA;232;260;NA;NA
Corydalis solida;Halle;Cor_sol_Hal;2020;92;98;98;106;75;113;15;NA;NA;141;148;100;155
Crocus speciosus;Jena;Cro_spe_Jen;2020;10;23;44;296;50;302;258;NA;NA;148;162;100;351
Crocus speciosus;Halle;Cro_spe_Hal;2020;7;7;273;273;20;294;21;NA;NA;113;148;100;155
Crocus vernus;Leipzig;Cro_ver_Lei;2020;NA;58;NA;71;NA;85;NA;NA;NA;NA;113;NA;NA
Cyclamen coum;Leipzig;Cyc_cou_Lei;2020;58;106;NA;NA;NA;274;NA;NA;NA;NA;113;NA;NA
Cyclamen coum;Jena;Cyc_cou_Jen;2020;274;10;15;57;100;358;343;120;162;92;155;100;155
Cyclamen hederifolium;Leipzig;Cyc_hed_Lei;2020;NA;58;NA;NA;NA;NA;NA;127;NA;120;127;NA;NA
Dactylis glomerata;Halle;Dac_glo_Hal;2020;15;7;148;162;100;182;34;189;302;7;343;90;343
Dactylorhiza majalis;Jena;Dac_maj_Jen;2020;NA;99;162;162;15;162;0;225;260;169;260;100;337
Daphne laureola;Halle;Dap_lau_Hal;2020;30;30;30;35;100;113;83;155;239;7;7;5;337
Dianthus deltoides;Halle;Dia_del_Hal;2020;15;15;113;182;95;204;91;189;225;7;7;95;350
Dianthus superbus;Jena;Dia_sup_Jen;2020;71;79;232;288;70;296;64;NA;NA;2;2;95;351
Dianthus superbus;Leipzig;Dia_sup_Lei;2020;65;106;NA;NA;NA;176;NA;183;NA;58;NA;NA;NA
Dictamnus albus;Jena;Dic_alb_Jen;2020;99;120;148;155;50;162;14;127;358;2;2;100;358
Dictamnus albus;Halle;Dic_alb_Hal;2020;72;113;148;155;95;162;14;189;218;225;330;100;330
Dictamnus albus;Leipzig;Dic_alb_Lei;2020;78;NA;141;155;NA;176;35;211;NA;239;274;NA;NA
Doronicum pardalianches;Halle;Dor_par_Hal;2020;15;7;119;133;100;176;57;176;182;189;273;90;294
Dryas octopetala;Halle;Dry_oct_Hal;2020;15;30;113;119;95;239;126;148;350;246;343;99;350
Dryas octopetala;Jena;Dry_oct_Jen;2020;64;15;120;127;50;148;28;162;281;2;337;100;358
Dryas octopetala;Leipzig;Dry_oct_Lei;2020;NA;113;NA;58;NA;78;NA;162;NA;99;106;NA;NA
Epilobium angustifolium;Halle;Epi_ang_Hal;2020;98;106;168;182;75;232;64;189;232;189;239;100;239
Epilobium angustifolium;Jena;Epi_ang_Jen;2020;71;71;169;189;80;260;91;218;323;189;309;100;323
Eranthis hyemalis;Halle;Era_hye_Hal;2020;78;35;15;43;100;56;41;NA;NA;113;113;25;119
Eranthis hyemalis;Leipzig;Era_hye_Lei;2020;58;71;NA;58;NA;65;NA;NA;NA;106;113;NA;NA
Eranthis hyemalis;Jena;Era_hye_Jen;2020;10;44;44;57;100;52;8;114;120;114;134;100;141
Erica tetralix;Jena;Eri_tet_Jen;2020;337;344;182;189;50;274;92;260;358;323;323;20;344
Eryngium campestre;Halle;Ery_cam_Hal;2020;43;56;196;225;95;232;36;239;282;210;282;100;282
Eryngium campestre;Leipzig;Ery_cam_Lei;2020;58;99;197;211;NA;NA;NA;239;NA;274;NA;NA;NA
Eryngium maritimum;Halle;Ery_mar_Hal;2020;92;106;168;204;40;239;71;253;330;210;330;99;350
Eupatorium cannabinum;Halle;Eup_can_Hal;2020;98;113;182;196;75;225;43;239;315;239;310;50;315
Eupatorium cannabinum;Leipzig;Eup_can_Lei;2020;113;134;190;204;NA;NA;NA;218;NA;266;NA;NA;NA
Eupatorium cannabinum;Jena;Eup_can_Jen;2020;44;120;182;225;100;232;50;239;309;189;317;100;317
Filipendula vulgaris;Leipzig;Fil_vul_Lei;2020;58;99;NA;155;NA;176;NA;NA;NA;225;239;NA;NA
Fragaria vesca;Leipzig;Fra_ves_Lei;2020;71;99;NA;127;NA;155;NA;155;NA;260;58;NA;NA
Fragaria vesca;Jena;Fra_ves_Jen;2020;57;64;127;141;50;155;28;NA;NA;2;2;75;358
Fragaria vesca;Halle;Fra_ves_Hal;2020;7;15;78;98;75;189;111;204;210;7;350;60;350
Fuchsia magellanica;Halle;Fuc_mag_Hal;2020;113;119;182;225;95;330;148;NA;NA;282;310;2;330
Galanthus ikariae;Halle;Gal_ika_Hal;2020;7;21;35;43;100;56;21;NA;NA;119;148;100;155
Galanthus nivalis;Jena;Gal_niv_Jen;2020;358;NA;38;38;95;64;26;141;141;106;148;100;148
Galanthus nivalis;Leipzig;Gal_niv_Lei;2020;NA;NA;58;NA;NA;78;20;NA;NA;113;120;NA;NA
Galanthus nivalis;Halle;Gal_niv_Hal;2020;7;7;30;43;75;64;34;NA;NA;127;155;100;155
Galanthus plicatus;Halle;Gal_pli_Hal;2020;7;35;49;64;100;78;29;NA;NA;127;155;100;155
Galega officinalis;Jena;Gal_off_Jen;2020;15;30;169;182;90;260;91;2;323;2;2;100;323
Galega officinalis;Halle;Gal_off_Hal;2020;30;30;168;182;95;253;85;218;287;204;287;75;310
Galium mollugo;Jena;Gal_mol_Jen;2020;NA;317;NA;NA;NA;NA;NA;NA;NA;317;344;90;358
Galium mollugo;Leipzig;Gal_mol_Lei;2020;65;99;155;169;NA;183;28;169;NA;NA;NA;NA;NA
Galium odoratum;Jena;Gal_odo_Jen;2020;52;57;141;141;5;141;0;NA;NA;344;344;40;344
Galium odoratum;Halle;Gal_odo_Hal;2020;30;56;113;119;50;162;49;225;225;7;43;100;350
Gaultheria shallon;Jena;Gau_sha_Jen;2020;64;127;148;155;50;189;41;204;211;2;2;25;330
Gaultheria shallon;Leipzig;Gau_sha_Lei;2020;65;148;NA;162;NA;190;NA;204;NA;58;NA;NA;NA
Genista tinctoria;Leipzig;Gen_tin_Lei;2020;65;99;NA;176;NA;197;NA;218;NA;232;239;NA;NA
Genista tinctoria;Halle;Gen_tin_Hal;2020;30;72;168;182;100;196;28;225;273;7;7;75;350
Genista tinctoria;Jena;Gen_tin_Jen;2020;57;85;169;176;30;182;13;225;253;2;2;25;2
Gentiana cruciata;Jena;Gen_cru_Jen;2020;71;92;106;211;50;211;105;2;358;2;2;100;358
Gentiana lutea;Leipzig;Gen_lut_Lei;2020;99;113;NA;239;NA;253;NA;266;NA;NA;274;NA;NA
Gentiana lutea;Jena;Gen_lut_Jen;2020;10;71;NA;NA;NA;NA;NA;NA;NA;2;2;100;358
Gentiana tibetica;Leipzig;Gen_tib_Lei;2020;99;120;NA;162;NA;169;NA;190;NA;183;190;NA;NA
Geranium sanguineum;Jena;Ger_san_Jen;2020;64;64;134;141;50;296;162;218;351;2;337;100;358
Geranium sanguineum;Leipzig;Ger_san_Lei;2020;58;99;NA;134;NA;176;NA;169;NA;225;NA;NA;NA
Geum rivale;Halle;Geu_riv_Hal;2020;15;7;113;119;50;155;42;182;302;7;7;50;350
Geum rivale;Leipzig;Geu_riv_Lei;2020;71;99;NA;127;NA;162;NA;148;NA;204;266;NA;NA
Geum rivale;Jena;Geu_riv_Jen;2020;15;15;106;120;50;239;133;182;337;2;351;60;358
Geum urbanum;Halle;Geu_urb_Hal;2020;30;30;133;133;50;176;43;189;239;7;350;80;350
Glechoma hederacea;Jena;Gle_hed_Jen;2020;NA;351;NA;NA;NA;NA;NA;NA;NA;317;344;100;344
Globularia cordifolia;Jena;Glo_cor_Jen;2020;71;2;148;155;5;155;7;211;211;2;2;25;344
Globularia cordifolia;Leipzig;Glo_cor_Lei;2020;71;106;NA;NA;NA;NA;NA;NA;NA;NA;NA;NA;NA
Glycyrrhiza glabra;Halle;Gly_gla_Hal;2020;78;113;168;182;95;210;42;225;302;204;302;40;302
Glycyrrhiza glabra;Jena;Gly_gla_Jen;2020;30;114;NA;NA;NA;NA;NA;309;309;288;337;100;351
Gratiola officinalis;Halle;Gra_off_Hal;2020;30;106;141;168;95;204;63;232;287;189;287;99;287
Gratiola officinalis;Jena;Gra_off_Jen;2020;99;114;169;176;60;239;70;267;330;182;296;100;337
Gunnera manicata;Jena;Gun_man_Jen;2020;57;79;99;114;75;155;56;239;309;232;232;50;309
Gunnera manicata;Leipzig;Gun_man_Lei;2020;NA;NA;127;141;NA;225;98;218;NA;232;NA;NA;NA
Gunnera manicata;Halle;Gun_man_Hal;2020;98;113;133;133;50;148;15;218;282;225;239;10;310
Helianthemum nummularium;Leipzig;Hel_num_Lei;2020;58;92;NA;106;NA;169;NA;169;NA;NA;58;NA;NA
Helianthemum nummularium;Halle;Hel_num_Hal;2020;49;7;127;155;75;330;203;189;350;7;343;75;350
Helianthemum nummularium;Jena;Hel_num_Jen;2020;44;10;134;169;60;317;183;204;351;2;2;75;358
Helichrysum arenarium;Jena;Hel_are_Jen;2020;15;2;127;218;90;281;154;2;351;2;317;40;344
Helleborus niger;Leipzig;Hel_nig_Lei;2020;71;113;NA;NA;NA;NA;NA;NA;NA;225;253;NA;NA
Helleborus niger;Jena;Hel_nig_Jen;2020;281;2;2;92;95;114;112;NA;NA;38;288;50;344
Helleborus orientalis;Jena;Hel_ori_Jen;2020;NA;182;38;57;95;114;76;155;169;2;162;25;358
Helleborus orientalis;Halle;Hel_ori_Hal;2020;78;92;30;56;95;92;62;133;162;155;310;80;350
Helleborus viridis;Halle;Hel_vir_Hal;2020;7;7;35;56;95;92;57;155;210;155;310;100;310
Helleborus viridis;Leipzig;Hel_vir_Lei;2020;NA;NA;NA;65;NA;99;NA;NA;NA;155;211;NA;NA
Hemerocallis dumortieri;Leipzig;Hem_dum_Lei;2020;NA;NA;NA;58;NA;99;NA;NA;NA;225;260;NA;NA
Hemerocallis fulva;Jena;Hem_ful_Jen;2020;10;2;162;176;60;204;42;2;267;2;323;100;323
Hemerocallis fulva;Halle;Hem_ful_Hal;2020;30;56;168;182;75;196;28;NA;NA;141;343;100;343
Anemone hepatica;Jena;Ane_hep_Jen;2020;38;23;71;99;90;106;35;NA;NA;148;NA;NA;148
Anemone transsilvanica;Leipzig;Ane_tra_Lei;2020;NA;99;NA;169;NA;176;NA;218;NA;141;NA;NA;NA
Hibiscus moschatus;Halle;Hib_mos_Hal;2020;127;141;232;239;90;260;28;282;315;246;323;100;323
Hibiscus moschatus;Jena;Hib_mos_Jen;2020;85;85;260;267;50;302;42;2;358;2;2;100;358
Hibiscus moschatus;Leipzig;Hib_mos_Lei;2020;NA;169;239;253;NA;266;27;260;NA;NA;NA;NA;NA
Homogyne sylvestris;Jena;Hom_syl_Jen;2020;30;10;NA;NA;NA;NA;NA;189;189;2;2;75;351
Honckenya peploides;Halle;Hon_pep_Hal;2020;92;98;NA;NA;NA;NA;NA;NA;NA;162;323;100;323
Humulus lupulus;Leipzig;Hum_lup_Lei;2020;NA;92;NA;NA;NA;NA;NA;NA;NA;218;245;NA;NA
Humulus lupulus;Halle;Hum_lup_Hal;2020;72;85;NA;NA;NA;NA;NA;NA;NA;204;323;95;330
Humulus lupulus;Jena;Hum_lup_Jen;2020;30;79;218;239;95;281;63;267;309;162;309;60;309
Hyacinthoides non-scripta;Halle;Hya_non_Hal;2020;35;49;119;133;100;141;22;189;196;155;196;100;196
Hydrocotyle vulgaris;Jena;Hyd_vul_Jen;2020;NA;162;NA;NA;NA;NA;NA;NA;NA;239;330;90;337
Hypericum olympicum;Jena;Hyp_oly_Jen;2020;64;57;120;162;60;182;62;204;204;309;317;10;323
Hypericum olympicum;Halle;Hyp_oly_Hal;2020;30;7;148;162;75;273;125;196;350;7;7;50;350
Hypericum olympicum;Leipzig;Hyp_oly_Lei;2020;71;99;NA;162;NA;183;NA;204;NA;NA;NA;NA;NA
Hypericum perforatum;Halle;Hyp_per_Hal;2020;64;7;162;182;75;239;77;225;302;239;302;50;315
Hypericum perforatum;Jena;Hyp_per_Jen;2020;38;44;162;189;60;253;91;232;302;189;274;80;296
Iberis sempervirens;Halle;Ibe_sem_Hal;2020;35;7;30;113;100;148;118;155;330;7;7;25;350
Iberis sempervirens;Leipzig;Ibe_sem_Lei;2020;NA;NA;92;106;NA;155;63;155;NA;225;58;NA;NA
Iberis sempervirens;Jena;Ibe_sem_Jen;2020;15;2;79;114;95;155;76;189;211;2;15;50;344
Iris pseudacorus;Leipzig;Iri_pse_Lei;2020;NA;99;NA;148;NA;169;NA;NA;NA;232;NA;NA;NA
Iris pseudacorus;Jena;Iri_pse_Jen;2020;71;114;127;127;95;127;0;NA;NA;232;323;100;344
Iris pseudacorus;Halle;Iri_pse_Hal;2020;15;113;148;155;75;168;20;287;302;189;323;100;323
Knautia arvensis;Jena;Kna_arv_Jen;2020;NA;NA;NA;NA;NA;323;0;344;358;323;358;90;358
Lamium album;Jena;Lam_alb_Jen;2020;15;15;2;120;75;344;342;23;344;2;351;90;358
Lamium album;Halle;Lam_alb_Hal;2020;56;7;98;119;95;273;175;NA;NA;168;350;80;350
Lamium galeobdolon;Halle;Lam_gal_Hal;2020;56;7;113;119;75;210;97;NA;NA;189;260;15;350
Lathyrus pratensis;Jena;Lat_pra_Jen;2020;NA;NA;NA;NA;NA;NA;NA;NA;NA;317;323;100;337
Lathyrus vernus;Jena;Lat_ver_Jen;2020;30;71;114;114;25;114;0;NA;NA;2;239;100;344
Lathyrus vernus;Leipzig;Lat_ver_Lei;2020;58;NA;NA;113;NA;127;NA;120;NA;225;NA;NA;NA
Lathyrus vernus;Halle;Lat_ver_Hal;2020;64;85;98;113;50;127;29;155;176;182;337;99;350
Lavandula angustifolia;Jena;Lav_ang_Jen;2020;64;57;162;169;80;218;56;232;323;2;2;50;323
Lavandula angustifolia;Leipzig;Lav_ang_Lei;2020;58;99;NA;169;NA;211;NA;197;NA;239;NA;NA;NA
Lavandula angustifolia;Halle;Lav_ang_Hal;2020;78;15;182;196;50;294;112;210;350;218;343;95;350
Leonurus cardiaca;Leipzig;Leo_car_Lei;2020;NA;106;NA;169;NA;197;NA;204;NA;274;NA;NA;NA
Leonurus cardiaca;Halle;Leo_car_Hal;2020;35;7;162;168;95;210;48;210;287;155;225;10;287
Leonurus cardiaca;Jena;Leo_car_Jen;2020;64;79;162;189;60;204;42;218;358;218;358;100;358
Leucojum aestivum;Halle;Leu_aes_Hal;2020;92;98;113;113;95;133;20;NA;NA;162;176;100;176
Leucojum vernum;Halle;Leu_ver_Hal;2020;35;43;49;56;100;64;15;155;155;127;168;100;168
Leucojum vernum;Leipzig;Leu_ver_Lei;2020;NA;NA;NA;58;NA;85;NA;NA;NA;113;120;NA;NA
Linum perenne;Jena;Lin_per_Jen;2020;30;30;120;134;95;281;161;2;302;2;196;75;358
Linum usitatissimum;Leipzig;Lin_usi_Lei;2020;NA;85;NA;141;NA;169;NA;176;NA;218;NA;NA;NA
Lotus maritimus;Jena;Lot_mar_Jen;2020;52;10;148;155;95;204;56;211;330;2;2;75;302
Lunaria rediviva;Halle;Lun_red_Hal;2020;15;78;NA;NA;NA;NA;NA;NA;NA;7;350;100;350
Lupinus polyphyllus;Leipzig;Lup_pol_Lei;2020;NA;99;NA;NA;NA;NA;NA;NA;NA;225;260;NA;NA
Lupinus polyphyllus;Halle;Lup_pol_Hal;2020;30;92;NA;NA;NA;NA;NA;NA;NA;141;141;50;148
Lysichiton americanus;Jena;Lys_ame_Jen;2020;NA;NA;NA;NA;NA;NA;NA;NA;NA;330;330;100;337
Lysichiton americanus;Leipzig;Lys_ame_Lei;2020;58;NA;NA;127;NA;148;NA;155;NA;225;245;NA;NA
Lysichiton camtschatcensis;Jena;Lys_cam_Jen;2020;106;114;NA;NA;NA;NA;NA;NA;NA;176;296;100;323
Lysichiton camtschatcensis;Halle;Lys_cam_Hal;2020;72;106;113;119;75;119;6;NA;NA;189;273;100;273
Papaver grande;Halle;Pap_gra_Hal;2020;72;78;NA;NA;NA;NA;NA;NA;NA;273;343;100;350
Mentha longifolia;Halle;Men_lon_Hal;2020;43;72;196;218;75;287;91;282;287;204;287;20;287
Menyanthes trifoliata;Leipzig;Men_tri_Lei;2020;71;120;NA;NA;NA;NA;NA;NA;NA;239;274;NA;NA
Menyanthes trifoliata;Jena;Men_tri_Jen;2020;99;114;141;141;25;155;14;NA;NA;204;323;100;337
Menyanthes trifoliata;Halle;Men_tri_Hal;2020;15;106;113;119;95;133;20;168;218;182;343;100;343
Mercurialis perennis;Jena;Mer_per_Jen;2020;NA;162;NA;NA;NA;NA;NA;NA;NA;351;351;60;351
Myriophyllum aquaticum;Leipzig;Myr_aqu_Lei;2020;58;113;NA;148;NA;169;NA;NA;NA;225;239;NA;NA
Narcissus pseudonarcissus;Halle;Nar_pse_Hal;2020;7;43;78;78;100;98;20;NA;NA;127;168;100;168
Oenothera biennis;Jena;Oen_bie_Jen;2020;10;10;169;182;50;317;148;218;358;218;302;90;358
Oenothera fruticosa;Halle;Oen_fru_Hal;2020;7;7;168;168;75;210;42;204;302;189;315;100;315
Oenothera macrocarpa;Halle;Oen_mac_Hal;2020;72;113;182;182;75;253;71;NA;NA;196;343;100;343
Origanum vulgare;Jena;Ori_vul_Jen;2020;38;38;182;204;75;246;64;246;344;225;323;100;344
Oxalis acetosella;Halle;Oxa_ace_Hal;2020;43;72;78;119;95;127;49;NA;NA;7;56;95;350
Paeonia daurica;Halle;Pae_dau_Hal;2020;92;113;NA;NA;NA;NA;NA;NA;NA;204;273;100;282
Paeonia daurica subsp. mlokosewitschii;Jena;Pae_dau_mlo_Jen;2020;52;71;NA;NA;NA;NA;NA;204;204;155;246;100;253
Paeonia daurica subsp. tomentosa;Halle;Pae_dau_tom_Hal;2020;64;78;113;113;75;119;6;155;196;162;189;75;196
Paeonia daurica subsp. wittmanniana;Jena;Pae_dau_wit_Jen;2020;52;79;120;120;75;127;7;211;260;211;253;60;260
Paeonia delavayi;Jena;Pae_del_Jen;2020;44;120;134;148;50;169;35;274;358;281;358;90;358
Paeonia delavayi;Halle;Pae_del_Hal;2020;49;113;141;141;5;148;7;273;294;168;337;100;337
Paeonia officinalis;Jena;Pae_off_Jen;2020;71;79;120;120;75;127;7;211;296;211;323;100;358
Paeonia officinalis;Leipzig;Pae_off_Lei;2020;65;106;NA;NA;NA;141;NA;NA;NA;225;239;NA;NA
Paeonia officinalis;Halle;Pae_off_Hal;2020;72;98;127;133;75;141;14;NA;NA;162;196;10;196
Paeonia peregrina;Leipzig;Pae_per_Lei;2020;71;99;NA;155;NA;NA;NA;176;NA;225;58;NA;NA
Paeonia peregrina;Halle;Pae_per_Hal;2020;15;72;127;133;100;133;6;189;239;182;246;100;246
Paeonia peregrina;Jena;Pae_per_Jen;2020;44;79;114;114;25;114;0;NA;NA;155;218;100;288
Penstemon grandiflorus;Leipzig;Pen_gra_Lei;2020;78;113;148;169;NA;204;56;169;NA;245;NA;NA;NA
Petasites hybridus;Jena;Pet_hyb_Jen;2020;44;44;71;79;50;99;28;NA;NA;225;344;100;358
Phlomis russeliana;Jena;Phl_rus_Jen;2020;134;52;155;176;60;218;63;2;358;2;2;50;358
Phlomis russeliana;Halle;Phl_rus_Hal;2020;15;7;155;162;100;176;21;210;350;7;7;50;350
Plantago lanceolata;Halle;Pla_lan_Hal;2020;15;7;148;162;75;294;146;189;302;7;350;80;350
Plantago lanceolata;Jena;Pla_lan_Jen;2020;57;23;120;127;50;267;147;176;317;2;281;90;317
Plantago lanceolata;Leipzig;Pla_lan_Lei;2020;106;120;134;141;NA;155;21;211;NA;245;266;NA;NA
Platycodon grandiflorus;Halle;Pla_gra_Hal;2020;106;113;182;189;75;218;36;253;302;225;294;100;302
Podophyllum peltatum;Leipzig;Pod_pel_Lei;2020;58;NA;71;85;NA;120;49;NA;NA;225;NA;NA;NA
Podophyllum peltatum;Jena;Pod_pel_Jen;2020;NA;38;127;141;25;141;14;NA;NA;NA;NA;NA;NA
Podophyllum peltatum;Halle;Pod_pel_Hal;2020;49;98;127;133;95;133;6;NA;NA;168;273;100;273
Polygonatum multiflorum;Jena;Pol_mul_Jen;2020;106;106;99;162;70;162;63;196;317;218;296;100;351
Polygonatum multiflorum;Halle;Pol_mul_Hal;2020;98;113;141;148;25;148;7;260;337;260;302;100;337
Polygonatum verticillatum;Leipzig;Pol_ver_Lei;2020;65;106;155;176;NA;211;56;190;NA;245;58;NA;NA
Potentilla indica;Jena;Pot_ind_Jen;2020;64;57;64;64;75;155;91;176;176;114;260;90;351
Primula denticulata;Leipzig;Pri_den_Lei;2020;58;106;148;162;NA;176;28;169;NA;225;239;NA;NA
Primula denticulata;Halle;Pri_den_Hal;2020;43;49;72;85;95;127;55;133;182;155;343;100;343
Primula denticulata;Jena;Pri_den_Jen;2020;15;2;44;92;95;134;90;141;169;162;344;100;358
Primula veris;Jena;Pri_ver_Jen;2020;10;10;92;99;50;134;42;155;302;2;218;100;358
Primula veris;Halle;Pri_ver_Hal;2020;43;43;85;98;95;119;34;133;162;133;204;50;350
Primula acaulis;Halle;Pri_aca_Hal;2020;15;7;7;56;95;113;106;155;155;7;7;5;239
Primula acaulis;Jena;Pri_aca_Jen;2020;64;44;52;79;95;106;54;189;189;99;106;25;134
Prunella grandiflora;Leipzig;Pru_gra_Lei;2020;162;NA;NA;NA;NA;169;NA;NA;NA;245;266;NA;NA
Prunella grandiflora;Jena;Pru_gra_Jen;2020;64;79;162;225;50;260;98;204;358;2;2;100;358
Prunella grandiflora;Halle;Pru_gra_Hal;2020;15;7;155;168;95;282;127;196;330;7;343;30;350
Prunella vulgaris;Jena;Pru_vul_Jen;2020;71;15;NA;NA;NA;NA;NA;NA;NA;2;2;95;2
Puschkinia scilloides;Halle;Pus_sci_Hal;2020;43;49;64;78;95;98;34;127;133;113;148;100;155
Ranunculus acris;Jena;Ran_acr_Jen;2020;15;52;120;155;95;196;76;189;302;2;274;100;344
Ranunculus acris;Halle;Ran_acr_Hal;2020;15;7;113;155;95;253;140;189;218;7;350;99;350
Ranunculus bulbosus;Jena;Ran_bul_Jen;2020;38;57;148;155;75;169;21;NA;NA;NA;NA;NA;NA
Ranunculus lanuginosus;Jena;Ran_lan_Jen;2020;15;38;114;120;75;148;34;NA;NA;2;2;50;358
Rheum palmatum;Jena;Rhe_pal_Jen;2020;99;85;NA;NA;NA;NA;NA;NA;NA;169;260;100;337
Rheum rhabarbarum;Jena;Rhe_rha_Jen;2020;57;92;120;134;25;162;42;169;211;169;323;100;337
Roscoea purpurea;Leipzig;Ros_pur_Lei;2020;NA;99;NA;155;NA;169;NA;176;NA;245;260;NA;NA
Rubus chamaemorus;Jena;Rub_cha_Jen;2020;38;57;204;232;70;288;84;225;302;296;323;100;358
Rumex acetosa;Jena;Rum_ace_Jen;2020;52;71;NA;NA;NA;NA;NA;NA;NA;196;337;95;358
Salvia amplexicaulis;Leipzig;Sal_amp_Lei;2020;65;99;NA;148;NA;183;NA;190;NA;225;58;NA;NA
Salvia nemorosa;Jena;Sal_nem_Jen;2020;10;57;169;189;70;309;140;204;323;2;351;60;351
Salvia officinalis;Jena;Sal_off_Jen;2020;30;30;141;211;70;309;168;2;309;2;296;40;344
Salvia officinalis;Leipzig;Sal_off_Lei;2020;78;106;NA;NA;NA;NA;NA;NA;NA;260;NA;NA;NA
Salvia officinalis;Halle;Sal_off_Hal;2020;15;7;133;155;95;210;77;189;282;7;210;40;350
Salvia pratensis;Jena;Sal_pra_Jen;2020;57;71;134;148;70;162;28;169;260;196;337;70;358
Sanguisorba minor;Jena;San_min_Jen;2020;330;317;NA;NA;NA;NA;NA;NA;NA;317;351;100;351
Sanguisorba officinalis;Jena;San_off_Jen;2020;NA;317;NA;NA;NA;NA;NA;323;344;323;344;100;358
Saponaria officinalis;Jena;Sap_off_Jen;2020;23;71;127;189;50;323;196;218;302;211;323;80;323
Saponaria officinalis;Leipzig;Sap_off_Lei;2020;65;106;NA;141;NA;183;NA;NA;NA;274;58;NA;NA
Saponaria officinalis;Halle;Sap_off_Hal;2020;30;72;189;196;75;282;93;218;282;210;273;30;282
Saxifraga paniculata;Leipzig;Sax_pan_Lei;2020;NA;99;197;211;NA;NA;NA;225;NA;274;NA;NA;NA
Saxifraga paniculata;Halle;Sax_pan_Hal;2020;35;35;133;155;100;176;43;182;287;7;310;30;350
Saxifraga paniculata;Jena;Sax_pan_Jen;2020;NA;71;127;141;75;162;35;NA;NA;92;92;30;358
Saxifraga rotundifolia;Halle;Sax_rot_Hal;2020;78;72;113;133;95;168;55;162;225;155;189;25;330
Scabiosa ochroleuca;Leipzig;Sca_och_Lei;2020;58;NA;NA;78;NA;99;NA;NA;NA;155;162;NA;NA
Scopolia carniolica;Halle;Sco_car_Hal;2020;64;72;78;85;50;119;41;NA;NA;133;218;100;218
Scopolia carniolica;Leipzig;Sco_car_Lei;2020;71;106;NA;NA;NA;NA;NA;NA;NA;232;58;NA;NA
Scopolia carniolica;Jena;Sco_car_Jen;2020;64;71;NA;NA;NA;NA;NA;NA;NA;99;218;100;317
Securigera varia;Halle;Sec_var_Hal;2020;15;7;168;182;95;218;50;204;218;7;343;100;343
Securigera varia;Jena;Sec_var_Jen;2020;57;71;169;189;80;225;56;232;267;2;10;100;323
Phedimus spurius;Halle;Phe_spu_Hal;2020;15;7;182;196;50;232;50;246;302;7;7;95;350
Phedimus stoloniferus;Leipzig;Phe_sto_Lei;2020;58;106;NA;134;NA;148;NA;NA;NA;NA;NA;NA;NA
Sempervivum tectorum;Jena;Sem_tec_Jen;2020;10;85;NA;NA;NA;NA;NA;NA;NA;2;330;100;358
Senecio nemorensis;Jena;Sen_nem_Jen;2020;57;57;196;218;70;218;22;218;323;232;267;100;323
Senecio nemorensis;Halle;Sen_nem_Hal;2020;92;98;218;232;95;253;35;253;302;225;294;10;302
Silene acaulis;Jena;Sil_aca_Jen;2020;NA;NA;NA;NA;NA;NA;NA;NA;NA;NA;NA;NA;NA
Silene coronaria;Halle;Sil_cor_Hal;2020;56;7;162;168;75;204;42;196;302;182;239;50;310
Silene coronaria;Jena;Sil_cor_Jen;2020;52;64;148;196;50;211;63;211;323;2;296;60;351
Silene coronaria;Leipzig;Sil_cor_Lei;2020;65;106;NA;162;NA;NA;NA;197;NA;NA;58;NA;NA
Silene dioica;Halle;Sil_dio_Hal;2020;7;7;113;155;75;239;126;168;260;182;232;90;273
Silene nutans;Jena;Sil_nut_Jen;2020;NA;NA;NA;NA;NA;NA;NA;330;330;323;337;30;344
Silene nutans;Leipzig;Sil_nut_Lei;2020;65;99;NA;141;NA;176;NA;NA;NA;225;NA;NA;NA
Heliosperma pusillum;Leipzig;Hel_pus_Lei;2020;65;106;NA;155;NA;NA;NA;169;NA;253;NA;NA;NA
Viscaria vulgaris;Halle;Vis_vul_Hal;2020;15;7;106;119;75;133;27;148;218;7;225;75;273
Silene vulgaris;Leipzig;Sil_vul_Lei;2020;71;106;NA;169;NA;183;NA;NA;NA;239;253;NA;NA
Silene vulgaris;Halle;Sil_vul_Hal;2020;35;56;162;168;50;287;125;196;282;189;323;100;302
Silene vulgaris;Jena;Sil_vul_Jen;2020;57;64;189;189;80;281;92;225;330;204;337;100;358
Silphium integrifolium;Halle;Sil_int_Hal;2020;78;98;189;225;95;260;71;273;294;204;294;80;294
Silphium integrifolium;Jena;Sil_int_Jen;2020;57;85;189;196;60;330;141;296;358;189;344;100;358
Solanum dulcamara;Halle;Sol_dul_Hal;2020;106;113;148;168;75;246;98;189;337;189;310;100;337
Solidago canadensis;Jena;Sol_can_Jen;2020;38;64;225;239;70;260;35;267;323;267;317;100;323
Solidago virgaurea;Halle;Sol_vir_Hal;2020;78;92;232;273;95;302;70;310;350;302;350;100;350
Solidago virgaurea;Jena;Sol_vir_Jen;2020;10;10;141;162;95;169;28;189;260;239;351;80;358
Tanacetum vulgare;Halle;Tan_vul_Hal;2020;15;7;189;204;100;225;36;239;282;204;282;45;282
Tanacetum vulgare;Jena;Tan_vul_Jen;2020;52;10;204;218;100;232;28;232;267;2;2;95;351
Tanacetum vulgare;Leipzig;Tan_vul_Lei;2020;65;99;183;197;NA;211;28;218;NA;232;245;NA;NA
Thalictrum minus;Leipzig;Tha_min_Lei;2020;99;120;155;169;NA;183;28;197;NA;211;266;NA;NA
Thalictrum minus;Jena;Tha_min_Jen;2020;99;169;176;176;50;182;6;225;323;204;302;100;323
Thymus praecox;Jena;Thy_pra_Jen;2020;38;52;189;196;90;288;99;232;358;344;344;60;351
Thymus pulegioides;Jena;Thy_pul_Jen;2020;38;52;52;196;80;296;244;267;358;267;344;95;358
Thymus serpyllum;Halle;Thy_ser_Hal;2020;64;7;176;182;100;330;154;282;330;7;7;5;350
Thymus serpyllum;Jena;Thy_ser_Jen;2020;NA;57;189;196;55;302;113;274;351;253;358;80;358
Trapa natans;Jena;Tra_nat_Jen;2020;281;148;169;169;5;189;20;NA;NA;176;274;100;337
Trapa natans;Leipzig;Tra_nat_Lei;2020;NA;NA;NA;NA;NA;NA;NA;NA;NA;NA;NA;NA;NA
Trapa natans;Halle;Tra_nat_Hal;2020;127;127;182;182;25;189;7;NA;NA;162;273;100;273
Trillium sessile;Jena;Tri_ses_Jen;2020;57;85;99;120;100;134;35;182;218;169;218;100;344
Trillium sessile;Leipzig;Tri_ses_Lei;2020;NA;71;85;99;NA;127;42;NA;NA;190;204;NA;NA
Trollius europaeus;Leipzig;Tro_eur_Lei;2020;65;106;NA;148;NA;176;NA;190;NA;225;232;NA;NA
Trollius europaeus;Halle;Tro_eur_Hal;2020;72;85;127;133;95;148;21;182;182;189;282;100;282
Trollius europaeus;Jena;Tro_eur_Jen;2020;44;71;NA;NA;NA;NA;NA;NA;NA;NA;NA;NA;NA
Tulipa saxatilis;Halle;Tul_sax_Hal;2020;7;15;106;113;100;113;7;NA;NA;119;162;100;162
Tulipa sylvestris;Jena;Tul_syl_Jen;2020;10;30;99;99;50;106;7;NA;NA;99;127;100;127
Tulipa sylvestris;Halle;Tul_syl_Hal;2020;7;30;98;98;95;113;15;189;253;113;162;100;253
Tussilago farfara;Halle;Tus_far_Hal;2020;30;98;72;92;95;113;41;119;141;189;337;100;337
Tussilago farfara;Leipzig;Tus_far_Lei;2020;NA;NA;65;NA;NA;NA;NA;99;NA;225;253;NA;NA
Urtica dioica;Leipzig;Urt_dio_Lei;2020;NA;92;NA;141;NA;NA;NA;169;NA;NA;NA;NA;NA
Urtica dioica;Jena;Urt_dio_Jen;2020;52;15;169;169;25;246;77;204;317;2;2;95;317
Vaccinium myrtillus;Leipzig;Vac_myr_Lei;2020;NA;127;NA;NA;NA;NA;NA;NA;NA;190;204;NA;NA
Vaccinium myrtillus;Jena;Vac_myr_Jen;2020;169;30;120;134;90;253;133;274;323;2;323;70;344
Vaccinium oxycoccos;Leipzig;Vac_oxy_Lei;2020;71;99;NA;162;NA;197;NA;218;NA;NA;58;NA;NA
Vaccinium oxycoccos;Jena;Vac_oxy_Jen;2020;64;44;148;169;40;204;56;2;358;2;337;60;337
Vaccinium uliginosum;Halle;Vac_uli_Hal;2020;56;85;113;113;50;119;6;NA;NA;273;343;100;343
Veratrum album;Halle;Ver_alb_Hal;2020;78;92;162;182;95;218;56;NA;NA;141;239;100;246
Veratrum album;Jena;Ver_alb_Jen;2020;57;79;182;218;80;225;43;260;323;189;296;100;337
Veratrum nigrum;Jena;Ver_nig_Jen;2020;52;71;196;218;70;225;29;267;323;189;302;100;337
Veratrum nigrum;Leipzig;Ver_nig_Lei;2020;65;99;197;211;NA;NA;NA;NA;NA;NA;NA;NA;NA
Veratrum nigrum;Halle;Ver_nig_Hal;2020;30;78;204;210;75;225;21;282;302;141;302;99;302
Vinca minor;Halle;Vin_min_Hal;2020;30;72;NA;NA;NA;NA;NA;NA;NA;196;310;10;350
Vinca minor;Leipzig;Vin_min_Lei;2020;65;NA;71;99;NA;141;70;NA;NA;NA;NA;NA;NA
Vinca minor;Jena;Vin_min_Jen;2020;57;30;52;71;50;127;75;NA;NA;2;2;5;309
Vincetoxicum hirundinaria;Jena;Vin_hir_Jen;2020;64;114;120;155;80;253;133;253;323;218;309;100;358
Vincetoxicum hirundinaria;Halle;Vin_hir_Hal;2020;106;113;141;162;95;260;119;273;323;210;323;100;323
Vincetoxicum hirundinaria;Leipzig;Vin_hir_Lei;2020;99;NA;NA;134;NA;197;NA;169;NA;245;NA;NA;NA
Viola odorata;Halle;Vio_odo_Hal;2020;30;56;64;85;95;98;34;NA;NA;155;337;30;350
Achillea millefolium;Halle;Ach_mil_Hal;2021;NA;NA;167;182;100;236;69;250;299;5;307;90;335
Achillea millefolium;Jena;Ach_mil_Jen;2021;20;NA;174;209;90;356;182;223;356;13;356;70;356
Aconitum lycoctonum;Halle;Aco_lyc_Hal;2021;NA;NA;145;161;75;194;49;187;292;5;314;99;356
Aconitum lycoctonum;Jena;Aco_lyc_Jen;2021;NA;NA;181;209;50;223;42;216;300;216;293;95;356
Acorus calamus;Leipzig;Aco_cal_Lei;2021;83;118;NA;160;NA;181;NA;174;NA;230;239;NA;NA
Acorus calamus;Jena;Aco_cal_Jen;2021;NA;NA;160;160;100;167;7;223;244;202;266;90;293
Acorus calamus;Halle;Aco_cal_Hal;2021;5;NA;161;167;100;167;6;230;287;187;314;99;349
Actaea spicata;Jena;Act_spi_Jen;2021;76;90;126;131;100;174;48;195;300;202;293;95;356
Adonis amurensis;Leipzig;Ado_amu_Lei;2021;NA;62;NA;55;NA;89;NA;NA;NA;139;146;NA;NA
Adonis vernalis;Jena;Ado_ver_Jen;2021;NA;NA;126;126;100;131;5;167;174;174;244;95;266
Adonis vernalis;Halle;Ado_ver_Hal;2021;NA;NA;97;111;90;131;34;153;174;161;216;99;222
Aegopodium podagraria;Leipzig;Aeg_pod_Lei;2021;76;97;NA;NA;NA;NA;NA;NA;NA;230;244;NA;NA
Aegopodium podagraria;Jena;Aeg_pod_Jen;2021;NA;NA;160;167;70;181;21;188;237;13;335;90;356
Aegopodium podagraria;Halle;Aeg_pod_Hal;2021;NA;NA;153;161;95;182;29;216;236;182;314;99;342
Agrimonia eupatoria;Jena;Agr_eup_Jen;2021;13;55;146;216;30;230;84;237;300;230;286;95;314
Alchemilla vulgaris;Leipzig;Alc_vul_Lei;2021;55;104;132;146;NA;188;56;202;NA;222;244;NA;NA
Alchemilla xanthochlora;Halle;Alc_xan_Hal;2021;NA;NA;131;153;95;335;204;187;335;5;5;99;356
Alchemilla xanthochlora;Jena;Alc_xan_Jen;2021;NA;NA;146;153;80;314;168;216;356;13;349;80;356
Allium schoenoprasum;Halle;All_sch_Hal;2021;NA;NA;138;153;100;307;169;182;299;131;349;99;356
Allium ursinum;Halle;All_urs_Hal;2021;NA;NA;131;138;100;153;22;161;182;167;182;99;187
Allium ursinum;Leipzig;All_urs_Lei;2021;62;83;125;139;NA;160;35;167;NA;153;160;NA;NA
Allium ursinum;Jena;All_urs_Jen;2021;NA;NA;126;139;90;153;27;174;202;146;195;90;209
Allium victorialis;Jena;All_vic_Jen;2021;NA;NA;160;160;100;160;1;195;273;216;293;95;314
Allium victorialis;Halle;All_vic_Hal;2021;NA;NA;153;161;75;161;8;182;201;167;292;98;299
Althaea officinalis;Halle;Alt_off_Hal;2021;NA;NA;194;222;90;257;63;250;299;216;335;99;335
Althaea officinalis;Jena;Alt_off_Jen;2021;NA;NA;195;223;80;244;49;237;307;237;293;90;307
Amorpha canescens;Halle;Amo_can_Hal;2021;NA;NA;187;194;50;216;29;244;307;230;292;95;307
Anemone nemorosa;Jena;Ane_nem_Jen;2021;NA;NA;97;111;100;126;29;153;160;153;195;80;209
Anemone nemorosa;Leipzig;Ane_nem_Lei;2021;62;83;NA;118;NA;132;NA;NA;NA;153;160;NA;NA
Anemone nemorosa;Halle;Ane_nem_Hal;2021;55;NA;97;111;100;138;41;153;167;161;216;99;230
Pulsatilla vulgaris;Halle;Pul_vul_Hal;2021;NA;NA;97;97;75;118;21;131;182;13;13;99;349
Pulsatilla vulgaris;Leipzig;Pul_vul_Lei;2021;76;118;104;118;NA;132;28;132;NA;222;244;NA;NA
Pulsatilla vulgaris;Jena;Pul_vul_Jen;2021;NA;NA;90;104;90;126;36;160;174;202;314;90;356
Anemone hupehensis;Leipzig;Ane_hup_Lei;2021;NA;125;NA;222;NA;286;NA;209;NA;NA;293;NA;NA
Anemone hupehensis;Halle;Ane_hup_Hal;2021;NA;NA;187;216;99;244;57;287;307;230;230;5;314
Anemone sylvestris;Jena;Ane_syl_Jen;2021;NA;NA;131;131;100;131;1;153;153;237;329;95;356
Anemone sylvestris;Leipzig;Ane_syl_Lei;2021;76;104;132;69;NA;160;28;167;NA;230;239;NA;NA
Anemone sylvestris;Halle;Ane_syl_Hal;2021;NA;NA;131;131;90;236;105;167;182;5;307;99;342
Anemone transsilvanica;Leipzig;Ane_tra_Lei;2021;76;104;NA;69;NA;97;NA;NA;NA;230;244;NA;NA
Anemone transsilvanica;Halle;Ane_tra_Hal;2021;76;97;76;97;75;118;42;NA;NA;230;230;5;335
Angelica archangelica;Jena;Ang_arc_Jen;2021;NA;NA;160;160;50;174;14;195;237;181;216;95;244
Angelica archangelica;Halle;Ang_arc_Hal;2021;NA;NA;NA;NA;NA;NA;NA;NA;NA;NA;NA;NA;NA
Antennaria dioica;Jena;Ant_dio_Jen;2021;NA;NA;131;146;80;153;22;188;188;307;349;30;356
Anthericum ramosum;Leipzig;Ant_ram_Lei;2021;76;132;NA;181;NA;NA;NA;202;NA;239;251;NA;NA
Aquilegia chrysantha;Leipzig;Aqu_chr_Lei;2021;NA;76;132;146;NA;NA;NA;174;NA;230;244;NA;NA
Aquilegia vulgaris;Halle;Aqu_vul_Hal;2021;NA;NA;131;153;100;174;43;182;236;145;342;95;356
Aquilegia vulgaris;Jena;Aqu_vul_Jen;2021;NA;NA;139;153;80;167;28;13;293;13;293;80;293
Arctostaphylos uva-ursi;Jena;Arc_uva_Jen;2021;NA;NA;NA;NA;NA;NA;NA;NA;NA;104;349;75;356
Armoracia rusticana;Halle;Arm_rus_Hal;2021;NA;NA;153;153;99;161;8;NA;NA;174;299;75;314
Armoracia rusticana;Jena;Arm_rus_Jen;2021;NA;NA;153;160;50;167;14;NA;NA;188;329;90;356
Arnica longifolia;Leipzig;Arn_lon_Lei;2021;89;111;NA;167;NA;202;NA;181;NA;222;239;NA;NA
Arnica longifolia;Jena;Arn_lon_Jen;2021;90;97;153;174;60;258;105;181;258;216;266;60;273
Arrhenatherum elatius;Halle;Arr_ela_Hal;2021;NA;125;161;161;100;167;6;187;201;161;314;90;335
Artemisia absinthium;Jena;Art_abs_Jen;2021;13;NA;209;230;90;244;35;258;356;188;356;95;356
Artemisia absinthium;Halle;Art_abs_Hal;2021;NA;NA;216;216;100;236;20;265;307;5;5;99;335
Arum italicum;Jena;Aru_ita_Jen;2021;NA;NA;NA;NA;NA;NA;NA;NA;NA;160;167;60;174
Arum italicum;Halle;Aru_ita_Hal;2021;5;5;153;153;100;153;1;201;257;161;174;90;182
Arum maculatum;Leipzig;Aru_mac_Lei;2021;62;83;NA;NA;NA;NA;NA;NA;NA;NA;NA;NA;NA
Arum maculatum;Halle;Aru_mac_Hal;2021;5;34;131;138;90;145;14;201;236;153;167;99;182
Asarum canadense;Leipzig;Asa_can_Lei;2021;76;104;125;139;NA;160;35;167;NA;239;55;NA;NA
Asarum europaeum;Leipzig;Asa_eur_Lei;2021;83;118;NA;NA;NA;NA;NA;NA;NA;239;265;NA;NA
Asarum europaeum;Jena;Asa_eur_Jen;2021;NA;NA;111;111;80;139;28;174;174;216;321;90;356
Asarum europaeum;Halle;Asa_eur_Hal;2021;NA;NA;97;97;50;104;7;153;174;NA;NA;NA;NA
Asphodelus albus;Jena;Asp_alb_Jen;2021;13;NA;139;146;40;167;28;181;251;188;244;90;251
Asphodelus albus;Halle;Asp_alb_Hal;2021;NA;NA;138;145;75;153;15;187;216;161;182;99;216
Atropa belladonna;Halle;Atr_bel_Hal;2021;76;NA;153;167;75;187;34;201;265;153;292;85;299
Aurinia saxatilis;Halle;Aur_sax_Hal;2021;34;69;104;131;100;153;49;167;236;5;349;60;356
Bergenia purpurascens;Jena;Ber_pur_Jen;2021;NA;NA;97;118;90;153;56;167;237;202;335;90;356
Bergenia purpurascens;Leipzig;Ber_pur_Lei;2021;89;118;89;104;NA;132;43;153;NA;239;55;NA;NA
Stachys officinalis;Jena;Sta_off_Jen;2021;55;NA;181;209;80;223;42;13;300;13;293;60;300
Bistorta officinalis;Halle;Bis_off_Hal;2021;NA;NA;125;145;100;222;97;182;236;153;328;99;349
Bistorta officinalis;Jena;Bis_off_Jen;2021;NA;NA;139;153;100;188;49;174;195;174;293;90;329
Bromus erectus;Halle;Bro_ere_Hal;2021;NA;125;161;161;75;167;6;187;216;167;292;60;335
Brunnera macrophylla;Halle;Bru_mac_Hal;2021;62;NA;97;118;100;153;56;NA;NA;13;20;90;356
Brunnera macrophylla;Jena;Bru_mac_Jen;2021;NA;NA;104;126;80;160;56;174;258;13;342;95;356
Bunias orientalis;Jena;Bun_ori_Jen;2021;NA;69;146;153;80;188;42;216;356;202;329;90;356
Bunias orientalis;Leipzig;Bun_ori_Lei;2021;62;104;NA;NA;NA;NA;NA;NA;NA;244;286;NA;NA
Bunias orientalis;Halle;Bun_ori_Hal;2021;5;69;138;145;99;161;23;194;222;13;13;99;356
Cakile maritima;Halle;Cak_mar_Hal;2021;104;111;153;161;90;272;119;194;299;174;287;99;299
Calla palustris;Halle;Cal_pal_Hal;2021;NA;NA;145;161;75;230;85;216;328;167;287;99;307
Calla palustris;Jena;Cal_pal_Jen;2021;NA;NA;146;209;60;237;91;195;300;160;286;90;307
Caltha palustris;Leipzig;Cal_pal_Lei;2021;55;111;NA;125;NA;139;NA;160;NA;244;265;NA;NA
Caltha palustris;Halle;Cal_pal_Hal;2021;5;NA;118;118;99;131;13;161;161;161;287;99;342
Camassia cusickii;Halle;Cam_cus_Hal;2021;NA;62;131;138;75;153;22;182;187;145;187;99;216
Camassia cusickii;Jena;Cam_cus_Jen;2021;34;NA;139;146;70;153;14;181;216;174;209;90;216
Campanula rotundifolia;Halle;Cam_rot_Hal;2021;76;83;187;194;90;279;92;236;287;236;299;99;342
Campanula rotundifolia;Jena;Cam_rot_Jen;2021;NA;NA;160;181;50;237;77;202;266;223;258;95;273
Campanula rotundifolia;Leipzig;Cam_rot_Lei;2021;125;139;NA;167;NA;174;NA;NA;NA;NA;NA;NA;NA
Carex sylvatica;Halle;Car_syl_Hal;2021;62;76;153;167;90;167;14;194;216;5;299;99;356
Centaurea cineraria;Leipzig;Cen_cin_Lei;2021;62;111;NA;167;NA;181;NA;181;NA;230;239;NA;NA
Centaurea jacea;Jena;Cen_jac_Jen;2021;76;76;188;202;40;251;63;266;266;13;356;60;356
Centaurea scabiosa;Jena;Cen_sca_Jen;2021;76;97;181;195;30;273;92;202;307;13;349;50;356
Centranthus ruber;Halle;Cen_rub_Hal;2021;NA;NA;161;167;100;279;118;194;272;174;299;90;299
Centranthus ruber;Jena;Cen_rub_Jen;2021;13;NA;160;167;90;230;70;209;273;237;342;70;356
Chelidonium majus;Halle;Che_maj_Hal;2021;NA;NA;125;131;100;292;167;167;292;5;342;90;356
Chelidonium majus;Jena;Che_maj_Jen;2021;13;NA;126;131;70;251;125;160;279;160;216;40;356
Clematis integrifolia;Halle;Cle_int_Hal;2021;NA;97;153;161;99;236;83;182;299;236;244;5;307
Clematis recta;Jena;Cle_rec_Jen;2021;NA;NA;160;174;90;202;42;237;356;251;329;95;356
Clematis recta;Halle;Cle_rec_Hal;2021;NA;NA;161;174;99;265;104;230;299;230;244;5;307
Clematis stans;Leipzig;Cle_sta_Lei;2021;89;125;258;272;NA;293;35;300;NA;244;293;NA;NA
Colchicum autumnale;Leipzig;Col_aut_Lei;2021;55;97;NA;258;NA;286;NA;NA;NA;167;174;NA;NA
Colchicum autumnale;Jena;Col_aut_Jen;2021;13;NA;244;258;95;266;22;NA;NA;131;174;80;202
Colchicum autumnale;Halle;Col_aut_Hal;2021;NA;NA;250;257;99;265;15;NA;NA;153;167;90;182
Comarum palustre;Jena;Com_pal_Jen;2021;NA;NA;174;174;50;174;1;202;216;286;300;20;314
Comarum palustre;Halle;Com_pal_Hal;2021;69;NA;145;153;85;161;16;194;279;174;321;99;328
Conium maculatum;Jena;Con_mac_Jen;2021;13;55;167;174;90;188;21;209;258;195;209;90;223
Conium maculatum;Halle;Con_mac_Hal;2021;NA;NA;167;174;80;216;49;222;236;174;230;99;342
Convallaria majalis;Halle;Con_maj_Hal;2021;NA;NA;131;138;100;145;14;250;321;279;314;95;321
Convallaria majalis;Leipzig;Con_maj_Lei;2021;111;NA;NA;139;NA;160;NA;216;NA;222;239;NA;NA
Convallaria majalis;Jena;Con_maj_Jen;2021;NA;NA;139;153;90;160;21;195;300;167;286;70;300
Corydalis solida;Halle;Cor_sol_Hal;2021;NA;NA;111;111;1;118;7;NA;NA;131;145;50;153
Crocus speciosus;Jena;Cro_spe_Jen;2021;13;NA;279;293;45;293;14;174;181;126;153;90;160
Crocus speciosus;Halle;Cro_spe_Hal;2021;NA;55;265;265;70;292;27;NA;NA;131;153;75;299
Crocus vernus;Leipzig;Cro_ver_Lei;2021;55;76;NA;76;NA;97;NA;NA;NA;125;132;NA;NA
Cuphea ignea;Leipzig;Cup_ign_Lei;2021;NA;NA;NA;181;NA;NA;NA;NA;NA;NA;NA;NA;NA
Cyclamen coum;Jena;Cyc_cou_Jen;2021;244;20;13;69;90;356;343;167;181;118;160;80;181
Cyclamen coum;Leipzig;Cyc_cou_Lei;2021;244;251;NA;55;NA;89;NA;NA;NA;132;139;NA;NA
Cyclamen hederifolium;Leipzig;Cyc_hed_Lei;2021;NA;NA;NA;239;NA;NA;NA;NA;NA;132;146;NA;NA
Dactylis glomerata;Halle;Dac_glo_Hal;2021;55;NA;161;161;100;167;6;194;236;174;356;85;356
Dactylorhiza majalis;Jena;Dac_maj_Jen;2021;118;126;139;153;90;167;28;NA;NA;NA;NA;NA;NA
Daphne laureola;Halle;Dap_lau_Hal;2021;20;NA;27;83;99;111;84;182;279;5;161;5;356
Dianthus carthusianorum;Halle;Dia_car_Hal;2021;NA;NA;161;182;90;257;96;236;272;216;265;95;335
Dianthus deltoides;Halle;Dia_del_Hal;2021;83;97;167;182;75;236;69;230;287;5;27;99;349
Dianthus superbus;Jena;Dia_sup_Jen;2021;97;111;209;223;40;244;35;251;314;13;34;90;329
Dianthus superbus;Leipzig;Dia_sup_Lei;2021;83;111;NA;160;NA;181;NA;181;NA;251;55;NA;NA
Dictamnus albus;Halle;Dic_alb_Hal;2021;NA;NA;153;161;99;167;14;194;250;236;335;99;335
Dictamnus albus;Jena;Dic_alb_Jen;2021;NA;NA;160;167;60;174;14;230;230;230;273;90;314
Dictamnus albus;Leipzig;Dic_alb_Lei;2021;104;132;160;167;NA;174;14;209;NA;244;258;NA;NA
Doronicum pardalianches;Halle;Dor_par_Hal;2021;34;55;138;145;100;167;29;174;182;174;257;80;307
Dryas octopetala;Halle;Dry_oct_Hal;2021;NA;NA;125;145;50;236;111;5;299;5;5;99;356
Dryas octopetala;Leipzig;Dry_oct_Lei;2021;76;104;NA;146;NA;153;NA;160;NA;251;300;NA;NA
Dryas octopetala;Jena;Dry_oct_Jen;2021;20;NA;139;146;30;153;14;167;237;195;321;95;356
Epilobium angustifolium;Halle;Epi_ang_Hal;2021;NA;NA;201;201;1;201;1;NA;NA;187;216;95;222
Epilobium angustifolium;Jena;Epi_ang_Jen;2021;69;83;174;181;10;244;70;NA;NA;195;300;95;356
Eranthis hyemalis;Halle;Era_hye_Hal;2021;NA;NA;55;55;100;69;14;131;145;138;138;25;161
Eranthis hyemalis;Leipzig;Era_hye_Lei;2021;NA;69;NA;55;NA;69;NA;125;NA;132;139;NA;NA
Eranthis hyemalis;Jena;Era_hye_Jen;2021;NA;NA;69;69;10;69;1;131;139;126;146;90;153
Erica tetralix;Jena;Eri_tet_Jen;2021;34;34;167;209;60;230;63;13;356;13;300;90;356
Eryngium campestre;Halle;Ery_cam_Hal;2021;NA;NA;182;216;90;236;54;230;265;201;257;99;307
Eryngium campestre;Leipzig;Ery_cam_Lei;2021;104;132;181;195;NA;230;49;216;NA;239;251;NA;NA
Eryngium maritimum;Halle;Ery_mar_Hal;2021;97;111;182;216;50;314;132;257;321;5;335;99;335
Eupatorium cannabinum;Leipzig;Eup_can_Lei;2021;118;139;NA;202;NA;NA;NA;230;NA;244;286;NA;NA
Eupatorium cannabinum;Jena;Eup_can_Jen;2021;NA;NA;188;216;90;251;63;230;335;251;329;95;356
Eupatorium cannabinum;Halle;Eup_can_Hal;2021;NA;NA;187;201;99;230;43;236;307;230;307;80;314
Filipendula vulgaris;Leipzig;Fil_vul_Lei;2021;62;104;153;160;NA;181;28;181;NA;230;244;NA;NA
Fragaria vesca;Leipzig;Fra_ves_Lei;2021;55;89;125;139;NA;NA;NA;160;NA;202;222;NA;NA
Fragaria vesca;Jena;Fra_ves_Jen;2021;NA;NA;146;153;50;160;14;188;188;13;13;70;356
Fragaria vesca;Halle;Fra_ves_Hal;2021;34;NA;97;104;75;167;70;NA;NA;5;20;75;356
Fuchsia magellanica;Halle;Fuc_mag_Hal;2021;111;NA;182;216;100;335;153;250;328;250;250;5;342
Galanthus ikariae;Halle;Gal_ika_Hal;2021;5;55;55;62;100;76;21;145;153;131;138;50;153
Galanthus nivalis;Leipzig;Gal_niv_Lei;2021;NA;NA;NA;55;NA;83;NA;NA;NA;125;132;NA;NA
Galanthus nivalis;Jena;Gal_niv_Jen;2021;NA;NA;55;55;95;76;21;160;174;126;146;90;160
Galanthus nivalis;Halle;Gal_niv_Hal;2021;5;NA;55;69;100;83;28;NA;NA;NA;NA;NA;NA
Galanthus plicatus;Halle;Gal_pli_Hal;2021;5;55;55;69;100;97;42;NA;NA;138;153;75;161
Galega officinalis;Jena;Gal_off_Jen;2021;13;NA;174;181;70;237;63;209;300;216;300;75;300
Galega officinalis;Halle;Gal_off_Hal;2021;NA;5;174;182;95;250;76;216;299;5;13;95;335
Galium mollugo;Leipzig;Gal_mol_Lei;2021;76;104;153;167;NA;188;35;195;NA;222;55;NA;NA
Galium mollugo;Jena;Gal_mol_Jen;2021;55;69;167;181;50;202;35;NA;NA;13;356;80;356
Galium odoratum;Halle;Gal_odo_Hal;2021;34;NA;125;138;75;145;20;NA;NA;5;5;99;153
Galium odoratum;Jena;Gal_odo_Jen;2021;NA;NA;NA;NA;NA;NA;NA;NA;NA;13;356;30;356
Gaultheria shallon;Leipzig;Gau_sha_Lei;2021;69;NA;139;153;NA;181;42;188;NA;55;NA;NA;NA
Gaultheria shallon;Jena;Gau_sha_Jen;2021;69;153;160;167;60;188;28;202;251;195;335;50;356
Genista tinctoria;Halle;Gen_tin_Hal;2021;NA;NA;174;182;90;222;48;236;265;5;27;90;356
Genista tinctoria;Leipzig;Gen_tin_Lei;2021;76;118;NA;181;NA;195;NA;216;NA;239;272;NA;NA
Genista tinctoria;Jena;Gen_tin_Jen;2021;NA;NA;167;174;50;188;21;223;266;20;321;5;356
Gentiana cruciata;Jena;Gen_cru_Jen;2021;NA;NA;202;202;10;202;1;244;321;209;307;90;356
Gentiana lutea;Leipzig;Gen_lut_Lei;2021;89;139;NA;NA;NA;NA;NA;NA;NA;222;230;NA;NA
Gentiana lutea;Jena;Gen_lut_Jen;2021;NA;NA;NA;NA;NA;NA;NA;NA;NA;NA;NA;NA;NA
Gentiana lutea;Jena;Gen_lut_Jen;2021;69;NA;NA;NA;NA;NA;NA;NA;NA;NA;NA;NA;NA
Gentiana tibetica;Leipzig;Gen_tib_Lei;2021;111;139;NA;222;NA;239;NA;244;NA;239;251;NA;NA
Geranium sanguineum;Leipzig;Ger_san_Lei;2021;76;111;139;153;NA;181;42;188;NA;230;251;NA;NA
Geranium sanguineum;Jena;Ger_san_Jen;2021;NA;NA;139;167;50;307;168;195;273;13;293;80;307
Geum rivale;Leipzig;Geu_riv_Lei;2021;NA;104;132;139;NA;167;35;146;NA;222;230;NA;NA
Geum rivale;Jena;Geu_riv_Jen;2021;NA;NA;118;131;80;293;175;174;237;13;349;90;356
Geum rivale;Halle;Geu_riv_Hal;2021;34;55;97;145;90;299;202;174;299;5;27;50;356
Geum urbanum;Halle;Geu_urb_Hal;2021;55;NA;145;145;50;174;29;182;287;13;13;95;356
Glechoma hederacea;Jena;Gle_hed_Jen;2021;69;76;111;126;90;160;49;174;174;209;329;90;356
Globularia cordifolia;Jena;Glo_cor_Jen;2021;NA;NA;131;146;80;160;29;181;181;307;356;60;356
Globularia cordifolia;Leipzig;Glo_cor_Lei;2021;76;118;NA;146;NA;160;NA;167;NA;222;NA;NA;NA
Glycyrrhiza glabra;Jena;Gly_gla_Jen;2021;NA;NA;188;188;30;188;1;NA;NA;237;314;95;356
Glycyrrhiza glabra;Halle;Gly_gla_Hal;2021;NA;NA;167;187;99;201;34;201;299;201;299;60;314
Gratiola officinalis;Halle;Gra_off_Hal;2021;34;NA;153;167;99;222;69;236;299;174;292;99;299
Gratiola officinalis;Jena;Gra_off_Jen;2021;NA;NA;167;167;50;223;56;258;300;223;266;90;273
Gunnera manicata;Leipzig;Gun_man_Lei;2021;111;153;NA;153;NA;202;NA;209;NA;239;NA;NA;NA
Gunnera manicata;Jena;Gun_man_Jen;2021;NA;NA;153;153;40;167;14;160;293;237;237;5;293
Gunnera manicata;Halle;Gun_man_Hal;2021;97;NA;153;153;90;161;8;230;292;279;287;5;307
Helianthemum nummularium;Leipzig;Hel_num_Lei;2021;69;104;NA;146;NA;167;NA;167;NA;239;55;NA;NA
Helianthemum nummularium;Halle;Hel_num_Hal;2021;34;13;145;161;95;349;204;5;307;5;5;80;356
Helianthemum nummularium;Jena;Hel_num_Jen;2021;NA;NA;139;160;20;307;168;174;342;216;356;80;356
Helianthemum nummularium subsp. glabrum;Jena;Hel_num_gla_Jen;2021;13;13;NA;NA;NA;NA;NA;13;20;13;20;40;34
Helichrysum arenarium;Jena;Hel_are_Jen;2021;20;NA;188;216;80;307;119;230;356;13;342;70;356
Helleborus niger;Leipzig;Hel_nig_Lei;2021;NA;NA;62;83;NA;125;63;NA;NA;230;244;NA;NA
Helleborus niger;Jena;Hel_nig_Jen;2021;13;NA;20;69;90;111;91;160;167;13;307;70;356
Helleborus orientalis;Halle;Hel_ori_Hal;2021;20;NA;55;83;99;118;63;153;161;5;20;90;356
Helleborus orientalis;Jena;Hel_ori_Jen;2021;NA;13;69;76;60;118;49;153;167;13;34;70;356
Helleborus viridis;Leipzig;Hel_vir_Lei;2021;NA;76;NA;NA;NA;NA;NA;NA;NA;167;181;NA;NA
Helleborus viridis;Halle;Hel_vir_Hal;2021;34;34;55;83;95;104;49;161;167;174;321;99;342
Hemerocallis dumortieri;Leipzig;Hem_dum_Lei;2021;55;132;NA;153;NA;181;NA;209;NA;239;258;NA;NA
Hemerocallis fulva;Jena;Hem_ful_Jen;2021;13;NA;174;181;30;202;28;NA;NA;188;307;90;356
Hemerocallis fulva;Halle;Hem_ful_Hal;2021;NA;NA;182;182;75;201;19;NA;NA;153;321;99;342
Anemone hepatica;Jena;Ane_hep_Jen;2021;NA;NA;76;111;80;126;50;146;153;118;118;10;118
Hibiscus moschatus;Halle;Hib_mos_Hal;2021;138;153;230;250;90;257;27;279;299;167;299;95;307
Hibiscus moschatus;Jena;Hib_mos_Jen;2021;NA;NA;273;273;10;279;6;13;90;244;307;80;356
Hibiscus moschatus;Leipzig;Hib_mos_Lei;2021;160;174;265;272;NA;286;21;NA;NA;251;272;NA;NA
Homogyne sylvestris;Jena;Hom_syl_Jen;2021;20;97;131;146;100;153;22;167;195;13;356;60;356
Honckenya peploides;Halle;Hon_pep_Hal;2021;97;104;145;161;50;194;49;NA;NA;167;279;99;299
Humulus lupulus;Leipzig;Hum_lup_Lei;2021;76;118;NA;NA;NA;NA;NA;NA;NA;222;239;NA;NA
Humulus lupulus;Jena;Hum_lup_Jen;2021;NA;NA;NA;NA;NA;NA;NA;NA;NA;NA;NA;NA;NA
Humulus lupulus;Halle;Hum_lup_Hal;2021;NA;NA;NA;NA;NA;NA;NA;NA;NA;174;299;75;299
Hyacinthoides non-scripta;Halle;Hya_non_Hal;2021;55;76;131;145;99;153;22;187;194;161;187;99;194
Hydrocotyle vulgaris;Jena;Hyd_vul_Jen;2021;NA;NA;NA;NA;NA;NA;NA;NA;NA;244;300;80;314
Hydrocotyle vulgaris;Leipzig;Hyd_vul_Lei;2021;NA;125;NA;NA;NA;NA;NA;NA;NA;244;258;NA;NA
Hypericum olympicum;Jena;Hyp_oly_Jen;2021;20;NA;160;167;30;174;14;202;335;251;335;5;356
Hypericum olympicum;Halle;Hyp_oly_Hal;2021;NA;5;161;167;50;335;174;222;349;13;342;75;356
Hypericum olympicum;Leipzig;Hyp_oly_Lei;2021;NA;104;NA;167;NA;188;NA;195;NA;244;293;NA;NA
Hypericum perforatum;Halle;Hyp_per_Hal;2021;NA;5;167;174;95;250;83;236;335;236;314;95;335
Hypericum perforatum;Jena;Hyp_per_Jen;2021;NA;NA;174;181;50;209;35;230;279;216;342;95;356
Iberis sempervirens;Halle;Ibe_sem_Hal;2021;NA;NA;97;125;100;145;48;161;161;5;5;5;356
Iberis sempervirens;Leipzig;Ibe_sem_Lei;2021;NA;NA;89;118;NA;160;71;153;NA;244;55;NA;NA
Iberis sempervirens;Jena;Ibe_sem_Jen;2021;NA;NA;104;131;100;160;56;188;195;188;188;5;307
Iris pseudacorus;Jena;Iri_pse_Jen;2021;NA;NA;NA;NA;NA;NA;NA;NA;NA;195;300;90;300
Iris pseudacorus;Halle;Iri_pse_Hal;2021;NA;NA;161;161;100;167;6;265;287;13;314;95;321
Iris pseudacorus;Leipzig;Iri_pse_Lei;2021;69;125;NA;160;NA;174;NA;216;NA;244;258;NA;NA
Knautia arvensis;Jena;Kna_arv_Jen;2021;69;90;160;195;30;209;49;209;209;13;321;80;356
Lamium album;Halle;Lam_alb_Hal;2021;NA;NA;111;131;100;328;217;194;356;5;13;95;356
Lamium album;Jena;Lam_alb_Jen;2021;NA;NA;126;153;50;335;209;188;266;13;13;90;356
Lamium galeobdolon;Halle;Lam_gal_Hal;2021;76;5;NA;NA;NA;NA;NA;NA;NA;13;292;5;356
Lathyrus pratensis;Jena;Lat_pra_Jen;2021;13;90;160;174;30;216;56;202;266;188;342;90;356
Lathyrus vernus;Jena;Lat_ver_Jen;2021;NA;NA;111;126;50;131;20;160;174;209;273;80;286
Lathyrus vernus;Leipzig;Lat_ver_Lei;2021;69;97;111;125;NA;139;28;146;NA;239;251;NA;NA
Lathyrus vernus;Halle;Lat_ver_Hal;2021;NA;NA;97;118;50;138;41;161;167;5;307;99;342
Lavandula angustifolia;Leipzig;Lav_ang_Lei;2021;76;104;167;181;NA;222;55;222;NA;244;55;NA;NA
Lavandula angustifolia;Jena;Lav_ang_Jen;2021;NA;NA;181;195;60;216;35;230;230;13;286;40;356
Lavandula angustifolia;Halle;Lav_ang_Hal;2021;NA;NA;182;187;95;216;34;5;335;5;5;99;356
Leonurus cardiaca;Leipzig;Leo_car_Lei;2021;62;111;NA;181;NA;NA;NA;202;NA;239;251;NA;NA
Leonurus cardiaca;Jena;Leo_car_Jen;2021;NA;NA;167;181;40;237;70;230;266;216;223;5;266
Leonurus cardiaca;Halle;Leo_car_Hal;2021;62;NA;167;182;90;222;55;222;299;145;335;95;335
Leucanthemum vulgare;Halle;Leu_vul_Hal;2021;NA;125;145;161;99;182;37;187;194;182;216;90;356
Leucojum aestivum;Halle;Leu_aes_Hal;2021;NA;NA;125;131;100;138;13;NA;NA;NA;NA;NA;NA
Leucojum vernum;Halle;Leu_ver_Hal;2021;NA;NA;55;69;100;83;28;138;161;138;161;90;167
Leucojum vernum;Leipzig;Leu_ver_Lei;2021;NA;NA;NA;76;NA;89;NA;NA;NA;132;139;NA;NA
Linum perenne;Jena;Lin_per_Jen;2021;20;34;139;153;50;258;119;188;356;13;329;70;356
Linum usitatissimum;Leipzig;Lin_usi_Lei;2021;132;146;167;174;NA;188;21;195;NA;222;230;NA;NA
Lotus corniculatus;Halle;Lot_cor_Hal;2021;NA;125;145;161;95;250;105;182;299;182;335;99;356
Lotus maritimus;Jena;Lot_mar_Jen;2021;NA;NA;160;160;30;216;56;230;300;13;356;95;356
Lunaria rediviva;Halle;Lun_red_Hal;2021;76;NA;125;131;99;194;69;201;287;13;349;95;356
Lupinus polyphyllus;Halle;Lup_pol_Hal;2021;NA;NA;NA;NA;NA;NA;NA;NA;NA;NA;NA;NA;NA
Lupinus polyphyllus;Leipzig;Lup_pol_Lei;2021;62;97;146;160;NA;174;28;181;NA;230;244;NA;NA
Lysichiton americanus;Leipzig;Lys_ame_Lei;2021;76;118;NA;NA;NA;NA;NA;NA;NA;230;244;NA;NA
Lysichiton americanus;Jena;Lys_ame_Jen;2021;NA;NA;NA;NA;NA;NA;NA;NA;NA;NA;NA;NA;NA
Lysichiton camtschatcensis;Halle;Lys_cam_Hal;2021;NA;NA;NA;NA;NA;NA;NA;NA;NA;182;299;99;299
Lysichiton camtschatcensis;Jena;Lys_cam_Jen;2021;NA;NA;NA;NA;NA;NA;NA;NA;NA;174;223;90;307
Papaver grande;Halle;Pap_gra_Hal;2021;76;97;NA;NA;NA;NA;NA;NA;NA;174;335;95;342
Medicago falcata;Halle;Med_fal_Hal;2021;NA;125;167;182;90;265;98;287;299;250;335;99;356
Mentha longifolia;Halle;Men_lon_Hal;2021;76;83;187;201;90;236;49;244;299;182;299;99;307
Menyanthes trifoliata;Halle;Men_tri_Hal;2021;NA;NA;125;131;90;153;28;182;236;174;321;99;328
Menyanthes trifoliata;Leipzig;Men_tri_Lei;2021;118;139;NA;139;NA;153;NA;167;NA;222;239;NA;NA
Menyanthes trifoliata;Jena;Men_tri_Jen;2021;NA;NA;139;146;50;153;14;181;209;216;293;80;307
Mercurialis perennis;Jena;Mer_per_Jen;2021;NA;NA;NA;NA;NA;NA;NA;NA;NA;167;167;10;167
Myriophyllum aquaticum;Leipzig;Myr_aqu_Lei;2021;132;153;NA;NA;NA;NA;NA;NA;NA;239;NA;NA;NA
Narcissus pseudonarcissus;Halle;Nar_pse_Hal;2021;5;NA;97;97;100;118;21;NA;NA;153;167;75;216
Oenothera biennis;Jena;Oen_bie_Jen;2021;69;76;167;188;50;237;70;13;279;13;13;80;356
Oenothera fruticosa;Halle;Oen_fru_Hal;2021;97;NA;174;174;100;182;8;216;279;182;299;90;328
Oenothera macrocarpa;Halle;Oen_mac_Hal;2021;111;125;174;194;95;292;118;342;342;13;328;99;342
Origanum vulgare;Jena;Ori_vul_Jen;2021;76;76;195;209;60;244;49;13;293;13;258;95;293
Oxalis acetosella;Halle;Oxa_ace_Hal;2021;NA;NA;97;111;100;131;34;145;187;5;20;80;356
Paeonia daurica;Jena;Pae_dau_Jen;2021;83;NA;NA;NA;NA;NA;NA;NA;NA;139;230;90;258
Paeonia daurica;Halle;Pae_dau_Hal;2021;NA;125;153;153;70;153;1;222;287;201;292;98;314
Paeonia daurica subsp. mlokosewitschii;Jena;Pae_dau_mlo_Jen;2021;69;90;131;139;90;146;15;209;258;209;258;80;258
Paeonia daurica subsp. tomentosa;Halle;Pae_dau_tom_Hal;2021;76;97;131;NA;NA;131;1;216;236;174;244;95;307
Paeonia delavayi;Jena;Pae_del_Jen;2021;69;NA;146;153;50;153;7;13;258;13;13;95;335
Paeonia delavayi;Halle;Pae_del_Hal;2021;NA;NA;145;153;50;182;37;279;342;216;335;99;342
Paeonia officinalis;Jena;Pae_off_Jen;2021;NA;NA;139;139;80;153;14;209;230;188;251;60;266
Paeonia officinalis;Leipzig;Pae_off_Lei;2021;55;118;NA;132;NA;153;NA;195;NA;230;239;NA;NA
Paeonia officinalis;Halle;Pae_off_Hal;2021;5;NA;138;145;99;145;7;216;236;174;250;99;307
Paeonia peregrina;Halle;Pae_per_Hal;2021;NA;NA;138;145;95;153;15;230;257;174;250;99;257
Paeonia peregrina;Leipzig;Pae_per_Lei;2021;55;NA;146;153;NA;160;14;NA;NA;230;239;NA;NA
Paeonia peregrina;Jena;Pae_per_Jen;2021;55;NA;131;131;100;131;1;216;237;167;244;90;266
Penstemon grandiflorus;Leipzig;Pen_gra_Lei;2021;83;118;NA;174;NA;188;NA;195;NA;222;55;NA;NA
Petasites hybridus;Jena;Pet_hyb_Jen;2021;NA;NA;76;83;60;111;35;NA;NA;230;293;95;314
Phlomis russeliana;Jena;Phl_rus_Jen;2021;NA;NA;167;174;80;195;28;13;356;13;34;50;356
Phlomis russeliana;Halle;Phl_rus_Hal;2021;34;NA;161;167;100;299;138;222;307;5;34;30;356
Plantago lanceolata;Halle;Pla_lan_Hal;2021;NA;NA;131;153;90;292;161;182;356;5;27;75;356
Plantago lanceolata;Leipzig;Pla_lan_Lei;2021;76;104;NA;146;NA;160;NA;153;NA;222;55;NA;NA
Plantago lanceolata;Jena;Pla_lan_Jen;2021;34;34;131;146;60;195;64;181;279;209;258;80;356
Platycodon grandiflorus;Halle;Pla_gra_Hal;2021;111;NA;182;194;75;222;40;250;299;230;292;95;299
Podophyllum peltatum;Leipzig;Pod_pel_Lei;2021;55;104;NA;146;NA;160;NA;NA;NA;167;174;NA;NA
Podophyllum peltatum;Halle;Pod_pel_Hal;2021;NA;NA;138;145;100;153;15;244;244;174;257;99;342
Polygonatum multiflorum;Jena;Pol_mul_Jen;2021;NA;NA;153;160;50;167;14;223;293;237;293;95;314
Polygonatum multiflorum;Halle;Pol_mul_Hal;2021;NA;NA;138;153;50;153;15;236;307;236;299;95;328
Polygonatum verticillatum;Leipzig;Pol_ver_Lei;2021;111;132;NA;153;NA;167;NA;167;NA;244;258;NA;NA
Primula denticulata;Leipzig;Pri_den_Lei;2021;69;118;89;104;NA;132;43;NA;NA;230;258;NA;NA
Primula denticulata;Jena;Pri_den_Jen;2021;20;NA;69;111;70;195;126;139;195;13;329;95;356
Primula denticulata;Halle;Pri_den_Hal;2021;NA;NA;97;97;100;131;34;145;187;153;335;99;335
Primula veris;Halle;Pri_ver_Hal;2021;NA;5;97;111;100;349;252;182;349;5;356;80;356
Primula veris;Jena;Pri_ver_Jen;2021;13;NA;104;118;90;146;42;188;279;174;209;80;356
Primula acaulis;Jena;Pri_aca_Jen;2021;20;NA;55;83;90;118;63;NA;NA;139;237;5;356
Primula acaulis;Halle;Pri_aca_Hal;2021;NA;5;5;76;100;125;120;NA;NA;NA;NA;NA;NA
Prunella grandiflora;Halle;Pru_gra_Hal;2021;62;NA;161;167;90;279;118;182;335;5;321;50;356
Prunella grandiflora;Jena;Pru_gra_Jen;2021;NA;NA;167;174;50;195;28;202;356;188;335;90;356
Prunella grandiflora;Leipzig;Pru_gra_Lei;2021;83;111;NA;174;NA;195;NA;195;NA;251;55;NA;NA
Puschkinia scilloides;Halle;Pus_sci_Hal;2021;62;69;76;97;99;111;35;153;153;131;145;90;153
Ranunculus acris;Halle;Ran_acr_Hal;2021;34;NA;125;138;90;222;97;174;201;5;328;80;335
Ranunculus acris;Jena;Ran_acr_Jen;2021;34;NA;146;167;70;266;120;174;244;13;342;60;356
Ranunculus bulbosus;Jena;Ran_bul_Jen;2021;118;NA;NA;NA;NA;NA;NA;NA;NA;NA;NA;NA;NA
Ranunculus lanuginosus;Jena;Ran_lan_Jen;2021;20;NA;131;131;50;146;15;181;181;13;237;5;356
Rheum palmatum;Jena;Rhe_pal_Jen;2021;NA;NA;NA;NA;NA;NA;NA;NA;NA;174;266;90;293
Rheum rhabarbarum;Jena;Rhe_rha_Jen;2021;69;97;139;146;70;153;14;160;273;181;293;95;307
Roscoea purpurea;Leipzig;Ros_pur_Lei;2021;167;181;NA;NA;NA;230;NA;NA;NA;230;239;NA;NA
Rubus chamaemorus;Jena;Rub_cha_Jen;2021;118;126;NA;NA;NA;NA;NA;NA;NA;209;266;90;286
Rumex acetosa;Jena;Rum_ace_Jen;2021;13;69;139;146;70;167;28;160;195;13;342;90;356
Salvia amplexicaulis;Leipzig;Sal_amp_Lei;2021;62;104;NA;188;NA;202;NA;202;NA;239;258;NA;NA
Salvia nemorosa;Jena;Sal_nem_Jen;2021;NA;69;174;181;30;251;77;202;329;13;349;95;356
Salvia officinalis;Jena;Sal_off_Jen;2021;NA;NA;160;167;80;216;56;195;314;216;216;5;356
Salvia officinalis;Halle;Sal_off_Hal;2021;NA;NA;153;161;100;230;77;182;230;5;20;30;356
Salvia officinalis;Leipzig;Sal_off_Lei;2021;89;111;NA;160;NA;181;NA;181;NA;239;251;NA;NA
Salvia pratensis;Jena;Sal_pra_Jen;2021;20;NA;153;160;50;181;28;174;266;13;329;80;356
Sanguisorba minor;Jena;San_min_Jen;2021;13;69;131;153;80;153;22;NA;NA;258;293;5;329
Sanguisorba officinalis;Jena;San_off_Jen;2021;76;83;167;181;60;202;35;209;258;223;329;95;356
Saponaria officinalis;Halle;Sap_off_Hal;2021;5;NA;187;201;99;307;120;236;299;216;335;95;335
Saponaria officinalis;Leipzig;Sap_off_Lei;2021;83;118;NA;NA;NA;NA;NA;NA;NA;230;239;NA;NA
Saponaria officinalis;Jena;Sap_off_Jen;2021;NA;NA;181;202;60;279;98;230;300;216;314;95;356
Saxifraga paniculata;Jena;Sax_pan_Jen;2021;NA;NA;139;153;90;174;35;181;223;13;230;5;356
Saxifraga paniculata;Leipzig;Sax_pan_Lei;2021;69;104;139;153;NA;195;56;209;NA;230;55;NA;NA
Saxifraga paniculata;Halle;Sax_pan_Hal;2021;97;NA;145;153;100;167;22;182;244;5;201;5;356
Saxifraga rotundifolia;Halle;Sax_rot_Hal;2021;83;NA;131;145;100;174;43;182;250;153;167;5;335
Scabiosa ochroleuca;Leipzig;Sca_och_Lei;2021;89;132;NA;222;NA;286;NA;230;NA;244;251;NA;NA
Scopolia carniolica;Jena;Sco_car_Jen;2021;55;NA;97;111;10;118;21;NA;NA;126;216;95;237
Scopolia carniolica;Leipzig;Sco_car_Lei;2021;55;NA;NA;97;NA;146;NA;153;NA;174;181;NA;NA
Scopolia carniolica;Halle;Sco_car_Hal;2021;NA;NA;97;97;95;125;28;NA;NA;138;216;99;222
Securigera varia;Halle;Sec_var_Hal;2021;NA;NA;174;182;75;222;48;216;244;5;356;99;356
Securigera varia;Jena;Sec_var_Jen;2021;34;NA;167;216;60;244;77;223;300;251;335;90;356
Phedimus spurius;Halle;Phe_spu_Hal;2021;34;62;182;194;95;236;54;244;335;5;342;95;356
Phedimus stoloniferus;Leipzig;Phe_sto_Lei;2021;69;104;174;188;NA;222;48;209;NA;244;258;NA;NA
Sempervivum tectorum;Jena;Sem_tec_Jen;2021;153;NA;NA;NA;NA;NA;NA;NA;NA;13;13;80;356
Senecio nemorensis;Jena;Sen_nem_Jen;2021;20;69;NA;NA;NA;NA;NA;NA;NA;NA;NA;NA;NA
Senecio nemorensis;Halle;Sen_nem_Hal;2021;NA;NA;216;222;100;265;49;244;299;236;257;5;307
Silene coronaria;Halle;Sil_cor_Hal;2021;55;5;167;182;99;236;69;222;321;194;307;99;356
Silene coronaria;Leipzig;Sil_cor_Lei;2021;62;118;167;174;NA;222;55;202;NA;230;55;NA;NA
Silene coronaria;Jena;Sil_cor_Jen;2021;NA;NA;174;181;40;237;63;202;329;188;356;90;356
Silene dioica;Halle;Sil_dio_Hal;2021;34;NA;131;161;80;287;156;174;299;5;265;90;356
Lychnis flos-cuculi;Halle;Lyc_flo_Hal;2021;NA;125;138;145;90;174;36;167;244;174;328;95;356
Silene nutans;Leipzig;Sil_nut_Lei;2021;83;104;NA;160;NA;174;NA;181;NA;230;55;NA;NA
Silene nutans;Jena;Sil_nut_Jen;2021;69;76;153;160;60;167;14;181;230;13;13;50;356
Heliosperma pusillum;Leipzig;Hel_pus_Lei;2021;76;118;NA;160;NA;174;NA;181;NA;251;286;NA;NA
Viscaria vulgaris;Halle;Vis_vul_Hal;2021;34;83;118;131;90;145;27;161;194;161;216;50;335
Silene vulgaris;Leipzig;Sil_vul_Lei;2021;89;118;NA;160;NA;195;NA;188;NA;239;251;NA;NA
Silene vulgaris;Halle;Sil_vul_Hal;2021;34;NA;161;167;50;299;138;230;299;182;299;90;307
Silene vulgaris;Jena;Sil_vul_Jen;2021;NA;NA;167;188;40;237;70;181;300;223;321;95;335
Silphium integrifolium;Halle;Sil_int_Hal;2021;NA;NA;194;230;99;250;56;279;292;250;292;80;314
Silphium integrifolium;Jena;Sil_int_Jen;2021;83;NA;188;202;40;286;98;13;356;13;273;5;329
Solanum dulcamara;Halle;Sol_dul_Hal;2021;NA;NA;161;161;50;236;75;222;349;174;292;95;342
Solidago canadensis;Jena;Sol_can_Jen;2021;NA;NA;230;244;90;266;36;286;329;251;314;95;356
Solidago virgaurea;Jena;Sol_vir_Jen;2021;34;NA;139;160;90;188;49;174;279;13;335;95;356
Solidago virgaurea;Halle;Sol_vir_Hal;2021;NA;NA;236;265;100;292;56;13;342;279;321;80;342
Tanacetum vulgare;Halle;Tan_vul_Hal;2021;NA;13;187;201;95;222;35;236;307;5;5;99;335
Tanacetum vulgare;Jena;Tan_vul_Jen;2021;13;NA;209;209;90;258;49;237;293;230;279;70;342
Tanacetum vulgare;Leipzig;Tan_vul_Lei;2021;62;104;NA;202;NA;222;NA;NA;NA;230;239;NA;NA
Thalictrum minus;Jena;Tha_min_Jen;2021;111;131;167;174;90;188;21;209;307;216;293;95;307
Thalictrum minus;Leipzig;Tha_min_Lei;2021;104;132;153;167;NA;174;21;NA;NA;244;251;NA;NA
Thymus praecox;Jena;Thy_pra_Jen;2021;20;13;188;188;70;258;70;13;356;13;273;5;356
Thymus pulegioides;Jena;Thy_pul_Jen;2021;20;20;188;195;50;251;63;13;356;13;76;90;356
Thymus serpyllum;Jena;Thy_ser_Jen;2021;NA;13;181;195;40;258;77;230;356;13;76;90;356
Thymus serpyllum;Halle;Thy_ser_Hal;2021;NA;NA;167;187;100;292;125;272;299;5;5;5;356
Tragopogon orientalis;Halle;Tra_ori_Hal;2021;NA;125;NA;NA;NA;NA;NA;NA;NA;174;335;90;335
Trapa natans;Halle;Tra_nat_Hal;2021;145;145;182;182;10;201;19;NA;NA;167;244;99;250
Trapa natans;Jena;Tra_nat_Jen;2021;NA;NA;188;188;2;202;14;NA;NA;223;244;80;266
Trapa natans;Leipzig;Tra_nat_Lei;2021;NA;NA;NA;NA;NA;NA;NA;NA;NA;244;251;NA;NA
Trillium sessile;Leipzig;Tri_ses_Lei;2021;69;89;NA;111;NA;132;NA;167;NA;188;230;NA;NA
Trillium sessile;Jena;Tri_ses_Jen;2021;NA;NA;111;126;100;146;35;223;230;167;216;95;244
Trollius europaeus;Leipzig;Tro_eur_Lei;2021;76;111;146;160;NA;174;28;181;NA;222;230;NA;NA
Trollius europaeus;Jena;Tro_eur_Jen;2021;NA;NA;NA;NA;NA;NA;NA;NA;NA;NA;NA;NA;NA
Trollius europaeus;Halle;Tro_eur_Hal;2021;NA;NA;145;153;100;153;8;NA;NA;174;257;99;342
Tulipa saxatilis;Halle;Tul_sax_Hal;2021;5;20;125;131;100;138;13;NA;NA;145;153;70;161
Tulipa sylvestris;Jena;Tul_syl_Jen;2021;NA;NA;104;111;70;118;14;NA;NA;118;131;90;146
Tulipa sylvestris;Halle;Tul_syl_Hal;2021;5;NA;111;111;99;125;14;182;201;138;161;99;167
Tussilago farfara;Halle;Tus_far_Hal;2021;NA;NA;83;111;95;125;42;118;138;5;307;99;314
Tussilago farfara;Leipzig;Tus_far_Lei;2021;76;104;NA;69;NA;125;NA;111;NA;222;244;NA;NA
Urtica dioica;Jena;Urt_dio_Jen;2021;69;NA;160;167;25;223;63;181;279;174;329;90;356
Urtica dioica;Leipzig;Urt_dio_Lei;2021;69;97;NA;160;NA;NA;NA;174;NA;230;244;NA;NA
Vaccinium myrtillus;Leipzig;Vac_myr_Lei;2021;104;146;NA;NA;NA;NA;NA;NA;NA;222;230;NA;NA
Vaccinium oxycoccos;Leipzig;Vac_oxy_Lei;2021;76;104;160;174;NA;202;42;209;NA;244;55;NA;NA
Vaccinium oxycoccos;Jena;Vac_oxy_Jen;2021;NA;NA;146;174;80;202;56;13;356;286;329;70;356
Vaccinium uliginosum;Halle;Vac_uli_Hal;2021;83;104;131;131;50;131;1;NA;NA;167;307;99;314
Vaccinium intermedium_x;Jena;Vac_int_Jen;2021;111;139;131;146;90;321;190;216;286;13;237;40;356
Veratrum album;Halle;Ver_alb_Hal;2021;76;97;174;182;90;222;48;NA;NA;167;272;99;279
Veratrum album;Jena;Ver_alb_Jen;2021;76;97;174;188;80;209;35;244;307;188;307;95;335
Veratrum nigrum;Jena;Ver_nig_Jen;2021;NA;NA;202;209;80;216;14;286;307;181;293;90;335
Veratrum nigrum;Halle;Ver_nig_Hal;2021;5;NA;201;216;95;230;29;279;299;161;299;90;307
Veratrum nigrum;Leipzig;Ver_nig_Lei;2021;55;104;202;209;NA;239;37;244;NA;244;272;NA;NA
Vinca minor;Leipzig;Vin_min_Lei;2021;76;111;89;118;NA;167;78;NA;NA;55;NA;NA;NA
Vinca minor;Halle;Vin_min_Hal;2021;NA;NA;NA;NA;NA;NA;NA;NA;NA;5;5;10;335
Vinca minor;Jena;Vin_min_Jen;2021;NA;NA;76;131;80;146;70;NA;NA;NA;NA;NA;NA
Vincetoxicum hirundinaria;Halle;Vin_hir_Hal;2021;NA;NA;153;161;100;279;126;287;299;236;299;75;307
Vincetoxicum hirundinaria;Leipzig;Vin_hir_Lei;2021;83;NA;139;153;NA;181;42;NA;NA;272;300;NA;NA
Vincetoxicum hirundinaria;Jena;Vin_hir_Jen;2021;NA;NA;146;160;60;244;98;251;329;230;307;95;329
Viola odorata;Halle;Vio_odo_Hal;2021;55;NA;83;97;75;104;21;NA;NA;5;27;75;356
